,MS SubClass,MS Zoning,Lot Frontage,Lot Area,Street,Lot Shape,Land Contour,Utilities,Lot Config,Land Slope,Neighborhood,Condition 1,Condition 2,Bldg Type,House Style,Overall Qual,Overall Cond,Year Built,Year Remod/Add,Roof Style,Roof Matl,Exterior 1st,Exterior 2nd,Mas Vnr Type,Mas Vnr Area,Exter Qual,Exter Cond,Foundation,BsmtFin SF 1,BsmtFin SF 2,Total Bsmt SF,Heating,Heating QC,Central Air,Electrical,1st Flr SF,2nd Flr SF,Low Qual Fin SF,Gr Liv Area,Bsmt Full Bath,Bsmt Half Bath,Full Bath,Half Bath,Bedroom AbvGr,Kitchen AbvGr,Kitchen Qual,TotRms AbvGrd,Functional,Fireplaces,Garage Yr Blt,Garage Cars,Garage Area,Paved Drive,Wood Deck SF,Open Porch SF,Enclosed Porch,3Ssn Porch,Screen Porch,Pool Area,Misc Val,Mo Sold,Yr Sold,Sale Type,Sale Condition,SalePrice,Has Alley,Has Pool,Has Fence,Has Misc Feature,Mas Vnr Type_Encoding,Has Bsmt,Encoded Bsmt Qual,Bsmt Cond Encode,Bsmt Exposure Encode,BsmtFin Type 1 Encode,BsmtFin Type 2 Encode,Has Garage,Garage Type Encode,Has FirePlace,Fireplace Qu Encode,Garage cond,Bsmt Qual Encoded,Mas Vnr Type Encode
0,20,RL,141.0,31770,Pave,IR1,Lvl,AllPub,Corner,Gtl,NAmes,Norm,Norm,1Fam,1Story,6,5,1960,1960,Hip,CompShg,BrkFace,Plywood,Stone,112.0,TA,TA,CBlock,639.0,0.0,1080.0,GasA,Fa,Y,SBrkr,1656,0,0,1656,1.0,0.0,1,0,3,1,TA,7,Typ,2,1960.0,2.0,528.0,P,210,62,0,0,0,0,0,5,2010,WD ,Normal,215000,0,0,0,0,4,1,5,2,1,1,6,1,1,1,2,,5,4
1,20,RH,80.0,11622,Pave,Reg,Lvl,AllPub,Inside,Gtl,NAmes,Feedr,Norm,1Fam,1Story,5,6,1961,1961,Gable,CompShg,VinylSd,VinylSd,None,0.0,TA,TA,CBlock,468.0,144.0,882.0,GasA,TA,Y,SBrkr,896,0,0,896,0.0,0.0,1,0,2,1,TA,5,Typ,0,1961.0,1.0,730.0,Y,140,0,0,0,120,0,0,6,2010,WD ,Normal,105000,0,0,1,0,3,1,5,5,3,5,3,1,1,0,3,,5,3
2,20,RL,81.0,14267,Pave,IR1,Lvl,AllPub,Corner,Gtl,NAmes,Norm,Norm,1Fam,1Story,6,6,1958,1958,Hip,CompShg,Wd Sdng,Wd Sdng,BrkFace,108.0,TA,TA,CBlock,923.0,0.0,1329.0,GasA,TA,Y,SBrkr,1329,0,0,1329,0.0,0.0,1,1,3,1,Gd,6,Typ,0,1958.0,1.0,312.0,Y,393,36,0,0,0,0,12500,6,2010,WD ,Normal,172000,0,0,0,1,1,1,5,5,3,0,6,1,1,0,3,,5,1
3,20,RL,93.0,11160,Pave,Reg,Lvl,AllPub,Corner,Gtl,NAmes,Norm,Norm,1Fam,1Story,7,5,1968,1968,Hip,CompShg,BrkFace,BrkFace,None,0.0,Gd,TA,CBlock,1065.0,0.0,2110.0,GasA,Ex,Y,SBrkr,2110,0,0,2110,1.0,0.0,2,1,3,1,Ex,8,Typ,2,1968.0,2.0,522.0,Y,0,0,0,0,0,0,0,4,2010,WD ,Normal,244000,0,0,0,0,3,1,5,5,3,0,6,1,1,1,5,,5,3
4,60,RL,74.0,13830,Pave,IR1,Lvl,AllPub,Inside,Gtl,Gilbert,Norm,Norm,1Fam,2Story,5,5,1997,1998,Gable,CompShg,VinylSd,VinylSd,None,0.0,TA,TA,PConc,791.0,0.0,928.0,GasA,Gd,Y,SBrkr,928,701,0,1629,0.0,0.0,2,1,3,1,TA,6,Typ,1,1997.0,2.0,482.0,Y,212,34,0,0,0,0,0,3,2010,WD ,Normal,189900,0,0,1,0,3,1,2,5,3,2,6,1,1,1,5,,2,3
5,60,RL,78.0,9978,Pave,IR1,Lvl,AllPub,Inside,Gtl,Gilbert,Norm,Norm,1Fam,2Story,6,6,1998,1998,Gable,CompShg,VinylSd,VinylSd,BrkFace,20.0,TA,TA,PConc,602.0,0.0,926.0,GasA,Ex,Y,SBrkr,926,678,0,1604,0.0,0.0,2,1,3,1,Gd,7,Typ,1,1998.0,2.0,470.0,Y,360,36,0,0,0,0,0,6,2010,WD ,Normal,195500,0,0,0,0,1,1,5,5,3,2,6,1,1,1,2,,5,1
6,120,RL,41.0,4920,Pave,Reg,Lvl,AllPub,Inside,Gtl,StoneBr,Norm,Norm,TwnhsE,1Story,8,5,2001,2001,Gable,CompShg,CemntBd,CmentBd,None,0.0,Gd,TA,PConc,616.0,0.0,1338.0,GasA,Ex,Y,SBrkr,1338,0,0,1338,1.0,0.0,2,0,2,1,Gd,6,Typ,0,2001.0,2.0,582.0,Y,0,0,170,0,0,0,0,4,2010,WD ,Normal,213500,0,0,0,0,3,1,2,5,2,2,6,1,1,0,3,,2,3
7,120,RL,43.0,5005,Pave,IR1,HLS,AllPub,Inside,Gtl,StoneBr,Norm,Norm,TwnhsE,1Story,8,5,1992,1992,Gable,CompShg,HdBoard,HdBoard,None,0.0,Gd,TA,PConc,263.0,0.0,1280.0,GasA,Ex,Y,SBrkr,1280,0,0,1280,0.0,0.0,2,0,2,1,Gd,5,Typ,0,1992.0,2.0,506.0,Y,0,82,0,0,144,0,0,1,2010,WD ,Normal,191500,0,0,0,0,3,1,2,5,3,0,6,1,1,0,3,,2,3
8,120,RL,39.0,5389,Pave,IR1,Lvl,AllPub,Inside,Gtl,StoneBr,Norm,Norm,TwnhsE,1Story,8,5,1995,1996,Gable,CompShg,CemntBd,CmentBd,None,0.0,Gd,TA,PConc,1180.0,0.0,1595.0,GasA,Ex,Y,SBrkr,1616,0,0,1616,1.0,0.0,2,0,2,1,Gd,5,Typ,1,1995.0,2.0,608.0,Y,237,152,0,0,0,0,0,3,2010,WD ,Normal,236500,0,0,0,0,3,1,2,5,3,2,6,1,1,1,5,,2,3
9,60,RL,60.0,7500,Pave,Reg,Lvl,AllPub,Inside,Gtl,Gilbert,Norm,Norm,1Fam,2Story,7,5,1999,1999,Gable,CompShg,VinylSd,VinylSd,None,0.0,TA,TA,PConc,0.0,0.0,994.0,GasA,Gd,Y,SBrkr,1028,776,0,1804,0.0,0.0,2,1,3,1,Gd,7,Typ,1,1999.0,2.0,442.0,Y,140,60,0,0,0,0,0,6,2010,WD ,Normal,189000,0,0,0,0,3,1,5,5,3,6,6,1,1,1,5,,5,3
10,60,RL,75.0,10000,Pave,IR1,Lvl,AllPub,Corner,Gtl,Gilbert,Norm,Norm,1Fam,2Story,6,5,1993,1994,Gable,CompShg,HdBoard,HdBoard,None,0.0,TA,TA,PConc,0.0,0.0,763.0,GasA,Gd,Y,SBrkr,763,892,0,1655,0.0,0.0,2,1,3,1,TA,7,Typ,1,1993.0,2.0,440.0,Y,157,84,0,0,0,0,0,4,2010,WD ,Normal,175900,0,0,0,0,3,1,2,5,3,6,6,1,1,1,5,,2,3
11,20,RL,68.0,7980,Pave,IR1,Lvl,AllPub,Inside,Gtl,Gilbert,Norm,Norm,1Fam,1Story,6,7,1992,2007,Gable,CompShg,HdBoard,HdBoard,None,0.0,TA,Gd,PConc,935.0,0.0,1168.0,GasA,Ex,Y,SBrkr,1187,0,0,1187,1.0,0.0,2,0,3,1,TA,6,Typ,0,1992.0,2.0,420.0,Y,483,21,0,0,0,0,500,3,2010,WD ,Normal,185000,0,0,1,1,3,1,2,5,3,0,6,1,1,0,3,,2,3
12,60,RL,63.0,8402,Pave,IR1,Lvl,AllPub,Inside,Gtl,Gilbert,Norm,Norm,1Fam,2Story,6,5,1998,1998,Gable,CompShg,VinylSd,VinylSd,None,0.0,TA,TA,PConc,0.0,0.0,789.0,GasA,Gd,Y,SBrkr,789,676,0,1465,0.0,0.0,2,1,3,1,TA,7,Typ,1,1998.0,2.0,393.0,Y,0,75,0,0,0,0,0,5,2010,WD ,Normal,180400,0,0,0,0,3,1,2,5,3,6,6,1,1,1,2,,2,3
13,20,RL,85.0,10176,Pave,Reg,Lvl,AllPub,Inside,Gtl,Gilbert,Norm,Norm,1Fam,1Story,7,5,1990,1990,Gable,CompShg,HdBoard,HdBoard,None,0.0,TA,TA,PConc,637.0,0.0,1300.0,GasA,Gd,Y,SBrkr,1341,0,0,1341,1.0,0.0,1,1,2,1,Gd,5,Typ,1,1990.0,2.0,506.0,Y,192,0,0,0,0,0,0,2,2010,WD ,Normal,171500,0,0,0,0,3,1,2,5,1,2,6,1,1,1,4,,2,3
14,120,RL,68.0,6820,Pave,IR1,Lvl,AllPub,Corner,Gtl,StoneBr,Norm,Norm,TwnhsE,1Story,8,5,1985,1985,Gable,CompShg,HdBoard,HdBoard,None,0.0,Gd,TA,PConc,368.0,1120.0,1488.0,GasA,TA,Y,SBrkr,1502,0,0,1502,1.0,0.0,1,1,1,1,Gd,4,Typ,0,1985.0,2.0,528.0,Y,0,54,0,0,140,0,0,6,2010,WD ,Normal,212000,0,0,0,0,3,1,2,5,0,2,1,1,1,0,3,,2,3
15,60,RL,47.0,53504,Pave,IR2,HLS,AllPub,CulDSac,Mod,StoneBr,Norm,Norm,1Fam,2Story,8,5,2003,2003,Hip,CompShg,CemntBd,Wd Shng,BrkFace,603.0,Ex,TA,PConc,1416.0,0.0,1650.0,GasA,Ex,Y,SBrkr,1690,1589,0,3279,1.0,0.0,3,1,4,1,Ex,12,Mod,1,2003.0,3.0,841.0,Y,503,36,0,0,210,0,0,6,2010,WD ,Normal,538000,0,0,0,0,1,1,2,5,1,0,6,1,3,1,2,,2,1
16,50,RL,152.0,12134,Pave,IR1,Bnk,AllPub,Inside,Mod,Gilbert,Norm,Norm,1Fam,1.5Fin,8,7,1988,2005,Gable,CompShg,Wd Sdng,Wd Sdng,None,0.0,Gd,TA,Wood,427.0,0.0,559.0,GasA,Gd,Y,SBrkr,1080,672,0,1752,0.0,0.0,2,0,4,1,TA,8,Typ,0,1988.0,2.0,492.0,Y,325,12,0,0,0,0,0,6,2010,WD ,Normal,164000,0,0,0,0,3,1,2,5,0,2,6,1,2,0,3,,2,3
17,20,RL,88.0,11394,Pave,Reg,Lvl,AllPub,Corner,Gtl,StoneBr,Norm,Norm,1Fam,1Story,9,2,2010,2010,Hip,CompShg,VinylSd,VinylSd,Stone,350.0,Gd,TA,PConc,1445.0,0.0,1856.0,GasA,Ex,Y,SBrkr,1856,0,0,1856,1.0,0.0,1,1,1,1,Ex,8,Typ,1,2010.0,3.0,834.0,Y,113,0,0,0,0,0,0,6,2010,New,Partial,394432,0,0,0,0,4,1,0,5,0,2,6,1,1,1,0,,0,4
18,20,RL,140.0,19138,Pave,Reg,Lvl,AllPub,Corner,Gtl,Gilbert,Norm,Norm,1Fam,1Story,4,5,1951,1951,Gable,CompShg,VinylSd,VinylSd,None,0.0,TA,TA,CBlock,120.0,0.0,864.0,GasA,Ex,Y,SBrkr,864,0,0,864,0.0,0.0,1,0,2,1,TA,4,Typ,0,1951.0,2.0,400.0,Y,0,0,0,0,0,0,0,6,2010,WD ,Normal,141000,0,0,0,0,3,1,5,5,3,3,6,1,5,0,3,,5,3
19,20,RL,85.0,13175,Pave,Reg,Lvl,AllPub,Inside,Gtl,NWAmes,Norm,Norm,1Fam,1Story,6,6,1978,1988,Gable,CompShg,Plywood,Plywood,Stone,119.0,TA,TA,CBlock,790.0,163.0,1542.0,GasA,TA,Y,SBrkr,2073,0,0,2073,1.0,0.0,2,0,3,1,TA,7,Min1,2,1978.0,2.0,500.0,Y,349,0,0,0,0,0,0,2,2010,WD ,Normal,210000,0,0,1,0,4,1,2,5,3,0,5,1,1,1,5,,2,4
20,20,RL,105.0,11751,Pave,IR1,Lvl,AllPub,Inside,Gtl,NWAmes,Norm,Norm,1Fam,1Story,6,6,1977,1977,Hip,CompShg,Plywood,Plywood,BrkFace,480.0,TA,TA,CBlock,705.0,0.0,1844.0,GasA,Ex,Y,SBrkr,1844,0,0,1844,0.0,0.0,2,0,3,1,TA,7,Typ,1,1977.0,2.0,546.0,Y,0,122,0,0,0,0,0,1,2010,COD,Normal,190000,0,0,1,0,1,1,2,5,3,1,6,1,1,1,5,,2,1
21,85,RL,85.0,10625,Pave,Reg,Lvl,AllPub,Inside,Gtl,NWAmes,Norm,Norm,1Fam,SFoyer,7,6,1974,1974,Gable,CompShg,Plywood,Plywood,BrkFace,81.0,TA,TA,CBlock,885.0,168.0,1053.0,GasA,TA,Y,SBrkr,1173,0,0,1173,1.0,0.0,2,0,3,1,Gd,6,Typ,2,1974.0,2.0,528.0,Y,0,120,0,0,0,0,0,1,2010,WD ,Family,170000,0,0,1,0,1,1,2,5,1,2,3,1,1,1,5,,2,1
22,60,FV,68.0,7500,Pave,Reg,Lvl,AllPub,Inside,Gtl,Somerst,Norm,Norm,1Fam,2Story,7,5,2000,2000,Gable,CompShg,VinylSd,VinylSd,None,0.0,Gd,TA,PConc,533.0,0.0,814.0,GasA,Ex,Y,SBrkr,814,860,0,1674,1.0,0.0,2,1,3,1,Gd,7,Typ,0,2000.0,2.0,663.0,Y,0,96,0,0,0,0,0,1,2010,WD ,Normal,216000,0,0,0,0,3,1,2,5,3,2,6,1,1,0,3,,2,3
23,20,RL,68.0,11241,Pave,IR1,Lvl,AllPub,CulDSac,Gtl,NAmes,Norm,Norm,1Fam,1Story,6,7,1970,1970,Gable,CompShg,Wd Sdng,Wd Sdng,BrkFace,180.0,TA,TA,CBlock,578.0,0.0,1004.0,GasA,Ex,Y,SBrkr,1004,0,0,1004,1.0,0.0,1,0,2,1,TA,5,Typ,1,1970.0,2.0,480.0,Y,0,0,0,0,0,0,700,3,2010,WD ,Normal,149000,0,0,0,1,1,1,5,5,3,0,6,1,1,1,5,,5,1
24,20,RL,68.0,12537,Pave,IR1,Lvl,AllPub,CulDSac,Gtl,NAmes,Norm,Norm,1Fam,1Story,5,6,1971,2008,Gable,CompShg,VinylSd,VinylSd,None,0.0,TA,TA,CBlock,734.0,0.0,1078.0,GasA,Ex,Y,SBrkr,1078,0,0,1078,1.0,0.0,1,1,3,1,TA,6,Typ,1,1971.0,2.0,500.0,Y,0,0,0,0,0,0,0,4,2010,WD ,Normal,149900,0,0,0,0,3,1,5,5,3,2,6,1,1,1,1,,5,3
25,20,RL,65.0,8450,Pave,Reg,Lvl,AllPub,Inside,Gtl,NAmes,Norm,Norm,1Fam,1Story,5,6,1968,1968,Gable,CompShg,VinylSd,VinylSd,None,0.0,TA,TA,CBlock,775.0,0.0,1056.0,GasA,Ex,Y,SBrkr,1056,0,0,1056,1.0,0.0,1,0,3,1,TA,6,Typ,1,1968.0,1.0,304.0,Y,0,85,184,0,0,0,0,7,2010,WD ,Normal,142000,0,0,0,0,3,1,5,5,3,1,6,1,1,1,1,,5,3
26,20,RL,70.0,8400,Pave,Reg,Lvl,AllPub,Corner,Gtl,NAmes,Norm,Norm,1Fam,1Story,4,5,1970,1970,Gable,CompShg,Plywood,Plywood,None,0.0,TA,TA,CBlock,804.0,78.0,882.0,GasA,TA,Y,SBrkr,882,0,0,882,1.0,0.0,1,0,2,1,TA,4,Typ,0,1970.0,2.0,525.0,Y,240,0,0,0,0,0,0,4,2010,WD ,Normal,126000,0,0,1,0,3,1,5,5,3,0,5,1,1,0,3,,5,3
27,20,RL,70.0,10500,Pave,Reg,Lvl,AllPub,FR2,Gtl,NAmes,Norm,Norm,1Fam,1Story,4,5,1971,1971,Gable,CompShg,HdBoard,HdBoard,None,0.0,TA,TA,CBlock,432.0,0.0,864.0,GasA,TA,Y,SBrkr,864,0,0,864,0.0,0.0,1,0,3,1,TA,5,Typ,1,0.0,0.0,0.0,Y,0,0,0,0,0,0,0,4,2010,ConLI,Normal,115000,0,0,0,0,3,1,5,5,3,0,6,0,6,1,4,,5,3
28,120,RH,26.0,5858,Pave,IR1,Lvl,AllPub,FR2,Gtl,NAmes,Norm,Norm,TwnhsE,1Story,7,5,1999,1999,Gable,CompShg,MetalSd,MetalSd,None,0.0,Gd,TA,PConc,1051.0,0.0,1405.0,GasA,Ex,Y,SBrkr,1337,0,0,1337,1.0,0.0,2,0,2,1,Gd,5,Typ,1,1999.0,2.0,511.0,Y,203,68,0,0,0,0,0,6,2010,WD ,Normal,184000,0,0,0,0,3,1,2,5,3,2,1,1,1,1,1,,2,3
29,160,RM,21.0,1680,Pave,Reg,Lvl,AllPub,Inside,Gtl,BrDale,Norm,Norm,Twnhs,2Story,6,5,1971,1971,Gable,CompShg,HdBoard,HdBoard,BrkFace,504.0,TA,TA,CBlock,156.0,0.0,483.0,GasA,TA,Y,SBrkr,483,504,0,987,0.0,0.0,1,1,2,1,TA,5,Typ,0,1971.0,1.0,264.0,Y,275,0,0,0,0,0,0,2,2010,COD,Normal,96000,0,0,0,0,1,1,5,5,3,5,6,1,5,0,3,,5,1
30,160,RM,21.0,1680,Pave,Reg,Lvl,AllPub,Inside,Gtl,BrDale,Norm,Norm,Twnhs,2Story,5,5,1971,1971,Gable,CompShg,HdBoard,HdBoard,BrkFace,492.0,TA,TA,CBlock,300.0,0.0,525.0,GasA,TA,Y,SBrkr,525,567,0,1092,0.0,0.0,1,1,3,1,TA,6,Typ,0,1997.0,1.0,320.0,Y,0,0,0,0,0,0,0,3,2010,WD ,Normal,105500,0,0,0,0,1,1,5,5,3,5,6,1,5,0,3,,5,1
31,160,RM,21.0,1680,Pave,Reg,Lvl,AllPub,Inside,Gtl,BrDale,Norm,Norm,Twnhs,2Story,6,5,1971,1971,Gable,CompShg,HdBoard,ImStucc,BrkFace,381.0,TA,TA,CBlock,0.0,0.0,525.0,GasA,TA,Y,SBrkr,525,567,0,1092,0.0,0.0,1,1,3,1,TA,6,Typ,0,1971.0,1.0,264.0,Y,0,0,0,0,0,0,0,3,2010,WD ,Family,88000,0,0,0,0,1,1,5,5,3,6,6,1,5,0,3,,5,1
32,120,RL,53.0,4043,Pave,Reg,Lvl,AllPub,Inside,Gtl,NPkVill,Norm,Norm,TwnhsE,1Story,6,5,1977,1977,Gable,CompShg,Plywood,Plywood,None,0.0,TA,TA,CBlock,360.0,0.0,1069.0,GasA,TA,Y,SBrkr,1069,0,0,1069,0.0,0.0,2,0,2,1,TA,4,Typ,1,1977.0,2.0,440.0,Y,0,55,0,0,165,0,0,7,2010,WD ,Normal,127500,0,0,0,0,3,1,2,5,3,0,6,1,1,1,1,,2,3
33,160,RL,24.0,2280,Pave,Reg,Lvl,AllPub,FR2,Gtl,NPkVill,Norm,Norm,Twnhs,2Story,6,6,1975,1975,Gable,CompShg,Plywood,Brk Cmn,None,0.0,TA,TA,CBlock,514.0,0.0,855.0,GasA,TA,Y,SBrkr,855,601,0,1456,0.0,0.0,2,1,3,1,Gd,6,Typ,1,1975.0,2.0,440.0,Y,173,0,0,0,0,0,0,6,2010,WD ,Normal,149900,0,0,0,0,3,1,5,5,3,0,6,1,1,1,5,,5,3
34,120,RL,24.0,2280,Pave,Reg,Lvl,AllPub,FR2,Gtl,NPkVill,Norm,Norm,Twnhs,1Story,7,6,1975,1975,Gable,CompShg,Plywood,Brk Cmn,None,0.0,TA,TA,CBlock,0.0,0.0,836.0,GasA,Ex,Y,SBrkr,836,0,0,836,0.0,0.0,1,0,2,1,TA,4,Typ,0,1975.0,1.0,308.0,Y,0,30,0,0,0,0,0,6,2010,WD ,Normal,120000,0,0,0,0,3,1,2,5,3,6,6,1,1,0,3,,2,3
35,160,RL,24.0,2280,Pave,Reg,Lvl,AllPub,Inside,Gtl,NPkVill,Norm,Norm,Twnhs,2Story,6,5,1978,1978,Gable,CompShg,Plywood,Brk Cmn,None,0.0,TA,TA,CBlock,311.0,0.0,855.0,GasA,Fa,Y,SBrkr,855,601,0,1456,0.0,0.0,2,1,3,1,TA,7,Typ,1,1978.0,2.0,440.0,Y,26,0,0,0,0,0,0,7,2010,WD ,Normal,146000,0,0,0,0,3,1,2,5,3,0,6,1,1,1,5,,2,3
36,60,RL,102.0,12858,Pave,IR1,Lvl,AllPub,Inside,Gtl,NridgHt,Norm,Norm,1Fam,2Story,9,5,2009,2010,Gable,CompShg,VinylSd,VinylSd,Stone,162.0,Ex,TA,PConc,0.0,0.0,1590.0,GasA,Ex,Y,SBrkr,1627,707,0,2334,0.0,0.0,2,1,3,1,Ex,10,Typ,1,2009.0,3.0,751.0,Y,144,133,0,0,0,0,0,1,2010,New,Partial,376162,0,0,0,0,4,1,0,5,3,6,6,1,1,1,2,,0,4
37,20,RL,98.0,11478,Pave,Reg,Lvl,AllPub,Inside,Gtl,NridgHt,Norm,Norm,1Fam,1Story,8,5,2007,2008,Gable,CompShg,VinylSd,VinylSd,Stone,200.0,Gd,TA,PConc,1218.0,0.0,1704.0,GasA,Ex,Y,SBrkr,1704,0,0,1704,1.0,0.0,2,0,3,1,Gd,7,Typ,1,2008.0,3.0,772.0,Y,0,50,0,0,0,0,0,5,2010,WD ,Normal,306000,0,0,0,0,4,1,0,5,3,2,6,1,1,1,2,,0,4
38,20,RL,83.0,10159,Pave,IR1,Lvl,AllPub,Inside,Gtl,NridgHt,Norm,Norm,1Fam,1Story,9,5,2009,2010,Hip,CompShg,VinylSd,VinylSd,Stone,450.0,Ex,TA,PConc,1646.0,0.0,1930.0,GasA,Ex,Y,SBrkr,1940,0,0,1940,1.0,0.0,2,1,3,1,Ex,8,Typ,1,2010.0,3.0,606.0,Y,168,95,0,0,0,0,0,4,2010,New,Partial,395192,0,0,0,0,4,1,0,5,0,2,6,1,1,1,2,,0,4
39,20,RL,94.0,12883,Pave,IR1,Lvl,AllPub,Corner,Gtl,NridgHt,Norm,Norm,1Fam,1Story,8,5,2009,2010,Gable,CompShg,VinylSd,VinylSd,Stone,256.0,Gd,TA,PConc,0.0,0.0,1544.0,GasA,Ex,Y,SBrkr,1544,0,0,1544,0.0,0.0,2,0,3,1,Gd,7,Typ,0,2009.0,3.0,868.0,Y,0,35,0,0,0,0,0,6,2010,New,Partial,290941,0,0,0,0,4,1,2,5,3,6,6,1,1,0,3,,2,4
40,20,RL,95.0,12182,Pave,Reg,Lvl,AllPub,Corner,Gtl,NridgHt,Norm,Norm,1Fam,1Story,7,5,2005,2005,Gable,CompShg,VinylSd,VinylSd,BrkFace,226.0,Gd,TA,PConc,1201.0,0.0,1541.0,GasA,Ex,Y,SBrkr,1541,0,0,1541,0.0,0.0,2,0,3,1,Gd,7,Typ,1,2005.0,2.0,532.0,Y,0,70,0,0,0,0,0,5,2010,New,Partial,220000,0,0,0,0,1,1,2,5,2,1,6,1,1,1,2,,2,1
41,20,RL,90.0,11520,Pave,Reg,Lvl,AllPub,Inside,Gtl,NridgHt,PosN,Norm,1Fam,1Story,9,5,2005,2005,Hip,CompShg,VinylSd,VinylSd,BrkFace,615.0,Gd,TA,PConc,110.0,0.0,1698.0,GasA,Ex,Y,SBrkr,1698,0,0,1698,0.0,0.0,2,0,3,1,Ex,7,Typ,1,2005.0,3.0,730.0,Y,192,74,0,0,0,0,0,6,2010,WD ,Normal,275000,0,0,0,0,1,1,0,5,3,2,6,1,1,1,2,,0,1
42,20,RL,79.0,14122,Pave,IR1,Lvl,AllPub,Inside,Gtl,NridgHt,Norm,Norm,1Fam,1Story,8,5,2005,2006,Hip,CompShg,CemntBd,CmentBd,BrkFace,240.0,Gd,TA,PConc,28.0,0.0,1822.0,GasA,Ex,Y,SBrkr,1822,0,0,1822,0.0,0.0,2,0,3,1,Ex,8,Typ,1,2005.0,3.0,678.0,Y,0,119,0,0,0,0,0,2,2010,WD ,Normal,259000,0,0,0,0,1,1,0,5,3,2,6,1,1,1,2,,0,1
43,20,RL,70.0,10171,Pave,IR1,Lvl,AllPub,Inside,Gtl,NridgHt,Norm,Norm,1Fam,1Story,7,5,2004,2004,Gable,CompShg,VinylSd,VinylSd,BrkFace,168.0,Gd,TA,PConc,2.0,0.0,1517.0,GasA,Ex,Y,SBrkr,1535,0,0,1535,0.0,0.0,2,0,3,1,Gd,7,Typ,0,2004.0,2.0,532.0,Y,0,0,0,0,0,0,0,3,2010,WD ,Normal,214000,0,0,0,0,1,1,2,5,3,2,6,1,1,0,3,,2,1
44,20,RL,100.0,12919,Pave,IR1,Lvl,AllPub,Inside,Gtl,NridgHt,Norm,Norm,1Fam,1Story,9,5,2009,2010,Hip,CompShg,VinylSd,VinylSd,Stone,760.0,Ex,TA,PConc,2188.0,0.0,2330.0,GasA,Ex,Y,SBrkr,2364,0,0,2364,1.0,0.0,2,1,2,1,Ex,11,Typ,2,2009.0,3.0,820.0,Y,0,67,0,0,0,0,0,3,2010,New,Partial,611657,0,0,0,0,4,1,0,5,1,2,6,1,1,1,2,,0,4
45,120,RL,44.0,6371,Pave,IR1,Lvl,AllPub,Inside,Gtl,NridgHt,Norm,Norm,TwnhsE,1Story,7,5,2009,2010,Gable,CompShg,VinylSd,VinylSd,Stone,128.0,Gd,TA,PConc,733.0,0.0,1358.0,GasA,Ex,Y,SBrkr,1358,0,0,1358,1.0,0.0,2,0,2,1,Gd,6,Typ,1,2010.0,2.0,484.0,Y,192,35,0,0,0,0,0,6,2010,New,Partial,224000,0,0,0,0,4,1,2,5,2,2,6,1,1,1,2,,2,4
46,20,RL,110.0,14300,Pave,Reg,HLS,AllPub,Inside,Mod,NridgHt,Norm,Norm,1Fam,1Story,9,5,2003,2004,Hip,CompShg,VinylSd,VinylSd,BrkFace,1095.0,Ex,TA,PConc,1373.0,0.0,2846.0,GasA,Ex,Y,SBrkr,2696,0,0,2696,1.0,0.0,2,1,3,1,Ex,10,Typ,2,2003.0,3.0,958.0,Y,220,150,0,0,0,0,0,6,2010,WD ,Normal,500000,0,0,0,0,1,1,0,5,1,2,6,1,1,1,2,,0,1
47,60,RL,105.0,13650,Pave,Reg,Lvl,AllPub,Corner,Gtl,NridgHt,Norm,Norm,1Fam,2Story,8,5,2002,2002,Gable,CompShg,VinylSd,VinylSd,BrkFace,232.0,Gd,TA,PConc,578.0,0.0,1671.0,GasA,Ex,Y,SBrkr,1687,563,0,2250,1.0,0.0,2,1,3,1,Gd,7,Typ,1,2002.0,3.0,756.0,Y,238,130,0,0,0,0,0,6,2010,WD ,Normal,320000,0,0,0,0,1,1,2,5,1,2,6,1,1,1,0,,2,1
48,120,RL,61.0,7658,Pave,Reg,Lvl,AllPub,Inside,Gtl,NridgHt,Norm,Norm,TwnhsE,1Story,9,5,2005,2005,Hip,CompShg,MetalSd,MetalSd,BrkFace,412.0,Ex,TA,PConc,456.0,0.0,1752.0,GasA,Ex,Y,SBrkr,1752,0,0,1752,1.0,0.0,2,0,2,1,Ex,6,Typ,1,2005.0,2.0,576.0,Y,196,82,0,0,0,0,0,2,2010,WD ,Normal,319900,0,0,0,0,1,1,0,5,3,2,6,1,1,1,2,,0,1
49,120,RL,41.0,7132,Pave,IR1,Lvl,AllPub,Inside,Gtl,NridgHt,Norm,Norm,TwnhsE,1Story,8,5,2006,2006,Gable,CompShg,VinylSd,VinylSd,Stone,178.0,Gd,TA,PConc,24.0,0.0,1370.0,GasA,Ex,Y,SBrkr,1370,0,0,1370,0.0,0.0,2,0,2,1,Gd,6,Typ,1,2006.0,2.0,484.0,Y,120,49,0,0,0,0,0,4,2010,WD ,Normal,205000,0,0,0,0,4,1,2,5,2,2,6,1,1,1,2,,2,4
50,160,RL,36.0,2628,Pave,Reg,Lvl,AllPub,Inside,Gtl,NridgHt,Norm,Norm,Twnhs,2Story,7,5,2003,2003,Gable,CompShg,VinylSd,Wd Shng,Stone,106.0,Gd,TA,PConc,0.0,0.0,764.0,GasA,Ex,Y,SBrkr,764,862,0,1626,0.0,0.0,2,1,2,1,Gd,6,Typ,0,2003.0,2.0,474.0,Y,0,27,0,0,0,0,0,6,2010,WD ,Normal,175500,0,0,0,0,4,1,2,5,3,6,6,1,3,0,3,,2,4
51,20,RL,100.0,18494,Pave,IR1,Lvl,AllPub,Corner,Gtl,Gilbert,Norm,Norm,1Fam,1Story,6,5,2005,2005,Gable,CompShg,VinylSd,VinylSd,None,0.0,Gd,TA,PConc,0.0,0.0,1324.0,GasA,Ex,Y,SBrkr,1324,0,0,1324,0.0,0.0,2,0,3,1,Gd,6,Typ,0,2005.0,2.0,430.0,Y,36,23,0,0,0,0,0,1,2010,WD ,Normal,199500,0,0,0,0,3,1,2,5,3,6,6,1,1,0,3,,2,3
52,120,RL,43.0,3203,Pave,Reg,Lvl,AllPub,Inside,Gtl,Blmngtn,Norm,Norm,TwnhsE,1Story,7,5,2006,2006,Gable,CompShg,VinylSd,VinylSd,BrkFace,14.0,Gd,TA,PConc,16.0,0.0,1145.0,GasA,Ex,Y,SBrkr,1145,0,0,1145,0.0,0.0,2,0,2,1,Gd,6,Typ,0,2006.0,2.0,437.0,Y,100,116,0,0,0,0,0,1,2010,WD ,Normal,160000,0,0,0,0,1,1,2,5,0,2,6,1,1,0,3,,2,1
53,120,RL,43.0,3182,Pave,Reg,Lvl,AllPub,Inside,Gtl,Blmngtn,Norm,Norm,TwnhsE,1Story,8,5,2004,2005,Gable,CompShg,VinylSd,VinylSd,BrkFace,16.0,Gd,TA,PConc,24.0,0.0,1256.0,GasA,Ex,Y,SBrkr,1269,0,0,1269,0.0,0.0,2,0,2,1,Gd,6,Typ,1,2004.0,2.0,430.0,Y,146,20,0,0,144,0,0,4,2010,WD ,Normal,192000,0,0,0,0,1,1,2,5,3,2,6,1,1,1,5,,2,1
54,80,RL,67.0,13300,Pave,IR1,Lvl,AllPub,Inside,Gtl,Gilbert,Norm,Norm,1Fam,SLvl,7,5,2004,2004,Gable,CompShg,VinylSd,VinylSd,None,0.0,Gd,TA,PConc,326.0,0.0,384.0,GasA,Ex,Y,SBrkr,744,630,0,1374,1.0,0.0,2,1,3,1,Gd,7,Typ,1,2004.0,2.0,400.0,Y,100,0,0,0,0,0,0,6,2010,WD ,Normal,184500,0,0,0,0,3,1,2,5,3,2,6,1,3,1,2,,2,3
56,60,RL,63.0,8577,Pave,IR1,Lvl,AllPub,Inside,Gtl,Gilbert,Norm,Norm,1Fam,2Story,7,5,2004,2004,Gable,CompShg,VinylSd,VinylSd,None,0.0,Gd,TA,PConc,0.0,0.0,847.0,GasA,Ex,Y,SBrkr,847,886,0,1733,0.0,0.0,2,1,3,1,Gd,7,Typ,1,2004.0,2.0,433.0,Y,144,48,0,0,0,0,0,4,2010,WD ,Normal,185088,0,0,0,0,3,1,2,5,3,6,6,1,3,1,2,,2,3
57,80,RL,68.0,7750,Pave,IR1,Lvl,AllPub,Inside,Gtl,Gilbert,Norm,Norm,1Fam,SLvl,7,5,2000,2000,Gable,CompShg,VinylSd,VinylSd,None,0.0,TA,TA,PConc,250.0,0.0,384.0,GasA,Ex,Y,SBrkr,774,656,0,1430,0.0,0.0,2,1,3,1,TA,7,Typ,1,2000.0,2.0,400.0,Y,180,0,0,0,0,0,0,4,2010,WD ,Normal,180000,0,0,0,0,3,1,2,5,3,2,6,1,3,1,5,,2,3
58,60,RL,68.0,9505,Pave,IR1,Lvl,AllPub,CulDSac,Gtl,Gilbert,Norm,Norm,1Fam,2Story,7,5,2001,2001,Gable,CompShg,VinylSd,VinylSd,BrkFace,180.0,Gd,TA,PConc,0.0,0.0,884.0,GasA,Ex,Y,SBrkr,884,1151,0,2035,0.0,0.0,2,1,3,1,Gd,8,Typ,1,2001.0,2.0,434.0,Y,144,48,0,0,0,0,0,5,2010,WD ,Normal,222500,0,0,0,0,1,1,2,5,3,6,6,1,3,1,2,,2,1
59,60,RL,108.0,14774,Pave,IR1,Lvl,AllPub,Corner,Gtl,NoRidge,Norm,Norm,1Fam,2Story,9,5,1999,1999,Gable,CompShg,VinylSd,VinylSd,BrkFace,165.0,Gd,TA,PConc,0.0,0.0,1393.0,GasA,Ex,Y,SBrkr,1422,1177,0,2599,0.0,0.0,2,1,4,1,Gd,10,Typ,1,1999.0,3.0,779.0,Y,668,30,0,0,0,0,0,5,2010,WD ,Normal,333168,0,0,0,0,1,1,2,5,3,6,6,1,3,1,5,,2,1
60,60,RL,60.0,17433,Pave,IR2,Lvl,AllPub,CulDSac,Gtl,NoRidge,Norm,Norm,1Fam,2Story,8,5,1998,1998,Hip,CompShg,VinylSd,VinylSd,BrkFace,114.0,Gd,TA,PConc,0.0,0.0,1629.0,GasA,Ex,Y,SBrkr,1645,830,0,2475,0.0,0.0,2,1,4,1,Gd,7,Typ,1,1998.0,3.0,962.0,Y,23,172,0,0,256,0,0,1,2010,WD ,Normal,355000,0,0,0,0,1,1,0,5,3,6,6,1,1,1,5,,0,1
61,20,RL,59.0,10593,Pave,IR1,Lvl,AllPub,Inside,Gtl,NoRidge,Norm,Norm,1Fam,1Story,7,5,1996,1996,Hip,CompShg,VinylSd,VinylSd,BrkFace,338.0,Gd,TA,PConc,919.0,0.0,1720.0,GasA,Ex,Y,SBrkr,1720,0,0,1720,1.0,0.0,2,0,3,1,Gd,7,Typ,1,1996.0,2.0,527.0,Y,240,56,154,0,0,0,0,3,2010,WD ,Normal,260400,0,0,0,0,1,1,2,5,3,2,6,1,1,1,5,,2,1
62,60,RL,98.0,12256,Pave,IR1,Lvl,AllPub,Corner,Gtl,NoRidge,Norm,Norm,1Fam,2Story,8,5,1994,1995,Gable,CompShg,HdBoard,HdBoard,BrkFace,362.0,Gd,TA,PConc,1032.0,0.0,1463.0,GasA,Ex,Y,SBrkr,1500,1122,0,2622,1.0,0.0,2,1,3,1,Gd,9,Typ,2,1994.0,2.0,712.0,Y,186,32,0,0,0,0,0,4,2010,WD ,Normal,325000,0,0,0,0,1,1,0,5,0,2,6,1,1,1,5,,0,1
63,60,RL,92.0,11764,Pave,IR1,Lvl,AllPub,CulDSac,Gtl,NoRidge,Norm,Norm,1Fam,2Story,8,7,1999,2007,Gable,CompShg,VinylSd,VinylSd,BrkFace,348.0,Gd,TA,PConc,524.0,0.0,1152.0,GasA,Ex,Y,SBrkr,1164,1106,0,2270,0.0,0.0,2,1,4,1,Gd,9,Typ,1,1999.0,3.0,671.0,Y,132,57,0,0,0,0,0,4,2010,WD ,Normal,290000,0,0,0,0,1,1,2,5,3,2,6,1,1,1,2,,2,1
64,60,RL,58.0,16770,Pave,IR2,Lvl,AllPub,CulDSac,Gtl,NoRidge,Norm,Norm,1Fam,2Story,7,5,1998,1998,Gable,CompShg,VinylSd,VinylSd,BrkFace,30.0,Gd,TA,PConc,0.0,0.0,1195.0,GasA,Gd,Y,SBrkr,1195,644,0,1839,0.0,0.0,2,1,4,1,TA,7,Typ,0,1998.0,2.0,486.0,Y,0,81,0,0,0,0,0,6,2010,WD ,Normal,221000,0,0,0,0,1,1,2,5,3,6,6,1,1,0,3,,2,1
65,50,RL,56.0,14720,Pave,IR1,Lvl,AllPub,CulDSac,Gtl,NoRidge,Norm,Norm,1Fam,1.5Fin,8,5,1995,1996,Hip,CompShg,VinylSd,VinylSd,BrkFace,579.0,Gd,TA,PConc,816.0,0.0,2033.0,GasA,Ex,Y,SBrkr,2053,1185,0,3238,1.0,0.0,2,1,4,1,Gd,9,Typ,1,1996.0,3.0,666.0,Y,283,86,0,0,0,0,0,3,2010,WD ,Normal,410000,0,0,0,0,1,1,2,5,0,2,6,1,1,1,0,,2,1
66,20,RL,73.0,8987,Pave,Reg,Lvl,AllPub,Inside,Gtl,Somerst,Norm,Norm,1Fam,1Story,8,5,2005,2006,Gable,CompShg,VinylSd,VinylSd,BrkFace,226.0,Gd,TA,PConc,0.0,0.0,1595.0,GasA,Ex,Y,SBrkr,1595,0,0,1595,0.0,0.0,2,0,2,1,Gd,6,Typ,1,2005.0,3.0,880.0,Y,144,0,0,0,0,0,0,5,2010,WD ,Normal,221500,0,0,0,0,1,1,2,5,4,6,6,1,1,1,2,,2,1
67,20,FV,92.0,9215,Pave,Reg,Lvl,AllPub,Inside,Gtl,Somerst,Norm,Norm,1Fam,1Story,7,5,2009,2010,Hip,CompShg,VinylSd,VinylSd,None,0.0,Gd,TA,PConc,0.0,0.0,1218.0,GasA,Ex,Y,SBrkr,1218,0,0,1218,0.0,0.0,2,0,2,1,Gd,4,Typ,0,2009.0,2.0,676.0,Y,0,136,0,0,0,0,0,4,2010,New,Partial,204500,0,0,0,0,3,1,2,5,3,6,6,1,1,0,3,,2,3
68,60,FV,72.0,8640,Pave,Reg,Lvl,AllPub,Inside,Gtl,Somerst,Norm,Norm,1Fam,2Story,7,5,2009,2009,Gable,CompShg,VinylSd,VinylSd,None,0.0,TA,TA,PConc,24.0,0.0,756.0,GasA,Ex,Y,SBrkr,764,783,0,1547,0.0,0.0,2,1,3,1,Gd,7,Typ,0,2009.0,2.0,614.0,Y,169,45,0,0,0,0,0,6,2010,Con,Normal,215200,0,0,0,0,3,1,2,5,2,2,6,1,1,0,3,,2,3
69,20,FV,75.0,9000,Pave,Reg,Lvl,AllPub,Inside,Gtl,Somerst,Norm,Norm,1Fam,1Story,8,5,2008,2008,Gable,CompShg,VinylSd,VinylSd,Stone,36.0,Gd,TA,PConc,1078.0,0.0,1566.0,GasA,Ex,Y,SBrkr,1566,0,0,1566,1.0,0.0,2,0,3,1,Gd,7,Typ,0,2008.0,2.0,750.0,Y,144,168,0,0,0,0,0,4,2010,WD ,Normal,262500,0,0,0,0,4,1,2,5,0,2,6,1,1,0,3,,2,4
70,60,FV,100.0,12552,Pave,Reg,Lvl,AllPub,Corner,Gtl,Somerst,Norm,Norm,1Fam,2Story,7,5,2004,2005,Gable,CompShg,VinylSd,VinylSd,None,0.0,Gd,TA,PConc,222.0,0.0,991.0,GasA,Ex,Y,SBrkr,991,956,0,1947,0.0,0.0,2,1,3,1,Gd,8,Typ,1,2004.0,2.0,678.0,Y,0,136,0,0,0,0,0,5,2010,WD ,Normal,254900,0,0,1,0,3,1,2,5,3,2,6,1,1,1,2,,2,3
71,20,FV,84.0,10440,Pave,Reg,Lvl,AllPub,Corner,Gtl,Somerst,Norm,Norm,1Fam,1Story,6,5,2005,2005,Gable,CompShg,VinylSd,VinylSd,None,0.0,Gd,TA,PConc,1414.0,0.0,1468.0,GasA,Ex,Y,SBrkr,1468,0,0,1468,1.0,0.0,2,0,2,1,Gd,6,Typ,1,2005.0,2.0,528.0,Y,0,102,0,0,216,0,0,5,2010,WD ,Normal,271500,0,0,0,0,3,1,0,5,3,2,6,1,1,1,2,,0,3
72,60,RL,76.0,10142,Pave,IR1,Lvl,AllPub,Inside,Gtl,SawyerW,Norm,Norm,1Fam,2Story,7,5,2004,2004,Gable,CompShg,VinylSd,VinylSd,None,0.0,Gd,TA,PConc,656.0,0.0,956.0,GasA,Ex,Y,SBrkr,956,1128,0,2084,1.0,0.0,2,1,4,1,Gd,8,Typ,0,2004.0,2.0,618.0,Y,0,45,0,0,0,0,0,1,2010,WD ,Normal,233000,0,0,0,0,3,1,2,5,3,2,6,1,3,0,3,,2,3
73,60,RL,70.0,11920,Pave,Reg,Lvl,AllPub,Inside,Gtl,SawyerW,Norm,Norm,1Fam,2Story,7,5,2004,2004,Gable,CompShg,VinylSd,VinylSd,BrkFace,122.0,Gd,TA,PConc,0.0,0.0,831.0,GasA,Ex,Y,SBrkr,831,828,0,1659,0.0,0.0,2,1,3,1,Gd,8,Typ,0,2004.0,2.0,484.0,Y,144,68,0,0,0,0,0,4,2010,WD ,Normal,181000,0,0,0,0,1,1,2,5,0,6,6,1,1,0,3,,2,1
74,60,RL,68.0,8880,Pave,IR1,Lvl,AllPub,Inside,Gtl,SawyerW,Norm,Norm,1Fam,2Story,7,5,1994,2002,Gable,CompShg,VinylSd,VinylSd,None,0.0,Gd,TA,PConc,695.0,0.0,948.0,GasA,Ex,Y,SBrkr,1222,888,0,2110,1.0,0.0,2,1,3,1,Gd,8,Typ,2,1994.0,2.0,463.0,Y,0,130,0,0,0,0,0,5,2010,WD ,Normal,205000,0,0,0,0,3,1,2,5,3,2,6,1,1,1,1,,2,3
75,120,RL,50.0,8012,Pave,Reg,Lvl,AllPub,Inside,Gtl,SawyerW,Norm,Norm,TwnhsE,1Story,6,5,1980,1980,Gable,CompShg,Plywood,Plywood,None,0.0,TA,TA,CBlock,543.0,119.0,923.0,GasA,TA,Y,SBrkr,923,0,0,923,0.0,0.0,2,0,2,1,TA,5,Typ,1,1980.0,1.0,264.0,Y,80,0,0,0,0,0,0,5,2010,WD ,Normal,143000,0,0,0,0,3,1,2,5,3,1,1,1,1,1,5,,2,3
76,60,RL,70.0,11218,Pave,Reg,Lvl,AllPub,Inside,Gtl,SawyerW,Norm,Norm,1Fam,2Story,6,5,1992,1992,Gable,CompShg,Wd Sdng,Wd Sdng,None,0.0,Gd,TA,PConc,0.0,0.0,1055.0,GasA,Ex,Y,SBrkr,1055,790,0,1845,0.0,0.0,2,1,3,1,Gd,8,Typ,1,1992.0,2.0,462.0,Y,635,104,0,0,0,0,400,5,2010,WD ,Normal,189000,0,0,1,1,3,1,2,5,3,6,6,1,1,1,5,,2,3
77,120,RL,55.0,7892,Pave,Reg,Lvl,AllPub,Inside,Gtl,SawyerW,Norm,Norm,TwnhsE,1Story,6,5,1979,1979,Gable,CompShg,Plywood,Plywood,None,0.0,TA,TA,CBlock,0.0,0.0,918.0,GasA,TA,Y,SBrkr,918,0,0,918,0.0,0.0,2,0,2,1,TA,5,Typ,1,1979.0,1.0,264.0,Y,28,0,0,0,0,0,0,4,2010,WD ,Normal,99500,0,0,0,0,3,1,2,5,3,6,6,1,1,1,5,,2,3
78,120,RL,50.0,7175,Pave,Reg,Lvl,AllPub,Inside,Gtl,SawyerW,Norm,Norm,TwnhsE,1Story,6,5,1984,1984,Gable,CompShg,Plywood,Plywood,None,0.0,TA,TA,CBlock,623.0,121.0,744.0,GasA,TA,Y,SBrkr,752,0,0,752,1.0,0.0,1,0,2,1,TA,4,Typ,0,1984.0,1.0,264.0,Y,353,0,0,0,90,0,0,2,2010,WD ,Normal,125000,0,0,1,0,3,1,2,5,3,0,3,1,1,0,3,,2,3
79,60,RL,68.0,9453,Pave,IR1,Lvl,AllPub,CulDSac,Gtl,SawyerW,RRNe,Norm,1Fam,2Story,7,7,1993,2003,Gable,CompShg,HdBoard,HdBoard,None,0.0,Gd,TA,PConc,402.0,0.0,996.0,GasA,Ex,Y,SBrkr,1014,730,0,1744,0.0,0.0,2,1,3,1,Gd,7,Typ,0,1993.0,2.0,457.0,Y,370,70,0,238,0,0,0,2,2010,WD ,Normal,194500,0,0,0,0,3,1,2,5,3,1,6,1,1,0,3,,2,3
80,20,RL,81.0,9672,Pave,Reg,Lvl,AllPub,Corner,Gtl,SawyerW,Norm,Norm,1Fam,1Story,6,5,1984,1985,Hip,CompShg,HdBoard,Plywood,None,0.0,TA,TA,PConc,338.0,0.0,1040.0,GasA,TA,Y,SBrkr,1097,0,0,1097,0.0,0.0,2,0,3,1,TA,6,Typ,0,1986.0,2.0,480.0,Y,0,0,0,0,0,0,0,5,2010,WD ,Normal,152000,0,0,1,0,3,1,2,5,3,2,6,1,1,0,3,,2,3
81,60,RL,70.0,8400,Pave,Reg,Lvl,AllPub,Inside,Gtl,SawyerW,Norm,Norm,1Fam,2Story,6,6,1980,1981,Gable,CompShg,HdBoard,HdBoard,BrkFace,130.0,TA,TA,CBlock,0.0,0.0,650.0,GasA,TA,Y,SBrkr,888,676,0,1564,0.0,0.0,2,1,3,1,TA,7,Typ,1,1980.0,2.0,476.0,Y,0,50,0,0,204,0,0,4,2010,WD ,Normal,171000,0,0,1,0,1,1,2,5,3,6,6,1,1,1,5,,2,1
82,30,RH,70.0,9800,Pave,Reg,Lvl,AllPub,Corner,Gtl,SawyerW,Feedr,Norm,1Fam,1Story,5,5,1920,1950,Gable,CompShg,Wd Sdng,Wd Sdng,None,0.0,TA,Fa,BrkTil,0.0,0.0,816.0,GasA,TA,N,FuseA,1012,0,0,1012,0.0,0.0,1,0,2,1,TA,5,Typ,0,1920.0,1.0,429.0,Y,121,0,80,0,0,0,0,4,2010,WD ,Normal,67500,0,0,0,0,3,1,5,5,3,6,6,1,5,0,3,,5,3
83,90,RM,68.0,8930,Pave,Reg,Lvl,AllPub,Inside,Gtl,Sawyer,RRAe,Norm,Duplex,1.5Fin,6,5,1978,1978,Gable,CompShg,VinylSd,VinylSd,None,0.0,TA,TA,Slab,0.0,0.0,0.0,GasA,TA,Y,SBrkr,1318,584,0,1902,0.0,0.0,2,0,4,2,TA,8,Typ,0,1978.0,2.0,539.0,Y,0,0,0,0,0,0,0,4,2010,WD ,Normal,112000,0,0,0,0,3,0,3,3,4,4,4,1,1,0,3,,3,3
84,85,RL,88.0,11782,Pave,IR1,Lvl,AllPub,Inside,Gtl,Sawyer,Norm,Norm,1Fam,SFoyer,5,7,1961,1995,Gable,CompShg,HdBoard,HdBoard,None,0.0,TA,TA,CBlock,899.0,0.0,1109.0,GasA,TA,Y,SBrkr,1155,0,0,1155,1.0,0.0,1,0,3,1,Gd,6,Min2,0,1987.0,2.0,576.0,Y,192,0,0,0,0,0,400,6,2010,WD ,Normal,148000,0,0,1,1,3,1,5,5,0,0,6,1,5,0,3,,5,3
85,20,RL,65.0,8450,Pave,Reg,Lvl,AllPub,Inside,Gtl,Sawyer,RRAe,Norm,1Fam,1Story,5,8,1965,2009,Gable,CompShg,MetalSd,MetalSd,None,0.0,TA,Gd,CBlock,553.0,117.0,894.0,GasA,Ex,Y,SBrkr,894,0,0,894,1.0,0.0,1,0,3,1,TA,5,Typ,1,1973.0,1.0,336.0,Y,416,144,0,0,0,0,0,4,2010,WD ,Normal,138500,0,0,1,0,3,1,5,5,3,2,1,1,5,1,2,,5,3
86,20,RL,68.0,9819,Pave,IR1,Lvl,AllPub,Inside,Gtl,Sawyer,Norm,Norm,1Fam,1Story,5,5,1967,1967,Gable,CompShg,MetalSd,MetalSd,BrkFace,31.0,TA,Gd,CBlock,450.0,0.0,882.0,GasA,TA,Y,SBrkr,900,0,0,900,0.0,0.0,1,0,3,1,TA,5,Typ,0,1970.0,1.0,280.0,Y,0,0,0,0,0,0,0,2,2010,WD ,Normal,122000,0,0,1,0,1,1,5,5,3,1,6,1,5,0,3,,5,1
87,20,RL,75.0,7500,Pave,Reg,Lvl,AllPub,Corner,Gtl,Sawyer,Feedr,Norm,1Fam,1Story,5,5,1963,1963,Gable,CompShg,HdBoard,HdBoard,None,0.0,TA,TA,CBlock,824.0,0.0,1040.0,GasA,Fa,Y,SBrkr,1040,0,0,1040,1.0,0.0,1,1,3,1,TA,5,Typ,0,1963.0,1.0,308.0,Y,0,0,220,0,0,0,0,6,2010,WD ,Normal,133000,0,0,1,0,3,1,5,5,3,0,6,1,1,0,3,,5,3
88,20,RL,68.0,6897,Pave,IR1,Lvl,AllPub,Corner,Gtl,Sawyer,Norm,Norm,1Fam,1Story,5,8,1962,2010,Gable,CompShg,HdBoard,HdBoard,None,0.0,TA,Gd,CBlock,659.0,0.0,1040.0,GasA,Ex,Y,SBrkr,1040,0,0,1040,1.0,0.0,1,1,3,1,TA,6,Typ,0,1962.0,1.0,260.0,Y,0,104,0,0,0,0,0,4,2010,WD ,Normal,127000,0,0,0,0,3,1,5,5,3,0,6,1,5,0,3,,5,3
89,20,RL,39.0,15410,Pave,IR1,Lvl,AllPub,CulDSac,Gtl,Sawyer,RRNe,Norm,1Fam,1Story,6,6,1974,2002,Hip,CompShg,Plywood,Plywood,BrkCmn,250.0,TA,Gd,CBlock,126.0,859.0,1208.0,GasA,Ex,Y,SBrkr,1494,0,0,1494,1.0,0.0,2,0,3,1,TA,7,Typ,2,1974.0,2.0,461.0,Y,296,0,186,0,0,0,0,4,2010,WD ,Abnorml,169000,0,0,1,0,0,1,5,5,1,1,2,1,1,1,1,,5,0
90,60,RL,107.0,10186,Pave,IR1,Lvl,AllPub,Inside,Gtl,NoRidge,Norm,Norm,1Fam,2Story,7,5,1992,1992,Gable,CompShg,HdBoard,HdBoard,None,0.0,Gd,TA,PConc,674.0,0.0,750.0,GasA,Ex,Y,SBrkr,1061,862,0,1923,1.0,0.0,2,1,3,1,Gd,8,Typ,1,1992.0,2.0,564.0,Y,240,39,0,0,0,0,0,6,2010,WD ,Normal,190000,0,0,0,0,3,1,2,5,3,2,6,1,1,1,5,,2,3
91,60,RL,85.0,13143,Pave,IR1,Lvl,AllPub,Inside,Gtl,NoRidge,Norm,Norm,1Fam,2Story,8,5,1993,1993,Gable,CompShg,HdBoard,ImStucc,BrkFace,504.0,Gd,TA,PConc,250.0,981.0,1231.0,GasA,Ex,Y,SBrkr,1251,1098,0,2349,1.0,0.0,2,1,4,1,Gd,9,Typ,1,1993.0,3.0,762.0,Y,32,130,0,0,0,0,0,6,2010,WD ,Normal,362500,0,0,0,0,1,1,2,5,3,3,2,1,1,1,5,,2,1
92,60,RL,88.0,11134,Pave,Reg,Lvl,AllPub,Inside,Gtl,NoRidge,Norm,Norm,1Fam,2Story,8,5,1992,1993,Gable,CompShg,HdBoard,HdBoard,BrkFace,180.0,Gd,TA,PConc,1129.0,0.0,1390.0,GasA,Ex,Y,SBrkr,1402,823,0,2225,1.0,0.0,2,1,4,1,Gd,7,Typ,1,1992.0,3.0,713.0,Y,198,30,0,0,0,0,0,6,2010,WD ,Normal,285000,0,0,0,0,1,1,2,5,3,2,6,1,1,1,5,,2,1
93,120,FV,25.0,4835,Pave,IR1,Lvl,AllPub,CulDSac,Gtl,Somerst,Norm,Norm,TwnhsE,1Story,7,5,2004,2005,Gable,CompShg,MetalSd,MetalSd,None,0.0,Gd,TA,PConc,1298.0,0.0,1488.0,GasA,Ex,Y,SBrkr,1488,0,0,1488,1.0,0.0,2,0,2,1,Gd,6,Typ,1,2004.0,2.0,506.0,Y,168,50,0,0,0,0,0,3,2010,WD ,Normal,260000,0,0,0,0,3,1,0,5,0,2,6,1,1,1,2,,0,3
94,160,FV,39.0,3515,Pave,Reg,Lvl,AllPub,Inside,Gtl,Somerst,Norm,Norm,TwnhsE,2Story,7,5,2004,2004,Gable,CompShg,VinylSd,VinylSd,None,0.0,Gd,TA,PConc,0.0,0.0,840.0,GasA,Ex,Y,SBrkr,840,840,0,1680,0.0,0.0,2,1,2,1,Gd,3,Typ,0,2004.0,2.0,588.0,Y,0,111,0,0,0,0,0,1,2010,WD ,Normal,190000,1,0,0,0,3,1,2,5,3,6,6,1,1,0,3,,2,3
95,160,FV,30.0,3215,Pave,Reg,Lvl,AllPub,Inside,Gtl,Somerst,Norm,Norm,TwnhsE,2Story,7,5,2004,2004,Gable,CompShg,MetalSd,MetalSd,BrkFace,120.0,Gd,TA,PConc,280.0,0.0,600.0,GasA,Ex,Y,SBrkr,600,600,0,1200,0.0,0.0,2,1,2,1,Gd,4,Typ,0,2004.0,2.0,480.0,Y,0,172,0,0,0,0,0,4,2010,ConLD,Normal,155000,1,0,0,0,1,1,2,5,0,2,6,1,5,0,3,,2,1
96,160,FV,30.0,3182,Pave,Reg,Lvl,AllPub,Inside,Gtl,Somerst,Norm,Norm,TwnhsE,2Story,7,5,2004,2005,Gable,CompShg,MetalSd,MetalSd,None,0.0,Gd,TA,PConc,0.0,0.0,600.0,GasA,Ex,Y,SBrkr,600,600,0,1200,0.0,0.0,2,1,2,1,Gd,4,Typ,0,2004.0,2.0,480.0,Y,0,172,0,0,0,0,0,6,2010,WD ,Normal,151000,1,0,0,0,3,1,2,5,3,6,6,1,5,0,3,,2,3
97,160,FV,24.0,2544,Pave,Reg,Lvl,AllPub,Inside,Gtl,Somerst,Norm,Norm,Twnhs,2Story,7,5,2004,2005,Gable,CompShg,MetalSd,MetalSd,None,0.0,Gd,TA,PConc,368.0,42.0,600.0,GasA,Ex,Y,SBrkr,600,600,0,1200,1.0,0.0,2,1,2,1,Gd,4,Typ,0,2004.0,2.0,480.0,Y,0,172,0,0,0,0,0,2,2010,WD ,Normal,149500,1,0,0,0,3,1,2,5,3,2,0,1,5,0,3,,2,3
98,160,FV,24.0,2544,Pave,Reg,Lvl,AllPub,Inside,Gtl,Somerst,Norm,Norm,Twnhs,2Story,6,5,2005,2005,Gable,CompShg,VinylSd,VinylSd,BrkFace,216.0,Gd,TA,PConc,376.0,0.0,600.0,GasA,Ex,Y,SBrkr,600,636,0,1236,1.0,0.0,2,1,2,1,Gd,4,Typ,0,2005.0,2.0,480.0,Y,0,166,0,0,0,0,0,5,2010,WD ,Normal,152000,1,0,0,0,1,1,2,5,3,2,6,1,5,0,3,,2,1
99,20,FV,68.0,4403,Pave,IR2,Lvl,AllPub,Inside,Gtl,Somerst,Norm,Norm,1Fam,1Story,7,5,2009,2009,Gable,CompShg,MetalSd,MetalSd,Stone,432.0,Ex,TA,PConc,578.0,0.0,1470.0,GasA,Ex,Y,SBrkr,1478,0,0,1478,1.0,0.0,2,1,2,1,Gd,7,Typ,1,2009.0,2.0,484.0,Y,0,144,0,0,0,0,0,6,2010,New,Partial,222000,0,0,0,0,4,1,0,5,0,2,6,1,1,1,2,,0,4
100,160,FV,68.0,2117,Pave,Reg,Lvl,AllPub,Inside,Gtl,Somerst,Norm,Norm,Twnhs,2Story,6,5,2000,2000,Gable,CompShg,MetalSd,MetalSd,BrkFace,216.0,Gd,TA,PConc,378.0,0.0,756.0,GasA,Ex,Y,SBrkr,769,804,0,1573,0.0,0.0,2,1,3,1,Gd,5,Typ,0,2000.0,2.0,440.0,Y,0,32,0,0,0,0,0,6,2010,WD ,Normal,177500,0,0,0,0,1,1,2,5,3,2,6,1,5,0,3,,2,1
101,160,FV,68.0,2980,Pave,Reg,Lvl,AllPub,Corner,Gtl,Somerst,Norm,Norm,TwnhsE,2Story,6,5,2000,2000,Gable,CompShg,MetalSd,MetalSd,BrkFace,1159.0,Gd,TA,PConc,466.0,0.0,756.0,GasA,Ex,Y,SBrkr,756,756,0,1512,1.0,0.0,2,1,2,1,Gd,5,Typ,0,2000.0,2.0,440.0,Y,0,32,0,0,0,0,0,5,2010,WD ,Normal,177000,0,0,0,0,1,1,2,5,3,2,6,1,5,0,3,,2,1
102,160,FV,24.0,2572,Pave,Reg,Lvl,AllPub,FR2,Gtl,Somerst,Norm,Norm,Twnhs,2Story,7,5,1999,1999,Hip,CompShg,MetalSd,MetalSd,None,0.0,Gd,TA,PConc,604.0,0.0,696.0,GasA,Ex,Y,SBrkr,696,720,0,1416,1.0,0.0,2,1,3,1,Gd,6,Typ,0,1999.0,2.0,484.0,Y,0,44,0,0,0,0,0,5,2010,WD ,Normal,155000,0,0,0,0,3,1,2,5,3,0,6,1,5,0,3,,2,3
103,160,FV,68.0,2403,Pave,IR1,Lvl,AllPub,FR2,Gtl,Somerst,Norm,Norm,TwnhsE,2Story,7,5,2003,2003,Gable,CompShg,VinylSd,VinylSd,None,0.0,Gd,TA,PConc,244.0,0.0,530.0,GasA,Ex,Y,SBrkr,530,550,0,1080,0.0,0.0,2,1,2,1,Gd,4,Typ,0,2003.0,2.0,496.0,Y,0,50,0,0,0,0,0,6,2010,WD ,Normal,147110,0,0,0,0,3,1,2,5,3,2,6,1,1,0,3,,2,3
104,20,FV,57.0,12853,Pave,IR1,Lvl,AllPub,Inside,Gtl,Somerst,Norm,Norm,1Fam,1Story,8,5,2010,2010,Gable,CompShg,CemntBd,CmentBd,None,0.0,Gd,TA,PConc,1032.0,0.0,1642.0,GasA,Ex,Y,SBrkr,1418,0,0,1418,1.0,0.0,1,1,1,1,Gd,6,Typ,1,2010.0,3.0,852.0,Y,160,192,0,224,0,0,0,4,2010,New,Partial,267916,1,0,0,0,3,1,0,4,3,2,6,1,1,1,2,,0,3
105,60,FV,68.0,7379,Pave,IR1,Lvl,AllPub,Inside,Gtl,Somerst,Norm,Norm,1Fam,2Story,8,5,2000,2000,Gable,CompShg,VinylSd,VinylSd,None,0.0,Gd,TA,PConc,484.0,0.0,975.0,GasA,Ex,Y,SBrkr,975,873,0,1848,1.0,0.0,2,1,3,1,Gd,7,Typ,1,2000.0,2.0,592.0,Y,280,184,0,0,0,0,0,4,2010,WD ,Normal,254000,0,0,0,0,3,1,2,5,3,2,6,1,1,1,5,,2,3
106,120,RL,30.0,4420,Pave,IR1,Lvl,AllPub,CulDSac,Gtl,Greens,Norm,Norm,TwnhsE,1Story,8,5,1980,1980,Gable,CompShg,Wd Sdng,Wd Sdng,None,0.0,Gd,TA,CBlock,728.0,0.0,728.0,GasA,TA,Y,SBrkr,788,0,0,788,1.0,0.0,1,0,1,1,Gd,3,Typ,1,1980.0,2.0,484.0,Y,133,42,0,0,0,0,0,6,2010,WD ,Normal,155000,0,0,0,0,3,1,2,5,1,2,6,1,5,1,5,,2,3
107,120,RL,40.0,3880,Pave,IR1,Lvl,AllPub,Inside,Gtl,Greens,Norm,Norm,Twnhs,1Story,8,6,1978,1978,Gable,CompShg,Wd Sdng,Plywood,None,0.0,Gd,TA,CBlock,1052.0,0.0,1226.0,GasA,TA,Y,SBrkr,1226,0,0,1226,1.0,0.0,1,0,1,1,Gd,4,Typ,1,1978.0,2.0,484.0,Y,223,78,0,0,0,0,0,1,2010,WD ,Normal,206000,0,0,0,0,3,1,2,5,1,2,6,1,1,1,5,,2,3
108,60,RL,68.0,13517,Pave,IR1,Lvl,AllPub,CulDSac,Gtl,Sawyer,RRAe,Norm,1Fam,2Story,6,8,1976,2005,Gable,CompShg,HdBoard,Plywood,BrkFace,289.0,Gd,TA,CBlock,533.0,0.0,725.0,GasA,Ex,Y,SBrkr,725,754,0,1479,0.0,0.0,2,1,3,1,Gd,6,Typ,0,1976.0,2.0,475.0,Y,0,44,0,0,0,0,0,3,2010,WD ,Normal,130500,0,0,0,0,1,1,5,5,3,2,6,1,1,0,3,,5,1
109,20,FV,80.0,8000,Pave,Reg,Lvl,AllPub,Inside,Gtl,Somerst,Norm,Norm,1Fam,1Story,7,5,2002,2002,Gable,CompShg,VinylSd,VinylSd,None,0.0,Gd,TA,PConc,833.0,0.0,1492.0,GasA,Ex,Y,SBrkr,1492,0,0,1492,1.0,0.0,2,0,3,1,Gd,6,Typ,1,2002.0,2.0,596.0,Y,277,137,0,0,0,0,0,4,2010,WD ,Normal,230000,0,0,0,0,3,1,2,5,3,2,6,1,1,1,2,,2,3
110,20,RL,68.0,10456,Pave,IR1,Lvl,AllPub,Inside,Gtl,NWAmes,Norm,Norm,1Fam,1Story,6,6,1967,1967,Hip,CompShg,HdBoard,HdBoard,BrkFace,120.0,TA,TA,CBlock,506.0,0.0,1829.0,GasA,Gd,Y,SBrkr,1829,0,0,1829,1.0,0.0,2,0,4,1,TA,8,Typ,0,1967.0,2.0,535.0,Y,0,76,0,0,0,0,0,5,2010,WD ,Normal,218500,0,0,0,0,1,1,5,5,3,2,6,1,1,0,3,,5,1
111,60,RL,80.0,10791,Pave,Reg,Lvl,AllPub,Inside,Gtl,NWAmes,Norm,Norm,1Fam,2Story,6,5,1993,1993,Gable,CompShg,MetalSd,MetalSd,None,0.0,TA,TA,PConc,1137.0,0.0,1280.0,GasA,Ex,Y,SBrkr,1280,1215,0,2495,1.0,0.0,2,1,4,1,Gd,9,Typ,1,1993.0,2.0,660.0,Y,224,32,0,0,0,0,0,3,2010,WD ,Normal,243500,0,0,0,0,3,1,2,5,2,2,6,1,1,1,5,,2,3
112,20,RL,68.0,10603,Pave,IR1,Lvl,AllPub,Inside,Gtl,NWAmes,Norm,Norm,1Fam,1Story,6,7,1977,2001,Gable,CompShg,Plywood,Plywood,BrkFace,28.0,TA,TA,PConc,1200.0,0.0,1610.0,GasA,Gd,Y,SBrkr,1610,0,0,1610,1.0,0.0,2,0,3,1,Gd,6,Typ,2,1977.0,2.0,480.0,Y,168,68,0,0,0,0,0,2,2010,WD ,Normal,205000,0,0,0,0,1,1,5,5,2,0,6,1,1,1,5,,5,1
113,50,RL,68.0,18837,Pave,IR1,Lvl,AllPub,Inside,Gtl,NWAmes,Norm,Norm,1Fam,1.5Fin,6,5,1978,1978,Gable,CompShg,MetalSd,MetalSd,None,0.0,TA,TA,PConc,687.0,46.0,1224.0,GasA,TA,Y,SBrkr,1287,604,0,1891,0.0,1.0,3,0,3,1,TA,7,Typ,1,1978.0,2.0,678.0,Y,0,69,0,0,0,0,0,4,2010,WD ,Normal,212500,0,0,0,0,3,1,2,5,2,0,3,1,1,1,5,,2,3
114,60,RL,80.0,10421,Pave,Reg,Lvl,AllPub,Inside,Gtl,NWAmes,Norm,Norm,1Fam,2Story,7,5,1988,1988,Gable,CompShg,HdBoard,HdBoard,BrkFace,42.0,TA,TA,CBlock,394.0,0.0,980.0,GasA,TA,Y,SBrkr,980,734,0,1714,0.0,0.0,2,1,3,1,TA,7,Typ,1,1988.0,2.0,496.0,Y,228,66,156,0,0,0,500,3,2010,WD ,Normal,196500,0,0,1,1,1,1,2,5,3,2,6,1,1,1,5,,2,1
115,20,RL,78.0,9360,Pave,Reg,Lvl,AllPub,Inside,Gtl,NWAmes,Norm,Norm,1Fam,1Story,6,7,1972,2006,Hip,CompShg,Plywood,Plywood,None,0.0,TA,TA,CBlock,982.0,0.0,1161.0,GasA,TA,Y,SBrkr,1381,0,0,1381,1.0,0.0,1,1,3,1,Gd,5,Typ,1,1972.0,2.0,676.0,Y,0,0,0,0,0,0,0,3,2010,WD ,Normal,197500,0,0,0,0,3,1,5,5,3,0,6,1,1,1,5,,5,3
116,60,RL,80.0,9600,Pave,Reg,Lvl,AllPub,Inside,Gtl,NWAmes,Norm,Norm,1Fam,2Story,6,6,1971,1971,Gable,CompShg,MetalSd,MetalSd,None,0.0,TA,TA,CBlock,329.0,0.0,715.0,GasA,TA,Y,SBrkr,930,715,0,1645,0.0,0.0,1,2,4,1,TA,7,Typ,0,1971.0,2.0,441.0,Y,0,78,0,0,0,0,0,6,2010,WD ,Normal,171000,0,0,1,0,3,1,5,5,3,0,6,1,1,0,3,,5,3
117,20,RL,80.0,9600,Pave,Reg,Lvl,AllPub,Inside,Gtl,NAmes,Norm,Norm,1Fam,1Story,5,5,1966,1966,Hip,CompShg,VinylSd,VinylSd,BrkFace,172.0,TA,TA,CBlock,698.0,0.0,1232.0,GasA,TA,Y,SBrkr,1232,0,0,1232,1.0,0.0,1,1,3,1,TA,6,Typ,0,1966.0,2.0,490.0,Y,0,224,0,0,0,0,0,4,2010,WD ,Normal,142250,0,0,0,0,1,1,5,5,3,5,6,1,1,0,3,,5,1
118,20,RL,68.0,9790,Pave,Reg,Lvl,AllPub,Inside,Gtl,NWAmes,Feedr,Norm,1Fam,1Story,6,5,1963,1963,Hip,CompShg,HdBoard,HdBoard,BrkFace,451.0,TA,TA,CBlock,569.0,81.0,1328.0,GasA,TA,Y,SBrkr,1328,0,0,1328,1.0,0.0,1,1,3,1,TA,6,Typ,2,1963.0,2.0,528.0,Y,0,26,0,0,0,0,0,6,2010,WD ,Normal,143000,0,0,0,0,1,1,5,5,3,0,5,1,1,1,2,,5,1
119,20,RL,77.0,9320,Pave,IR1,Lvl,AllPub,Inside,Gtl,NAmes,Norm,Norm,1Fam,1Story,4,5,1959,1959,Gable,CompShg,Plywood,Plywood,None,0.0,TA,TA,CBlock,569.0,0.0,950.0,GasA,Fa,Y,SBrkr,1225,0,0,1225,1.0,0.0,1,1,3,1,TA,6,Typ,0,0.0,0.0,0.0,Y,352,0,0,0,0,0,400,1,2010,WD ,Normal,128950,0,0,0,1,3,1,5,5,3,0,6,0,6,0,3,,5,3
120,20,RL,90.0,9900,Pave,Reg,Lvl,AllPub,Corner,Gtl,NAmes,Norm,Norm,1Fam,1Story,5,5,1966,1966,Hip,CompShg,HdBoard,HdBoard,None,0.0,TA,TA,PConc,1059.0,0.0,1209.0,GasA,Gd,Y,SBrkr,1209,0,0,1209,1.0,0.0,1,0,3,1,TA,6,Typ,0,1966.0,2.0,504.0,Y,0,0,120,0,0,0,0,4,2010,ConLD,Normal,159000,0,0,0,0,3,1,2,5,3,1,6,1,1,0,3,,2,3
121,20,RL,88.0,9680,Pave,Reg,Lvl,AllPub,Inside,Gtl,NAmes,Norm,Norm,1Fam,1Story,5,6,1967,1967,Gable,CompShg,Wd Sdng,Plywood,BrkFace,268.0,TA,TA,CBlock,1010.0,0.0,1510.0,GasA,Ex,Y,SBrkr,1510,0,0,1510,1.0,0.0,2,0,3,1,Gd,6,Typ,0,1967.0,2.0,517.0,Y,0,40,0,0,204,0,0,4,2010,WD ,Normal,178900,0,0,1,0,1,1,5,5,3,1,6,1,1,0,3,,5,1
122,80,RL,68.0,10600,Pave,IR1,Lvl,AllPub,Inside,Gtl,NAmes,Norm,Norm,1Fam,SLvl,6,5,1964,1964,Gable,CompShg,HdBoard,HdBoard,None,0.0,TA,TA,CBlock,0.0,0.0,533.0,GasA,TA,Y,SBrkr,1131,644,0,1775,0.0,0.0,2,0,3,1,TA,8,Typ,0,1964.0,2.0,480.0,Y,0,172,0,0,0,0,0,5,2010,COD,Family,136300,1,0,0,0,3,1,5,5,3,6,6,1,1,0,3,,5,3
123,80,RL,68.0,14112,Pave,IR1,Lvl,AllPub,Corner,Gtl,NAmes,Norm,Norm,1Fam,SLvl,5,7,1964,1964,Hip,CompShg,Wd Sdng,HdBoard,BrkFace,86.0,TA,TA,PConc,1014.0,0.0,1152.0,GasA,TA,Y,SBrkr,1152,0,0,1152,1.0,0.0,1,0,3,1,TA,6,Typ,1,1964.0,2.0,484.0,Y,227,0,0,0,0,0,0,4,2010,WD ,Normal,180500,0,0,0,0,1,1,5,5,0,2,6,1,1,1,2,,5,1
124,85,RL,80.0,8800,Pave,Reg,Lvl,AllPub,Inside,Gtl,NAmes,Feedr,Norm,1Fam,SFoyer,6,7,1963,1963,Gable,CompShg,MetalSd,MetalSd,BrkFace,156.0,TA,Gd,PConc,763.0,0.0,936.0,GasA,Ex,Y,SBrkr,1054,0,0,1054,1.0,0.0,1,0,3,1,Gd,6,Typ,0,1963.0,2.0,480.0,Y,120,0,0,0,0,0,0,5,2010,WD ,Abnorml,137500,0,0,1,0,1,1,5,5,1,2,6,1,1,0,3,,5,1
125,90,RL,98.0,13260,Pave,IR1,Lvl,AllPub,Inside,Gtl,NAmes,Norm,Norm,Duplex,1Story,5,6,1962,2001,Hip,CompShg,HdBoard,HdBoard,BrkFace,144.0,TA,TA,CBlock,1500.0,0.0,1728.0,GasA,TA,Y,SBrkr,1728,0,0,1728,2.0,0.0,2,0,6,2,TA,10,Typ,0,0.0,0.0,0.0,Y,0,0,0,0,0,0,0,1,2010,Oth,Abnorml,84900,0,0,0,0,1,1,5,5,3,1,6,0,6,0,3,,5,1
126,20,RL,68.0,9717,Pave,Reg,Lvl,AllPub,Inside,Gtl,NAmes,Norm,Norm,1Fam,1Story,5,6,1950,1996,Hip,CompShg,MetalSd,MetalSd,None,0.0,TA,TA,CBlock,49.0,1029.0,1078.0,GasA,Gd,Y,FuseA,1078,0,0,1078,1.0,0.0,1,0,2,1,Gd,5,Typ,0,1950.0,1.0,240.0,Y,366,0,112,0,0,0,0,4,2010,WD ,Normal,142125,0,0,0,0,3,1,5,5,2,2,5,1,1,0,3,,5,3
127,50,RL,68.0,9724,Pave,Reg,Lvl,AllPub,Inside,Gtl,NAmes,Norm,Norm,1Fam,1.5Fin,5,7,1952,2002,Gable,CompShg,MetalSd,MetalSd,BrkFace,265.0,Gd,TA,CBlock,670.0,0.0,1140.0,GasA,Gd,Y,SBrkr,1929,532,0,2461,0.0,0.0,2,0,3,1,TA,7,Min2,2,1994.0,2.0,400.0,Y,0,0,0,0,0,0,0,3,2010,WD ,Normal,197600,0,0,1,0,1,1,5,5,3,3,6,1,5,1,2,,5,1
128,50,RL,120.0,17360,Pave,Reg,Lvl,AllPub,Corner,Gtl,NAmes,Artery,Norm,1Fam,1.5Fin,6,6,1949,1950,Gable,CompShg,MetalSd,MetalSd,Stone,340.0,TA,Gd,CBlock,300.0,0.0,782.0,GasA,TA,Y,SBrkr,1019,537,0,1556,0.0,0.0,2,0,3,1,TA,6,Typ,1,1949.0,2.0,470.0,Y,0,0,150,0,0,0,0,1,2010,WD ,Normal,172500,0,0,0,0,4,1,5,5,3,5,6,1,1,1,2,,5,4
129,20,RL,50.0,7207,Pave,IR1,Lvl,AllPub,Inside,Gtl,BrkSide,Norm,Norm,1Fam,1Story,5,7,1958,2008,Gable,CompShg,Wd Sdng,Plywood,None,0.0,TA,Gd,CBlock,696.0,0.0,858.0,GasA,Gd,Y,SBrkr,858,0,0,858,1.0,0.0,1,0,2,1,TA,4,Typ,0,0.0,0.0,0.0,Y,117,0,0,0,0,0,0,2,2010,WD ,Normal,116500,0,0,0,0,3,1,5,5,1,1,6,0,6,0,3,,5,3
130,30,RL,55.0,5350,Pave,IR1,Lvl,AllPub,Inside,Gtl,BrkSide,Norm,Norm,1Fam,1Story,3,2,1940,1966,Gable,CompShg,Wd Sdng,Plywood,None,0.0,TA,Po,CBlock,0.0,0.0,728.0,GasA,Ex,Y,SBrkr,1306,0,0,1306,0.0,0.0,1,0,3,1,Fa,6,Mod,0,0.0,0.0,0.0,Y,263,0,0,0,0,0,450,5,2010,WD ,Normal,76500,0,0,1,1,3,1,5,5,3,6,6,0,6,0,3,,5,3
131,20,RL,80.0,9920,Pave,Reg,Lvl,AllPub,Inside,Gtl,NAmes,Norm,Norm,1Fam,1Story,5,5,1954,1954,Gable,CompShg,HdBoard,HdBoard,Stone,110.0,TA,TA,CBlock,354.0,290.0,1056.0,GasA,TA,Y,SBrkr,1063,0,0,1063,1.0,0.0,1,0,3,1,TA,6,Typ,0,1954.0,1.0,280.0,Y,0,0,164,0,0,0,0,2,2010,WD ,Normal,128000,0,0,1,0,4,1,5,5,3,5,3,1,1,0,3,,5,4
132,80,RL,80.0,9600,Pave,Reg,Lvl,AllPub,Inside,Gtl,NAmes,Norm,Norm,1Fam,SLvl,6,6,1955,1972,Gable,CompShg,AsbShng,AsbShng,BrkFace,164.0,TA,TA,CBlock,674.0,132.0,1156.0,GasA,Ex,Y,SBrkr,1520,0,0,1520,1.0,0.0,1,0,3,1,TA,7,Typ,2,1955.0,1.0,364.0,Y,0,0,189,0,0,0,0,3,2010,WD ,Normal,153000,0,0,0,0,1,1,5,5,0,1,3,1,2,1,2,,5,1
133,20,RL,78.0,7800,Pave,Reg,Lvl,AllPub,Inside,Gtl,NAmes,Norm,Norm,1Fam,1Story,5,6,1954,1954,Gable,CompShg,HdBoard,HdBoard,BrkFace,200.0,TA,TA,PConc,540.0,0.0,1268.0,GasA,Gd,Y,SBrkr,1268,0,0,1268,0.0,0.0,1,0,2,1,TA,7,Typ,1,1954.0,1.0,244.0,Y,0,98,0,0,0,0,0,3,2010,WD ,Normal,132000,0,0,0,0,1,1,5,5,3,3,6,1,1,1,2,,5,1
134,85,RL,75.0,11380,Pave,IR1,Lvl,AllPub,Inside,Gtl,NAmes,Norm,Norm,1Fam,SFoyer,6,8,1966,2008,Gable,CompShg,HdBoard,HdBoard,BrkFace,216.0,TA,TA,CBlock,944.0,0.0,1080.0,GasA,Gd,Y,SBrkr,1128,0,0,1128,1.0,0.0,1,0,2,1,Gd,5,Typ,1,1966.0,1.0,315.0,Y,238,0,0,0,0,0,1500,1,2010,WD ,Normal,178000,0,0,0,1,1,1,5,5,1,2,6,1,1,1,2,,5,1
135,90,RL,80.0,11600,Pave,Reg,Lvl,AllPub,Corner,Gtl,NAmes,Feedr,Norm,Duplex,2Story,5,5,1960,1960,Gable,CompShg,MetalSd,MetalSd,BrkFace,361.0,TA,TA,CBlock,443.0,0.0,1105.0,GasA,TA,Y,FuseA,1105,1169,0,2274,0.0,0.0,2,0,5,2,TA,12,Typ,0,1960.0,2.0,480.0,Y,0,0,0,0,0,0,0,1,2010,WD ,Normal,154300,0,0,0,0,1,1,5,5,3,5,6,1,5,0,3,,5,1
136,20,RL,68.0,19900,Pave,Reg,Lvl,AllPub,Inside,Gtl,NAmes,PosA,Norm,1Fam,1Story,7,5,1970,1989,Gable,CompShg,Plywood,Plywood,BrkFace,287.0,TA,TA,CBlock,912.0,0.0,1947.0,GasA,TA,Y,SBrkr,2207,0,0,2207,1.0,0.0,2,0,3,1,TA,7,Min1,1,1970.0,2.0,576.0,Y,301,0,0,0,0,0,0,7,2010,WD ,Normal,180000,0,0,0,0,1,1,2,5,1,2,6,1,1,1,2,,2,1
137,20,RL,137.0,16492,Pave,IR1,Lvl,AllPub,Corner,Gtl,NAmes,PosA,Norm,1Fam,1Story,6,6,1966,2002,Gable,CompShg,BrkFace,Plywood,None,0.0,Gd,TA,CBlock,247.0,713.0,1517.0,GasA,Ex,Y,SBrkr,1888,0,0,1888,0.0,0.0,2,1,2,1,Gd,6,Mod,1,1966.0,2.0,578.0,Y,0,0,0,0,0,0,0,6,2010,WD ,Normal,190000,0,0,0,0,3,1,5,5,3,0,5,1,1,1,2,,5,3
138,90,RL,70.0,8267,Pave,Reg,Lvl,AllPub,Corner,Gtl,NAmes,Feedr,Norm,Duplex,1Story,5,5,1958,1958,Gable,CompShg,HdBoard,HdBoard,None,0.0,TA,TA,CBlock,0.0,0.0,1604.0,GasA,TA,Y,SBrkr,1604,0,0,1604,0.0,0.0,2,0,4,2,TA,8,Typ,0,1958.0,2.0,576.0,Y,42,0,0,0,0,0,0,3,2010,WD ,Normal,135000,0,0,0,0,3,1,5,5,3,6,6,1,1,0,3,,5,3
139,20,RL,70.0,8197,Pave,Reg,Lvl,AllPub,Inside,Gtl,NAmes,Norm,Norm,1Fam,1Story,7,5,2003,2009,Gable,CompShg,VinylSd,VinylSd,BrkFace,506.0,Gd,TA,PConc,1188.0,0.0,1480.0,GasA,Ex,Y,SBrkr,1480,0,0,1480,1.0,0.0,2,0,3,1,Gd,7,Typ,0,2003.0,2.0,620.0,Y,252,73,0,0,0,0,300,2,2010,WD ,Normal,214000,0,0,1,1,1,1,2,5,3,2,6,1,1,0,3,,2,1
140,20,RL,68.0,8050,Pave,IR1,Lvl,AllPub,Inside,Gtl,NAmes,Norm,Norm,1Fam,1Story,5,5,1959,1959,Hip,CompShg,MetalSd,MetalSd,BrkFace,150.0,TA,TA,CBlock,856.0,162.0,1143.0,GasA,TA,Y,SBrkr,1143,0,0,1143,1.0,0.0,1,0,3,1,TA,6,Typ,0,1959.0,1.0,308.0,Y,0,0,0,0,0,0,0,5,2010,WD ,Normal,136000,0,0,1,0,1,1,5,5,3,1,5,1,1,0,3,,5,1
141,20,RL,70.0,10552,Pave,IR1,Lvl,AllPub,Inside,Gtl,NAmes,Norm,Norm,1Fam,1Story,5,5,1959,1959,Hip,CompShg,BrkFace,BrkFace,None,0.0,TA,TA,CBlock,1018.0,0.0,1398.0,GasA,Gd,Y,SBrkr,1700,0,0,1700,0.0,1.0,1,1,4,1,Gd,6,Typ,1,1959.0,2.0,447.0,Y,0,38,0,0,0,0,0,4,2010,WD ,Normal,165500,0,0,0,0,3,1,5,5,3,5,6,1,1,1,2,,5,3
142,20,RL,70.0,8400,Pave,Reg,Lvl,AllPub,Inside,Gtl,NAmes,Norm,Norm,1Fam,1Story,5,6,1957,1957,Gable,CompShg,MetalSd,MetalSd,None,0.0,TA,Gd,CBlock,922.0,0.0,1314.0,GasA,TA,Y,SBrkr,1314,0,0,1314,1.0,0.0,1,0,3,1,TA,5,Typ,0,1957.0,1.0,294.0,Y,250,0,0,0,0,0,0,6,2010,WD ,Normal,145000,0,0,0,0,3,1,5,5,3,5,6,1,1,0,3,,5,3
143,20,RL,73.0,8760,Pave,Reg,Lvl,AllPub,Inside,Gtl,NAmes,Norm,Norm,1Fam,1Story,6,6,1959,1959,Hip,CompShg,MetalSd,MetalSd,BrkFace,220.0,TA,TA,CBlock,0.0,0.0,1194.0,GasA,TA,Y,SBrkr,1194,0,0,1194,1.0,0.0,1,0,3,1,TA,6,Typ,0,1959.0,1.0,312.0,Y,0,0,120,0,0,0,0,4,2010,WD ,Normal,148000,0,0,0,0,1,1,5,5,3,6,6,1,1,0,3,,5,1
144,20,RL,68.0,12160,Pave,IR1,Lvl,AllPub,Inside,Gtl,NAmes,Norm,Norm,1Fam,1Story,5,5,1959,1959,Hip,CompShg,Plywood,Plywood,BrkFace,180.0,TA,TA,CBlock,1000.0,0.0,1188.0,GasA,Fa,Y,SBrkr,1188,0,0,1188,1.0,0.0,1,0,3,1,TA,6,Typ,0,1959.0,2.0,531.0,Y,0,0,0,0,0,0,0,5,2010,COD,Abnorml,142000,0,0,1,0,1,1,5,5,3,5,6,1,1,0,3,,5,1
145,20,RL,73.0,9300,Pave,Reg,Lvl,AllPub,Inside,Gtl,NAmes,Feedr,Norm,1Fam,1Story,5,5,1960,1960,Gable,CompShg,MetalSd,HdBoard,BrkFace,324.0,TA,TA,CBlock,697.0,0.0,1268.0,GasA,TA,Y,SBrkr,1264,0,0,1264,1.0,0.0,1,0,3,1,TA,6,Typ,2,1960.0,2.0,461.0,Y,0,0,0,0,143,0,0,4,2010,WD ,Normal,167500,0,0,0,0,1,1,5,5,3,5,6,1,1,1,2,,5,1
146,20,RL,87.0,10725,Pave,IR1,Lvl,AllPub,Inside,Gtl,NAmes,Norm,Norm,1Fam,1Story,5,5,1959,1959,Hip,CompShg,MetalSd,MetalSd,BrkFace,91.0,TA,TA,CBlock,936.0,0.0,1206.0,GasA,Fa,Y,SBrkr,1206,0,0,1206,0.0,0.0,1,0,3,1,TA,6,Typ,0,1959.0,1.0,312.0,Y,0,21,0,0,0,0,0,5,2010,WD ,Normal,108538,0,0,0,0,1,1,5,5,3,5,6,1,1,0,3,,5,1
147,20,RL,80.0,10032,Pave,Reg,Lvl,AllPub,Inside,Gtl,NAmes,Norm,Norm,1Fam,1Story,6,5,1959,1959,Gable,CompShg,Wd Sdng,Wd Sdng,Stone,432.0,TA,TA,CBlock,734.0,0.0,1244.0,GasA,Ex,Y,SBrkr,1580,0,0,1580,1.0,0.0,1,1,3,1,TA,6,Typ,2,1956.0,2.0,440.0,Y,0,28,0,0,160,0,0,6,2010,WD ,Normal,159500,0,0,1,0,4,1,5,5,3,5,6,1,1,1,2,,5,4
148,50,RL,60.0,8382,Pave,Reg,Lvl,AllPub,Inside,Gtl,NAmes,Norm,Norm,1Fam,1.5Fin,4,5,1956,1956,Gable,CompShg,MetalSd,MetalSd,None,0.0,TA,TA,CBlock,0.0,0.0,832.0,GasA,TA,Y,FuseA,832,505,0,1337,0.0,0.0,1,0,3,1,TA,5,Typ,0,1956.0,1.0,263.0,Y,0,0,0,0,0,0,0,2,2010,WD ,Normal,108000,0,0,0,0,3,1,5,5,3,6,6,1,1,0,3,,5,3
149,20,RL,60.0,10950,Pave,Reg,Lvl,AllPub,Inside,Gtl,NAmes,Norm,Norm,1Fam,1Story,5,7,1952,1952,Gable,CompShg,WdShing,Wd Shng,None,0.0,TA,TA,CBlock,339.0,0.0,864.0,GasA,TA,Y,SBrkr,1064,0,0,1064,0.0,1.0,1,0,2,1,Fa,4,Typ,0,1952.0,1.0,318.0,Y,0,0,0,0,0,0,0,5,2010,WD ,Normal,135000,0,0,0,0,3,1,5,5,3,1,6,1,5,0,3,,5,3
150,20,RL,119.0,10895,Pave,Reg,Lvl,AllPub,Corner,Gtl,NAmes,Norm,Norm,1Fam,1Story,5,6,1955,1955,Gable,CompShg,MetalSd,MetalSd,None,0.0,TA,Gd,CBlock,648.0,0.0,972.0,GasA,TA,Y,SBrkr,972,0,0,972,0.0,0.0,1,0,3,1,TA,5,Typ,0,1955.0,1.0,305.0,Y,0,0,205,0,0,0,0,6,2010,WD ,Normal,122500,0,0,1,0,3,1,5,5,3,5,6,1,1,0,3,,5,3
151,190,RL,70.0,13587,Pave,Reg,Lvl,AllPub,Inside,Gtl,NAmes,Norm,Norm,2fmCon,1Story,5,5,1958,1958,Gable,CompShg,MetalSd,MetalSd,None,0.0,TA,TA,CBlock,532.0,0.0,988.0,GasA,TA,Y,SBrkr,988,0,0,988,1.0,0.0,1,0,2,1,TA,5,Typ,0,1958.0,1.0,264.0,Y,0,0,0,0,0,0,0,4,2010,WD ,Abnorml,119000,0,0,0,0,3,1,5,5,0,5,6,1,1,0,3,,5,3
152,20,RL,68.0,7922,Pave,Reg,Lvl,AllPub,Inside,Gtl,NAmes,Norm,Norm,1Fam,1Story,5,7,1953,2007,Gable,CompShg,VinylSd,VinylSd,None,0.0,TA,Gd,CBlock,731.0,0.0,1057.0,GasA,TA,Y,SBrkr,1057,0,0,1057,1.0,0.0,1,0,3,1,Gd,5,Typ,0,1953.0,1.0,246.0,Y,0,52,0,0,0,0,0,1,2010,WD ,Abnorml,109000,0,0,0,0,3,1,5,5,3,2,6,1,5,0,3,,5,3
153,30,RL,65.0,7898,Pave,Reg,Lvl,AllPub,Corner,Gtl,NAmes,Norm,Norm,1Fam,1Story,4,7,1920,1994,Gable,CompShg,MetalSd,MetalSd,None,0.0,TA,TA,BrkTil,0.0,0.0,576.0,GasA,Gd,Y,SBrkr,985,0,0,985,0.0,1.0,1,0,2,1,TA,4,Typ,0,1989.0,2.0,676.0,N,0,0,0,0,0,0,0,4,2010,WD ,Normal,105000,0,0,0,0,3,1,5,5,3,6,6,1,5,0,3,,5,3
154,20,RL,60.0,7200,Pave,Reg,Lvl,AllPub,Inside,Gtl,NAmes,Norm,Norm,1Fam,1Story,5,7,1955,2007,Gable,CompShg,VinylSd,VinylSd,None,0.0,TA,TA,Slab,0.0,0.0,0.0,GasA,Ex,Y,SBrkr,827,0,0,827,0.0,0.0,1,0,2,1,TA,5,Mod,1,1967.0,1.0,392.0,Y,0,0,0,0,0,0,0,4,2010,WD ,Normal,107500,0,0,0,0,3,0,3,3,4,4,4,1,5,1,4,,3,3
155,20,RL,85.0,10200,Pave,Reg,Lvl,AllPub,Inside,Gtl,NAmes,Norm,Norm,1Fam,1Story,5,7,1954,2003,Gable,CompShg,Wd Sdng,Wd Sdng,BrkFace,104.0,TA,TA,CBlock,320.0,362.0,1086.0,GasA,Gd,Y,SBrkr,1086,0,0,1086,1.0,0.0,1,0,3,1,TA,6,Typ,0,1989.0,2.0,490.0,Y,0,0,0,0,0,0,0,5,2010,WD ,Normal,144900,0,0,1,0,1,1,5,5,3,0,1,1,1,0,3,,5,1
156,20,RL,74.0,5868,Pave,Reg,Lvl,AllPub,Inside,Gtl,NAmes,Norm,Norm,1Fam,1Story,5,7,1956,2000,Gable,CompShg,MetalSd,MetalSd,None,0.0,TA,TA,CBlock,248.0,240.0,936.0,GasA,Ex,Y,SBrkr,936,0,0,936,1.0,0.0,1,0,2,1,TA,4,Typ,0,1956.0,1.0,308.0,Y,0,0,80,0,160,0,0,5,2010,WD ,Normal,129000,0,0,0,0,3,1,5,5,3,1,5,1,1,0,3,,5,3
157,50,RL,78.0,17503,Pave,Reg,Lvl,AllPub,Inside,Gtl,NAmes,Artery,Norm,1Fam,1.5Fin,6,5,1948,1950,Gable,CompShg,VinylSd,VinylSd,None,0.0,TA,TA,CBlock,0.0,0.0,912.0,GasA,TA,Y,SBrkr,912,546,0,1458,0.0,1.0,1,0,3,1,TA,6,Typ,1,1948.0,1.0,330.0,Y,192,0,0,0,0,0,0,1,2010,WD ,Abnorml,97500,0,0,0,0,3,1,5,5,3,6,6,1,1,1,2,,5,3
158,90,RL,64.0,6979,Pave,Reg,Lvl,AllPub,Inside,Gtl,OldTown,Norm,Norm,Duplex,SFoyer,6,5,1980,1980,Gable,CompShg,Plywood,Plywood,None,0.0,TA,TA,CBlock,1056.0,0.0,1056.0,GasA,Gd,Y,SBrkr,1056,0,0,1056,2.0,0.0,0,0,0,2,TA,4,Typ,0,1980.0,2.0,576.0,Y,264,56,0,0,0,0,600,6,2010,WD ,Normal,144000,0,0,1,1,3,1,5,5,3,2,6,1,5,0,3,,5,3
159,20,RL,68.0,9830,Pave,IR1,Lvl,AllPub,Corner,Gtl,NAmes,Norm,Norm,1Fam,1Story,5,7,1959,2006,Gable,CompShg,Wd Sdng,Wd Sdng,None,0.0,TA,Gd,CBlock,72.0,258.0,1063.0,GasA,Ex,Y,SBrkr,1287,0,0,1287,1.0,0.0,1,0,3,1,Gd,7,Typ,1,1997.0,2.0,576.0,Y,364,17,0,0,182,0,0,3,2010,WD ,Normal,162000,0,0,0,0,3,1,5,5,3,0,5,1,5,1,2,,5,3
160,80,RL,96.0,11275,Pave,Reg,Lvl,AllPub,Corner,Gtl,NAmes,PosN,Norm,1Fam,SLvl,7,7,1967,2007,Mansard,WdShake,Wd Sdng,Wd Sdng,BrkFace,300.0,Gd,Gd,CBlock,0.0,0.0,710.0,GasA,Ex,Y,SBrkr,1898,1080,0,2978,0.0,0.0,2,1,5,1,Gd,11,Typ,1,1961.0,2.0,564.0,Y,240,0,0,0,0,0,0,6,2010,WD ,Normal,242000,0,0,0,0,1,1,2,5,3,6,6,1,3,1,2,,2,1
161,50,RL,60.0,8064,Pave,Reg,Lvl,AllPub,Inside,Gtl,NAmes,Artery,Norm,1Fam,1.5Fin,6,8,1948,2004,Gable,CompShg,WdShing,Wd Shng,None,0.0,TA,TA,CBlock,481.0,174.0,816.0,GasA,TA,Y,SBrkr,816,408,0,1224,1.0,0.0,1,0,3,1,TA,5,Typ,0,1950.0,1.0,280.0,Y,414,0,0,0,0,0,0,5,2010,WD ,Normal,132000,0,0,1,0,3,1,5,5,3,0,5,1,5,0,3,,5,3
162,20,RL,75.0,7500,Pave,Reg,Lvl,AllPub,Inside,Gtl,NAmes,Norm,Norm,1Fam,1Story,5,7,1959,1994,Hip,CompShg,BrkFace,BrkFace,None,0.0,TA,TA,CBlock,340.0,906.0,1246.0,GasA,Ex,Y,SBrkr,1246,0,0,1246,1.0,0.0,1,1,3,1,Gd,6,Typ,0,1959.0,1.0,305.0,Y,218,0,0,0,0,0,0,5,2010,WD ,Normal,154000,0,0,1,0,3,1,5,5,3,3,5,1,1,0,3,,5,3
163,50,RL,71.0,8520,Pave,Reg,Lvl,AllPub,Corner,Gtl,NAmes,Artery,Norm,1Fam,1.5Fin,5,4,1952,1952,Gable,CompShg,BrkFace,Wd Sdng,None,0.0,TA,Fa,CBlock,507.0,0.0,910.0,GasA,Fa,Y,SBrkr,910,475,0,1385,0.0,0.0,2,0,4,1,TA,6,Typ,0,2000.0,2.0,720.0,Y,0,0,0,0,0,0,0,6,2010,WD ,Normal,166000,0,0,1,0,3,1,5,5,3,5,6,1,5,0,3,,5,3
164,20,RL,60.0,7200,Pave,Reg,Lvl,AllPub,Corner,Gtl,NAmes,Norm,Norm,1Fam,1Story,5,7,1951,2000,Gable,CompShg,Wd Sdng,Wd Sdng,None,0.0,TA,TA,CBlock,234.0,486.0,900.0,GasA,TA,Y,SBrkr,900,0,0,900,0.0,1.0,1,0,3,1,Gd,5,Typ,0,2005.0,2.0,576.0,Y,222,32,0,0,0,0,0,5,2010,WD ,Normal,134800,0,0,0,0,3,1,5,5,2,1,5,1,5,0,3,,5,3
165,20,RL,87.0,10000,Pave,IR1,Lvl,AllPub,Corner,Gtl,NAmes,Norm,Norm,1Fam,1Story,6,6,1962,1962,Hip,CompShg,Wd Sdng,Wd Sdng,BrkFace,261.0,TA,TA,CBlock,0.0,0.0,1116.0,GasA,TA,Y,SBrkr,1116,0,0,1116,0.0,0.0,1,1,3,1,TA,5,Typ,0,1962.0,2.0,440.0,Y,0,0,0,0,385,0,0,2,2010,WD ,Normal,160000,0,0,0,0,1,1,5,5,3,6,6,1,1,0,3,,5,1
166,20,RL,81.0,7635,Pave,IR1,Lvl,AllPub,Corner,Gtl,NAmes,Norm,Norm,1Fam,1Story,5,6,1960,1960,Gable,CompShg,BrkFace,Wd Sdng,None,0.0,TA,TA,CBlock,588.0,350.0,1175.0,GasA,Ex,Y,SBrkr,1175,0,0,1175,0.0,0.0,1,1,3,1,TA,6,Typ,0,1960.0,2.0,484.0,Y,0,0,0,0,0,0,0,6,2010,WD ,Normal,148000,0,0,0,0,3,1,5,5,3,5,3,1,5,0,3,,5,3
167,20,RL,80.0,9760,Pave,Reg,Lvl,AllPub,Inside,Mod,NAmes,Norm,Norm,1Fam,1Story,6,7,1963,1984,Hip,CompShg,Wd Sdng,Wd Sdng,BrkFace,218.0,TA,TA,CBlock,717.0,263.0,1395.0,GasA,TA,Y,SBrkr,1395,0,0,1395,1.0,0.0,1,0,2,1,TA,7,Min1,1,1963.0,2.0,440.0,Y,657,0,113,0,240,0,0,5,2010,WD ,Normal,192000,0,0,0,0,1,1,5,5,1,1,3,1,1,1,5,,5,1
168,60,RL,70.0,7700,Pave,Reg,Lvl,AllPub,Inside,Gtl,NAmes,PosN,Norm,1Fam,2Story,6,5,1966,1966,Gable,CompShg,MetalSd,MetalSd,BrkFace,351.0,TA,TA,CBlock,0.0,0.0,756.0,GasA,TA,Y,SBrkr,1051,788,0,1839,0.0,0.0,1,1,4,1,TA,7,Typ,1,1966.0,2.0,442.0,Y,0,124,216,0,0,0,0,6,2010,WD ,Normal,155000,0,0,0,0,1,1,5,5,3,6,6,1,1,1,5,,5,1
169,50,RM,60.0,4800,Pave,Reg,Lvl,AllPub,Corner,Gtl,OldTown,Norm,Norm,1Fam,1.5Fin,4,5,1900,1954,Hip,CompShg,Wd Sdng,Wd Sdng,BrkFace,771.0,TA,TA,PConc,48.0,0.0,709.0,GasA,TA,Y,SBrkr,1157,687,0,1844,1.0,0.0,1,0,3,1,TA,9,Min2,2,1900.0,1.0,240.0,Y,84,0,0,0,0,0,0,1,2010,COD,Abnorml,80400,0,0,0,0,1,1,5,5,3,0,6,1,2,1,2,,5,1
170,50,RM,55.0,8800,Pave,Reg,Lvl,AllPub,Corner,Gtl,OldTown,Norm,Norm,1Fam,1.5Fin,4,7,1910,2004,Gable,CompShg,Wd Sdng,Wd Sdng,None,0.0,TA,TA,BrkTil,0.0,0.0,576.0,GasA,Gd,Y,SBrkr,792,348,0,1140,0.0,0.0,1,0,3,1,TA,7,Min2,0,0.0,0.0,0.0,N,0,160,0,0,0,0,0,6,2010,WD ,Normal,96500,1,0,0,0,3,1,5,1,3,6,6,0,6,0,3,,5,3
171,30,RM,56.0,4485,Pave,Reg,Lvl,AllPub,Inside,Gtl,OldTown,Artery,Norm,1Fam,1Story,5,7,1920,1950,Gable,CompShg,Wd Sdng,Wd Sdng,None,0.0,TA,TA,PConc,579.0,0.0,936.0,GasA,TA,Y,SBrkr,936,0,0,936,1.0,0.0,1,0,2,1,TA,5,Typ,1,0.0,0.0,0.0,P,51,0,135,0,0,0,0,5,2010,WD ,Normal,109500,1,0,1,0,3,1,5,5,3,1,6,0,6,1,2,,5,3
172,30,RM,56.0,8960,Pave,Reg,Lvl,AllPub,Inside,Gtl,OldTown,Artery,Norm,1Fam,1Story,5,6,1927,1950,Gable,CompShg,WdShing,Wd Shng,None,0.0,TA,TA,CBlock,0.0,0.0,1008.0,GasA,Gd,Y,FuseA,1028,0,0,1028,0.0,0.0,1,0,2,1,TA,5,Typ,1,1927.0,2.0,360.0,Y,0,0,130,0,0,0,0,3,2010,WD ,Normal,115000,1,0,0,0,3,1,5,5,3,6,6,1,5,1,2,,5,3
173,20,RM,69.0,5805,Pave,Reg,Bnk,AllPub,Inside,Mod,OldTown,Norm,Norm,1Fam,1Story,5,7,1957,1957,Hip,CompShg,MetalSd,MetalSd,None,0.0,TA,TA,CBlock,274.0,1073.0,1347.0,GasA,Gd,Y,SBrkr,1347,0,0,1347,1.0,1.0,1,0,3,1,Gd,6,Typ,0,1957.0,2.0,551.0,Y,0,0,0,0,0,0,0,6,2010,WD ,Normal,143000,1,0,0,0,3,1,5,5,2,1,5,1,5,0,3,,5,3
174,50,RM,60.0,5790,Pave,Reg,Lvl,AllPub,Corner,Gtl,OldTown,Norm,Norm,1Fam,2Story,3,6,1915,1950,Gambrel,CompShg,VinylSd,VinylSd,None,0.0,Gd,Gd,CBlock,0.0,0.0,840.0,GasA,Gd,N,SBrkr,840,765,0,1605,0.0,0.0,2,0,3,2,TA,8,Typ,0,1915.0,1.0,379.0,Y,0,0,202,0,0,0,0,5,2010,WD ,Normal,107400,0,0,0,0,3,1,1,5,3,6,6,1,5,0,3,,1,3
175,30,RM,47.0,4608,Pave,Reg,Lvl,AllPub,Corner,Gtl,OldTown,Artery,Norm,1Fam,1Story,4,6,1945,1950,Gable,CompShg,MetalSd,MetalSd,None,0.0,TA,Gd,CBlock,0.0,0.0,747.0,GasA,TA,Y,SBrkr,747,0,0,747,0.0,0.0,1,0,2,1,TA,4,Typ,0,1945.0,1.0,220.0,Y,0,0,0,0,0,0,0,6,2010,WD ,Normal,80000,0,0,0,0,3,1,5,5,3,6,6,1,1,0,3,,5,3
176,30,RM,60.0,7200,Pave,Reg,Lvl,AllPub,Corner,Gtl,OldTown,Norm,Norm,1Fam,1Story,5,7,1940,1992,Gable,CompShg,MetalSd,MetalSd,Stone,294.0,TA,Gd,CBlock,510.0,0.0,788.0,GasA,TA,Y,SBrkr,804,0,0,804,1.0,0.0,1,0,2,1,Gd,4,Typ,2,1940.0,1.0,240.0,Y,0,0,154,0,0,0,0,2,2010,WD ,Abnorml,119000,0,0,1,0,4,1,5,5,3,1,6,1,1,1,2,,5,4
177,50,RM,50.0,5500,Pave,Reg,Lvl,AllPub,Corner,Gtl,OldTown,Norm,Norm,1Fam,1.5Fin,5,7,1929,2001,Gable,CompShg,Wd Sdng,Wd Sdng,None,0.0,TA,TA,BrkTil,234.0,692.0,926.0,GasA,TA,Y,SBrkr,926,0,390,1316,1.0,0.0,1,0,3,1,TA,6,Typ,0,1974.0,2.0,484.0,Y,0,0,0,0,0,0,0,4,2010,WD ,Normal,130000,0,0,0,0,3,1,5,5,3,3,0,1,5,0,3,,5,3
178,45,RM,50.0,6900,Pave,Reg,Lvl,AllPub,Corner,Gtl,OldTown,Norm,Norm,1Fam,1.5Fin,6,7,1938,2000,Gable,CompShg,MetalSd,MetalSd,None,0.0,TA,TA,PConc,0.0,0.0,827.0,GasA,Gd,Y,SBrkr,827,424,0,1251,0.0,0.0,1,0,3,1,Fa,6,Typ,0,1938.0,1.0,240.0,N,0,0,0,0,0,0,0,1,2010,WD ,Normal,119000,0,0,0,0,3,1,2,5,3,6,6,1,5,0,3,,2,3
179,50,RM,69.0,11851,Pave,Reg,Lvl,AllPub,Inside,Gtl,OldTown,Artery,Norm,1Fam,1.5Fin,5,7,1948,2009,Gable,CompShg,VinylSd,VinylSd,None,0.0,TA,Gd,BrkTil,780.0,0.0,1027.0,GasA,Ex,Y,SBrkr,1027,606,0,1633,0.0,0.0,1,0,3,1,Gd,7,Typ,1,1948.0,1.0,240.0,Y,0,100,126,0,0,0,0,6,2010,WD ,Normal,129000,0,0,0,0,3,1,5,5,3,1,6,1,5,1,2,,5,3
180,50,RM,68.0,8239,Pave,Reg,Lvl,AllPub,Inside,Gtl,OldTown,Artery,Norm,1Fam,1.5Fin,5,6,1920,1962,Gable,CompShg,MetalSd,MetalSd,None,0.0,TA,TA,BrkTil,176.0,0.0,1008.0,GasA,TA,Y,SBrkr,1060,185,0,1245,0.0,0.0,1,0,3,1,TA,6,Typ,0,1962.0,1.0,315.0,Y,0,0,334,0,0,0,0,3,2010,WD ,Normal,100000,0,0,0,0,3,1,5,5,3,5,6,1,5,0,3,,5,3
181,30,RM,68.0,9656,Pave,Reg,Lvl,AllPub,Inside,Gtl,OldTown,Norm,Norm,1Fam,1Story,2,2,1923,1970,Gable,CompShg,AsbShng,AsbShng,None,0.0,TA,Fa,BrkTil,0.0,0.0,678.0,GasA,TA,N,SBrkr,832,0,0,832,0.0,0.0,1,0,2,1,TA,5,Typ,1,1928.0,2.0,780.0,N,0,0,0,0,0,0,0,6,2010,WD ,Abnorml,12789,0,0,0,0,3,1,1,1,3,6,6,1,5,1,2,,1,3
182,30,RM,60.0,8520,Pave,Reg,Lvl,AllPub,Inside,Gtl,OldTown,Norm,Norm,1Fam,1Story,6,8,1928,2003,Gable,CompShg,VinylSd,VinylSd,None,0.0,TA,Gd,BrkTil,0.0,0.0,624.0,GasA,Gd,Y,SBrkr,720,0,0,720,0.0,0.0,1,0,2,1,TA,5,Typ,0,2005.0,2.0,484.0,Y,106,0,0,0,0,0,0,5,2010,WD ,Normal,105900,0,0,0,0,3,1,5,5,3,6,6,1,5,0,3,,5,3
183,70,RM,60.0,9600,Pave,Reg,Lvl,AllPub,Corner,Gtl,OldTown,Norm,Norm,1Fam,2Story,8,9,1900,2003,Gable,CompShg,Wd Sdng,Wd Sdng,None,0.0,Gd,Gd,BrkTil,0.0,0.0,930.0,GasW,TA,N,SBrkr,930,636,0,1566,0.0,0.0,2,0,3,1,Gd,7,Typ,0,1930.0,1.0,288.0,Y,54,228,246,0,0,0,0,4,2010,WD ,Abnorml,150000,1,0,0,0,3,1,5,5,3,6,6,1,5,0,3,,5,3
184,50,RM,60.0,10800,Pave,Reg,Lvl,AllPub,Inside,Gtl,OldTown,Artery,Norm,1Fam,1.5Fin,5,6,1915,1950,Gable,CompShg,MetalSd,MetalSd,None,0.0,TA,Gd,PConc,686.0,0.0,686.0,GasA,TA,Y,SBrkr,966,686,0,1652,1.0,0.0,2,0,4,1,TA,7,Typ,0,1961.0,1.0,416.0,Y,0,0,196,0,0,0,1200,6,2010,WD ,Normal,139000,0,0,0,1,3,1,1,5,3,3,6,1,5,0,3,,1,3
185,70,RM,50.0,9000,Pave,Reg,Lvl,AllPub,Inside,Gtl,OldTown,Norm,Norm,1Fam,2Story,8,9,1890,2002,Gable,CompShg,Wd Sdng,Wd Sdng,None,0.0,Gd,Gd,Stone,0.0,0.0,346.0,GasA,Ex,Y,SBrkr,1157,1111,0,2268,0.0,0.0,3,0,3,1,Gd,7,Typ,0,2003.0,2.0,624.0,N,0,108,0,0,0,0,0,4,2010,WD ,Normal,240000,1,0,0,0,3,1,1,1,3,6,6,1,5,0,3,,1,3
186,190,RM,100.0,9045,Pave,Reg,Lvl,AllPub,Inside,Gtl,OldTown,Norm,Norm,2fmCon,2Story,5,3,1910,1950,Gable,CompShg,MetalSd,MetalSd,None,0.0,TA,Fa,BrkTil,0.0,0.0,840.0,Grav,Fa,N,FuseF,1128,1128,0,2256,0.0,0.0,2,0,4,2,Fa,12,Typ,0,0.0,0.0,0.0,N,0,18,18,0,0,0,0,6,2010,WD ,Abnorml,76500,0,0,0,0,3,1,5,5,2,6,6,0,6,0,3,,5,3
187,20,RM,90.0,7407,Pave,Reg,Lvl,AllPub,Inside,Gtl,OldTown,Artery,Norm,1Fam,1Story,6,7,1957,1996,Gable,CompShg,MetalSd,MetalSd,None,0.0,TA,TA,CBlock,600.0,0.0,912.0,GasA,TA,Y,FuseA,1236,0,0,1236,1.0,0.0,1,0,2,1,TA,6,Typ,0,1957.0,2.0,923.0,Y,0,158,158,0,0,0,0,4,2010,WD ,Normal,149700,0,0,1,0,3,1,5,5,3,2,6,1,1,0,3,,5,3
188,70,RM,60.0,7740,Pave,Reg,Lvl,AllPub,Inside,Gtl,OldTown,Norm,Norm,1Fam,2Story,4,7,1910,1950,Gable,CompShg,VinylSd,VinylSd,None,0.0,TA,TA,CBlock,0.0,0.0,622.0,GasA,Gd,Y,SBrkr,741,622,0,1363,0.0,0.0,1,0,3,1,TA,6,Typ,0,1966.0,2.0,528.0,Y,0,0,0,0,168,0,0,6,2010,WD ,Normal,125500,0,0,0,0,3,1,1,5,3,6,6,1,5,0,3,,1,3
189,190,RM,60.0,11340,Pave,Reg,Lvl,AllPub,Inside,Gtl,OldTown,Norm,Norm,2fmCon,2Story,4,6,1885,1950,Gable,CompShg,VinylSd,AsbShng,None,0.0,TA,TA,PConc,0.0,0.0,777.0,GasA,Gd,Y,SBrkr,1246,1044,0,2290,0.0,0.0,2,0,4,2,TA,11,Typ,0,1971.0,2.0,560.0,N,0,0,114,0,0,0,0,4,2010,WD ,Normal,122500,0,0,0,0,3,1,5,5,3,6,6,1,5,0,3,,5,3
190,70,RM,60.0,10560,Pave,Reg,Lvl,AllPub,Inside,Gtl,OldTown,Norm,Norm,1Fam,2Story,6,7,1922,1994,Gable,CompShg,Wd Sdng,Wd Sdng,None,0.0,TA,TA,CBlock,283.0,0.0,738.0,GasA,Ex,Y,SBrkr,868,602,0,1470,0.0,0.0,1,1,2,1,TA,6,Min1,0,1970.0,2.0,624.0,Y,0,0,0,0,0,0,0,6,2010,WD ,Normal,140750,0,0,0,0,3,1,1,5,3,5,6,1,5,0,3,,1,3
191,50,RM,53.0,5830,Pave,Reg,Lvl,AllPub,Corner,Gtl,BrkSide,Feedr,Feedr,1Fam,1.5Fin,5,6,1950,1997,Gable,CompShg,MetalSd,MetalSd,None,0.0,TA,Gd,CBlock,788.0,0.0,988.0,GasA,Ex,Y,SBrkr,1030,582,0,1612,0.0,0.0,1,1,3,1,TA,7,Typ,0,1950.0,1.0,363.0,Y,0,0,0,0,0,0,0,3,2010,WD ,Normal,128500,0,0,1,0,3,1,5,5,3,5,6,1,5,0,3,,5,3
192,75,RL,68.0,7793,Pave,IR1,Bnk,AllPub,Corner,Gtl,BrkSide,Norm,Norm,1Fam,2.5Unf,7,7,1922,2005,Gable,CompShg,Wd Sdng,Wd Sdng,None,0.0,TA,TA,BrkTil,474.0,0.0,1108.0,GasA,TA,N,FuseA,1160,908,0,2068,0.0,0.0,1,1,3,1,Gd,8,Typ,1,1928.0,1.0,315.0,Y,0,0,60,0,0,0,0,5,2010,WD ,Normal,209500,0,0,0,0,3,1,2,5,3,1,6,1,5,1,2,,2,3
193,30,RM,50.0,5000,Pave,Reg,Lvl,AllPub,Inside,Gtl,BrkSide,Feedr,Norm,1Fam,1Story,4,7,1925,1950,Gable,CompShg,MetalSd,MetalSd,None,0.0,TA,TA,BrkTil,188.0,0.0,765.0,GasA,TA,N,FuseF,765,0,0,765,1.0,0.0,1,0,2,1,Gd,4,Typ,0,1926.0,1.0,200.0,P,135,0,41,0,0,0,0,4,2010,WD ,Normal,87000,0,0,1,0,3,1,5,5,3,5,6,1,5,0,3,,5,3
194,50,RM,50.0,6000,Pave,Reg,Lvl,AllPub,Inside,Gtl,BrkSide,Norm,Norm,1Fam,1.5Fin,6,7,1939,1950,Gable,CompShg,MetalSd,MetalSd,None,0.0,TA,TA,BrkTil,452.0,12.0,608.0,GasA,TA,Y,SBrkr,608,524,0,1132,1.0,0.0,1,0,2,1,TA,5,Typ,0,1939.0,1.0,240.0,Y,0,0,128,0,0,0,0,4,2010,WD ,Abnorml,134000,0,0,1,0,3,1,5,2,3,1,3,1,5,0,3,,5,3
195,50,RM,50.0,6000,Pave,Reg,Lvl,AllPub,Inside,Gtl,BrkSide,Norm,Norm,1Fam,1.5Fin,6,6,1940,1950,Gable,CompShg,MetalSd,MetalSd,None,0.0,TA,Gd,CBlock,264.0,0.0,572.0,GasA,Ex,Y,FuseA,848,348,0,1196,0.0,1.0,1,1,3,1,TA,6,Typ,2,1973.0,2.0,576.0,Y,0,0,0,0,0,0,0,3,2010,WD ,Normal,128000,0,0,0,0,3,1,5,5,3,3,6,1,5,1,2,,5,3
196,50,RM,53.0,6360,Pave,Reg,Lvl,AllPub,Corner,Gtl,BrkSide,Feedr,Norm,1Fam,1.5Fin,5,6,1942,1950,Gable,CompShg,MetalSd,MetalSd,Stone,300.0,TA,TA,CBlock,360.0,159.0,835.0,GasA,TA,Y,FuseA,955,498,0,1453,0.0,0.0,1,1,3,1,Gd,7,Min2,2,1942.0,1.0,240.0,Y,0,0,35,0,148,0,0,3,2010,WD ,Normal,132000,0,0,0,0,4,1,5,5,3,5,3,1,5,1,1,,5,4
197,50,RM,50.0,6000,Pave,Reg,Lvl,AllPub,Inside,Gtl,BrkSide,Norm,Norm,1Fam,1.5Fin,6,7,1948,1950,Gable,CompShg,Wd Sdng,Wd Sdng,None,0.0,TA,TA,CBlock,300.0,0.0,780.0,GasA,TA,Y,SBrkr,780,636,0,1416,0.0,0.0,1,1,3,1,TA,6,Typ,0,1948.0,1.0,312.0,P,221,0,48,0,0,0,0,3,2010,WD ,Normal,139900,0,0,0,0,3,1,5,5,3,5,6,1,5,0,3,,5,3
198,50,RM,52.0,6240,Pave,Reg,Lvl,AllPub,Inside,Gtl,BrkSide,Norm,Norm,1Fam,1.5Fin,5,7,1936,1980,Gable,CompShg,VinylSd,VinylSd,None,0.0,TA,TA,CBlock,276.0,0.0,528.0,GasA,Gd,Y,SBrkr,548,492,0,1040,0.0,0.0,1,0,2,1,TA,5,Typ,0,1979.0,2.0,624.0,P,306,0,32,0,0,0,0,5,2010,WD ,Normal,123900,0,0,0,0,3,1,5,1,3,5,6,1,5,0,3,,5,3
199,50,RM,52.0,6240,Pave,Reg,Lvl,AllPub,Inside,Gtl,BrkSide,Norm,Norm,1Fam,1.5Fin,5,5,1930,1950,Gable,CompShg,MetalSd,MetalSd,None,0.0,TA,TA,BrkTil,448.0,0.0,928.0,GasA,TA,Y,FuseF,928,608,0,1536,0.0,0.0,2,0,4,1,TA,7,Typ,1,1930.0,2.0,480.0,Y,0,10,0,0,0,0,0,3,2010,WD ,Normal,138400,0,0,1,0,3,1,5,5,3,3,6,1,5,1,2,,5,3
200,30,RM,51.0,6120,Pave,Reg,Lvl,AllPub,Inside,Gtl,OldTown,Artery,Norm,1Fam,1Story,6,5,1923,1950,Gable,CompShg,Wd Sdng,Wd Sdng,None,0.0,TA,TA,BrkTil,960.0,0.0,1124.0,GasA,TA,Y,SBrkr,1068,0,0,1068,1.0,0.0,1,0,2,1,TA,5,Typ,1,1923.0,1.0,288.0,Y,0,0,128,0,0,0,0,3,2010,WD ,Normal,109500,0,0,0,0,3,1,1,1,3,0,6,1,5,1,2,,1,3
201,70,RM,50.0,10300,Pave,IR1,Bnk,AllPub,Inside,Gtl,OldTown,RRAn,Feedr,1Fam,2Story,7,6,1921,1950,Gable,CompShg,Stucco,Stucco,None,0.0,TA,TA,BrkTil,0.0,0.0,576.0,GasA,Gd,Y,SBrkr,902,808,0,1710,0.0,0.0,2,0,3,1,TA,9,Typ,0,1990.0,2.0,480.0,Y,12,11,64,0,0,0,0,4,2010,WD ,Normal,140000,0,0,1,0,3,1,5,5,3,6,6,1,5,0,3,,5,3
202,50,RM,57.0,8094,Pave,Reg,Lvl,AllPub,Inside,Gtl,OldTown,Norm,Norm,1Fam,1.5Fin,4,5,1915,1950,Gable,CompShg,MetalSd,MetalSd,None,0.0,TA,Fa,CBlock,0.0,0.0,888.0,GasA,Ex,Y,SBrkr,888,1074,0,1962,0.0,0.0,1,1,4,1,TA,9,Typ,1,1915.0,2.0,572.0,Y,160,0,364,0,0,0,0,6,2010,WD ,Normal,149500,1,0,1,0,3,1,5,5,3,6,6,1,5,1,5,,5,3
203,70,RM,60.0,12900,Pave,Reg,Lvl,AllPub,Inside,Gtl,OldTown,Norm,Norm,1Fam,2Story,6,8,1912,2009,Gable,CompShg,Wd Sdng,Wd Sdng,None,0.0,Gd,Gd,PConc,0.0,0.0,780.0,GasA,Ex,Y,SBrkr,780,780,0,1560,0.0,0.0,1,1,3,1,Gd,7,Typ,0,0.0,0.0,0.0,N,344,0,0,0,168,0,0,5,2010,WD ,Normal,159900,1,0,0,0,3,1,5,5,3,6,6,0,6,0,3,,5,3
204,70,RM,52.0,3068,Pave,Reg,Lvl,AllPub,Inside,Gtl,OldTown,Norm,Norm,1Fam,2Story,6,8,1920,1993,Gable,CompShg,VinylSd,VinylSd,None,0.0,TA,Gd,BrkTil,0.0,0.0,662.0,GasA,Ex,Y,SBrkr,662,662,0,1324,0.0,1.0,1,0,3,1,TA,6,Typ,0,1920.0,1.0,180.0,Y,0,0,112,0,0,0,0,2,2010,WD ,Normal,122000,1,0,1,0,3,1,5,5,3,6,6,1,5,0,3,,5,3
205,90,RM,110.0,8472,Grvl,IR2,Bnk,AllPub,Corner,Mod,IDOTRR,RRNn,Norm,Duplex,1Story,5,5,1963,1963,Gable,CompShg,Wd Sdng,Wd Sdng,None,0.0,Fa,TA,CBlock,104.0,712.0,816.0,GasA,TA,N,SBrkr,816,0,0,816,1.0,0.0,1,0,2,1,TA,5,Typ,0,1963.0,2.0,516.0,Y,106,0,0,0,0,0,0,5,2010,WD ,Normal,110000,0,0,0,0,3,1,2,5,1,3,2,1,4,0,3,,2,3
206,190,RM,70.0,5600,Pave,Reg,Lvl,AllPub,Inside,Gtl,IDOTRR,Norm,Norm,2fmCon,2Story,4,5,1930,1950,Hip,CompShg,VinylSd,Wd Shng,None,0.0,Fa,Fa,Slab,0.0,0.0,0.0,GasA,Fa,N,SBrkr,372,720,0,1092,0.0,0.0,2,0,3,2,Fa,7,Mod,0,0.0,0.0,0.0,N,0,0,0,0,0,0,3500,7,2010,WD ,Normal,55000,0,0,0,1,3,0,3,3,4,4,4,0,6,0,3,,3,3
207,190,RM,76.0,7630,Pave,Reg,Lvl,AllPub,Inside,Gtl,OldTown,Feedr,Norm,2fmCon,2Story,5,9,1900,1996,Gable,CompShg,Wd Sdng,Wd Sdng,None,0.0,TA,Gd,BrkTil,0.0,0.0,360.0,GasA,Gd,Y,SBrkr,1032,780,0,1812,0.0,0.0,2,0,4,2,Gd,8,Typ,1,1999.0,2.0,672.0,N,344,0,40,0,0,0,0,5,2010,WD ,Normal,140000,0,0,1,0,3,1,2,5,3,6,6,1,5,1,4,,2,3
208,70,RL,68.0,24090,Pave,Reg,Lvl,AllPub,Inside,Gtl,ClearCr,Norm,Norm,1Fam,2Story,7,7,1940,1950,Gable,CompShg,MetalSd,MetalSd,None,0.0,TA,Gd,CBlock,0.0,0.0,1032.0,GasA,Ex,Y,SBrkr,1207,1196,0,2403,0.0,0.0,2,0,4,1,TA,10,Typ,2,1940.0,1.0,349.0,Y,56,0,318,0,0,0,0,6,2010,COD,Normal,244400,0,0,0,0,3,1,5,5,2,6,6,1,1,1,5,,5,3
209,20,RL,100.0,15263,Pave,IR1,Lvl,AllPub,Inside,Gtl,ClearCr,Feedr,Norm,1Fam,1Story,5,5,1959,1959,Gable,CompShg,HdBoard,HdBoard,BrkFace,90.0,TA,TA,CBlock,766.0,0.0,1422.0,GasA,Gd,Y,SBrkr,1675,0,0,1675,0.0,0.0,2,0,3,1,TA,8,Typ,2,1959.0,1.0,365.0,Y,0,132,0,0,0,0,0,5,2010,WD ,Normal,173000,0,0,0,0,1,1,2,5,3,5,6,1,1,1,2,,2,1
210,50,RL,72.0,10632,Pave,IR1,Lvl,AllPub,Inside,Gtl,ClearCr,Norm,Norm,1Fam,1.5Fin,5,3,1917,1950,Gable,CompShg,Wd Sdng,Wd Sdng,None,0.0,TA,TA,BrkTil,0.0,0.0,689.0,GasA,Gd,N,SBrkr,725,499,0,1224,0.0,0.0,1,1,3,1,Po,6,Mod,0,1917.0,1.0,180.0,N,0,0,248,0,0,0,0,1,2010,COD,Normal,107500,0,0,0,0,3,1,2,1,3,6,6,1,5,0,3,,2,3
211,190,RL,60.0,9900,Pave,Reg,Lvl,AllPub,Inside,Gtl,SWISU,Norm,Norm,2fmCon,1.5Fin,5,4,1915,1950,Gable,CompShg,Wd Sdng,Wd Shng,None,0.0,Fa,Fa,BrkTil,1026.0,0.0,1212.0,GasA,TA,N,SBrkr,1212,180,0,1392,1.0,0.0,1,0,3,1,TA,6,Typ,0,0.0,0.0,0.0,N,0,0,168,0,0,0,0,2,2010,ConLD,Normal,100000,0,0,0,0,3,1,5,5,3,5,6,0,6,0,3,,5,3
212,50,RL,65.0,6001,Pave,IR1,Bnk,AllPub,Inside,Mod,SWISU,Norm,Norm,1Fam,1.5Fin,6,5,1940,1950,Gable,CompShg,VinylSd,VinylSd,None,0.0,TA,TA,CBlock,368.0,0.0,600.0,GasA,Ex,N,SBrkr,600,319,0,919,0.0,0.0,1,0,3,1,TA,5,Typ,0,1940.0,1.0,231.0,Y,0,0,45,0,0,0,0,3,2010,WD ,Normal,95000,0,0,1,0,3,1,1,5,3,3,6,1,5,0,3,,1,3
213,70,C (all),68.0,6449,Pave,IR1,Lvl,AllPub,Inside,Gtl,SWISU,Norm,Norm,1Fam,2Story,4,1,1907,1950,Gambrel,CompShg,Wd Sdng,Stucco,None,0.0,TA,TA,CBlock,73.0,0.0,707.0,GasW,TA,N,SBrkr,942,942,0,1884,0.0,0.0,1,1,4,1,TA,7,Typ,0,0.0,0.0,0.0,N,0,0,239,0,0,0,0,3,2010,WD ,Abnorml,93369,0,0,0,0,3,1,5,5,3,5,6,0,6,0,3,,5,3
214,190,RH,60.0,6048,Pave,Reg,Lvl,AllPub,Corner,Gtl,SWISU,Artery,Norm,2fmCon,1.5Fin,5,7,1910,1950,Gable,CompShg,Wd Sdng,Wd Sdng,None,0.0,TA,Gd,BrkTil,736.0,0.0,856.0,GasA,Gd,Y,SBrkr,936,744,0,1680,1.0,0.0,2,0,2,2,TA,7,Typ,1,1910.0,2.0,450.0,P,56,144,0,0,0,0,0,6,2010,COD,Normal,114900,0,0,0,0,3,1,5,5,2,3,6,1,5,1,2,,5,3
215,50,RL,54.0,6342,Pave,Reg,Lvl,AllPub,Inside,Gtl,Sawyer,Feedr,Norm,1Fam,1.5Fin,5,8,1875,1996,Gable,CompShg,VinylSd,VinylSd,None,0.0,TA,Gd,CBlock,0.0,0.0,780.0,GasA,Gd,N,SBrkr,780,240,0,1020,0.0,0.0,1,0,2,1,TA,6,Typ,0,0.0,0.0,0.0,N,0,0,176,0,0,0,0,5,2010,WD ,Normal,94000,0,0,0,0,3,1,5,5,3,6,6,0,6,0,3,,5,3
216,90,RL,72.0,10773,Pave,Reg,Lvl,AllPub,Inside,Gtl,Sawyer,Norm,Norm,Duplex,1Story,4,3,1967,1967,Gable,Tar&Grv,Plywood,Plywood,BrkFace,72.0,Fa,Fa,CBlock,704.0,0.0,1832.0,GasA,TA,N,SBrkr,1832,0,0,1832,2.0,0.0,2,0,4,2,TA,8,Typ,0,0.0,0.0,0.0,Y,0,58,0,0,0,0,0,5,2010,WD ,Normal,136000,0,0,0,0,1,1,5,5,3,0,6,0,6,0,3,,5,1
217,90,RL,72.0,10778,Pave,Reg,Lvl,AllPub,Inside,Gtl,Sawyer,Norm,Norm,Duplex,1Story,4,5,1968,1968,Hip,CompShg,HdBoard,HdBoard,None,0.0,TA,TA,CBlock,0.0,0.0,1768.0,GasA,TA,N,SBrkr,1768,0,0,1768,0.0,0.0,2,0,4,2,TA,8,Typ,0,0.0,0.0,0.0,Y,0,0,0,0,0,0,0,4,2010,WD ,Normal,136500,0,0,0,0,3,1,5,5,3,6,6,0,6,0,3,,5,3
218,190,RL,75.0,11625,Pave,Reg,Lvl,AllPub,Inside,Gtl,Sawyer,Norm,Norm,2fmCon,1Story,5,4,1965,1965,Hip,CompShg,Plywood,HdBoard,None,0.0,TA,TA,PConc,841.0,0.0,1039.0,GasA,Ex,Y,SBrkr,1039,0,0,1039,1.0,0.0,1,1,3,1,TA,6,Typ,0,1965.0,2.0,504.0,Y,0,0,0,0,0,0,0,4,2010,WD ,Normal,131500,0,0,0,0,3,1,5,5,2,1,6,1,1,0,3,,5,3
219,20,RL,68.0,11341,Pave,IR1,Lvl,AllPub,Inside,Gtl,Sawyer,Norm,Norm,1Fam,1Story,5,6,1957,1996,Hip,CompShg,Wd Sdng,Wd Sdng,BrkFace,180.0,TA,TA,CBlock,1302.0,0.0,1392.0,GasA,TA,Y,SBrkr,1392,0,0,1392,1.0,0.0,1,1,3,1,TA,5,Mod,1,1957.0,2.0,528.0,Y,0,0,0,0,95,0,0,5,2010,WD ,Normal,121500,0,0,0,0,1,1,2,5,3,0,6,1,5,1,2,,2,1
220,20,RL,70.0,8521,Pave,Reg,Lvl,AllPub,FR2,Gtl,Sawyer,Feedr,Norm,1Fam,1Story,5,5,1967,1967,Gable,CompShg,HdBoard,HdBoard,None,0.0,TA,TA,CBlock,842.0,0.0,912.0,GasA,TA,Y,SBrkr,912,0,0,912,0.0,0.0,1,0,3,1,TA,5,Typ,1,1974.0,1.0,336.0,Y,0,0,0,0,0,0,0,5,2010,WD ,Normal,125000,0,0,1,0,3,1,5,5,3,0,6,1,5,1,1,,5,3
221,20,RL,68.0,8246,Pave,IR1,Lvl,AllPub,Inside,Gtl,Sawyer,Norm,Norm,1Fam,1Story,5,8,1968,2001,Gable,CompShg,Plywood,Plywood,None,0.0,TA,Gd,CBlock,188.0,668.0,1060.0,GasA,Ex,Y,SBrkr,1060,0,0,1060,1.0,0.0,1,0,3,1,Gd,6,Typ,1,1968.0,1.0,270.0,Y,406,90,0,0,0,0,0,5,2010,WD ,Normal,154000,0,0,1,0,3,1,5,5,2,5,0,1,1,1,5,,5,3
222,20,RL,65.0,7800,Pave,Reg,Lvl,AllPub,Inside,Gtl,Sawyer,Norm,Norm,1Fam,1Story,5,7,1966,2008,Hip,CompShg,HdBoard,HdBoard,BrkFace,47.0,TA,TA,CBlock,240.0,474.0,864.0,GasA,Ex,Y,SBrkr,892,0,0,892,1.0,0.0,1,0,3,1,Gd,5,Typ,0,1966.0,1.0,416.0,Y,0,0,0,0,0,0,0,6,2010,WD ,Normal,137900,0,0,0,0,1,1,5,5,2,1,5,1,5,0,3,,5,1
223,60,RL,80.0,9364,Pave,Reg,Lvl,AllPub,Corner,Gtl,Sawyer,Norm,Norm,1Fam,2Story,6,7,1969,1969,Gable,CompShg,HdBoard,HdBoard,Stone,143.0,TA,TA,CBlock,371.0,0.0,663.0,GasA,TA,Y,SBrkr,663,689,0,1352,0.0,0.0,1,1,4,1,TA,7,Typ,0,1969.0,1.0,299.0,Y,379,36,0,0,0,0,0,3,2010,WD ,Normal,158000,0,0,1,0,4,1,5,5,3,0,6,1,1,0,3,,5,4
224,20,RL,65.0,7832,Pave,Reg,Lvl,AllPub,Inside,Gtl,Sawyer,Norm,Norm,1Fam,1Story,5,5,1968,1968,Hip,CompShg,HdBoard,HdBoard,None,0.0,TA,TA,CBlock,775.0,0.0,864.0,GasA,Ex,Y,SBrkr,864,0,0,864,1.0,0.0,1,0,2,1,TA,4,Typ,0,1969.0,1.0,280.0,Y,226,0,0,0,0,0,0,5,2010,WD ,Normal,137250,0,0,0,0,3,1,5,5,3,2,6,1,5,0,3,,5,3
225,90,RL,68.0,7424,Pave,IR1,Lvl,AllPub,Inside,Gtl,Sawyer,Norm,Norm,Duplex,SFoyer,5,5,1978,1978,Gable,CompShg,Plywood,Plywood,None,0.0,TA,TA,CBlock,1319.0,0.0,1319.0,GasA,TA,Y,SBrkr,1373,0,0,1373,1.0,0.0,1,0,3,1,TA,5,Typ,2,1978.0,2.0,591.0,Y,0,0,0,0,0,0,0,5,2010,WD ,Normal,160250,0,0,0,0,3,1,2,5,0,2,6,1,1,1,5,,2,3
226,60,RL,86.0,11227,Pave,Reg,Lvl,AllPub,Inside,Gtl,Sawyer,Norm,Norm,1Fam,2Story,5,5,1968,1968,Gable,CompShg,HdBoard,HdBoard,None,0.0,TA,Gd,CBlock,267.0,453.0,720.0,GasA,Ex,Y,SBrkr,720,720,0,1440,0.0,0.0,1,1,4,1,TA,7,Typ,2,1968.0,2.0,480.0,Y,192,38,0,0,0,0,0,3,2010,WD ,Normal,163000,0,0,1,0,3,1,5,2,3,5,0,1,1,1,5,,5,3
227,60,RL,68.0,11616,Pave,IR1,Lvl,AllPub,CulDSac,Gtl,Sawyer,Norm,Norm,1Fam,2Story,6,5,1978,1978,Hip,CompShg,HdBoard,HdBoard,BrkCmn,328.0,TA,TA,CBlock,438.0,0.0,672.0,GasA,TA,Y,SBrkr,672,714,0,1386,0.0,0.0,2,1,3,1,TA,6,Typ,1,1978.0,2.0,440.0,Y,335,0,0,0,0,0,0,4,2010,WD ,Abnorml,158900,0,0,1,0,0,1,5,5,2,5,6,1,1,1,5,,5,0
228,60,RL,80.0,14000,Pave,Reg,Lvl,AllPub,Inside,Mod,ClearCr,Norm,Norm,1Fam,2Story,7,5,1996,1997,Gable,CompShg,Wd Sdng,Wd Sdng,None,0.0,Gd,TA,PConc,1201.0,0.0,1306.0,GasA,Ex,Y,SBrkr,1306,954,0,2260,1.0,0.0,2,1,3,1,Gd,7,Typ,0,1996.0,2.0,533.0,Y,296,44,0,0,0,0,0,4,2010,WD ,Normal,328000,0,0,0,0,3,1,0,5,1,2,6,1,1,0,3,,0,3
229,20,RL,68.0,20062,Pave,IR1,Low,AllPub,Inside,Mod,ClearCr,Norm,Norm,1Fam,1Story,7,7,1977,2001,Hip,CompShg,Wd Sdng,Wd Sdng,None,0.0,Gd,Gd,CBlock,1092.0,0.0,1420.0,GasA,Gd,Y,SBrkr,1483,0,0,1483,1.0,0.0,1,1,1,1,TA,4,Typ,2,1977.0,2.0,690.0,Y,496,0,0,0,0,0,0,4,2010,WD ,Normal,270000,0,0,0,0,3,1,2,5,1,0,6,1,1,1,5,,2,3
230,30,RL,94.0,9259,Pave,Reg,Lvl,AllPub,Corner,Gtl,Sawyer,Feedr,Norm,1Fam,1Story,4,4,1927,1950,Gable,CompShg,Wd Sdng,Wd Sdng,None,0.0,TA,TA,BrkTil,0.0,0.0,660.0,GasA,TA,N,SBrkr,756,0,0,756,0.0,0.0,1,0,2,1,TA,4,Typ,0,1945.0,2.0,440.0,N,80,0,0,0,0,0,0,6,2010,WD ,Normal,85000,0,0,0,0,3,1,1,5,3,6,6,1,5,0,3,,1,3
231,20,RL,60.0,9600,Pave,Reg,Lvl,AllPub,Inside,Gtl,Sawyer,Norm,Norm,1Fam,1Story,4,7,1950,1995,Gable,CompShg,VinylSd,HdBoard,None,0.0,TA,TA,CBlock,442.0,0.0,1067.0,GasA,TA,Y,SBrkr,1067,0,0,1067,0.0,0.0,2,0,2,1,Gd,4,Min2,0,1996.0,2.0,436.0,Y,290,0,0,0,0,0,0,2,2010,WD ,Normal,128000,0,0,0,0,3,1,2,5,3,1,6,1,1,0,3,,2,3
232,40,RL,68.0,23595,Pave,Reg,Low,AllPub,Inside,Sev,ClearCr,Norm,Norm,1Fam,1Story,7,6,1979,1979,Shed,WdShake,Plywood,Plywood,None,0.0,Gd,TA,PConc,1258.0,0.0,1332.0,GasA,TA,Y,SBrkr,1332,192,0,1524,2.0,0.0,0,1,0,1,Gd,4,Typ,1,1979.0,2.0,586.0,Y,268,0,0,0,0,0,0,4,2010,WD ,Normal,260000,0,0,0,0,3,1,2,5,1,2,6,1,1,1,5,,2,3
233,60,RL,68.0,17082,Pave,IR1,Low,AllPub,CulDSac,Mod,ClearCr,Norm,Norm,1Fam,2Story,6,5,1978,1992,Gable,CompShg,VinylSd,VinylSd,BrkFace,288.0,TA,TA,PConc,964.0,0.0,1117.0,GasA,Ex,Y,SBrkr,1117,864,0,1981,1.0,0.0,2,1,4,1,Gd,8,Typ,1,1978.0,2.0,522.0,Y,336,104,0,0,0,0,0,5,2010,WD ,Normal,230000,0,0,0,0,1,1,2,5,0,0,6,1,1,1,5,,2,1
234,50,RL,124.0,18600,Pave,Reg,Lvl,AllPub,Inside,Gtl,Edwards,Norm,Norm,1Fam,1.5Fin,3,4,1938,1990,Gable,CompShg,Wd Sdng,Wd Sdng,None,0.0,TA,TA,CBlock,288.0,684.0,972.0,GasA,TA,Y,FuseA,1052,558,0,1610,0.0,1.0,2,0,4,1,Fa,8,Typ,1,1938.0,1.0,480.0,Y,0,0,60,0,0,0,450,6,2010,WD ,Normal,124000,0,0,0,1,3,1,5,5,2,1,3,1,1,1,2,,5,3
235,30,RL,85.0,10625,Pave,Reg,Lvl,AllPub,Corner,Gtl,Edwards,Norm,Norm,1Fam,1Story,5,5,1920,1950,Gable,CompShg,Wd Sdng,Wd Sdng,None,0.0,TA,TA,BrkTil,108.0,0.0,458.0,GasA,Fa,N,SBrkr,835,0,0,835,0.0,0.0,1,0,2,1,TA,5,Typ,0,1920.0,1.0,366.0,Y,0,0,77,0,0,0,400,5,2010,COD,Abnorml,83000,0,0,0,1,3,1,5,5,3,0,6,1,2,0,3,,5,3
236,20,RL,65.0,11479,Pave,Reg,Lvl,AllPub,Inside,Gtl,Edwards,Norm,Norm,1Fam,1Story,6,7,1950,1987,Gable,CompShg,Wd Sdng,Plywood,None,0.0,TA,TA,CBlock,104.0,387.0,663.0,GasA,Ex,Y,SBrkr,1074,0,0,1074,1.0,0.0,1,0,3,1,Gd,6,Typ,1,1987.0,1.0,467.0,Y,0,52,52,0,0,0,0,6,2010,WD ,Normal,144500,0,0,1,0,3,1,5,5,3,2,5,1,1,1,5,,5,3
237,20,RL,68.0,9571,Pave,Reg,Lvl,AllPub,Inside,Gtl,Edwards,Norm,Norm,1Fam,1Story,5,6,1956,1956,Gable,CompShg,Wd Sdng,Wd Sdng,None,0.0,TA,TA,CBlock,739.0,0.0,1144.0,GasA,TA,Y,SBrkr,1144,0,0,1144,1.0,0.0,1,0,3,1,TA,6,Typ,0,1956.0,1.0,596.0,Y,44,0,0,0,0,0,0,6,2010,WD ,Normal,129000,0,0,0,0,3,1,5,5,0,1,6,1,1,0,3,,5,3
238,50,RL,50.0,9350,Pave,Reg,Bnk,AllPub,Inside,Gtl,Edwards,Norm,Norm,1Fam,1.5Fin,4,6,1947,1979,Gable,CompShg,WdShing,Wd Shng,None,0.0,TA,TA,CBlock,192.0,0.0,756.0,GasA,Ex,Y,SBrkr,1169,0,362,1531,0.0,0.0,1,0,3,1,TA,8,Typ,1,1947.0,1.0,209.0,Y,0,0,0,0,0,0,0,6,2010,WD ,Normal,127000,0,0,1,0,3,1,5,1,3,3,6,1,5,1,5,,5,3
239,20,RL,75.0,9525,Pave,Reg,Lvl,AllPub,Inside,Gtl,Edwards,Norm,Norm,1Fam,1Story,5,7,1954,1998,Gable,CompShg,WdShing,Wd Shng,None,0.0,TA,TA,CBlock,954.0,0.0,1172.0,GasA,TA,Y,SBrkr,1172,0,0,1172,1.0,0.0,1,0,3,1,TA,5,Typ,0,1954.0,1.0,366.0,Y,240,0,0,0,0,0,0,6,2010,WD ,Normal,128000,0,0,0,0,3,1,5,5,0,1,6,1,1,0,3,,5,3
240,20,RL,83.0,10420,Pave,Reg,Lvl,AllPub,Corner,Gtl,Edwards,Norm,Norm,1Fam,1Story,6,5,2009,2009,Gable,CompShg,VinylSd,VinylSd,None,0.0,TA,TA,PConc,36.0,0.0,1212.0,GasA,Ex,Y,SBrkr,1212,0,0,1212,0.0,0.0,2,0,3,1,Gd,6,Typ,0,2009.0,2.0,460.0,Y,100,22,0,0,0,0,0,3,2010,WD ,Normal,186000,0,0,0,0,3,1,2,5,2,2,6,1,1,0,3,,2,3
241,20,RL,44.0,17485,Pave,IR2,Lvl,AllPub,Inside,Gtl,Edwards,Norm,Norm,1Fam,1Story,7,5,2009,2010,Gable,CompShg,VinylSd,VinylSd,Stone,96.0,Gd,TA,PConc,1346.0,0.0,1508.0,GasA,Ex,Y,SBrkr,1508,0,0,1508,1.0,0.0,1,0,1,1,Gd,5,Typ,2,2009.0,2.0,572.0,Y,0,0,0,0,0,0,0,1,2010,Con,Partial,308030,0,0,0,0,4,1,2,5,1,2,6,1,1,1,5,,2,4
242,20,RL,68.0,11200,Pave,IR1,Lvl,AllPub,CulDSac,Gtl,Edwards,Norm,Norm,1Fam,1Story,5,3,1964,1964,Gable,CompShg,Wd Sdng,Wd Sdng,None,0.0,TA,Fa,CBlock,0.0,0.0,1250.0,GasA,Ex,Y,SBrkr,1298,0,0,1298,0.0,0.0,2,0,3,1,TA,5,Typ,0,1964.0,2.0,504.0,N,0,144,0,0,0,0,0,6,2010,COD,Normal,114000,0,0,0,0,3,1,5,5,2,6,6,1,5,0,3,,5,3
243,20,RL,60.0,11100,Pave,Reg,Low,AllPub,Inside,Gtl,Edwards,Norm,Norm,1Fam,1Story,4,7,1946,2006,Gable,CompShg,MetalSd,MetalSd,None,0.0,TA,TA,CBlock,0.0,0.0,0.0,GasA,Ex,Y,SBrkr,930,0,0,930,0.0,0.0,1,0,2,1,Gd,6,Typ,0,1946.0,1.0,308.0,Y,0,0,0,0,0,0,0,4,2010,WD ,Abnorml,84900,0,0,0,0,3,0,3,3,4,4,4,1,5,0,3,,3,3
244,60,RL,77.0,9206,Pave,Reg,Lvl,AllPub,Inside,Gtl,SawyerW,Norm,Norm,1Fam,2Story,6,5,1985,1985,Gable,CompShg,HdBoard,HdBoard,BrkFace,336.0,Gd,TA,CBlock,0.0,0.0,741.0,GasA,TA,Y,SBrkr,977,755,0,1732,0.0,0.0,2,1,3,1,Gd,7,Typ,1,1985.0,2.0,476.0,Y,192,46,0,0,0,0,0,6,2010,WD ,Normal,178000,0,0,0,0,1,1,2,5,3,6,6,1,1,1,5,,2,1
245,20,RL,83.0,11980,Pave,Reg,Low,AllPub,Inside,Mod,SawyerW,Norm,Norm,1Fam,1Story,7,5,1987,1987,Gable,CompShg,Plywood,Plywood,BrkFace,177.0,Gd,TA,CBlock,1433.0,0.0,1433.0,GasA,Ex,Y,SBrkr,1433,0,0,1433,1.0,0.0,1,1,1,1,Gd,4,Typ,2,1987.0,2.0,528.0,Y,0,278,0,0,266,0,0,6,2010,WD ,Normal,270000,0,0,1,0,1,1,2,5,1,2,6,1,1,1,5,,2,1
246,60,RL,87.0,12361,Pave,IR1,Lvl,AllPub,CulDSac,Gtl,SawyerW,Norm,Norm,1Fam,2Story,6,7,1993,1993,Gable,CompShg,VinylSd,VinylSd,BrkFace,85.0,Gd,Gd,PConc,860.0,0.0,946.0,GasA,Ex,Y,SBrkr,964,838,0,1802,0.0,1.0,2,1,3,1,Gd,8,Typ,1,2000.0,4.0,1017.0,Y,450,92,0,0,0,0,0,5,2010,WD ,Normal,218000,0,0,0,0,1,1,2,5,3,2,6,1,0,1,2,,2,1
247,60,RL,80.0,9938,Pave,Reg,Lvl,AllPub,Inside,Gtl,SawyerW,Norm,Norm,1Fam,2Story,7,5,1993,1994,Gable,CompShg,MetalSd,MetalSd,BrkFace,246.0,Gd,TA,PConc,750.0,0.0,1050.0,GasA,Ex,Y,SBrkr,1062,887,0,1949,1.0,0.0,2,1,3,1,Gd,8,Typ,1,1993.0,2.0,574.0,Y,156,90,0,0,0,0,0,6,2010,WD ,Normal,236000,0,0,1,0,1,1,2,5,3,2,6,1,1,1,5,,2,1
248,85,RL,73.0,9069,Pave,Reg,Lvl,AllPub,Inside,Gtl,SawyerW,Norm,Norm,1Fam,SFoyer,6,6,1992,1992,Gable,CompShg,HdBoard,HdBoard,None,0.0,TA,TA,PConc,747.0,0.0,936.0,GasA,Ex,Y,SBrkr,996,0,0,996,1.0,0.0,1,0,2,1,Gd,5,Typ,0,1992.0,2.0,564.0,Y,120,0,0,0,0,0,0,4,2010,WD ,Normal,147000,0,0,0,0,3,1,2,5,0,2,6,1,1,0,3,,2,3
249,20,RL,64.0,10475,Pave,IR1,Lvl,AllPub,Corner,Gtl,CollgCr,Norm,Norm,1Fam,1Story,8,5,2008,2008,Gable,CompShg,VinylSd,VinylSd,Stone,72.0,Gd,TA,PConc,0.0,0.0,1694.0,GasA,Ex,Y,SBrkr,1694,0,0,1694,0.0,0.0,2,0,3,1,Gd,7,Typ,0,2008.0,3.0,776.0,Y,160,33,0,0,0,0,0,2,2010,WD ,Normal,245350,0,0,0,0,4,1,2,5,0,6,6,1,1,0,3,,2,4
250,20,RL,64.0,6762,Pave,Reg,Lvl,AllPub,Inside,Gtl,CollgCr,Norm,Norm,1Fam,1Story,7,5,2006,2006,Gable,CompShg,VinylSd,VinylSd,Stone,24.0,Gd,TA,PConc,686.0,0.0,1187.0,GasA,Ex,Y,SBrkr,1208,0,0,1208,1.0,0.0,2,0,2,1,Gd,6,Typ,0,2006.0,2.0,632.0,Y,105,61,0,0,0,0,0,2,2010,WD ,Normal,206000,0,0,0,0,4,1,2,5,0,2,6,1,1,0,3,,2,4
251,20,RL,94.0,10402,Pave,IR1,Lvl,AllPub,Corner,Gtl,CollgCr,Norm,Norm,1Fam,1Story,7,5,2009,2009,Gable,CompShg,VinylSd,VinylSd,None,0.0,TA,TA,PConc,0.0,0.0,1226.0,GasA,Ex,Y,SBrkr,1226,0,0,1226,0.0,0.0,2,0,3,1,Gd,6,Typ,0,2009.0,3.0,740.0,Y,0,36,0,0,0,0,0,5,2010,WD ,Normal,198900,0,0,0,0,3,1,2,5,3,6,6,1,1,0,3,,2,3
252,20,RL,64.0,7360,Pave,Reg,Lvl,AllPub,Inside,Gtl,CollgCr,Norm,Norm,1Fam,1Story,7,5,2010,2010,Gable,CompShg,VinylSd,VinylSd,Stone,80.0,Gd,TA,PConc,24.0,0.0,1222.0,GasA,Ex,Y,SBrkr,1222,0,0,1222,0.0,0.0,2,0,2,1,Gd,6,Typ,0,2009.0,2.0,615.0,Y,0,54,0,0,0,0,0,3,2010,WD ,Normal,187000,0,0,0,0,4,1,2,5,3,2,6,1,1,0,3,,2,4
253,60,RL,90.0,12376,Pave,Reg,Lvl,AllPub,Corner,Gtl,SawyerW,Norm,Norm,1Fam,2Story,7,5,1990,1990,Hip,CompShg,Plywood,Plywood,None,0.0,TA,TA,PConc,1470.0,0.0,1673.0,GasA,Gd,Y,SBrkr,1699,1523,0,3222,1.0,0.0,3,0,5,1,Gd,11,Typ,2,1990.0,3.0,594.0,Y,367,0,0,0,0,0,0,5,2010,WD ,Normal,320000,0,0,0,0,3,1,2,5,2,2,6,1,1,1,5,,2,3
254,50,RL,82.0,14235,Pave,IR1,Lvl,AllPub,Inside,Gtl,SawyerW,Norm,Norm,1Fam,1.5Fin,6,8,1900,1993,Gable,CompShg,Wd Sdng,Plywood,None,0.0,TA,TA,PConc,0.0,0.0,676.0,GasA,TA,Y,SBrkr,831,614,0,1445,0.0,0.0,2,0,3,1,TA,6,Typ,0,1957.0,2.0,484.0,N,0,59,0,0,0,0,0,3,2010,WD ,Normal,138500,0,0,0,0,3,1,1,2,3,6,6,1,5,0,3,,1,3
255,80,RL,80.0,8816,Pave,Reg,Lvl,AllPub,Inside,Gtl,ClearCr,Norm,Norm,1Fam,SLvl,6,7,1971,1971,Gable,CompShg,HdBoard,HdBoard,BrkFace,80.0,TA,TA,CBlock,504.0,0.0,1010.0,GasA,Gd,Y,SBrkr,1052,0,0,1052,1.0,0.0,1,0,3,1,TA,6,Typ,0,1971.0,2.0,440.0,Y,0,0,0,0,0,0,0,6,2010,WD ,Normal,155000,0,0,1,0,1,1,5,5,0,2,6,1,1,0,3,,5,1
256,85,RL,82.0,11105,Pave,Reg,Lvl,AllPub,Corner,Gtl,CollgCr,Norm,Norm,1Fam,SFoyer,5,5,1996,1996,Gable,CompShg,VinylSd,VinylSd,None,0.0,TA,Gd,PConc,870.0,0.0,870.0,GasA,Gd,Y,SBrkr,965,0,0,965,1.0,0.0,1,0,2,1,TA,4,Typ,0,1998.0,2.0,580.0,Y,71,0,0,0,0,0,0,7,2010,WD ,Normal,159000,0,0,1,0,3,1,2,1,0,2,6,1,1,0,3,,2,3
257,60,RL,68.0,9337,Pave,IR1,Lvl,AllPub,Inside,Gtl,CollgCr,Norm,Norm,1Fam,2Story,7,5,1997,1998,Gable,CompShg,VinylSd,VinylSd,None,0.0,TA,TA,PConc,353.0,0.0,878.0,GasA,Ex,Y,SBrkr,892,800,0,1692,0.0,0.0,2,1,3,1,TA,8,Typ,1,1997.0,2.0,513.0,Y,0,39,0,0,0,0,0,4,2010,WD ,Normal,191000,0,0,0,0,3,1,2,5,3,0,6,1,1,1,5,,2,3
258,60,RL,70.0,8750,Pave,Reg,Lvl,AllPub,Inside,Gtl,CollgCr,Norm,Norm,1Fam,2Story,6,5,1998,1998,Gable,CompShg,VinylSd,VinylSd,BrkFace,116.0,TA,TA,PConc,505.0,0.0,804.0,GasA,Ex,Y,SBrkr,804,878,0,1682,0.0,0.0,2,1,3,1,Gd,7,Typ,0,1998.0,2.0,523.0,Y,0,77,0,0,0,0,0,6,2010,WD ,Normal,200500,0,0,0,0,1,1,2,5,3,2,6,1,1,0,3,,2,1
259,20,RL,38.0,15240,Pave,IR1,Lvl,AllPub,FR2,Gtl,CollgCr,Norm,Norm,1Fam,1Story,5,8,1977,2004,Gable,CompShg,CemntBd,CmentBd,None,0.0,Gd,Gd,CBlock,198.0,688.0,1026.0,GasA,Ex,Y,SBrkr,1026,0,0,1026,1.0,0.0,1,1,3,1,TA,5,Typ,0,1977.0,1.0,308.0,Y,316,85,0,0,0,0,0,6,2010,WD ,Normal,150000,0,0,1,0,3,1,2,5,3,2,5,1,1,0,3,,2,3
260,60,RL,68.0,10900,Pave,IR1,Lvl,AllPub,FR2,Gtl,CollgCr,Norm,Norm,1Fam,2Story,6,7,1977,1977,Gable,CompShg,HdBoard,HdBoard,BrkFace,153.0,TA,TA,CBlock,378.0,0.0,689.0,GasA,Ex,Y,SBrkr,689,703,0,1392,0.0,0.0,1,1,3,1,TA,6,Typ,0,1977.0,1.0,299.0,Y,0,36,0,0,0,0,450,3,2010,WD ,Normal,161750,0,0,1,1,1,1,2,5,3,2,6,1,1,0,3,,2,1
261,20,RL,75.0,10650,Pave,Reg,Lvl,AllPub,Corner,Gtl,CollgCr,Norm,Norm,1Fam,1Story,5,6,1976,1976,Gable,CompShg,HdBoard,HdBoard,None,0.0,TA,TA,CBlock,182.0,712.0,894.0,GasA,TA,Y,SBrkr,894,0,0,894,1.0,0.0,1,0,3,1,TA,5,Typ,0,1976.0,1.0,308.0,Y,365,0,0,0,0,0,0,2,2010,WD ,Normal,128200,0,0,1,0,3,1,5,2,0,3,0,1,1,0,3,,5,3
262,20,RL,68.0,7480,Pave,Reg,Lvl,AllPub,Inside,Gtl,CollgCr,Norm,Norm,1Fam,1Story,5,6,1972,1972,Gable,CompShg,Wd Sdng,Wd Sdng,None,0.0,TA,TA,CBlock,480.0,0.0,876.0,GasA,TA,Y,SBrkr,876,0,0,876,1.0,0.0,1,0,3,1,TA,5,Typ,0,1977.0,2.0,484.0,Y,0,0,0,0,0,0,0,6,2010,WD ,Normal,127000,0,0,1,0,3,1,5,5,0,0,6,1,5,0,3,,5,3
263,20,RL,80.0,10389,Pave,Reg,Lvl,AllPub,Inside,Gtl,CollgCr,Norm,Norm,1Fam,1Story,8,5,2003,2003,Hip,CompShg,CemntBd,CmentBd,BrkFace,320.0,Gd,TA,PConc,1682.0,0.0,1978.0,GasA,Ex,Y,SBrkr,1978,0,0,1978,1.0,0.0,2,1,3,1,Gd,8,Typ,1,2003.0,3.0,850.0,Y,188,25,0,0,0,0,0,5,2010,WD ,Normal,318000,0,0,0,0,1,1,2,5,3,2,6,1,1,1,2,,2,1
264,20,RL,68.0,11423,Pave,Reg,Lvl,AllPub,Inside,Gtl,CollgCr,Norm,Norm,1Fam,1Story,8,5,2001,2002,Gable,CompShg,VinylSd,VinylSd,BrkFace,479.0,Gd,TA,PConc,1358.0,0.0,1581.0,GasA,Ex,Y,SBrkr,1601,0,0,1601,1.0,0.0,2,0,3,1,Gd,6,Typ,1,2001.0,2.0,670.0,Y,180,0,0,0,0,0,2000,5,2010,WD ,Normal,272000,0,0,1,1,1,1,2,5,0,2,6,1,1,1,5,,2,1
265,60,RL,44.0,9548,Pave,IR1,Lvl,AllPub,CulDSac,Gtl,CollgCr,Norm,Norm,1Fam,2Story,7,6,2003,2003,Gable,CompShg,VinylSd,VinylSd,BrkFace,223.0,Gd,TA,PConc,483.0,0.0,941.0,GasA,Ex,Y,SBrkr,941,888,0,1829,1.0,0.0,2,1,3,1,Gd,7,Typ,1,2003.0,2.0,613.0,Y,192,39,0,0,0,0,0,1,2010,WD ,Normal,237000,0,0,0,0,1,1,2,5,3,2,6,1,1,1,5,,2,1
266,60,RL,75.0,9375,Pave,Reg,Lvl,AllPub,Inside,Gtl,CollgCr,Norm,Norm,1Fam,2Story,7,5,1997,1997,Gable,CompShg,VinylSd,VinylSd,None,0.0,Gd,TA,PConc,0.0,0.0,1040.0,GasA,Ex,Y,SBrkr,1044,1054,0,2098,0.0,0.0,2,1,4,1,Gd,9,Typ,1,1997.0,2.0,621.0,Y,331,38,0,0,0,0,0,4,2010,WD ,Normal,240000,0,0,0,0,3,1,2,5,3,6,6,1,1,1,5,,2,3
267,20,RL,48.0,12137,Pave,IR2,Lvl,AllPub,CulDSac,Gtl,CollgCr,Norm,Norm,1Fam,1Story,7,5,1998,1998,Gable,CompShg,VinylSd,VinylSd,BrkFace,442.0,TA,TA,PConc,0.0,0.0,1649.0,GasA,Ex,Y,SBrkr,1661,0,0,1661,0.0,0.0,2,0,3,1,Gd,6,Typ,0,1998.0,2.0,598.0,Y,0,34,0,0,0,0,0,5,2010,WD ,Normal,224900,0,0,0,0,1,1,2,5,3,6,6,1,1,0,3,,2,1
268,120,RM,68.0,4435,Pave,Reg,Lvl,AllPub,Inside,Gtl,CollgCr,Norm,Norm,TwnhsE,1Story,6,5,2003,2003,Gable,CompShg,VinylSd,VinylSd,BrkFace,170.0,Gd,TA,PConc,672.0,0.0,848.0,GasA,Ex,Y,SBrkr,848,0,0,848,1.0,0.0,1,0,1,1,Gd,4,Typ,0,2003.0,2.0,420.0,Y,140,0,0,0,0,0,0,4,2010,WD ,Normal,143750,0,0,0,0,1,1,2,5,0,2,6,1,1,0,3,,2,1
269,120,RM,68.0,4426,Pave,Reg,Lvl,AllPub,Inside,Gtl,CollgCr,Norm,Norm,TwnhsE,1Story,6,5,2004,2004,Gable,CompShg,VinylSd,VinylSd,BrkFace,169.0,Gd,TA,PConc,662.0,0.0,848.0,GasA,Ex,Y,SBrkr,848,0,0,848,1.0,0.0,1,0,1,1,Gd,3,Typ,0,2004.0,2.0,420.0,Y,160,0,0,0,0,0,0,5,2010,WD ,Normal,143000,0,0,0,0,1,1,2,5,0,2,6,1,1,0,3,,2,1
270,20,RL,48.0,10635,Pave,IR2,Lvl,AllPub,FR2,Gtl,CollgCr,Norm,Norm,1Fam,1Story,8,5,2003,2003,Hip,CompShg,VinylSd,VinylSd,BrkFace,171.0,Gd,TA,PConc,370.0,972.0,1657.0,GasA,Ex,Y,SBrkr,1668,0,0,1668,1.0,0.0,2,0,3,1,Gd,8,Typ,1,2003.0,2.0,502.0,Y,0,262,0,0,0,0,0,5,2010,WD ,Normal,232000,0,0,0,0,1,1,2,5,0,1,2,1,1,1,5,,2,1
271,20,RL,70.0,8400,Pave,Reg,Lvl,AllPub,Inside,Gtl,CollgCr,Norm,Norm,1Fam,1Story,7,5,2004,2005,Gable,CompShg,VinylSd,VinylSd,BrkFace,109.0,Gd,TA,PConc,712.0,0.0,1473.0,GasA,Ex,Y,SBrkr,1484,0,0,1484,1.0,0.0,2,0,3,1,Gd,7,Typ,0,2004.0,2.0,606.0,Y,0,35,0,144,0,0,0,5,2010,WD ,Normal,213000,0,0,0,0,1,1,2,5,0,2,6,1,1,0,3,,2,1
272,20,RL,65.0,8773,Pave,Reg,Lvl,AllPub,FR2,Gtl,CollgCr,Norm,Norm,1Fam,1Story,7,5,2004,2004,Gable,CompShg,VinylSd,VinylSd,BrkFace,98.0,Gd,TA,PConc,24.0,0.0,1414.0,GasA,Ex,Y,SBrkr,1414,0,0,1414,0.0,0.0,2,0,3,1,Gd,6,Typ,0,2004.0,2.0,494.0,Y,132,105,0,0,0,0,0,5,2010,WD ,Normal,185500,0,0,0,0,1,1,2,5,0,2,6,1,1,0,3,,2,1
273,30,RL,67.0,8777,Pave,Reg,Lvl,AllPub,Inside,Mod,Edwards,Feedr,Norm,1Fam,1Story,3,6,1945,2007,Gable,CompShg,VinylSd,VinylSd,None,0.0,TA,Gd,CBlock,0.0,0.0,0.0,GasA,TA,N,SBrkr,640,0,0,640,0.0,0.0,1,0,2,1,TA,5,Min1,0,1945.0,1.0,240.0,N,0,0,0,0,0,0,0,4,2010,ConLD,Normal,84900,0,0,0,0,3,0,3,3,4,4,4,1,5,0,3,,3,3
274,20,RL,68.0,8842,Pave,Reg,Lvl,AllPub,Corner,Gtl,Edwards,Norm,Norm,1Fam,1Story,5,6,1954,1954,Gable,CompShg,VinylSd,VinylSd,None,0.0,TA,Gd,CBlock,0.0,0.0,381.0,GasA,Ex,Y,SBrkr,992,0,0,992,0.0,0.0,1,0,3,1,TA,6,Typ,0,1954.0,1.0,319.0,Y,60,0,56,0,0,0,0,1,2010,Oth,Abnorml,155891,0,0,1,0,3,1,1,5,3,6,6,1,5,0,3,,1,3
275,90,RL,75.0,9825,Pave,Reg,Lvl,AllPub,Inside,Gtl,Edwards,Norm,Norm,Duplex,1Story,5,5,1965,1965,Hip,CompShg,AsphShn,AsphShn,None,0.0,TA,TA,CBlock,0.0,0.0,0.0,GasA,TA,N,SBrkr,1664,0,0,1664,0.0,0.0,2,0,4,2,TA,8,Typ,0,0.0,0.0,0.0,Y,0,0,0,0,0,0,0,5,2010,WD ,Normal,100000,0,0,0,0,3,0,3,3,4,4,4,0,6,0,3,,3,3
276,20,RL,60.0,10044,Pave,IR1,Low,AllPub,CulDSac,Gtl,Edwards,Norm,Norm,1Fam,1Story,5,6,1968,1968,Gable,CompShg,MetalSd,MetalSd,None,0.0,TA,TA,CBlock,1070.0,0.0,1196.0,GasA,TA,Y,SBrkr,1196,0,0,1196,1.0,0.0,1,0,3,1,TA,6,Typ,0,1968.0,1.0,336.0,Y,257,0,168,0,0,0,0,6,2010,WD ,Normal,144000,0,0,1,0,3,1,2,5,1,0,6,1,1,0,3,,2,3
277,50,RL,89.0,11792,Pave,Reg,Lvl,AllPub,Inside,Gtl,Edwards,Norm,Norm,1Fam,1.5Fin,4,5,1948,1950,Gable,CompShg,VinylSd,VinylSd,None,0.0,TA,TA,CBlock,0.0,0.0,744.0,GasA,Ex,N,FuseF,792,328,0,1120,0.0,0.0,1,0,2,1,Fa,5,Typ,0,1956.0,2.0,480.0,P,0,0,0,0,160,0,0,6,2010,WD ,Abnorml,64000,0,0,0,0,3,1,5,5,3,6,6,1,5,0,3,,5,3
278,80,RL,65.0,6305,Pave,Reg,Lvl,AllPub,Inside,Gtl,Edwards,Norm,Norm,1Fam,SLvl,6,6,1975,1975,Gable,CompShg,Plywood,Plywood,None,0.0,TA,TA,CBlock,528.0,0.0,1008.0,GasA,TA,Y,SBrkr,1096,0,0,1096,1.0,0.0,1,0,3,1,TA,5,Typ,1,1975.0,1.0,352.0,Y,0,0,0,0,0,0,0,6,2010,WD ,Normal,125200,0,0,0,0,3,1,5,5,0,0,6,1,5,1,1,,5,3
279,80,RL,94.0,7819,Pave,Reg,Lvl,AllPub,Inside,Gtl,Edwards,Norm,Norm,1Fam,SLvl,6,5,1976,1976,Gable,CompShg,Plywood,Plywood,None,0.0,TA,TA,CBlock,422.0,127.0,1029.0,GasA,TA,Y,SBrkr,1117,0,0,1117,1.0,0.0,1,0,3,1,TA,6,Typ,1,1976.0,2.0,672.0,Y,144,0,0,0,0,0,0,3,2010,WD ,Abnorml,107000,0,0,1,0,3,1,5,5,0,0,1,1,5,1,5,,5,3
280,20,RL,64.0,6410,Pave,Reg,HLS,AllPub,Inside,Gtl,Edwards,Norm,Norm,1Fam,1Story,4,5,1958,1958,Hip,CompShg,WdShing,Wd Shng,None,0.0,TA,TA,CBlock,0.0,0.0,960.0,GasA,Ex,Y,SBrkr,960,0,0,960,0.0,0.0,1,0,3,1,TA,5,Typ,0,0.0,0.0,0.0,Y,0,0,0,0,0,0,0,5,2010,WD ,Normal,90000,0,0,1,0,3,1,5,5,3,6,6,0,6,0,3,,5,3
281,20,RM,80.0,8546,Pave,Reg,Lvl,AllPub,Corner,Gtl,Edwards,Norm,Norm,1Fam,1Story,4,5,2003,2004,Gable,CompShg,VinylSd,VinylSd,None,0.0,TA,TA,PConc,0.0,0.0,1121.0,GasA,Ex,Y,SBrkr,1121,0,0,1121,0.0,0.0,2,0,2,1,TA,5,Typ,0,2003.0,2.0,440.0,Y,132,64,0,0,0,0,0,3,2010,WD ,Normal,140000,0,0,0,0,3,1,2,5,3,6,6,1,1,0,3,,2,3
282,50,RL,52.0,8741,Pave,Reg,Lvl,AllPub,Inside,Gtl,Edwards,Norm,Norm,1Fam,1.5Fin,6,4,1945,1950,Gable,CompShg,VinylSd,VinylSd,None,0.0,TA,TA,CBlock,94.0,0.0,735.0,GasA,TA,Y,FuseA,798,689,0,1487,0.0,0.0,1,1,3,1,TA,7,Typ,1,1949.0,1.0,220.0,Y,0,140,0,0,0,0,0,4,2010,WD ,Normal,113000,0,0,1,0,3,1,5,1,3,3,6,1,5,1,2,,5,3
283,190,RL,60.0,12180,Pave,Reg,Lvl,AllPub,Inside,Gtl,Edwards,Norm,Norm,2fmCon,1.5Fin,4,4,1941,1950,Gable,CompShg,MetalSd,MetalSd,None,0.0,TA,Fa,BrkTil,348.0,0.0,672.0,Grav,Fa,N,FuseA,672,252,0,924,1.0,0.0,1,0,2,1,Fa,5,Typ,0,1941.0,1.0,280.0,Y,0,0,0,0,0,0,0,7,2010,WD ,Normal,80000,0,0,1,0,3,1,2,5,3,1,6,1,5,0,3,,2,3
284,20,RL,68.0,8562,Pave,Reg,Lvl,AllPub,Inside,Mod,Edwards,Norm,Norm,1Fam,1Story,5,6,1957,2002,Hip,CompShg,HdBoard,HdBoard,Stone,145.0,TA,TA,CBlock,383.0,0.0,1216.0,GasA,Ex,Y,FuseA,1526,0,0,1526,0.0,0.0,1,0,4,1,TA,7,Min2,1,1957.0,1.0,364.0,Y,116,78,0,0,0,0,0,5,2010,WD ,Normal,144500,0,0,0,0,4,1,5,5,0,5,6,1,2,1,2,,5,4
285,30,RL,67.0,4853,Pave,Reg,Bnk,AllPub,Inside,Gtl,SWISU,Artery,Norm,1Fam,1Story,5,6,1924,1999,Gable,CompShg,MetalSd,VinylSd,BrkFace,203.0,TA,TA,BrkTil,133.0,0.0,1107.0,GasA,Fa,N,FuseA,1296,0,0,1296,0.0,0.0,2,0,2,1,Fa,5,Typ,1,1979.0,1.0,260.0,Y,0,0,36,0,0,0,0,5,2010,WD ,Normal,104000,0,0,1,0,1,1,5,5,2,5,6,1,5,1,2,,5,1
286,70,RL,66.0,6858,Pave,Reg,Bnk,AllPub,Corner,Gtl,SWISU,Norm,Norm,1Fam,2Story,6,4,1915,1950,Gable,CompShg,Wd Sdng,Wd Sdng,None,0.0,TA,TA,PConc,0.0,0.0,806.0,GasA,TA,N,FuseF,841,806,0,1647,1.0,0.0,1,1,4,1,Fa,6,Typ,0,1920.0,1.0,216.0,Y,0,66,136,0,0,0,0,5,2010,WD ,Normal,128000,0,0,0,0,3,1,2,5,3,6,6,1,5,0,3,,2,3
287,30,RL,45.0,8212,Pave,Reg,Lvl,AllPub,Inside,Gtl,Edwards,Norm,Norm,1Fam,1Story,3,3,1914,1950,Gable,CompShg,Stucco,Stucco,None,0.0,TA,Fa,BrkTil,203.0,0.0,864.0,GasA,TA,N,FuseF,864,0,0,864,1.0,0.0,1,0,2,1,TA,5,Typ,0,1938.0,1.0,200.0,Y,0,0,96,0,0,0,0,6,2010,WD ,Normal,58500,1,0,0,0,3,1,5,1,3,5,6,1,5,0,3,,5,3
288,50,RL,50.0,5000,Pave,Reg,Lvl,AllPub,Inside,Gtl,SWISU,Norm,Norm,1Fam,1.5Fin,5,6,1924,1950,Gable,CompShg,BrkFace,Wd Sdng,None,0.0,TA,TA,BrkTil,218.0,0.0,1026.0,GasA,TA,Y,SBrkr,1026,665,0,1691,0.0,0.0,2,0,3,1,Gd,6,Typ,1,1924.0,1.0,308.0,Y,0,0,242,0,0,0,0,5,2010,WD ,Normal,127000,1,0,0,0,3,1,5,5,3,3,6,1,5,1,2,,5,3
289,30,RL,68.0,7890,Pave,Reg,Lvl,AllPub,Corner,Gtl,SWISU,Norm,Norm,1Fam,1Story,6,6,1939,1950,Gable,CompShg,Wd Sdng,Wd Sdng,None,0.0,TA,TA,CBlock,238.0,0.0,856.0,GasA,TA,Y,SBrkr,856,0,0,856,1.0,0.0,1,0,2,1,TA,4,Typ,1,1939.0,2.0,399.0,Y,0,0,0,0,166,0,0,3,2010,WD ,Normal,126000,0,0,0,0,3,1,5,5,3,5,6,1,5,1,2,,5,3
290,90,RH,60.0,7200,Pave,Reg,Lvl,AllPub,Inside,Gtl,SWISU,Norm,Norm,Duplex,2Story,4,6,1967,1967,Flat,Tar&Grv,Plywood,CBlock,None,0.0,TA,TA,Slab,0.0,0.0,0.0,GasA,TA,Y,SBrkr,862,1788,0,2650,0.0,0.0,3,0,6,2,TA,10,Min2,0,0.0,0.0,0.0,Y,0,0,0,0,0,0,500,2,2010,WD ,Normal,160000,1,0,0,1,3,0,3,3,4,4,4,0,6,0,3,,3,3
291,50,RL,51.0,9839,Pave,Reg,Lvl,AllPub,Inside,Gtl,SWISU,Feedr,Norm,1Fam,1.5Fin,5,2,1931,1950,Gable,CompShg,VinylSd,VinylSd,None,0.0,TA,TA,PConc,0.0,0.0,894.0,GasA,Ex,Y,SBrkr,894,772,0,1666,1.0,0.0,1,0,3,1,TA,7,Typ,1,0.0,0.0,0.0,N,0,156,0,0,0,0,0,5,2010,WD ,Normal,100000,0,0,0,0,3,1,5,1,3,6,6,0,6,1,2,,5,3
292,50,RL,50.0,9638,Pave,Reg,Lvl,AllPub,Inside,Gtl,SWISU,Feedr,Norm,1Fam,1.5Fin,6,7,1919,1990,Gable,CompShg,Wd Sdng,Wd Shng,None,0.0,TA,TA,PConc,0.0,0.0,804.0,GasA,Ex,Y,SBrkr,1699,748,0,2447,0.0,0.0,2,0,4,1,Gd,10,Min2,1,1969.0,1.0,336.0,Y,272,0,42,0,116,0,0,3,2010,WD ,Normal,169000,0,0,0,0,3,1,5,5,3,6,6,1,5,1,2,,5,3
293,50,RL,78.0,10452,Pave,IR1,Lvl,AllPub,Inside,Gtl,Crawfor,Norm,Norm,1Fam,1.5Fin,7,6,1941,1985,Gable,CompShg,Wd Sdng,Wd Sdng,BrkFace,371.0,Gd,Gd,BrkTil,426.0,252.0,1528.0,GasA,Ex,Y,SBrkr,1225,908,0,2133,1.0,0.0,1,1,4,1,TA,8,Typ,2,1941.0,1.0,312.0,Y,0,0,86,0,0,0,0,7,2010,WD ,Normal,257500,0,0,0,0,1,1,2,5,3,0,1,1,1,1,5,,2,1
294,90,RL,78.0,15600,Pave,Reg,Lvl,AllPub,Inside,Gtl,Crawfor,Norm,Norm,Duplex,2Story,5,6,1950,1991,Gable,CompShg,VinylSd,VinylSd,BrkFace,430.0,TA,Gd,CBlock,375.0,0.0,1032.0,GasA,Ex,Y,SBrkr,1102,1075,0,2177,0.0,0.0,2,1,5,2,TA,11,Typ,0,1950.0,2.0,484.0,Y,0,0,0,0,0,0,0,3,2010,WD ,Normal,215000,0,0,0,0,1,1,5,5,3,0,6,1,5,0,3,,5,1
295,70,RL,66.0,9042,Pave,Reg,Lvl,AllPub,Inside,Gtl,Crawfor,Norm,Norm,1Fam,2Story,7,9,1941,2006,Gable,CompShg,CemntBd,CmentBd,None,0.0,Ex,Gd,Stone,275.0,0.0,1152.0,GasA,Ex,Y,SBrkr,1188,1152,0,2340,0.0,0.0,2,0,4,1,Gd,9,Typ,2,1941.0,1.0,252.0,Y,0,60,0,0,0,0,2500,5,2010,WD ,Normal,266500,0,0,1,1,3,1,5,2,3,2,6,1,1,1,2,,5,3
296,20,RL,100.0,17500,Pave,Reg,Lvl,AllPub,Inside,Gtl,Crawfor,PosA,Norm,1Fam,1Story,7,8,1959,2002,Gable,CompShg,BrkFace,HdBoard,None,0.0,Gd,Gd,PConc,1406.0,0.0,1902.0,GasA,TA,Y,SBrkr,1902,0,0,1902,1.0,0.0,2,0,3,1,Ex,7,Typ,2,1959.0,2.0,567.0,Y,0,207,162,0,0,0,0,5,2010,WD ,Normal,335000,0,0,0,0,3,1,2,5,0,2,6,1,1,1,5,,2,3
297,80,RL,85.0,19645,Pave,IR1,Lvl,AllPub,FR2,Gtl,Crawfor,Norm,Norm,1Fam,SLvl,7,6,1994,2007,Gable,CompShg,VinylSd,VinylSd,BrkFace,44.0,TA,TA,PConc,343.0,0.0,423.0,GasA,Ex,Y,SBrkr,896,756,0,1652,1.0,0.0,2,1,3,1,Gd,6,Typ,0,1994.0,2.0,473.0,Y,0,0,0,0,0,0,0,6,2010,WD ,Normal,203135,0,0,0,0,1,1,2,5,3,2,6,1,3,0,3,,2,1
298,120,RM,35.0,3907,Pave,IR1,HLS,AllPub,Inside,Mod,Blueste,Norm,Norm,TwnhsE,1Story,8,6,1989,1989,Gable,CompShg,HdBoard,HdBoard,None,0.0,Gd,TA,CBlock,747.0,0.0,982.0,GasA,Gd,Y,SBrkr,1034,0,0,1034,1.0,0.0,1,0,1,1,Gd,4,Typ,1,1989.0,2.0,598.0,Y,141,36,0,0,0,0,0,4,2010,WD ,Normal,185000,0,0,0,0,3,1,2,5,1,2,6,1,1,1,5,,2,3
299,120,RM,35.0,3907,Pave,IR1,HLS,AllPub,Inside,Mod,Blueste,Norm,Norm,TwnhsE,1Story,8,5,1989,1989,Gable,CompShg,HdBoard,HdBoard,None,0.0,Gd,TA,CBlock,76.0,0.0,1191.0,GasA,Gd,Y,SBrkr,1191,0,0,1191,0.0,0.0,2,0,2,1,Gd,5,Typ,1,1989.0,2.0,531.0,Y,112,81,0,0,0,0,0,3,2010,WD ,Normal,162500,0,0,0,0,3,1,2,5,0,2,6,1,1,1,5,,2,3
300,20,RL,100.0,15602,Pave,IR1,Lvl,AllPub,Inside,Gtl,Crawfor,Norm,Norm,1Fam,1Story,7,8,1959,1997,Gable,CompShg,BrkFace,Wd Sdng,None,0.0,TA,TA,CBlock,1247.0,0.0,1501.0,GasA,TA,Y,SBrkr,1801,0,0,1801,1.0,0.0,2,0,1,1,TA,6,Typ,2,1959.0,2.0,484.0,Y,0,54,0,0,161,0,0,3,2010,WD ,Normal,289000,0,0,1,0,3,1,5,5,3,0,6,1,1,1,5,,5,3
301,50,RM,40.0,5436,Pave,Reg,Lvl,AllPub,Inside,Gtl,IDOTRR,Norm,Norm,1Fam,1.5Fin,4,8,1922,2007,Gable,CompShg,VinylSd,VinylSd,None,0.0,TA,Gd,BrkTil,735.0,0.0,796.0,GasA,Gd,Y,SBrkr,796,358,0,1154,1.0,0.0,1,0,3,1,Gd,7,Typ,0,1922.0,1.0,240.0,N,0,96,0,0,0,0,0,5,2010,WD ,Normal,125500,0,0,1,0,3,1,5,5,3,1,6,1,5,0,3,,5,3
302,30,RM,58.0,8154,Pave,Reg,Lvl,AllPub,Inside,Gtl,IDOTRR,Norm,Norm,1Fam,1Story,2,5,1941,1950,Gable,CompShg,Wd Sdng,Wd Sdng,None,0.0,TA,TA,BrkTil,480.0,0.0,480.0,GasA,TA,Y,SBrkr,540,0,0,540,0.0,0.0,1,0,1,1,TA,4,Typ,0,1951.0,1.0,200.0,N,0,0,0,0,0,0,0,4,2010,ConLw,Normal,82000,0,0,0,0,3,1,5,5,3,1,6,1,5,0,3,,5,3
303,50,RM,50.0,9140,Pave,Reg,HLS,AllPub,Inside,Gtl,IDOTRR,Norm,Norm,1Fam,1.5Fin,6,5,1921,1975,Gable,CompShg,Wd Sdng,Wd Sdng,None,0.0,TA,TA,BrkTil,308.0,0.0,629.0,GasA,Fa,Y,SBrkr,727,380,0,1107,0.0,0.0,1,0,2,1,TA,5,Typ,0,1950.0,1.0,625.0,Y,0,56,0,0,200,0,0,4,2010,COD,Normal,110000,0,0,1,0,3,1,5,5,2,1,6,1,5,0,3,,5,3
304,50,C (all),60.0,7500,Pave,Reg,Lvl,AllPub,Inside,Gtl,IDOTRR,Norm,Norm,1Fam,1.5Fin,4,4,1920,1950,Gable,CompShg,MetalSd,MetalSd,None,0.0,TA,Gd,CBlock,0.0,0.0,698.0,GasA,TA,Y,FuseA,698,430,0,1128,0.0,0.0,1,0,2,1,TA,6,Typ,0,1980.0,2.0,528.0,Y,30,0,164,0,0,0,0,4,2010,COD,Abnorml,68400,0,0,0,0,3,1,5,5,3,6,6,1,5,0,3,,5,3
305,50,C (all),66.0,8712,Pave,Reg,HLS,AllPub,Inside,Mod,IDOTRR,Norm,Norm,1Fam,1.5Fin,4,7,1900,1950,Gable,CompShg,MetalSd,MetalSd,None,0.0,TA,TA,Stone,0.0,0.0,859.0,GasA,Gd,Y,SBrkr,859,319,0,1178,0.0,0.0,1,0,2,1,TA,7,Typ,0,1964.0,1.0,384.0,N,68,0,98,0,0,0,0,1,2010,WD ,Abnorml,102776,1,0,0,0,3,1,5,5,2,6,6,1,5,0,3,,5,3
306,20,C (all),66.0,8712,Grvl,Reg,Bnk,AllPub,Inside,Mod,IDOTRR,Norm,Norm,1Fam,1Story,5,5,1952,1952,Hip,CompShg,Wd Sdng,Wd Sdng,None,0.0,Fa,TA,CBlock,0.0,0.0,540.0,GasA,TA,N,FuseA,1044,0,0,1044,0.0,0.0,1,0,2,1,Fa,4,Typ,0,1952.0,2.0,504.0,N,0,0,0,0,0,0,54,6,2010,WD ,Alloca,55993,0,0,0,1,3,1,5,5,0,6,6,1,2,0,3,,5,3
307,30,C (all),66.0,8712,Grvl,Reg,Lvl,AllPub,Corner,Gtl,IDOTRR,Norm,Norm,1Fam,1Story,4,7,1896,1950,Hip,CompShg,Wd Sdng,Wd Sdng,None,0.0,Fa,Fa,CBlock,0.0,0.0,756.0,GasA,Gd,Y,SBrkr,952,0,0,952,0.0,0.0,1,0,3,1,TA,5,Typ,0,1896.0,1.0,330.0,N,0,0,265,0,0,0,0,6,2010,WD ,Alloca,50138,0,0,0,0,3,1,5,5,3,6,6,1,5,0,3,,5,3
308,120,RM,44.0,3811,Pave,IR1,HLS,AllPub,Corner,Mod,Crawfor,Artery,Norm,TwnhsE,1Story,8,5,2004,2005,Hip,CompShg,CemntBd,CmentBd,Stone,186.0,Gd,TA,PConc,1373.0,0.0,1594.0,GasA,Ex,Y,SBrkr,1646,0,0,1646,1.0,1.0,2,0,2,1,Gd,5,Typ,1,2004.0,2.0,525.0,Y,128,53,0,0,155,0,0,5,2010,WD ,Normal,246000,0,0,0,0,4,1,0,5,1,2,6,1,1,1,2,,0,4
309,60,RL,85.0,11050,Pave,Reg,Lvl,AllPub,Inside,Gtl,Mitchel,Norm,Norm,1Fam,2Story,8,5,1998,1999,Gable,CompShg,VinylSd,VinylSd,None,0.0,Gd,TA,PConc,615.0,0.0,1049.0,GasA,Ex,Y,SBrkr,1036,880,0,1916,1.0,0.0,2,1,3,1,Gd,8,Typ,1,1998.0,3.0,741.0,Y,0,70,0,0,0,0,0,5,2010,WD ,Normal,254900,0,0,0,0,3,1,2,5,3,2,6,1,1,1,5,,2,3
310,80,RL,74.0,9620,Pave,Reg,Lvl,AllPub,Inside,Gtl,Mitchel,Norm,Norm,1Fam,SLvl,6,7,1977,1977,Gable,CompShg,Plywood,Plywood,None,0.0,TA,TA,CBlock,679.0,0.0,1243.0,GasA,TA,Y,SBrkr,1285,0,0,1285,0.0,1.0,2,0,3,1,Gd,6,Typ,1,1977.0,2.0,473.0,Y,375,26,0,0,0,0,80,5,2010,WD ,Normal,190000,0,0,1,1,3,1,5,5,3,0,6,1,1,1,1,,5,3
311,20,RL,129.0,9196,Pave,IR1,Lvl,AllPub,Inside,Gtl,Mitchel,Norm,Norm,1Fam,1Story,7,5,2003,2003,Gable,CompShg,VinylSd,VinylSd,None,0.0,Gd,TA,PConc,0.0,0.0,1560.0,GasA,Ex,Y,SBrkr,1560,0,0,1560,0.0,0.0,2,0,3,1,Gd,7,Typ,0,2003.0,2.0,573.0,Y,100,150,0,0,0,0,0,4,2010,WD ,Normal,201000,0,0,0,0,3,1,0,5,3,6,6,1,1,0,3,,0,3
312,80,RL,68.0,12328,Pave,IR1,Lvl,AllPub,Inside,Gtl,Mitchel,Norm,Norm,1Fam,SLvl,6,5,1976,1976,Gable,CompShg,HdBoard,HdBoard,BrkFace,335.0,TA,TA,CBlock,539.0,0.0,1012.0,GasA,TA,Y,SBrkr,1034,0,0,1034,1.0,0.0,1,0,3,1,TA,6,Typ,0,1976.0,3.0,888.0,Y,0,0,0,0,0,0,0,5,2010,WD ,Normal,169900,0,0,0,0,1,1,5,5,0,2,6,1,1,0,3,,5,1
313,90,RL,68.0,12760,Pave,IR1,Lvl,AllPub,Inside,Gtl,Mitchel,Norm,Norm,Duplex,1Story,6,5,1976,1976,Gable,CompShg,Plywood,Plywood,None,0.0,TA,TA,CBlock,0.0,0.0,1958.0,GasA,TA,Y,SBrkr,2048,0,0,2048,0.0,0.0,3,0,5,2,TA,9,Typ,0,1976.0,2.0,776.0,Y,0,0,0,0,0,0,0,3,2010,ConLD,Normal,170000,0,0,0,0,3,1,5,5,3,6,6,1,0,0,3,,5,3
314,20,RL,68.0,57200,Pave,IR1,Bnk,AllPub,Inside,Sev,Timber,Norm,Norm,1Fam,1Story,5,5,1948,1950,Gable,CompShg,Wd Sdng,Wd Sdng,None,0.0,TA,TA,CBlock,353.0,334.0,747.0,GasA,TA,Y,SBrkr,1687,0,0,1687,1.0,0.0,1,0,3,1,TA,7,Min1,2,1966.0,2.0,572.0,N,0,0,50,0,0,0,0,6,2010,WD ,Normal,160000,0,0,0,0,3,1,5,5,0,1,5,1,5,1,5,,5,3
315,20,RL,88.0,11896,Pave,IR1,Lvl,AllPub,Corner,Gtl,Timber,Norm,Norm,1Fam,1Story,7,5,2008,2008,Gable,CompShg,VinylSd,VinylSd,Stone,60.0,Gd,TA,PConc,78.0,0.0,1336.0,GasA,Ex,Y,SBrkr,1346,0,0,1346,1.0,0.0,2,0,3,1,Gd,6,Typ,1,2008.0,3.0,660.0,Y,100,48,0,0,0,0,0,5,2010,WD ,Normal,220000,0,0,0,0,4,1,2,5,3,2,6,1,1,1,5,,2,4
316,20,RL,73.0,9803,Pave,Reg,Lvl,AllPub,Inside,Gtl,Timber,Norm,Norm,1Fam,1Story,7,5,2009,2010,Gable,CompShg,VinylSd,VinylSd,None,0.0,Gd,TA,PConc,0.0,0.0,1214.0,GasA,Ex,Y,SBrkr,1214,0,0,1214,0.0,0.0,2,0,2,1,Gd,6,Typ,0,2010.0,2.0,520.0,Y,0,25,0,0,0,0,0,1,2010,New,Partial,179781,0,0,0,0,3,1,2,5,3,6,6,1,1,0,3,,2,3
317,60,RL,73.0,9802,Pave,Reg,Lvl,AllPub,Inside,Gtl,Timber,Norm,Norm,1Fam,2Story,5,5,2006,2007,Gable,CompShg,VinylSd,VinylSd,None,0.0,TA,TA,PConc,0.0,0.0,384.0,GasA,Gd,Y,SBrkr,744,700,0,1444,0.0,0.0,2,1,3,1,TA,7,Typ,0,2007.0,2.0,400.0,Y,100,0,0,0,0,0,0,4,2010,WD ,Normal,174000,0,0,0,0,3,1,2,5,3,6,6,1,3,0,3,,2,3
318,60,RL,92.0,12003,Pave,Reg,Lvl,AllPub,Corner,Gtl,Timber,Norm,Norm,1Fam,2Story,8,5,2009,2010,Gable,CompShg,VinylSd,VinylSd,BrkFace,84.0,Gd,TA,PConc,0.0,0.0,774.0,GasA,Ex,Y,SBrkr,774,1194,0,1968,0.0,0.0,2,1,4,1,Ex,8,Typ,1,2009.0,3.0,680.0,Y,0,75,0,0,0,0,0,5,2010,New,Partial,269500,0,0,0,0,1,1,0,5,3,6,6,1,3,1,2,,0,1
319,60,RL,80.0,11316,Pave,Reg,Lvl,AllPub,Corner,Gtl,Timber,Norm,Norm,1Fam,2Story,7,5,2002,2003,Gable,CompShg,VinylSd,VinylSd,BrkFace,44.0,Gd,TA,PConc,624.0,0.0,817.0,GasA,Ex,Y,SBrkr,824,1070,0,1894,1.0,0.0,2,1,4,1,Gd,8,Typ,1,2002.0,2.0,510.0,Y,0,40,0,0,0,0,0,2,2010,WD ,Normal,214900,0,0,0,0,1,1,2,5,3,2,6,1,3,1,2,,2,1
320,60,RL,85.0,14191,Pave,Reg,Lvl,AllPub,Inside,Gtl,Timber,Norm,Norm,1Fam,2Story,8,5,2002,2002,Gable,CompShg,VinylSd,VinylSd,None,0.0,Gd,TA,PConc,0.0,0.0,967.0,GasA,Ex,Y,SBrkr,993,915,0,1908,0.0,0.0,2,1,4,1,Gd,9,Typ,0,2002.0,2.0,431.0,Y,135,0,0,0,0,0,0,4,2010,WD ,Normal,202900,0,0,0,0,3,1,2,5,3,6,6,1,1,0,3,,2,3
321,20,RL,89.0,13214,Pave,IR1,HLS,AllPub,Inside,Gtl,Timber,Norm,Norm,1Fam,1Story,9,5,2008,2009,Hip,CompShg,Stucco,CmentBd,None,0.0,Ex,TA,PConc,0.0,0.0,2002.0,GasA,Ex,Y,SBrkr,2018,0,0,2018,0.0,0.0,2,0,3,1,Ex,10,Typ,1,2009.0,3.0,746.0,Y,144,76,0,0,0,0,0,5,2010,WD ,Normal,378500,0,0,0,0,3,1,0,5,1,6,6,1,1,1,2,,0,3
322,20,RL,85.0,15300,Pave,Reg,Bnk,AllPub,Inside,Gtl,Mitchel,Norm,Norm,1Fam,1Story,5,5,1965,1977,Hip,CompShg,Plywood,HdBoard,None,0.0,TA,TA,CBlock,42.0,0.0,1068.0,GasA,TA,Y,SBrkr,1264,0,0,1264,1.0,0.0,1,0,2,1,TA,7,Typ,1,1965.0,2.0,528.0,Y,0,0,0,0,0,0,0,6,2010,WD ,Normal,169000,0,0,0,0,3,1,5,5,3,5,6,1,1,1,5,,5,3
323,20,RL,93.0,10114,Pave,Reg,Lvl,AllPub,Inside,Gtl,Mitchel,Norm,Norm,1Fam,1Story,5,5,2004,2005,Gable,CompShg,VinylSd,VinylSd,None,0.0,TA,TA,PConc,0.0,0.0,1430.0,GasA,Ex,Y,SBrkr,1430,0,0,1430,0.0,0.0,2,0,3,1,Gd,7,Typ,0,2004.0,2.0,624.0,Y,0,0,0,0,0,0,0,3,2010,WD ,Normal,173500,0,0,0,0,3,1,0,5,0,6,6,1,1,0,3,,0,3
324,90,RL,94.0,9400,Pave,Reg,Low,AllPub,Corner,Gtl,Mitchel,Norm,Norm,Duplex,2Story,6,5,1971,1971,Mansard,CompShg,MetalSd,Wd Shng,None,0.0,TA,TA,CBlock,0.0,0.0,912.0,GasA,TA,Y,SBrkr,912,912,0,1824,0.0,0.0,2,2,4,2,TA,8,Typ,0,0.0,0.0,0.0,Y,128,0,0,0,0,0,0,4,2010,WD ,Normal,139000,0,0,0,0,3,1,5,5,0,6,6,0,6,0,3,,5,3
325,20,RL,68.0,11875,Pave,Reg,Lvl,AllPub,Inside,Gtl,Mitchel,Norm,Norm,1Fam,1Story,5,5,1999,1999,Gable,CompShg,VinylSd,VinylSd,None,0.0,TA,TA,PConc,0.0,0.0,1344.0,GasA,Ex,Y,SBrkr,1344,0,0,1344,0.0,0.0,2,0,3,1,TA,7,Typ,1,2001.0,2.0,686.0,Y,328,0,0,0,0,0,0,6,2010,WD ,Normal,166500,0,0,0,0,3,1,2,5,3,6,6,1,1,1,2,,2,3
326,160,RM,68.0,1974,Pave,Reg,Lvl,AllPub,Inside,Gtl,MeadowV,Norm,Norm,TwnhsE,2Story,4,5,1973,1973,Gable,CompShg,CemntBd,CmentBd,None,0.0,TA,TA,CBlock,334.0,0.0,546.0,GasA,TA,Y,SBrkr,546,546,0,1092,0.0,0.0,1,1,3,1,TA,6,Typ,0,1973.0,1.0,286.0,Y,120,96,0,0,0,0,0,5,2010,WD ,Normal,83500,0,0,0,0,3,1,5,5,3,1,6,1,1,0,3,,5,3
327,120,RM,31.0,2394,Pave,Reg,Low,AllPub,Inside,Mod,MeadowV,Norm,Norm,Twnhs,1Story,5,6,1973,1973,Gable,CompShg,CemntBd,CmentBd,None,0.0,TA,TA,CBlock,915.0,0.0,945.0,GasA,Ex,Y,SBrkr,945,0,0,945,1.0,1.0,1,0,2,1,TA,5,Typ,1,1973.0,1.0,253.0,Y,174,0,56,0,108,0,0,5,2010,WD ,Normal,119500,0,0,0,0,3,1,2,5,1,2,6,1,1,1,4,,2,3
328,160,RM,36.0,2592,Pave,Reg,Lvl,AllPub,Inside,Gtl,MeadowV,Norm,Norm,TwnhsE,2Story,5,3,1976,1976,Gable,CompShg,CemntBd,CmentBd,None,0.0,TA,TA,CBlock,129.0,232.0,536.0,GasA,TA,Y,SBrkr,536,576,0,1112,0.0,0.0,1,1,3,1,TA,4,Typ,0,1976.0,1.0,336.0,Y,182,0,0,0,0,0,0,4,2010,WD ,Normal,85000,0,0,0,0,3,1,2,5,3,5,1,1,1,0,3,,2,3
329,160,RM,21.0,1476,Pave,Reg,Lvl,AllPub,Inside,Gtl,MeadowV,Norm,Norm,Twnhs,2Story,4,7,1970,1970,Gable,CompShg,CemntBd,CmentBd,None,0.0,TA,TA,CBlock,176.0,0.0,546.0,GasA,Ex,Y,SBrkr,546,546,0,1092,0.0,0.0,1,1,3,1,TA,5,Typ,0,0.0,0.0,0.0,Y,200,26,0,0,0,0,0,3,2010,WD ,Normal,76000,0,0,0,0,3,1,5,5,3,2,6,0,6,0,3,,5,3
330,180,RM,21.0,1491,Pave,Reg,Lvl,AllPub,Inside,Gtl,MeadowV,Norm,Norm,TwnhsE,SFoyer,4,6,1972,1972,Gable,CompShg,CemntBd,CmentBd,None,0.0,TA,TA,CBlock,150.0,480.0,630.0,GasA,Ex,Y,SBrkr,630,0,0,630,1.0,0.0,1,0,1,1,TA,3,Typ,0,0.0,0.0,0.0,Y,96,24,0,0,0,0,0,5,2010,WD ,Normal,75500,0,0,0,0,3,1,2,5,0,3,2,0,6,0,3,,2,3
331,160,RM,21.0,1900,Pave,Reg,Lvl,AllPub,Inside,Gtl,MeadowV,Norm,Norm,TwnhsE,2Story,4,4,1970,1970,Gable,CompShg,CemntBd,CmentBd,None,0.0,TA,TA,CBlock,0.0,0.0,546.0,GasA,Ex,Y,SBrkr,546,546,0,1092,0.0,0.0,1,1,3,1,TA,5,Typ,0,0.0,0.0,0.0,Y,0,0,0,0,0,0,0,6,2010,WD ,Normal,88250,0,0,0,0,3,1,5,5,3,6,6,0,6,0,3,,5,3
332,160,RM,21.0,1890,Pave,Reg,Lvl,AllPub,Inside,Gtl,MeadowV,Norm,Norm,TwnhsE,2Story,4,6,1972,1972,Gable,CompShg,CemntBd,CmentBd,None,0.0,TA,TA,CBlock,294.0,0.0,546.0,GasA,TA,Y,SBrkr,546,546,0,1092,0.0,0.0,1,1,3,1,TA,5,Typ,0,1972.0,1.0,286.0,Y,0,0,64,0,0,0,0,6,2010,WD ,Normal,85500,0,0,0,0,3,1,5,5,3,5,6,1,1,0,3,,5,3
333,20,RL,50.0,6953,Pave,Reg,Lvl,AllPub,Inside,Gtl,Mitchel,Norm,Norm,1Fam,1Story,5,7,1971,2004,Gable,CompShg,VinylSd,VinylSd,None,0.0,TA,Gd,CBlock,469.0,0.0,864.0,GasA,Ex,Y,SBrkr,874,0,0,874,0.0,0.0,1,0,3,1,TA,5,Typ,0,1971.0,1.0,352.0,Y,0,0,0,0,0,0,0,6,2010,ConLD,Normal,130000,0,0,0,0,3,1,5,5,3,0,6,1,5,0,3,,5,3
334,20,RL,68.0,26142,Pave,IR1,Lvl,AllPub,CulDSac,Gtl,Mitchel,Norm,Norm,1Fam,1Story,5,7,1962,1962,Gable,CompShg,HdBoard,HdBoard,BrkFace,189.0,TA,TA,CBlock,593.0,0.0,1188.0,GasA,TA,Y,SBrkr,1188,0,0,1188,0.0,0.0,1,0,3,1,TA,6,Typ,0,1962.0,1.0,312.0,P,261,39,0,0,0,0,0,4,2010,WD ,Normal,157900,0,0,0,0,1,1,5,5,3,5,6,1,1,0,3,,5,1
335,20,RL,76.0,12887,Pave,Reg,Lvl,AllPub,Inside,Gtl,Mitchel,Norm,Norm,1Fam,1Story,5,7,1984,1984,Gable,CompShg,VinylSd,VinylSd,None,0.0,TA,TA,CBlock,207.0,590.0,833.0,GasA,TA,Y,SBrkr,833,0,0,833,1.0,0.0,1,0,2,1,Gd,5,Typ,0,1984.0,2.0,495.0,Y,431,0,0,0,0,0,0,4,2010,WD ,Normal,149900,0,0,1,0,3,1,2,5,2,5,2,1,1,0,3,,2,3
336,90,RL,70.0,7700,Pave,Reg,Lvl,AllPub,Inside,Gtl,Mitchel,Norm,Norm,Duplex,2Story,5,2,1985,1986,Gable,CompShg,HdBoard,HdBoard,None,0.0,TA,Po,PConc,0.0,0.0,1216.0,GasA,Gd,Y,SBrkr,1216,1216,0,2432,0.0,0.0,4,2,4,2,TA,10,Typ,0,1985.0,2.0,616.0,Y,200,0,0,0,0,0,600,2,2010,WD ,Normal,159000,0,0,0,1,3,1,5,5,3,6,6,1,1,0,3,,5,3
337,60,RL,63.0,10475,Pave,Reg,Lvl,AllPub,Inside,Gtl,Mitchel,Norm,Norm,1Fam,2Story,5,5,1991,1991,Gable,CompShg,HdBoard,HdBoard,None,0.0,TA,TA,PConc,458.0,0.0,624.0,GasA,Gd,Y,SBrkr,624,650,0,1274,0.0,0.0,1,1,3,1,TA,6,Typ,0,1993.0,2.0,576.0,Y,22,0,0,0,0,0,0,3,2010,WD ,Normal,136000,0,0,1,0,3,1,2,5,3,5,6,1,5,0,3,,2,3
338,50,RL,68.0,10544,Pave,IR1,Lvl,AllPub,Inside,Mod,Mitchel,Norm,Norm,1Fam,1.5Fin,5,5,1969,1969,Gable,CompShg,HdBoard,HdBoard,None,0.0,TA,TA,CBlock,476.0,0.0,864.0,GasA,TA,Y,SBrkr,864,615,0,1479,0.0,0.0,2,0,5,1,TA,8,Typ,0,1969.0,1.0,275.0,Y,287,0,280,0,0,0,0,4,2010,WD ,Normal,161000,0,0,0,0,3,1,5,5,0,1,6,1,1,0,3,,5,3
339,20,RL,76.0,9892,Pave,Reg,Lvl,AllPub,Inside,Mod,Mitchel,Norm,Norm,1Fam,1Story,8,5,1994,1995,Hip,CompShg,VinylSd,VinylSd,None,0.0,Gd,Gd,PConc,1341.0,284.0,1679.0,GasA,Ex,Y,SBrkr,1803,0,0,1803,1.0,1.0,2,1,3,1,Gd,6,Typ,2,1994.0,2.0,482.0,Y,129,64,222,0,0,0,0,2,2010,WD ,Normal,285000,0,0,1,0,3,1,2,2,1,2,3,1,1,1,5,,2,3
340,60,RL,74.0,12961,Pave,Reg,Lvl,AllPub,Inside,Gtl,Mitchel,Norm,Norm,1Fam,2Story,6,5,1993,1994,Gable,CompShg,VinylSd,VinylSd,None,0.0,Gd,Gd,PConc,944.0,0.0,1152.0,GasA,Ex,Y,SBrkr,1152,645,0,1797,1.0,0.0,2,1,3,1,Gd,7,Typ,1,1993.0,2.0,616.0,Y,162,312,0,0,0,0,0,3,2010,WD ,Normal,231000,0,0,0,0,3,1,2,5,2,2,6,1,1,1,1,,2,3
341,20,RL,74.0,13008,Pave,IR1,Lvl,AllPub,Inside,Gtl,NAmes,Norm,Norm,1Fam,1Story,6,5,1956,1956,Gable,CompShg,MetalSd,MetalSd,None,0.0,TA,TA,CBlock,564.0,0.0,882.0,GasA,TA,Y,SBrkr,882,0,0,882,0.0,0.0,1,0,2,1,TA,5,Typ,0,1956.0,1.0,502.0,Y,0,0,0,0,0,0,0,10,2009,WD ,Normal,124500,0,0,0,0,3,1,1,1,3,5,6,1,1,0,3,,1,3
342,20,RL,85.0,10200,Pave,Reg,Lvl,AllPub,Inside,Gtl,NAmes,Norm,Norm,1Fam,1Story,6,5,1974,1974,Hip,CompShg,Plywood,Plywood,BrkFace,440.0,TA,TA,CBlock,844.0,0.0,1434.0,GasA,TA,Y,SBrkr,1434,0,0,1434,1.0,0.0,2,0,4,1,TA,7,Typ,1,1974.0,2.0,528.0,Y,80,21,0,0,0,0,0,6,2009,WD ,Normal,157000,0,0,0,0,1,1,5,5,3,3,6,1,1,1,2,,5,1
343,80,RL,75.0,13860,Pave,Reg,Lvl,AllPub,Inside,Gtl,NAmes,Norm,Norm,1Fam,SLvl,8,7,1972,1995,Gable,CompShg,Plywood,Wd Sdng,None,0.0,Gd,TA,CBlock,1410.0,0.0,1952.0,GasA,Gd,Y,SBrkr,2000,704,0,2704,1.0,0.0,2,1,4,1,Ex,9,Typ,3,1972.0,2.0,538.0,Y,269,111,0,0,0,0,0,7,2009,WD ,Normal,345000,0,0,1,0,3,1,2,5,1,2,6,1,1,1,5,,2,3
344,60,RL,88.0,10179,Pave,IR1,Lvl,AllPub,Corner,Gtl,Gilbert,Norm,Norm,1Fam,2Story,6,5,1997,1997,Gable,CompShg,VinylSd,VinylSd,None,0.0,TA,TA,PConc,847.0,0.0,945.0,GasA,Ex,Y,SBrkr,945,663,0,1608,0.0,0.0,2,1,3,1,TA,7,Typ,1,1997.0,2.0,470.0,Y,252,30,0,0,0,0,0,7,2009,WD ,Normal,189500,0,0,0,0,3,1,2,5,3,0,6,1,1,1,5,,2,3
345,60,RL,68.0,11792,Pave,IR1,Lvl,AllPub,Inside,Gtl,Gilbert,Norm,Norm,1Fam,2Story,8,5,2003,2003,Gable,CompShg,VinylSd,VinylSd,BrkFace,188.0,Gd,TA,PConc,850.0,0.0,1008.0,GasA,Ex,Y,SBrkr,1008,1275,0,2283,0.0,0.0,2,1,4,1,Gd,9,Typ,1,2003.0,3.0,632.0,Y,120,46,0,0,0,0,0,8,2009,WD ,Normal,270000,0,0,0,0,1,1,2,5,1,2,6,1,3,1,2,,2,1
346,80,RL,60.0,8400,Pave,Reg,Lvl,AllPub,Inside,Gtl,Gilbert,Norm,Norm,1Fam,SLvl,7,5,1996,1997,Gable,CompShg,HdBoard,HdBoard,BrkFace,32.0,TA,TA,PConc,284.0,0.0,384.0,GasA,Gd,Y,SBrkr,958,670,0,1628,0.0,0.0,2,1,3,1,TA,7,Typ,1,1996.0,2.0,390.0,Y,48,72,0,0,0,0,490,6,2009,WD ,Normal,189000,0,0,0,1,1,1,2,5,3,2,6,1,3,1,5,,2,1
347,20,RL,42.0,14892,Pave,IR1,HLS,AllPub,CulDSac,Gtl,Gilbert,Norm,Norm,1Fam,1Story,9,5,2006,2007,Gable,CompShg,VinylSd,VinylSd,Stone,160.0,Ex,TA,PConc,1320.0,0.0,1746.0,GasA,Ex,Y,SBrkr,1746,0,0,1746,1.0,0.0,2,0,3,1,Ex,7,Typ,2,2006.0,3.0,758.0,Y,201,39,0,0,0,0,0,10,2009,WD ,Normal,377500,0,0,0,0,4,1,0,5,1,2,6,1,1,1,2,,0,4
348,80,RL,68.0,8530,Pave,IR1,Lvl,AllPub,Inside,Gtl,Gilbert,Norm,Norm,1Fam,SLvl,7,5,1995,1996,Gable,CompShg,HdBoard,HdBoard,BrkFace,22.0,TA,TA,PConc,0.0,0.0,384.0,GasA,Gd,Y,SBrkr,804,670,0,1474,0.0,0.0,2,1,3,1,TA,7,Typ,1,1995.0,2.0,400.0,Y,120,72,0,0,0,0,700,5,2009,WD ,Normal,168500,0,0,0,1,1,1,2,5,3,6,6,1,3,1,5,,2,1
349,120,RL,28.0,7296,Pave,IR1,Lvl,AllPub,CulDSac,Gtl,StoneBr,Norm,Norm,TwnhsE,1Story,8,5,2004,2005,Gable,CompShg,CemntBd,CmentBd,None,0.0,Gd,TA,PConc,1965.0,0.0,2208.0,GasA,Ex,Y,SBrkr,2522,0,0,2522,1.0,0.0,2,0,1,1,Gd,8,Typ,1,2004.0,2.0,564.0,Y,182,57,0,0,0,0,0,11,2009,WD ,Normal,375000,0,0,0,0,3,1,0,5,0,2,6,1,1,1,2,,0,3
350,120,RL,40.0,5664,Pave,IR1,Lvl,AllPub,Inside,Gtl,StoneBr,Norm,Norm,TwnhsE,1Story,8,5,2000,2000,Gable,CompShg,CemntBd,CmentBd,None,0.0,Gd,TA,PConc,1158.0,0.0,1501.0,GasA,Ex,Y,SBrkr,1659,0,0,1659,1.0,0.0,2,0,2,1,Ex,5,Typ,1,2000.0,2.0,499.0,Y,212,59,0,0,0,0,0,10,2009,WD ,Normal,278000,0,0,0,0,3,1,2,5,3,2,6,1,1,1,0,,2,3
351,120,RL,61.0,7380,Pave,IR1,Lvl,AllPub,Corner,Gtl,StoneBr,Norm,Norm,1Fam,1Story,8,5,1998,1998,Gable,CompShg,CemntBd,CmentBd,None,0.0,TA,TA,PConc,341.0,0.0,1418.0,GasA,Ex,Y,SBrkr,1478,0,0,1478,1.0,0.0,2,0,2,1,TA,5,Typ,0,1998.0,2.0,495.0,Y,168,43,0,0,0,0,0,7,2009,WD ,Normal,240000,0,0,0,0,3,1,2,5,0,2,6,1,1,0,3,,2,3
352,120,RL,57.0,8013,Pave,IR1,Lvl,AllPub,Corner,Gtl,StoneBr,Norm,Norm,TwnhsE,1Story,8,5,1995,1996,Gable,CompShg,CemntBd,CmentBd,None,0.0,Gd,TA,PConc,741.0,0.0,1587.0,GasA,Ex,Y,SBrkr,1734,0,0,1734,1.0,0.0,2,0,2,1,Gd,6,Typ,0,1995.0,2.0,528.0,Y,52,50,0,0,0,0,0,9,2009,WD ,Normal,239500,0,0,0,0,3,1,2,5,3,2,6,1,1,0,3,,2,3
353,80,RL,57.0,8923,Pave,IR1,Lvl,AllPub,Inside,Gtl,Gilbert,Norm,Norm,1Fam,SLvl,7,5,1998,1998,Gable,CompShg,VinylSd,VinylSd,None,0.0,Gd,TA,PConc,189.0,0.0,384.0,GasA,Gd,Y,SBrkr,751,631,0,1382,0.0,0.0,2,1,3,1,TA,7,Typ,1,1998.0,2.0,396.0,Y,256,0,0,0,0,0,0,2,2009,WD ,Normal,177500,0,0,0,0,3,1,2,5,3,2,6,1,3,1,5,,2,3
354,60,RL,74.0,10141,Pave,IR1,Lvl,AllPub,Corner,Gtl,Gilbert,Norm,Norm,1Fam,2Story,7,5,1998,1998,Gable,CompShg,VinylSd,VinylSd,BrkFace,40.0,TA,TA,PConc,0.0,0.0,832.0,GasA,Gd,Y,SBrkr,885,833,0,1718,0.0,0.0,2,1,3,1,TA,7,Typ,1,1998.0,2.0,427.0,Y,0,94,0,0,291,0,0,12,2009,WD ,Normal,185000,0,0,0,0,1,1,2,5,3,6,6,1,1,1,5,,2,1
355,60,RL,60.0,7500,Pave,Reg,Lvl,AllPub,Inside,Gtl,Gilbert,Norm,Norm,1Fam,2Story,6,5,1998,1999,Gable,CompShg,VinylSd,VinylSd,None,0.0,Gd,TA,PConc,476.0,0.0,952.0,GasA,Gd,Y,SBrkr,952,684,0,1636,1.0,0.0,2,1,3,1,TA,7,Typ,1,1998.0,2.0,440.0,Y,0,84,0,0,0,0,0,10,2009,WD ,Normal,191000,0,0,0,0,3,1,2,5,3,2,6,1,1,1,5,,2,3
356,60,RL,59.0,7837,Pave,IR1,Lvl,AllPub,Inside,Gtl,Gilbert,Norm,Norm,1Fam,2Story,6,7,1993,1994,Gable,CompShg,VinylSd,VinylSd,None,0.0,Gd,TA,PConc,0.0,0.0,799.0,GasA,Gd,Y,SBrkr,799,772,0,1571,0.0,0.0,2,1,3,1,TA,7,Typ,1,1993.0,2.0,380.0,Y,0,40,0,0,0,0,0,5,2009,WD ,Normal,178000,0,0,0,0,3,1,2,5,3,6,6,1,1,1,5,,2,3
357,60,RL,68.0,9765,Pave,IR2,Lvl,AllPub,Corner,Gtl,Gilbert,Norm,Norm,1Fam,2Story,6,8,1993,1993,Gable,CompShg,VinylSd,VinylSd,BrkFace,68.0,Ex,Gd,PConc,310.0,0.0,680.0,GasA,Gd,Y,SBrkr,680,790,0,1470,0.0,0.0,2,1,3,1,TA,6,Typ,1,1993.0,2.0,420.0,Y,232,63,0,0,0,0,480,4,2009,WD ,Normal,185000,0,0,0,1,1,1,2,2,3,0,6,1,3,1,5,,2,1
358,60,RL,68.0,8803,Pave,IR1,Lvl,AllPub,Inside,Gtl,Gilbert,Norm,Norm,1Fam,2Story,6,5,1994,1995,Gable,CompShg,HdBoard,HdBoard,None,0.0,TA,TA,PConc,600.0,0.0,707.0,GasA,Gd,Y,SBrkr,707,809,0,1516,1.0,0.0,2,1,3,1,Gd,7,Typ,1,1994.0,2.0,409.0,Y,0,46,0,0,0,0,0,7,2009,WD ,Normal,181316,0,0,0,0,3,1,2,5,3,2,6,1,1,1,5,,2,3
359,20,RL,58.0,7250,Pave,Reg,Lvl,AllPub,Inside,Gtl,Gilbert,Norm,Norm,1Fam,1Story,6,5,1993,1993,Gable,CompShg,HdBoard,HdBoard,BrkFace,45.0,TA,TA,PConc,0.0,0.0,1181.0,GasA,Ex,Y,SBrkr,1190,0,0,1190,0.0,0.0,2,0,3,1,Gd,6,Typ,1,1993.0,2.0,430.0,Y,0,21,0,0,0,0,0,11,2009,WD ,Normal,166000,0,0,0,0,1,1,2,5,3,6,6,1,1,1,5,,2,1
360,60,RL,68.0,9636,Pave,IR1,Lvl,AllPub,Corner,Gtl,Gilbert,Norm,Norm,1Fam,2Story,6,5,1992,1993,Gable,CompShg,VinylSd,VinylSd,None,0.0,TA,TA,PConc,0.0,0.0,808.0,GasA,Gd,Y,SBrkr,808,785,0,1593,0.0,0.0,2,1,3,1,TA,7,Typ,1,1993.0,2.0,389.0,Y,342,40,0,0,0,0,0,12,2009,WD ,Normal,178000,0,0,1,0,3,1,2,5,3,6,6,1,3,1,5,,2,3
361,60,RL,65.0,8125,Pave,Reg,Lvl,AllPub,Inside,Gtl,Gilbert,Norm,Norm,1Fam,2Story,6,5,1994,1995,Gable,CompShg,HdBoard,HdBoard,None,0.0,TA,TA,PConc,0.0,0.0,702.0,GasA,Gd,Y,SBrkr,702,779,0,1481,0.0,0.0,2,1,3,1,TA,6,Typ,1,1994.0,2.0,343.0,Y,0,36,0,0,0,0,0,3,2009,WD ,Normal,174000,0,0,0,0,3,1,2,5,3,6,6,1,1,1,5,,2,3
362,20,RL,68.0,9248,Pave,IR1,Lvl,AllPub,Inside,Gtl,Gilbert,Norm,Norm,1Fam,1Story,6,6,1992,1992,Gable,CompShg,HdBoard,HdBoard,BrkFace,106.0,TA,TA,PConc,560.0,0.0,1158.0,GasA,Gd,Y,SBrkr,1167,0,0,1167,1.0,0.0,2,0,3,1,Gd,6,Typ,0,1992.0,2.0,400.0,Y,120,26,0,0,0,0,0,7,2009,WD ,Normal,173000,0,0,0,0,1,1,2,5,3,2,6,1,1,0,3,,2,1
363,60,RL,68.0,10762,Pave,IR1,Lvl,AllPub,CulDSac,Gtl,Gilbert,Norm,Norm,1Fam,2Story,7,5,1999,1999,Gable,CompShg,VinylSd,VinylSd,Unknown,344.0,Gd,TA,PConc,694.0,0.0,978.0,GasA,Ex,Y,SBrkr,1005,978,0,1983,0.0,0.0,2,1,3,1,Gd,9,Typ,1,1999.0,2.0,490.0,Y,0,0,0,0,0,0,0,5,2009,WD ,Normal,225000,0,0,0,0,5,1,2,5,3,2,6,1,1,1,5,,2,5
364,20,RL,99.0,11851,Pave,Reg,Lvl,AllPub,Corner,Gtl,Gilbert,Norm,Norm,1Fam,1Story,7,5,1990,1990,Gable,CompShg,HdBoard,HdBoard,None,0.0,TA,TA,PConc,0.0,0.0,1424.0,GasA,Ex,Y,SBrkr,1442,0,0,1442,0.0,0.0,2,0,3,1,TA,5,Typ,0,1990.0,2.0,500.0,Y,0,34,0,508,0,0,0,5,2009,WD ,Normal,180500,0,0,0,0,3,1,2,5,3,6,6,1,1,0,3,,2,3
365,120,RL,68.0,5814,Pave,IR1,Lvl,AllPub,CulDSac,Gtl,StoneBr,Norm,Norm,TwnhsE,1Story,8,5,1984,1984,Gable,CompShg,HdBoard,HdBoard,None,0.0,Gd,TA,CBlock,1036.0,0.0,1220.0,GasA,Gd,Y,SBrkr,1360,0,0,1360,1.0,0.0,1,0,1,1,Gd,4,Typ,1,1984.0,2.0,565.0,Y,63,0,0,0,0,0,0,8,2009,COD,Abnorml,187500,0,0,0,0,3,1,2,5,0,2,6,1,1,1,0,,2,3
366,20,RL,63.0,17423,Pave,IR1,Lvl,AllPub,CulDSac,Gtl,StoneBr,Norm,Norm,1Fam,1Story,9,5,2008,2009,Hip,CompShg,VinylSd,VinylSd,Stone,748.0,Ex,TA,PConc,1904.0,0.0,2216.0,GasA,Ex,Y,SBrkr,2234,0,0,2234,1.0,0.0,2,0,1,1,Ex,9,Typ,1,2009.0,3.0,1166.0,Y,0,60,0,0,0,0,0,7,2009,New,Partial,501837,0,0,0,0,4,1,0,5,3,2,6,1,1,1,2,,0,4
367,20,RL,80.0,11844,Pave,IR1,Lvl,AllPub,Inside,Gtl,StoneBr,Norm,Norm,1Fam,1Story,8,5,2008,2008,Hip,CompShg,VinylSd,VinylSd,Stone,464.0,Gd,TA,PConc,0.0,0.0,2046.0,GasA,Ex,Y,SBrkr,2046,0,0,2046,0.0,0.0,2,1,3,1,Gd,7,Typ,1,2008.0,3.0,834.0,Y,322,82,0,0,0,0,0,7,2009,New,Partial,372500,0,0,0,0,4,1,0,5,2,6,6,1,1,1,2,,0,4
368,20,RL,124.0,16158,Pave,IR1,Low,AllPub,Inside,Mod,StoneBr,Norm,Norm,1Fam,1Story,7,5,2005,2005,Hip,CompShg,VinylSd,VinylSd,Stone,16.0,Gd,TA,PConc,1274.0,0.0,1530.0,GasA,Ex,Y,SBrkr,1530,0,0,1530,1.0,0.0,2,0,3,1,Gd,7,Typ,1,2005.0,2.0,430.0,Y,168,36,0,0,0,0,0,6,2009,WD ,Normal,260000,0,0,0,0,4,1,0,5,0,0,6,1,1,1,2,,0,4
369,60,RL,85.0,11900,Pave,Reg,Lvl,AllPub,Inside,Gtl,Gilbert,Norm,Norm,1Fam,2Story,5,6,1977,1977,Gable,CompShg,HdBoard,Wd Sdng,BrkFace,157.0,TA,TA,PConc,400.0,0.0,1122.0,GasA,Ex,Y,SBrkr,946,988,0,1934,1.0,0.0,2,1,3,1,TA,6,Typ,1,1977.0,2.0,567.0,P,0,176,0,0,200,0,0,7,2009,WD ,Normal,185000,0,0,0,0,1,1,2,5,3,0,6,1,1,1,5,,2,1
370,60,RL,94.0,13005,Pave,IR1,Lvl,AllPub,Corner,Gtl,NWAmes,Norm,Norm,1Fam,2Story,7,7,1980,1980,Gable,CompShg,CemntBd,CmentBd,BrkFace,278.0,Gd,TA,CBlock,692.0,0.0,845.0,GasA,TA,Y,SBrkr,1153,1200,0,2353,1.0,0.0,2,1,4,1,Ex,10,Typ,1,1983.0,2.0,484.0,Y,288,195,0,0,0,0,0,8,2009,WD ,Normal,260000,0,0,1,0,1,1,2,5,3,2,6,1,1,1,5,,2,1
371,20,RL,48.0,17043,Pave,IR1,Lvl,AllPub,CulDSac,Gtl,NWAmes,Norm,Norm,1Fam,1Story,6,5,1979,1998,Gable,CompShg,HdBoard,HdBoard,None,0.0,TA,Gd,CBlock,0.0,0.0,1362.0,GasA,TA,Y,SBrkr,1586,0,0,1586,0.0,0.0,2,0,3,1,TA,7,Typ,1,1979.0,2.0,435.0,Y,192,0,0,0,0,0,0,1,2009,WD ,Normal,181000,0,0,0,0,3,1,2,1,3,6,6,1,1,1,5,,2,3
372,20,RL,85.0,11900,Pave,Reg,Lvl,AllPub,Inside,Gtl,NWAmes,Norm,Norm,1Fam,1Story,7,5,1977,1977,Hip,CompShg,Plywood,Plywood,BrkFace,209.0,TA,Gd,CBlock,822.0,0.0,1386.0,GasA,TA,Y,SBrkr,1411,0,0,1411,0.0,0.0,2,0,3,1,TA,6,Typ,1,1977.0,2.0,544.0,Y,192,0,0,0,0,0,0,4,2009,WD ,Family,82500,0,0,0,0,1,1,5,5,3,0,6,1,1,1,5,,5,1
373,20,RL,68.0,16635,Pave,IR1,Lvl,AllPub,FR2,Gtl,NWAmes,Norm,Norm,1Fam,1Story,6,7,1977,2000,Gable,CompShg,CemntBd,CmentBd,Stone,126.0,Gd,TA,CBlock,1246.0,0.0,1602.0,GasA,Gd,Y,SBrkr,1602,0,0,1602,0.0,1.0,2,0,3,1,Gd,8,Typ,1,1977.0,2.0,529.0,Y,240,0,0,0,0,0,0,6,2009,WD ,Normal,215000,0,0,0,0,4,1,2,5,3,0,6,1,1,1,5,,2,4
374,60,RL,68.0,13250,Pave,IR1,Lvl,AllPub,Inside,Gtl,NWAmes,RRNn,Norm,1Fam,2Story,7,6,1978,1978,Gable,CompShg,HdBoard,HdBoard,BrkFace,256.0,TA,TA,CBlock,0.0,0.0,832.0,GasA,TA,Y,SBrkr,1154,896,0,2050,0.0,0.0,2,1,4,1,Gd,8,Typ,1,1978.0,2.0,529.0,Y,192,192,0,0,0,0,0,5,2009,WD ,Abnorml,154000,0,0,0,0,1,1,2,5,3,6,6,1,1,1,5,,2,1
375,20,RL,80.0,10928,Pave,Reg,Lvl,AllPub,Inside,Gtl,NWAmes,Norm,Norm,1Fam,1Story,6,6,1978,1986,Gable,CompShg,VinylSd,VinylSd,BrkFace,101.0,TA,TA,PConc,363.0,0.0,1427.0,GasA,TA,Y,SBrkr,1671,0,0,1671,0.0,0.0,2,0,3,1,TA,7,Typ,1,1978.0,2.0,484.0,Y,252,55,0,0,0,0,0,8,2009,WD ,Normal,200000,0,0,0,0,1,1,5,5,3,3,6,1,1,1,5,,5,1
376,60,RL,68.0,12388,Pave,IR1,Lvl,AllPub,Inside,Gtl,NWAmes,Norm,Norm,1Fam,2Story,7,7,1980,1991,Gable,CompShg,Plywood,Plywood,BrkFace,229.0,TA,TA,CBlock,602.0,0.0,1043.0,GasA,TA,Y,SBrkr,1539,1134,0,2673,0.0,0.0,2,1,4,1,Gd,9,Typ,1,1980.0,2.0,441.0,Y,178,84,0,0,0,0,0,8,2009,WD ,Normal,249000,0,0,0,0,1,1,2,5,3,0,6,1,3,1,5,,2,1
377,80,RL,68.0,14115,Pave,Reg,Lvl,AllPub,Inside,Gtl,NWAmes,Norm,Norm,1Fam,SLvl,7,5,1980,1980,Gable,CompShg,Plywood,Plywood,BrkFace,225.0,TA,TA,CBlock,1036.0,0.0,1372.0,GasA,TA,Y,SBrkr,1472,0,0,1472,1.0,0.0,2,0,3,1,TA,6,Typ,2,1980.0,2.0,588.0,Y,233,48,0,0,0,0,0,6,2009,WD ,Normal,187500,0,0,0,0,1,1,2,5,0,2,6,1,1,1,5,,2,1
378,20,RL,80.0,11088,Pave,Reg,Lvl,AllPub,Inside,Gtl,NWAmes,Norm,Norm,1Fam,1Story,6,5,1978,1998,Gable,CompShg,HdBoard,HdBoard,BrkFace,144.0,TA,TA,PConc,832.0,0.0,1140.0,GasA,Gd,Y,SBrkr,1707,0,0,1707,0.0,0.0,2,0,3,1,TA,7,Typ,1,1978.0,2.0,479.0,Y,0,0,0,0,0,0,0,5,2009,WD ,Normal,184000,0,0,0,0,1,1,5,5,3,0,6,1,1,1,5,,5,1
379,20,RL,80.0,9600,Pave,Reg,Lvl,AllPub,Inside,Gtl,NWAmes,PosN,Norm,1Fam,1Story,8,5,1981,1981,Hip,WdShngl,BrkFace,BrkFace,None,0.0,Gd,TA,PConc,1104.0,0.0,2524.0,GasA,TA,Y,SBrkr,2524,0,0,2524,1.0,0.0,2,1,4,1,Gd,9,Typ,1,1981.0,2.0,542.0,Y,474,120,0,0,0,0,0,7,2009,WD ,Normal,278000,0,0,1,0,3,1,2,5,3,0,6,1,1,1,2,,2,3
380,20,RL,82.0,11880,Pave,IR1,Lvl,AllPub,Inside,Gtl,NWAmes,RRAn,Norm,1Fam,1Story,7,5,1978,1978,Gable,CompShg,Plywood,Plywood,BrkFace,206.0,TA,TA,CBlock,704.0,0.0,1271.0,GasA,TA,Y,SBrkr,1601,0,0,1601,0.0,0.0,2,0,3,1,TA,7,Typ,1,1978.0,2.0,478.0,Y,0,0,0,0,0,0,0,4,2009,COD,Abnorml,157000,0,0,0,0,1,1,2,5,3,0,6,1,1,1,5,,2,1
381,20,RL,80.0,10400,Pave,Reg,Lvl,AllPub,Inside,Gtl,NWAmes,Norm,Norm,1Fam,1Story,7,5,1976,1976,Gable,CompShg,HdBoard,HdBoard,BrkFace,189.0,TA,TA,CBlock,0.0,0.0,1090.0,GasA,TA,Y,SBrkr,1370,0,0,1370,0.0,0.0,2,0,3,1,TA,6,Typ,1,1976.0,2.0,479.0,Y,0,0,0,0,0,0,0,6,2009,WD ,Family,152000,0,0,1,0,1,1,2,5,3,6,6,1,1,1,5,,2,1
382,60,RL,68.0,10304,Pave,IR1,Lvl,AllPub,CulDSac,Gtl,NWAmes,PosN,Norm,1Fam,2Story,5,7,1976,1976,Gable,CompShg,Plywood,Plywood,BrkFace,44.0,TA,Gd,CBlock,381.0,0.0,780.0,GasA,Ex,Y,SBrkr,1088,780,0,1868,1.0,0.0,2,1,4,1,Gd,9,Typ,1,1976.0,2.0,484.0,Y,448,96,0,0,0,0,0,10,2009,WD ,Normal,197500,0,0,0,0,1,1,5,5,3,0,6,1,1,1,5,,5,1
383,60,FV,70.0,7000,Pave,Reg,Lvl,AllPub,Inside,Gtl,Somerst,Norm,Norm,1Fam,2Story,7,5,2003,2003,Gable,CompShg,CemntBd,CmentBd,None,0.0,Gd,TA,PConc,622.0,0.0,926.0,GasA,Ex,Y,SBrkr,1016,868,0,1884,1.0,0.0,2,1,3,1,Ex,7,Typ,1,2003.0,2.0,581.0,Y,0,35,0,0,0,0,0,6,2009,WD ,Normal,240900,0,0,0,0,3,1,2,5,2,2,6,1,1,1,0,,2,3
384,60,FV,75.0,8004,Pave,IR1,Lvl,AllPub,Inside,Gtl,Somerst,RRAn,Norm,1Fam,2Story,8,5,2009,2009,Gable,CompShg,VinylSd,VinylSd,Stone,110.0,Gd,TA,PConc,544.0,0.0,832.0,GasA,Ex,Y,SBrkr,832,1103,0,1935,1.0,0.0,2,1,3,1,TA,8,Typ,0,2009.0,2.0,552.0,Y,0,150,0,0,0,0,0,12,2009,New,Partial,263435,0,0,0,0,4,1,2,5,3,2,6,1,3,0,3,,2,4
385,60,FV,68.0,7500,Pave,Reg,Lvl,AllPub,Inside,Gtl,Somerst,RRNn,Norm,1Fam,2Story,8,5,2000,2001,Gable,CompShg,VinylSd,VinylSd,None,0.0,Gd,TA,PConc,0.0,0.0,1058.0,GasA,Ex,Y,SBrkr,1058,816,0,1874,0.0,0.0,2,1,3,1,Gd,7,Typ,1,2000.0,2.0,588.0,Y,0,134,0,0,0,0,0,3,2009,WD ,Normal,220000,0,0,0,0,3,1,2,5,3,6,6,1,1,1,5,,2,3
386,60,FV,68.0,8470,Pave,Reg,Lvl,AllPub,Corner,Gtl,Somerst,Norm,Norm,1Fam,2Story,8,5,2002,2002,Gable,CompShg,VinylSd,VinylSd,None,0.0,Gd,TA,PConc,225.0,276.0,972.0,GasA,Ex,Y,SBrkr,972,839,0,1811,0.0,0.0,2,1,3,1,Gd,7,Typ,1,2002.0,2.0,565.0,Y,225,48,0,0,0,0,0,10,2009,WD ,Normal,235000,0,0,0,0,3,1,2,5,3,2,0,1,1,1,2,,2,3
387,20,RL,68.0,9373,Pave,IR1,Lvl,AllPub,CulDSac,Gtl,NWAmes,PosN,Norm,1Fam,1Story,5,7,1975,1975,Gable,CompShg,HdBoard,HdBoard,BrkFace,161.0,TA,TA,CBlock,1333.0,168.0,1621.0,GasA,TA,Y,SBrkr,1621,0,0,1621,1.0,0.0,2,0,3,1,TA,7,Typ,2,1975.0,2.0,478.0,Y,0,0,0,0,490,0,0,6,2009,WD ,Normal,213000,0,0,0,0,1,1,2,5,0,0,3,1,1,1,1,,2,1
388,20,RL,78.0,10140,Pave,Reg,Lvl,AllPub,Inside,Gtl,NWAmes,Norm,Norm,1Fam,1Story,6,6,1974,1974,Hip,CompShg,Plywood,Plywood,BrkFace,196.0,TA,TA,CBlock,888.0,0.0,1116.0,GasA,Ex,Y,SBrkr,1116,0,0,1116,1.0,0.0,2,0,3,1,TA,6,Typ,1,1974.0,2.0,528.0,Y,0,0,0,0,0,0,0,4,2009,WD ,Normal,167900,0,0,1,0,1,1,5,5,3,0,6,1,1,1,5,,5,1
389,20,RL,85.0,11050,Pave,IR1,Lvl,AllPub,Corner,Gtl,NWAmes,Norm,Norm,1Fam,1Story,7,5,1975,1975,Gable,CompShg,Plywood,Plywood,None,0.0,TA,TA,CBlock,636.0,0.0,1176.0,GasA,Fa,Y,SBrkr,1193,0,0,1193,0.0,0.0,2,0,3,1,TA,5,Typ,1,1975.0,2.0,506.0,Y,40,0,0,0,0,0,0,8,2009,WD ,Normal,158000,0,0,0,0,3,1,5,5,3,0,6,1,1,1,5,,5,3
390,20,RL,78.0,10140,Pave,Reg,Lvl,AllPub,Inside,Gtl,NWAmes,Norm,Norm,1Fam,1Story,6,5,1974,1974,Hip,CompShg,HdBoard,HdBoard,BrkFace,174.0,TA,TA,CBlock,0.0,0.0,1064.0,GasA,TA,Y,SBrkr,1350,0,0,1350,0.0,0.0,2,0,3,1,TA,7,Typ,1,1974.0,2.0,478.0,Y,0,0,0,0,0,0,0,8,2009,WD ,Normal,165000,0,0,1,0,1,1,2,5,3,6,6,1,1,1,5,,2,1
391,80,RL,68.0,10448,Pave,IR1,Lvl,AllPub,Corner,Gtl,NWAmes,Norm,Norm,1Fam,SLvl,6,6,1972,1972,Gable,CompShg,HdBoard,HdBoard,BrkFace,333.0,TA,TA,CBlock,0.0,0.0,689.0,GasA,TA,Y,SBrkr,1378,741,0,2119,0.0,0.0,2,1,3,1,TA,7,Typ,1,1972.0,2.0,583.0,Y,0,104,0,0,0,0,0,8,2009,COD,Abnorml,158000,0,0,1,0,1,1,5,5,3,6,6,1,1,1,5,,5,1
392,90,RL,60.0,9000,Pave,Reg,Lvl,AllPub,FR2,Gtl,NAmes,Norm,Norm,Duplex,2Story,5,5,1974,1974,Gable,CompShg,VinylSd,VinylSd,None,0.0,TA,TA,CBlock,0.0,0.0,896.0,GasA,TA,Y,SBrkr,896,896,0,1792,0.0,0.0,2,2,4,2,TA,8,Typ,0,0.0,0.0,0.0,Y,32,45,0,0,0,0,0,9,2009,WD ,Normal,136000,0,0,0,0,3,1,2,5,3,6,6,0,6,0,3,,2,3
393,20,RL,68.0,8750,Pave,IR1,Lvl,AllPub,Inside,Gtl,NAmes,Norm,Norm,1Fam,1Story,5,6,1970,1970,Gable,CompShg,MetalSd,MetalSd,BrkFace,76.0,TA,TA,CBlock,828.0,0.0,1002.0,GasA,TA,Y,SBrkr,1002,0,0,1002,1.0,0.0,1,0,3,1,TA,5,Typ,0,1973.0,2.0,902.0,Y,0,0,0,0,0,0,0,8,2009,WD ,Normal,148500,0,0,1,0,1,1,5,5,3,1,6,1,5,0,3,,5,1
394,20,RL,61.0,7930,Pave,Reg,Lvl,AllPub,Inside,Gtl,NAmes,Norm,Norm,1Fam,1Story,6,8,1969,2005,Gable,CompShg,Plywood,Plywood,None,0.0,TA,TA,CBlock,439.0,472.0,1026.0,GasA,Gd,Y,SBrkr,1026,0,0,1026,1.0,0.0,1,0,3,1,Gd,5,Typ,0,1969.0,2.0,440.0,Y,171,48,0,0,0,0,0,7,2009,WD ,Normal,156000,0,0,0,0,3,1,5,5,3,2,3,1,5,0,3,,5,3
395,20,RL,68.0,7830,Pave,IR1,Lvl,AllPub,Inside,Gtl,NAmes,Norm,Norm,1Fam,1Story,5,5,1970,1970,Gable,CompShg,HdBoard,HdBoard,None,0.0,TA,TA,CBlock,0.0,0.0,1180.0,GasA,TA,Y,SBrkr,1180,0,0,1180,0.0,0.0,1,1,2,1,TA,6,Typ,0,1970.0,2.0,477.0,Y,0,45,0,0,0,0,0,3,2009,COD,Normal,128000,0,0,0,0,3,1,5,5,3,6,6,1,1,0,3,,5,3
396,20,RL,68.0,8510,Pave,IR1,Lvl,AllPub,Inside,Gtl,NAmes,Norm,Norm,1Fam,1Story,5,7,1971,1971,Gable,CompShg,Plywood,Plywood,BrkFace,178.0,TA,TA,CBlock,500.0,0.0,1043.0,GasA,Ex,Y,SBrkr,1050,0,0,1050,1.0,0.0,1,1,3,1,TA,6,Typ,0,1971.0,1.0,336.0,Y,0,0,0,0,0,0,0,7,2009,WD ,Normal,143000,0,0,0,0,1,1,2,5,3,0,6,1,1,0,3,,2,1
397,20,RL,60.0,7038,Pave,Reg,Lvl,AllPub,Inside,Gtl,NAmes,Norm,Norm,1Fam,1Story,4,6,1970,1970,Gable,CompShg,VinylSd,VinylSd,None,0.0,TA,TA,CBlock,726.0,0.0,864.0,GasA,TA,Y,SBrkr,864,0,0,864,1.0,0.0,1,0,3,1,TA,5,Typ,0,2001.0,2.0,576.0,Y,210,0,0,0,0,0,0,9,2009,WD ,Abnorml,76500,0,0,1,0,3,1,5,5,3,0,6,1,5,0,3,,5,3
398,20,RL,60.0,6960,Pave,Reg,Lvl,AllPub,Inside,Gtl,NAmes,Norm,Norm,1Fam,1Story,4,6,1970,1970,Gable,CompShg,HdBoard,Plywood,None,0.0,TA,TA,CBlock,375.0,239.0,864.0,GasA,TA,Y,SBrkr,864,0,0,864,0.0,0.0,1,0,3,1,Gd,5,Typ,0,1989.0,2.0,660.0,Y,96,0,0,0,0,0,500,11,2009,WD ,Normal,120500,0,0,0,1,3,1,5,5,3,0,1,1,5,0,3,,5,3
399,20,RL,70.0,8120,Pave,Reg,Lvl,AllPub,Inside,Gtl,NAmes,Norm,Norm,1Fam,1Story,4,7,1970,1970,Gable,CompShg,MetalSd,MetalSd,None,0.0,TA,Gd,CBlock,191.0,0.0,864.0,GasA,Ex,Y,SBrkr,864,0,0,864,0.0,0.0,1,0,3,1,TA,5,Typ,0,1994.0,2.0,463.0,Y,0,0,0,0,0,0,0,7,2009,WD ,Normal,124500,0,0,0,0,3,1,5,5,3,0,6,1,5,0,3,,5,3
400,20,RL,70.0,10500,Pave,Reg,Lvl,AllPub,FR2,Gtl,NAmes,Norm,Norm,1Fam,1Story,4,6,1971,1971,Gable,CompShg,HdBoard,HdBoard,None,0.0,TA,TA,CBlock,524.0,180.0,864.0,GasA,Gd,Y,SBrkr,864,0,0,864,0.0,0.0,1,0,2,1,TA,4,Typ,0,1989.0,2.0,576.0,Y,216,0,0,0,0,0,0,3,2009,WD ,Abnorml,97000,0,0,0,0,3,1,5,5,3,0,3,1,5,0,3,,5,3
401,20,RL,60.0,9000,Pave,Reg,Lvl,AllPub,FR2,Gtl,NAmes,Norm,Norm,1Fam,1Story,4,7,1971,2006,Gable,CompShg,VinylSd,VinylSd,None,0.0,TA,Gd,CBlock,240.0,0.0,864.0,GasA,Gd,Y,SBrkr,864,0,0,864,0.0,0.0,1,0,3,1,TA,5,Typ,0,1986.0,2.0,576.0,Y,200,0,0,0,0,0,0,7,2009,WD ,Normal,130000,0,0,1,0,3,1,5,5,3,0,6,1,5,0,3,,5,3
402,160,RM,21.0,1680,Pave,Reg,Lvl,AllPub,Inside,Gtl,BrDale,Norm,Norm,Twnhs,2Story,6,5,1973,1973,Gable,CompShg,HdBoard,HdBoard,BrkFace,504.0,TA,TA,CBlock,254.0,0.0,483.0,GasA,TA,Y,SBrkr,483,504,0,987,1.0,0.0,1,1,2,1,TA,5,Typ,0,1973.0,1.0,264.0,Y,0,0,0,0,0,0,0,7,2009,WD ,Normal,111000,0,0,0,0,1,1,5,5,3,1,6,1,5,0,3,,5,1
403,160,RM,24.0,2368,Pave,Reg,Lvl,AllPub,Inside,Gtl,BrDale,Norm,Norm,TwnhsE,2Story,5,6,1970,1970,Gable,CompShg,HdBoard,HdBoard,Unknown,312.0,TA,TA,CBlock,765.0,0.0,765.0,GasA,TA,Y,SBrkr,765,600,0,1365,0.0,0.0,1,1,3,1,TA,7,Min1,0,1970.0,2.0,440.0,Y,0,36,0,0,0,0,0,5,2009,WD ,Normal,125000,0,0,0,0,5,1,5,5,3,3,6,1,1,0,3,,5,5
404,160,RM,21.0,1680,Pave,Reg,Lvl,AllPub,Inside,Gtl,BrDale,Norm,Norm,Twnhs,2Story,5,5,1971,1971,Gable,CompShg,HdBoard,HdBoard,BrkFace,142.0,TA,TA,CBlock,0.0,0.0,630.0,GasA,TA,Y,SBrkr,630,672,0,1302,0.0,0.0,2,1,3,1,TA,6,Typ,0,1991.0,1.0,280.0,Y,0,0,0,0,0,0,0,5,2009,COD,Abnorml,112000,0,0,0,0,1,1,5,5,3,6,6,1,5,0,3,,5,1
405,160,RM,21.0,1680,Pave,Reg,Lvl,AllPub,Inside,Gtl,BrDale,Norm,Norm,Twnhs,2Story,6,6,1972,1972,Gable,CompShg,HdBoard,HdBoard,BrkFace,425.0,TA,TA,CBlock,110.0,294.0,483.0,GasA,TA,Y,SBrkr,483,504,0,987,1.0,0.0,1,1,2,1,TA,5,Typ,0,1972.0,1.0,288.0,Y,0,0,0,0,0,0,0,7,2009,WD ,Normal,97000,0,0,0,0,1,1,5,5,3,5,3,1,5,0,3,,5,1
406,160,RM,21.0,1680,Pave,Reg,Lvl,AllPub,Inside,Gtl,BrDale,Norm,Norm,Twnhs,2Story,6,8,1972,2007,Gable,CompShg,HdBoard,HdBoard,BrkFace,510.0,TA,TA,CBlock,162.0,0.0,483.0,GasA,Gd,Y,SBrkr,483,504,0,987,0.0,0.0,1,1,2,1,Gd,5,Typ,0,1972.0,1.0,264.0,Y,250,0,0,0,0,0,0,5,2009,WD ,Normal,118000,0,0,0,0,1,1,5,5,3,0,6,1,5,0,3,,5,1
407,160,RM,21.0,1680,Pave,Reg,Lvl,AllPub,Inside,Gtl,BrDale,Norm,Norm,Twnhs,2Story,5,7,1972,1972,Gable,CompShg,CemntBd,CmentBd,BrkFace,268.0,TA,TA,CBlock,231.0,0.0,630.0,GasA,TA,Y,SBrkr,630,672,0,1302,0.0,0.0,2,1,3,1,TA,6,Typ,0,1972.0,1.0,264.0,Y,185,0,0,0,0,0,0,2,2009,WD ,Normal,119500,0,0,0,0,1,1,5,5,3,0,6,1,5,0,3,,5,1
408,120,RL,68.0,4928,Pave,IR1,Lvl,AllPub,Inside,Gtl,NPkVill,Norm,Norm,TwnhsE,1Story,6,6,1976,1976,Gable,CompShg,Plywood,Plywood,None,0.0,TA,TA,CBlock,958.0,0.0,958.0,GasA,TA,Y,SBrkr,958,0,0,958,0.0,0.0,2,0,2,1,TA,5,Typ,0,1976.0,2.0,440.0,Y,0,60,0,0,0,0,0,10,2009,WD ,Normal,143750,0,0,0,0,3,1,2,5,3,3,6,1,1,0,3,,2,3
409,160,RL,24.0,2308,Pave,Reg,Lvl,AllPub,FR2,Gtl,NPkVill,Norm,Norm,TwnhsE,2Story,6,5,1976,1976,Gable,CompShg,Plywood,Brk Cmn,None,0.0,TA,TA,CBlock,306.0,0.0,804.0,GasA,TA,Y,SBrkr,804,744,0,1548,0.0,0.0,2,1,3,1,TA,7,Typ,1,1976.0,2.0,440.0,Y,108,0,0,0,0,0,0,9,2009,WD ,Normal,146000,0,0,0,0,3,1,2,5,3,0,6,1,5,1,5,,2,3
410,160,RL,24.0,2280,Pave,Reg,Lvl,AllPub,FR2,Gtl,NPkVill,Norm,Norm,Twnhs,2Story,6,6,1976,1976,Gable,CompShg,Plywood,Brk Cmn,None,0.0,TA,TA,CBlock,566.0,0.0,855.0,GasA,TA,Y,SBrkr,855,601,0,1456,0.0,0.0,2,1,3,1,TA,7,Typ,1,1976.0,2.0,440.0,Y,87,0,0,0,0,0,0,7,2009,WD ,Normal,148500,0,0,0,0,3,1,2,5,3,0,6,1,1,1,5,,2,3
411,120,RL,24.0,2280,Pave,Reg,Lvl,AllPub,FR2,Gtl,NPkVill,Norm,Norm,Twnhs,1Story,7,5,1975,1975,Gable,CompShg,Plywood,Brk Cmn,None,0.0,TA,TA,CBlock,435.0,622.0,1057.0,GasA,TA,Y,SBrkr,1055,0,0,1055,0.0,1.0,2,0,2,1,TA,4,Typ,1,1975.0,2.0,440.0,Y,0,27,0,0,0,0,0,8,2009,WD ,Normal,123000,0,0,0,0,3,1,2,5,3,0,3,1,1,1,1,,2,3
412,160,RL,24.0,2308,Pave,Reg,Lvl,AllPub,Inside,Gtl,NPkVill,Norm,Norm,TwnhsE,2Story,6,5,1974,1974,Gable,CompShg,Plywood,Brk Cmn,None,0.0,TA,TA,CBlock,257.0,495.0,855.0,GasA,TA,Y,SBrkr,855,467,0,1322,0.0,1.0,2,1,3,1,TA,6,Typ,1,1974.0,2.0,440.0,Y,260,0,0,0,0,0,0,6,2009,WD ,Normal,147000,0,0,0,0,3,1,5,5,3,0,5,1,1,1,1,,5,3
413,160,RL,24.0,2349,Pave,Reg,Lvl,AllPub,Inside,Gtl,NPkVill,Norm,Norm,Twnhs,2Story,6,5,1977,1977,Gable,CompShg,Plywood,Brk Cmn,None,0.0,TA,TA,CBlock,389.0,0.0,855.0,GasA,TA,Y,SBrkr,855,601,0,1456,0.0,0.0,2,1,3,1,TA,6,Typ,1,1977.0,2.0,440.0,Y,0,28,0,0,0,0,0,5,2009,WD ,Normal,137900,0,0,0,0,3,1,2,5,3,0,6,1,1,1,5,,2,3
414,160,RL,24.0,2364,Pave,Reg,Lvl,AllPub,Inside,Gtl,NPkVill,Norm,Norm,TwnhsE,2Story,6,5,1978,1978,Gable,CompShg,Plywood,Brk Cmn,None,0.0,TA,TA,CBlock,320.0,0.0,804.0,GasA,TA,Y,SBrkr,804,744,0,1548,0.0,1.0,2,1,3,1,TA,7,Typ,1,1978.0,2.0,440.0,Y,108,0,0,0,0,0,0,7,2009,WD ,Normal,147000,0,0,0,0,3,1,2,5,3,0,6,1,5,1,5,,2,3
415,160,RL,24.0,2289,Pave,Reg,Lvl,AllPub,Inside,Gtl,NPkVill,Norm,Norm,Twnhs,2Story,6,6,1978,1978,Gable,CompShg,Plywood,Brk Cmn,None,0.0,TA,TA,CBlock,311.0,0.0,855.0,GasA,TA,Y,SBrkr,855,586,0,1441,0.0,0.0,2,1,3,1,TA,7,Typ,1,1978.0,2.0,440.0,Y,28,0,0,0,0,0,0,4,2009,WD ,Normal,148500,0,0,0,0,3,1,5,5,3,0,6,1,1,1,5,,5,3
416,160,RL,24.0,2364,Pave,Reg,Lvl,AllPub,Inside,Gtl,NPkVill,Norm,Norm,TwnhsE,2Story,6,5,1978,1978,Gable,CompShg,Plywood,Brk Cmn,None,0.0,Gd,TA,CBlock,279.0,0.0,855.0,GasA,TA,Y,SBrkr,855,601,0,1456,0.0,0.0,2,1,3,1,TA,6,Typ,1,1978.0,2.0,440.0,Y,147,0,0,0,0,0,0,4,2009,WD ,Normal,138000,0,0,0,0,3,1,2,5,3,0,6,1,1,1,5,,2,3
417,120,RL,24.0,2104,Pave,Reg,Lvl,AllPub,Inside,Gtl,NPkVill,Norm,Norm,TwnhsE,1Story,7,6,1976,1976,Gable,CompShg,Plywood,Brk Cmn,None,0.0,TA,TA,CBlock,536.0,0.0,836.0,GasA,TA,Y,SBrkr,836,0,0,836,0.0,1.0,1,0,2,1,TA,5,Typ,0,1976.0,1.0,345.0,Y,150,20,0,0,0,0,0,10,2009,WD ,Normal,128500,0,0,0,0,3,1,5,5,3,0,6,1,1,0,3,,5,3
418,20,RL,65.0,7150,Pave,Reg,Lvl,AllPub,Inside,Gtl,NAmes,Norm,Norm,1Fam,1Story,5,5,1967,1967,Gable,CompShg,HdBoard,HdBoard,BrkFace,60.0,TA,TA,CBlock,432.0,0.0,892.0,GasA,TA,Y,SBrkr,892,0,0,892,0.0,0.0,1,0,3,1,TA,5,Typ,0,1967.0,1.0,288.0,Y,0,0,0,0,0,0,0,7,2009,WD ,Normal,100000,0,0,1,0,1,1,5,5,3,1,6,1,1,0,3,,5,1
419,20,RL,68.0,10710,Pave,Reg,Lvl,AllPub,Inside,Gtl,NAmes,Norm,Norm,1Fam,1Story,5,7,1966,2004,Hip,CompShg,HdBoard,HdBoard,BrkFace,165.0,Gd,TA,PConc,644.0,0.0,864.0,GasA,Ex,Y,SBrkr,1120,0,0,1120,0.0,1.0,1,0,3,1,TA,5,Typ,1,1966.0,2.0,656.0,Y,0,162,0,0,0,0,1200,7,2009,WD ,Normal,148800,0,0,0,1,1,1,5,5,3,1,6,1,1,1,5,,5,1
420,20,RL,96.0,12456,Pave,Reg,Lvl,AllPub,FR2,Gtl,NridgHt,Norm,Norm,1Fam,1Story,10,5,2006,2007,Hip,CompShg,CemntBd,CmentBd,Stone,230.0,Ex,TA,PConc,1172.0,0.0,1700.0,GasA,Ex,Y,SBrkr,1718,0,0,1718,1.0,0.0,2,0,3,1,Ex,7,Typ,1,2008.0,3.0,786.0,Y,216,48,0,0,0,0,0,7,2009,WD ,Normal,337500,0,0,0,0,4,1,0,5,1,2,6,1,1,1,2,,0,4
421,60,RL,110.0,14257,Pave,Reg,Lvl,AllPub,Inside,Gtl,NridgHt,PosN,Norm,1Fam,2Story,9,5,2007,2007,Hip,CompShg,VinylSd,VinylSd,Stone,726.0,Ex,TA,PConc,1360.0,0.0,1776.0,GasA,Ex,Y,SBrkr,1794,978,0,2772,1.0,0.0,3,1,4,1,Ex,10,Typ,3,2007.0,3.0,754.0,Y,135,64,0,0,0,0,0,6,2009,WD ,Normal,462000,0,0,0,0,4,1,0,5,3,2,6,1,3,1,2,,0,4
422,60,RL,104.0,13518,Pave,Reg,Lvl,AllPub,Inside,Gtl,NridgHt,Norm,Norm,1Fam,2Story,9,5,2008,2009,Hip,CompShg,VinylSd,VinylSd,Stone,860.0,Ex,TA,PConc,0.0,0.0,1926.0,GasA,Ex,Y,SBrkr,1966,1174,0,3140,0.0,0.0,3,1,4,1,Ex,11,Typ,2,2009.0,3.0,820.0,Y,144,78,0,0,0,0,0,7,2009,New,Partial,485000,0,0,0,0,4,1,0,5,3,6,6,1,3,1,2,,0,4
423,20,RL,105.0,15431,Pave,Reg,Lvl,AllPub,Inside,Gtl,NridgHt,Norm,Norm,1Fam,1Story,10,5,2008,2008,Hip,CompShg,VinylSd,VinylSd,Stone,200.0,Ex,TA,PConc,1767.0,539.0,3094.0,GasA,Ex,Y,SBrkr,2402,0,0,2402,1.0,0.0,2,0,2,1,Ex,10,Typ,2,2008.0,3.0,672.0,Y,0,72,0,0,170,0,0,4,2009,WD ,Normal,555000,0,0,0,0,4,1,0,5,1,2,0,1,1,1,2,,0,4
424,20,RL,108.0,13173,Pave,IR1,Lvl,AllPub,Corner,Gtl,NridgHt,Norm,Norm,1Fam,1Story,9,5,2006,2007,Hip,CompShg,VinylSd,VinylSd,Stone,300.0,Gd,TA,PConc,1572.0,0.0,1652.0,GasA,Ex,Y,SBrkr,1652,0,0,1652,1.0,0.0,2,0,2,1,Ex,6,Typ,2,2006.0,2.0,840.0,Y,404,102,0,0,0,0,0,11,2009,WD ,Normal,325000,0,0,0,0,4,1,0,5,3,2,6,1,1,1,0,,0,4
425,20,RL,110.0,14230,Pave,Reg,Lvl,AllPub,Corner,Gtl,NridgHt,Norm,Norm,1Fam,1Story,8,5,2007,2007,Gable,CompShg,VinylSd,VinylSd,Stone,640.0,Gd,TA,PConc,0.0,0.0,1566.0,GasA,Ex,Y,SBrkr,1600,0,0,1600,0.0,0.0,2,0,3,1,Gd,7,Typ,1,2007.0,3.0,890.0,Y,0,56,0,0,0,0,0,7,2009,WD ,Normal,256300,0,0,0,0,4,1,2,5,3,6,6,1,1,1,2,,2,4
426,20,RL,98.0,12704,Pave,Reg,Lvl,AllPub,Inside,Gtl,NridgHt,Norm,Norm,1Fam,1Story,8,5,2008,2009,Hip,CompShg,VinylSd,VinylSd,BrkFace,306.0,Ex,TA,PConc,0.0,0.0,2042.0,GasA,Ex,Y,SBrkr,2042,0,0,2042,0.0,0.0,2,1,3,1,Ex,8,Typ,1,2009.0,3.0,1390.0,Y,0,90,0,0,0,0,0,8,2009,New,Partial,253293,0,0,0,0,1,1,0,5,3,6,6,1,1,1,2,,0,1
427,60,RL,95.0,12350,Pave,Reg,Lvl,AllPub,Inside,Gtl,NridgHt,Norm,Norm,1Fam,2Story,9,5,2009,2009,Gable,CompShg,VinylSd,VinylSd,None,0.0,Gd,TA,PConc,986.0,0.0,1365.0,GasA,Ex,Y,SBrkr,1365,1325,0,2690,1.0,0.0,2,1,3,1,Ex,8,Typ,1,2009.0,3.0,864.0,Y,0,197,0,0,0,0,0,7,2009,New,Partial,398800,0,0,0,0,3,1,0,5,3,2,6,1,1,1,2,,0,3
428,60,RL,96.0,11308,Pave,IR1,Lvl,AllPub,Inside,Gtl,NridgHt,Norm,Norm,1Fam,2Story,9,5,2008,2008,Gable,CompShg,VinylSd,VinylSd,Stone,154.0,Ex,TA,PConc,936.0,0.0,1104.0,GasA,Ex,Y,SBrkr,1130,1054,0,2184,1.0,0.0,2,1,3,1,Ex,10,Typ,1,2008.0,3.0,836.0,Y,0,102,0,0,0,0,0,7,2009,WD ,Normal,335000,0,0,0,0,4,1,0,5,0,2,6,1,1,1,2,,0,4
429,20,RL,95.0,12350,Pave,Reg,Lvl,AllPub,Inside,Gtl,NridgHt,Norm,Norm,1Fam,1Story,9,5,2008,2008,Hip,CompShg,VinylSd,VinylSd,Stone,450.0,Ex,TA,PConc,1232.0,0.0,2020.0,GasA,Ex,Y,SBrkr,2020,0,0,2020,1.0,0.0,2,0,3,1,Ex,7,Typ,1,2008.0,3.0,896.0,Y,192,98,0,0,0,0,0,5,2009,WD ,Normal,404000,0,0,0,0,4,1,0,5,0,2,6,1,1,1,2,,0,4
430,20,RL,94.0,12220,Pave,Reg,Lvl,AllPub,Inside,Gtl,NridgHt,Norm,Norm,1Fam,1Story,10,5,2009,2009,Hip,CompShg,CemntBd,CmentBd,BrkFace,305.0,Ex,TA,CBlock,1436.0,0.0,2006.0,GasA,Ex,Y,SBrkr,2020,0,0,2020,1.0,0.0,2,1,3,1,Ex,9,Typ,1,2009.0,3.0,900.0,Y,156,54,0,0,0,0,0,9,2009,New,Partial,402861,0,0,0,0,1,1,0,5,3,2,6,1,1,1,2,,0,1
431,60,RL,97.0,13478,Pave,IR1,Lvl,AllPub,Corner,Gtl,NridgHt,Norm,Norm,1Fam,2Story,10,5,2008,2008,Gable,CompShg,CemntBd,CmentBd,Stone,420.0,Ex,TA,PConc,1338.0,0.0,1722.0,GasA,Ex,Y,SBrkr,1728,568,0,2296,1.0,0.0,2,1,3,1,Ex,10,Typ,1,2008.0,3.0,842.0,Y,382,274,0,0,0,0,0,6,2009,ConLI,Normal,451950,0,0,0,0,4,1,0,5,1,2,6,1,3,1,2,,0,4
432,20,RL,105.0,13693,Pave,Reg,Lvl,AllPub,Inside,Gtl,NridgHt,PosA,PosA,1Fam,1Story,10,5,2007,2007,Hip,CompShg,VinylSd,VinylSd,Stone,472.0,Ex,TA,PConc,2288.0,0.0,2630.0,GasA,Ex,Y,SBrkr,2674,0,0,2674,2.0,0.0,2,1,2,1,Ex,8,Typ,2,2007.0,3.0,762.0,Y,360,50,0,0,0,0,0,3,2009,WD ,Normal,610000,0,0,0,0,4,1,0,5,1,2,6,1,1,1,2,,0,4
433,60,RL,107.0,13891,Pave,Reg,Lvl,AllPub,Inside,Gtl,NridgHt,Norm,Norm,1Fam,2Story,9,5,2008,2009,Hip,CompShg,VinylSd,VinylSd,Stone,424.0,Ex,TA,PConc,0.0,0.0,1734.0,GasA,Ex,Y,SBrkr,1734,1088,0,2822,0.0,0.0,3,1,4,1,Ex,12,Typ,1,2009.0,3.0,1020.0,Y,52,170,0,0,192,0,0,1,2009,New,Partial,582933,0,0,0,0,4,1,0,5,1,6,6,1,3,1,2,,0,4
434,20,RL,95.0,11578,Pave,Reg,Lvl,AllPub,Inside,Gtl,NridgHt,Norm,Norm,1Fam,1Story,9,5,2008,2008,Gable,CompShg,VinylSd,VinylSd,Stone,302.0,Ex,TA,PConc,0.0,0.0,1736.0,GasA,Ex,Y,SBrkr,1736,0,0,1736,0.0,0.0,2,0,3,1,Ex,7,Typ,1,2008.0,3.0,834.0,Y,319,90,0,0,0,0,0,7,2009,WD ,Normal,360000,0,0,0,0,4,1,0,5,3,6,6,1,1,1,2,,0,4
435,20,RL,129.0,16870,Pave,IR1,Lvl,AllPub,FR3,Gtl,NridgHt,Norm,Norm,1Fam,1Story,8,5,2004,2005,Hip,CompShg,VinylSd,VinylSd,BrkFace,238.0,Gd,TA,PConc,1531.0,0.0,1782.0,GasA,Ex,Y,SBrkr,1782,0,0,1782,1.0,0.0,2,0,3,1,Gd,7,Typ,2,2004.0,3.0,932.0,Y,99,82,0,0,0,0,0,4,2009,WD ,Normal,296000,0,0,0,0,1,1,0,5,1,2,6,1,1,1,2,,0,1
436,60,RL,59.0,23303,Pave,IR3,Lvl,AllPub,CulDSac,Gtl,NridgHt,Norm,Norm,1Fam,2Story,8,5,2007,2007,Gable,CompShg,VinylSd,VinylSd,Stone,20.0,Gd,TA,PConc,1230.0,0.0,1508.0,GasA,Ex,Y,SBrkr,1508,1012,0,2520,1.0,0.0,2,1,5,1,Ex,10,Typ,1,2007.0,3.0,640.0,Y,192,273,0,0,0,0,0,6,2009,WD ,Family,409900,0,0,0,0,4,1,0,5,0,2,6,1,3,1,2,,0,4
437,20,RL,87.0,11146,Pave,IR1,Lvl,AllPub,Inside,Gtl,NridgHt,Norm,Norm,1Fam,1Story,8,5,2006,2006,Gable,CompShg,VinylSd,VinylSd,Stone,250.0,Gd,TA,PConc,0.0,0.0,1709.0,GasA,Ex,Y,SBrkr,1717,0,0,1717,0.0,0.0,2,0,3,1,Gd,7,Typ,1,2006.0,3.0,908.0,Y,169,39,0,0,0,0,0,7,2009,WD ,Normal,255500,0,0,0,0,4,1,0,5,0,6,6,1,1,1,2,,0,4
438,20,RL,87.0,10367,Pave,IR1,Lvl,AllPub,Inside,Gtl,NridgHt,Norm,Norm,1Fam,1Story,9,5,2008,2008,Hip,CompShg,VinylSd,VinylSd,Stone,284.0,Ex,TA,PConc,1015.0,0.0,1739.0,GasA,Ex,Y,SBrkr,1743,0,0,1743,1.0,0.0,2,0,3,1,Ex,8,Typ,1,2008.0,3.0,927.0,Y,168,45,0,0,0,0,0,6,2009,ConLI,Normal,335000,0,0,0,0,4,1,0,5,2,2,6,1,1,1,2,,0,4
439,20,RL,76.0,9591,Pave,Reg,Lvl,AllPub,Inside,Gtl,NridgHt,Norm,Norm,1Fam,1Story,8,5,2004,2005,Hip,CompShg,VinylSd,VinylSd,BrkFace,262.0,Gd,TA,PConc,1088.0,0.0,1713.0,GasA,Ex,Y,SBrkr,1713,0,0,1713,1.0,0.0,2,0,3,1,Ex,7,Typ,1,2004.0,3.0,856.0,Y,0,26,0,0,170,0,0,1,2009,WD ,Normal,274900,0,0,0,0,1,1,0,5,0,2,6,1,1,1,2,,0,1
440,20,RL,77.0,10872,Pave,IR1,Lvl,AllPub,Inside,Gtl,NridgHt,Norm,Norm,1Fam,1Story,9,5,2006,2006,Gable,CompShg,VinylSd,VinylSd,Stone,122.0,Gd,TA,PConc,1037.0,0.0,1504.0,GasA,Ex,Y,SBrkr,1531,0,0,1531,1.0,0.0,2,0,2,1,Ex,6,Typ,1,2006.0,3.0,700.0,Y,184,52,0,0,0,0,0,2,2009,WD ,Normal,300000,0,0,0,0,4,1,0,2,0,2,6,1,1,1,2,,0,4
441,20,RL,102.0,13514,Pave,IR1,Lvl,AllPub,Corner,Gtl,NridgHt,Norm,Norm,1Fam,1Story,9,5,2008,2008,Hip,CompShg,VinylSd,VinylSd,Unknown,285.0,Ex,TA,PConc,1142.0,0.0,1774.0,GasA,Ex,Y,SBrkr,1808,0,0,1808,1.0,0.0,2,0,3,1,Ex,7,Typ,1,2008.0,3.0,850.0,Y,200,26,0,0,0,0,0,3,2009,WD ,Normal,324000,0,0,0,0,5,1,0,5,3,2,6,1,1,1,2,,0,5
442,60,RL,74.0,8834,Pave,Reg,Lvl,AllPub,Inside,Gtl,NridgHt,Norm,Norm,1Fam,2Story,9,5,2004,2005,Hip,CompShg,VinylSd,VinylSd,Stone,216.0,Gd,TA,PConc,1170.0,0.0,1462.0,GasA,Ex,Y,SBrkr,1462,762,0,2224,1.0,0.0,2,1,4,1,Ex,10,Typ,1,2004.0,3.0,738.0,Y,184,0,0,0,0,0,0,6,2009,WD ,Normal,350000,0,0,0,0,4,1,0,5,3,2,6,1,1,1,2,,0,4
443,20,RL,107.0,11362,Pave,IR1,Lvl,AllPub,Inside,Gtl,NridgHt,Norm,Norm,1Fam,1Story,8,5,2004,2005,Gable,CompShg,MetalSd,MetalSd,Stone,42.0,Gd,TA,PConc,1039.0,0.0,1836.0,GasA,Ex,Y,SBrkr,1836,0,0,1836,1.0,0.0,2,0,3,1,Gd,7,Typ,1,2004.0,3.0,862.0,Y,125,185,0,0,0,0,0,3,2009,WD ,Normal,280000,0,0,0,0,4,1,0,5,2,2,6,1,1,1,2,,0,4
444,20,RL,85.0,10655,Pave,IR1,Lvl,AllPub,Inside,Gtl,NridgHt,Norm,Norm,1Fam,1Story,8,5,2003,2004,Gable,CompShg,VinylSd,VinylSd,BrkFace,296.0,Gd,TA,PConc,1124.0,479.0,3206.0,GasA,Ex,Y,SBrkr,1629,0,0,1629,1.0,0.0,2,0,3,1,Gd,7,Typ,1,2003.0,3.0,880.0,Y,0,0,0,0,0,0,0,10,2009,WD ,Normal,284000,0,0,0,0,1,1,2,5,3,2,7,1,1,1,2,,2,1
445,20,RL,90.0,12878,Pave,IR1,Lvl,AllPub,Corner,Gtl,NridgHt,Norm,Norm,1Fam,1Story,7,5,2003,2004,Hip,CompShg,VinylSd,VinylSd,BrkFace,418.0,Gd,TA,PConc,1262.0,0.0,1760.0,GasA,Ex,Y,SBrkr,1760,0,0,1760,1.0,0.0,2,0,3,1,Gd,8,Typ,1,2003.0,2.0,583.0,Y,165,190,0,0,0,0,0,6,2009,WD ,Normal,269500,0,0,0,0,1,1,2,5,3,0,6,1,1,1,2,,2,1
446,20,RL,79.0,9541,Pave,IR1,Lvl,AllPub,Inside,Gtl,NridgHt,Norm,Norm,1Fam,1Story,7,5,2009,2009,Gable,CompShg,VinylSd,VinylSd,Stone,268.0,Gd,TA,PConc,0.0,0.0,1502.0,GasA,Ex,Y,SBrkr,1502,0,0,1502,0.0,0.0,2,0,3,1,Gd,7,Typ,0,2009.0,2.0,644.0,Y,0,114,0,0,0,0,0,9,2009,New,Partial,233170,0,0,0,0,4,1,2,5,3,6,6,1,1,0,3,,2,4
447,20,RL,103.0,13472,Pave,Reg,Lvl,AllPub,Inside,Gtl,NridgHt,Norm,Norm,1Fam,1Story,10,5,2003,2003,Hip,CompShg,VinylSd,VinylSd,BrkFace,922.0,Ex,TA,PConc,56.0,0.0,2392.0,GasA,Ex,Y,SBrkr,2392,0,0,2392,0.0,0.0,2,0,3,1,Ex,8,Typ,1,2003.0,3.0,968.0,Y,248,105,0,0,0,0,0,6,2009,WD ,Normal,386250,0,0,0,0,1,1,0,5,1,2,6,1,1,1,0,,0,1
448,20,RL,110.0,15274,Pave,IR1,Lvl,AllPub,Corner,Gtl,NridgHt,Norm,Norm,1Fam,1Story,9,5,2003,2003,Hip,CompShg,VinylSd,VinylSd,BrkFace,724.0,Gd,TA,PConc,1972.0,0.0,2452.0,GasA,Ex,Y,SBrkr,2452,0,0,2452,2.0,0.0,2,0,3,1,Ex,10,Typ,1,2003.0,3.0,886.0,Y,0,116,0,0,0,0,0,7,2009,WD ,Normal,445000,0,0,1,0,1,1,0,5,3,2,6,1,1,1,2,,0,1
449,60,RL,96.0,13262,Pave,IR1,Lvl,AllPub,Inside,Gtl,NridgHt,Norm,Norm,1Fam,2Story,8,5,2003,2004,Gable,CompShg,VinylSd,VinylSd,Stone,186.0,Gd,TA,PConc,0.0,0.0,1082.0,GasA,Ex,Y,SBrkr,1105,1295,0,2400,0.0,0.0,3,1,4,1,Gd,10,Typ,1,2003.0,3.0,730.0,Y,114,40,0,0,0,0,0,6,2009,WD ,Normal,290000,0,0,0,0,4,1,2,5,3,6,6,1,3,1,2,,2,4
450,20,RL,70.0,9658,Pave,IR1,Lvl,AllPub,Inside,Gtl,NridgHt,Norm,Norm,1Fam,1Story,8,5,2006,2006,Gable,CompShg,VinylSd,VinylSd,Stone,383.0,Gd,TA,PConc,0.0,0.0,1598.0,GasA,Gd,Y,SBrkr,1606,0,0,1606,0.0,0.0,2,0,3,1,Gd,6,Typ,1,2006.0,3.0,871.0,Y,230,60,0,0,0,0,0,7,2009,WD ,Normal,255900,0,0,0,0,4,1,2,5,3,6,6,1,1,1,2,,2,4
451,120,RL,47.0,6904,Pave,IR1,Lvl,AllPub,Inside,Gtl,NridgHt,Norm,Norm,TwnhsE,1Story,6,5,2005,2005,Gable,CompShg,VinylSd,VinylSd,Stone,240.0,Gd,TA,PConc,836.0,0.0,1358.0,GasA,Ex,Y,SBrkr,1358,0,0,1358,0.0,0.0,2,0,2,1,Gd,6,Typ,1,2005.0,2.0,484.0,Y,192,36,0,0,0,0,0,8,2009,WD ,Normal,213000,0,0,0,0,4,1,2,5,0,0,6,1,1,1,2,,2,4
452,120,RL,34.0,5381,Pave,IR1,Lvl,AllPub,Inside,Gtl,NridgHt,Norm,Norm,Twnhs,1Story,6,5,2005,2005,Gable,CompShg,VinylSd,VinylSd,Stone,135.0,Gd,TA,PConc,900.0,0.0,1306.0,GasA,Ex,Y,SBrkr,1306,0,0,1306,1.0,0.0,2,0,1,1,Gd,5,Typ,1,2005.0,2.0,624.0,Y,170,63,0,0,0,0,0,8,2009,WD ,Normal,196000,0,0,0,0,4,1,2,5,0,0,6,1,1,1,2,,2,4
453,120,RL,34.0,5122,Pave,IR1,Lvl,AllPub,Inside,Gtl,NridgHt,Norm,Norm,Twnhs,1Story,6,5,2005,2005,Gable,CompShg,VinylSd,VinylSd,Stone,135.0,Gd,TA,PConc,881.0,0.0,1306.0,GasA,Ex,Y,SBrkr,1306,0,0,1306,1.0,0.0,2,0,1,1,Gd,5,Typ,1,2005.0,2.0,624.0,Y,170,63,0,0,0,0,0,3,2009,WD ,Normal,184500,0,0,0,0,4,1,2,5,0,2,6,1,1,1,2,,2,4
454,120,RL,80.0,10307,Pave,IR1,Lvl,AllPub,Inside,Gtl,NridgHt,Norm,Norm,TwnhsE,1Story,7,5,2007,2008,Gable,CompShg,VinylSd,VinylSd,Stone,176.0,Gd,TA,PConc,876.0,0.0,1350.0,GasA,Ex,Y,SBrkr,1358,0,0,1358,1.0,0.0,2,0,2,1,Gd,6,Typ,1,2008.0,2.0,484.0,Y,192,26,0,0,0,0,0,5,2009,WD ,Normal,212500,0,0,0,0,4,1,2,5,3,2,6,1,1,1,2,,2,4
455,120,RL,34.0,5001,Pave,IR1,Lvl,AllPub,Inside,Gtl,NridgHt,Norm,Norm,Twnhs,1Story,7,5,2007,2008,Gable,CompShg,VinylSd,VinylSd,Stone,166.0,Gd,TA,PConc,904.0,0.0,1314.0,GasA,Ex,Y,SBrkr,1314,0,0,1314,1.0,0.0,2,0,2,1,Gd,6,Typ,1,2008.0,2.0,626.0,Y,172,62,0,0,0,0,0,7,2009,WD ,Normal,230000,0,0,0,0,4,1,2,5,3,2,6,1,1,1,2,,2,4
456,20,RL,100.0,14836,Pave,IR1,HLS,AllPub,Inside,Mod,NridgHt,Norm,Norm,1Fam,1Story,10,5,2004,2005,Hip,CompShg,CemntBd,CmentBd,Stone,730.0,Ex,TA,PConc,2146.0,0.0,2492.0,GasA,Ex,Y,SBrkr,2492,0,0,2492,1.0,0.0,2,1,2,1,Ex,8,Typ,1,2004.0,3.0,949.0,Y,226,235,0,0,0,0,0,2,2009,WD ,Abnorml,552000,0,0,0,0,4,1,0,5,1,2,6,1,1,1,0,,0,4
457,20,RL,117.0,15262,Pave,IR1,Lvl,AllPub,Corner,Gtl,NridgHt,Norm,Norm,1Fam,1Story,8,5,2003,2004,Hip,CompShg,VinylSd,VinylSd,BrkFace,470.0,Gd,TA,PConc,1557.0,0.0,2200.0,GasA,Ex,Y,SBrkr,2200,0,0,2200,1.0,0.0,2,1,3,1,Ex,8,Typ,1,2003.0,3.0,685.0,Y,208,55,0,0,0,0,0,7,2009,WD ,Normal,382500,0,0,0,0,1,1,0,5,1,2,6,1,1,1,2,,0,1
458,120,RL,44.0,7390,Pave,IR1,Lvl,AllPub,Inside,Gtl,NridgHt,Norm,Norm,TwnhsE,1Story,9,5,2008,2009,Hip,CompShg,MetalSd,MetalSd,BrkFace,308.0,Ex,TA,PConc,800.0,0.0,1884.0,GasA,Ex,Y,SBrkr,1884,0,0,1884,1.0,0.0,2,0,2,1,Ex,6,Typ,1,2008.0,2.0,649.0,Y,231,90,0,0,0,0,0,5,2009,New,Partial,320000,0,0,0,0,1,1,0,5,3,2,6,1,1,1,2,,0,1
459,120,RL,48.0,6472,Pave,Reg,Lvl,AllPub,Inside,Gtl,NridgHt,Norm,Norm,TwnhsE,1Story,9,5,2008,2008,Hip,CompShg,VinylSd,VinylSd,BrkFace,500.0,Ex,TA,PConc,0.0,0.0,1451.0,GasA,Ex,Y,SBrkr,1456,0,0,1456,0.0,0.0,2,0,2,1,Ex,6,Typ,1,2008.0,2.0,539.0,Y,192,42,0,0,0,0,0,4,2009,WD ,Normal,248500,0,0,0,0,1,1,0,5,3,6,6,1,1,1,2,,0,1
460,20,RL,129.0,16770,Pave,Reg,Lvl,AllPub,Corner,Gtl,NridgHt,Norm,Norm,1Fam,1Story,8,5,2002,2003,Hip,CompShg,VinylSd,VinylSd,BrkFace,270.0,Gd,TA,PConc,1196.0,0.0,1712.0,GasA,Ex,Y,SBrkr,1712,0,0,1712,1.0,0.0,2,0,3,1,Gd,8,Typ,1,2002.0,3.0,701.0,Y,218,183,0,0,0,0,0,9,2009,WD ,Normal,286500,0,0,0,0,1,1,0,5,1,2,6,1,1,1,2,,0,1
461,120,RL,48.0,6240,Pave,Reg,Lvl,AllPub,Inside,Gtl,NridgHt,Norm,Norm,TwnhsE,1Story,8,5,2006,2006,Hip,CompShg,MetalSd,MetalSd,BrkFace,176.0,Gd,TA,PConc,863.0,0.0,1324.0,GasA,Ex,Y,SBrkr,1324,0,0,1324,1.0,0.0,2,0,2,1,Gd,6,Typ,1,2006.0,2.0,550.0,Y,192,38,0,0,0,0,0,12,2009,WD ,Normal,254000,0,0,0,0,1,1,2,5,3,2,6,1,1,1,2,,2,1
462,120,RL,48.0,3480,Pave,Reg,Lvl,AllPub,Inside,Gtl,NridgHt,Norm,Norm,TwnhsE,1Story,7,5,2003,2003,Gable,CompShg,VinylSd,VinylSd,Stone,163.0,Gd,TA,PConc,0.0,0.0,1405.0,GasA,Ex,Y,SBrkr,1405,0,0,1405,0.0,0.0,2,0,2,1,Gd,6,Typ,1,2003.0,2.0,478.0,Y,148,36,0,0,0,0,0,11,2009,WD ,Normal,173000,0,0,0,0,4,1,2,5,3,6,6,1,1,1,5,,2,4
463,160,RL,36.0,2268,Pave,Reg,Lvl,AllPub,Inside,Gtl,NridgHt,Norm,Norm,Twnhs,2Story,7,5,2003,2004,Gable,CompShg,VinylSd,Wd Shng,Stone,106.0,Gd,TA,PConc,567.0,0.0,764.0,GasA,Ex,Y,SBrkr,764,862,0,1626,0.0,0.0,2,0,2,1,Gd,6,Typ,0,2003.0,2.0,474.0,Y,0,27,0,0,0,0,0,7,2009,WD ,Normal,173000,0,0,0,0,4,1,2,5,3,2,6,1,3,0,3,,2,4
464,60,RL,63.0,10928,Pave,Reg,Lvl,AllPub,Inside,Gtl,Gilbert,RRAn,Norm,1Fam,2Story,7,5,2005,2005,Gable,CompShg,VinylSd,VinylSd,None,0.0,Gd,TA,PConc,0.0,0.0,728.0,GasA,Ex,Y,SBrkr,728,728,0,1456,0.0,0.0,2,1,3,1,Gd,8,Typ,1,2005.0,2.0,390.0,Y,100,0,0,0,0,0,0,6,2009,WD ,Normal,184000,0,0,0,0,3,1,2,2,3,6,6,1,1,1,2,,2,3
465,60,RL,57.0,8918,Pave,IR1,Lvl,AllPub,Inside,Gtl,Gilbert,Norm,Norm,1Fam,2Story,6,5,2005,2006,Gable,CompShg,VinylSd,VinylSd,None,0.0,Gd,TA,PConc,0.0,0.0,745.0,GasA,Ex,Y,SBrkr,745,745,0,1490,0.0,0.0,2,1,3,1,Gd,7,Typ,1,2005.0,2.0,392.0,Y,36,20,0,0,0,0,0,7,2009,WD ,Normal,167800,0,0,0,0,3,1,2,5,0,6,6,1,1,1,2,,2,3
466,60,RL,149.0,12589,Pave,IR2,Lvl,AllPub,Inside,Gtl,Gilbert,Norm,Norm,1Fam,2Story,6,5,2005,2005,Gable,CompShg,VinylSd,VinylSd,None,0.0,Gd,TA,PConc,0.0,0.0,742.0,GasA,Ex,Y,SBrkr,742,742,0,1484,0.0,0.0,2,1,3,1,Gd,8,Typ,1,2005.0,2.0,390.0,Y,36,24,0,0,0,0,0,6,2009,WD ,Normal,174000,0,0,0,0,3,1,2,5,3,6,6,1,1,1,2,,2,3
467,60,RL,122.0,11911,Pave,IR2,Lvl,AllPub,Inside,Gtl,Gilbert,Norm,Norm,1Fam,2Story,6,5,2005,2005,Gable,CompShg,VinylSd,VinylSd,None,0.0,Gd,TA,PConc,0.0,0.0,684.0,GasA,Ex,Y,SBrkr,684,876,0,1560,0.0,0.0,2,1,3,1,Gd,6,Typ,1,2005.0,2.0,400.0,Y,100,38,0,0,0,0,0,3,2009,WD ,Normal,174000,0,0,0,0,3,1,2,5,0,6,6,1,3,1,2,,2,3
468,120,RL,53.0,3684,Pave,Reg,Lvl,AllPub,Inside,Gtl,Blmngtn,Norm,Norm,TwnhsE,1Story,7,5,2007,2007,Hip,CompShg,VinylSd,VinylSd,BrkFace,130.0,Gd,TA,PConc,0.0,0.0,1373.0,GasA,Ex,Y,SBrkr,1555,0,0,1555,0.0,0.0,2,0,2,1,Gd,7,Typ,1,2007.0,3.0,660.0,Y,143,20,0,0,0,0,0,6,2009,WD ,Normal,174000,0,0,0,0,1,1,2,5,3,6,6,1,1,1,5,,2,1
469,120,RL,51.0,3635,Pave,Reg,Lvl,AllPub,Inside,Gtl,Blmngtn,Norm,Norm,TwnhsE,1Story,7,5,2007,2007,Hip,CompShg,VinylSd,VinylSd,BrkFace,130.0,Gd,TA,PConc,988.0,0.0,1386.0,GasA,Ex,Y,SBrkr,1569,0,0,1569,0.0,1.0,2,0,1,1,Gd,7,Typ,1,2007.0,3.0,660.0,Y,143,20,0,0,0,0,0,5,2009,WD ,Normal,175900,0,0,0,0,1,1,2,5,3,0,6,1,1,1,5,,2,1
470,120,RL,43.0,3182,Pave,Reg,Lvl,AllPub,Inside,Gtl,Blmngtn,Norm,Norm,TwnhsE,1Story,7,5,2005,2006,Gable,CompShg,VinylSd,VinylSd,BrkFace,16.0,Gd,TA,PConc,16.0,0.0,1373.0,GasA,Ex,Y,SBrkr,1555,0,0,1555,0.0,0.0,2,0,2,1,Gd,7,Typ,1,2005.0,2.0,430.0,Y,143,20,0,0,0,0,0,5,2009,WD ,Normal,192500,0,0,0,0,1,1,2,5,0,2,6,1,1,1,5,,2,1
471,120,RL,43.0,3182,Pave,Reg,Lvl,AllPub,Inside,Gtl,Blmngtn,Norm,Norm,TwnhsE,1Story,7,5,2005,2006,Gable,CompShg,VinylSd,VinylSd,BrkFace,16.0,Gd,TA,PConc,16.0,0.0,1346.0,GasA,Ex,Y,SBrkr,1504,0,0,1504,0.0,0.0,2,0,1,1,Gd,7,Typ,1,2005.0,2.0,457.0,Y,156,0,0,0,0,0,0,5,2009,WD ,Normal,181000,0,0,0,0,1,1,2,5,3,2,6,1,1,1,2,,2,1
472,120,RL,43.0,3182,Pave,Reg,Lvl,AllPub,Inside,Gtl,Blmngtn,Norm,Norm,TwnhsE,1Story,7,5,2005,2006,Gable,CompShg,VinylSd,VinylSd,BrkFace,16.0,Gd,TA,PConc,16.0,0.0,1220.0,GasA,Ex,Y,SBrkr,1220,0,0,1220,0.0,0.0,2,0,2,1,Gd,5,Typ,1,2005.0,2.0,397.0,Y,100,16,0,0,0,0,0,8,2009,WD ,Normal,180000,0,0,0,0,1,1,2,5,0,2,6,1,1,1,2,,2,1
473,120,RL,43.0,3182,Pave,Reg,Lvl,AllPub,Inside,Gtl,Blmngtn,Norm,Norm,TwnhsE,1Story,7,5,2005,2006,Gable,CompShg,VinylSd,VinylSd,BrkFace,11.0,Gd,TA,PConc,16.0,0.0,1145.0,GasA,Ex,Y,SBrkr,1145,0,0,1145,0.0,0.0,2,0,2,1,Gd,5,Typ,1,2005.0,2.0,397.0,Y,100,16,0,0,0,0,0,9,2009,WD ,Normal,160200,0,0,0,0,1,1,2,5,3,2,6,1,1,1,2,,2,1
474,60,RL,71.0,7795,Pave,IR1,Lvl,AllPub,Inside,Gtl,Gilbert,Norm,Norm,1Fam,2Story,7,5,2004,2005,Gable,CompShg,VinylSd,VinylSd,None,0.0,Gd,TA,PConc,425.0,0.0,716.0,GasA,Ex,Y,SBrkr,716,716,0,1432,1.0,0.0,2,1,3,1,Gd,6,Typ,1,2004.0,2.0,432.0,Y,100,51,0,0,0,0,0,7,2009,WD ,Normal,188500,0,0,0,0,3,1,2,5,3,2,6,1,1,1,2,,2,3
475,60,RL,68.0,8068,Pave,IR1,Lvl,AllPub,Inside,Gtl,Gilbert,Norm,Norm,1Fam,2Story,6,5,2002,2002,Gable,CompShg,VinylSd,VinylSd,None,0.0,Gd,TA,PConc,0.0,0.0,1010.0,GasA,Ex,Y,SBrkr,1010,1257,0,2267,0.0,0.0,2,1,4,1,Gd,8,Typ,1,2002.0,2.0,390.0,Y,120,46,0,0,0,0,0,12,2009,ConLI,Normal,200000,0,0,0,0,3,1,2,5,3,6,6,1,3,1,5,,2,3
476,80,RL,59.0,9434,Pave,IR1,Lvl,AllPub,Inside,Gtl,Gilbert,Norm,Norm,1Fam,SLvl,7,5,2004,2005,Gable,CompShg,WdShing,Wd Shng,None,0.0,Gd,TA,PConc,0.0,0.0,384.0,GasA,Ex,Y,SBrkr,744,630,0,1374,0.0,0.0,2,1,3,1,Gd,6,Typ,1,2004.0,2.0,400.0,Y,100,0,0,0,0,0,0,8,2009,WD ,Normal,170000,0,0,0,0,3,1,2,5,2,6,6,1,3,1,2,,2,3
477,60,RL,62.0,7984,Pave,IR1,Lvl,AllPub,Inside,Gtl,Gilbert,Norm,Norm,1Fam,2Story,7,5,2004,2005,Gable,CompShg,VinylSd,VinylSd,BrkFace,200.0,Gd,TA,PConc,0.0,0.0,868.0,GasA,Ex,Y,SBrkr,868,762,0,1630,0.0,0.0,2,1,3,1,Gd,7,Typ,1,2004.0,2.0,436.0,Y,120,48,0,0,0,0,0,9,2009,WD ,Normal,189500,0,0,0,0,1,1,2,5,3,6,6,1,3,1,2,,2,1
478,80,RL,68.0,7750,Pave,Reg,Lvl,AllPub,Inside,Gtl,Gilbert,Norm,Norm,1Fam,SLvl,8,5,2002,2002,Hip,CompShg,VinylSd,VinylSd,None,0.0,Gd,TA,PConc,353.0,0.0,408.0,GasA,Ex,Y,SBrkr,779,640,0,1419,1.0,0.0,2,1,3,1,Gd,7,Typ,1,2002.0,2.0,527.0,Y,120,0,0,0,0,0,0,3,2009,WD ,Normal,184100,0,0,0,0,3,1,2,5,3,2,6,1,3,1,5,,2,3
479,60,RL,61.0,10125,Pave,IR1,Lvl,AllPub,Inside,Gtl,Gilbert,Norm,Norm,1Fam,2Story,7,5,2004,2004,Gable,CompShg,VinylSd,VinylSd,None,0.0,Gd,TA,PConc,0.0,0.0,846.0,GasA,Ex,Y,SBrkr,846,748,0,1594,0.0,0.0,2,1,3,1,Gd,7,Typ,1,2004.0,2.0,434.0,Y,300,48,0,0,0,0,0,7,2009,WD ,Normal,195500,0,0,1,0,3,1,2,5,2,6,6,1,1,1,2,,2,3
480,60,RL,68.0,8965,Pave,IR1,Lvl,AllPub,Inside,Gtl,Gilbert,Norm,Norm,1Fam,2Story,7,5,2003,2003,Gable,CompShg,VinylSd,VinylSd,None,0.0,Gd,TA,PConc,652.0,0.0,782.0,GasA,Ex,Y,SBrkr,806,683,0,1489,1.0,0.0,2,1,3,1,Gd,8,Typ,1,2003.0,2.0,400.0,Y,0,75,0,0,0,0,0,6,2009,WD ,Normal,192000,0,0,0,0,3,1,2,5,3,2,6,1,1,1,2,,2,3
481,60,RL,68.0,8174,Pave,IR1,Lvl,AllPub,Inside,Gtl,Gilbert,Norm,Norm,1Fam,2Story,7,5,2003,2003,Gable,CompShg,VinylSd,VinylSd,None,0.0,Gd,TA,PConc,494.0,0.0,698.0,GasA,Ex,Y,SBrkr,698,644,0,1342,1.0,0.0,2,1,3,1,Gd,7,Typ,1,2003.0,2.0,393.0,Y,100,56,0,0,0,0,0,5,2009,WD ,Normal,178000,0,0,0,0,3,1,2,5,3,2,6,1,1,1,5,,2,3
482,120,RL,34.0,5063,Pave,Reg,Lvl,AllPub,Inside,Gtl,NridgHt,Norm,Norm,Twnhs,1Story,7,5,2007,2008,Gable,CompShg,VinylSd,VinylSd,Stone,166.0,Gd,TA,PConc,904.0,0.0,1314.0,GasA,Ex,Y,SBrkr,1314,0,0,1314,1.0,0.0,2,0,2,1,Gd,6,Typ,1,2008.0,2.0,626.0,Y,172,62,0,0,0,0,0,4,2009,ConLw,Normal,207500,0,0,0,0,4,1,2,5,3,2,6,1,1,1,2,,2,4
483,60,RL,68.0,8795,Pave,IR1,Lvl,AllPub,Inside,Gtl,Gilbert,Norm,Norm,1Fam,2Story,7,5,2000,2000,Gable,CompShg,VinylSd,VinylSd,None,0.0,Gd,TA,PConc,300.0,0.0,952.0,GasA,Ex,Y,SBrkr,980,1276,0,2256,0.0,0.0,2,1,4,1,Gd,8,Typ,1,2000.0,2.0,554.0,Y,224,54,0,0,0,0,0,4,2009,WD ,Normal,236000,0,0,0,0,3,1,2,5,3,2,6,1,3,1,5,,2,3
485,60,RL,68.0,12224,Pave,IR1,Lvl,AllPub,Corner,Gtl,Gilbert,Norm,Norm,1Fam,2Story,6,5,2000,2000,Gable,CompShg,VinylSd,VinylSd,BrkFace,40.0,Gd,TA,PConc,695.0,0.0,992.0,GasA,Ex,Y,SBrkr,1022,1032,0,2054,1.0,0.0,2,1,3,1,Gd,7,Typ,1,2000.0,2.0,390.0,Y,24,48,0,0,0,0,0,7,2009,WD ,Normal,244000,0,0,0,0,1,1,2,5,3,2,6,1,3,1,5,,2,1
486,80,RL,61.0,9734,Pave,IR1,Lvl,AllPub,Inside,Gtl,Gilbert,RRAn,Norm,1Fam,SLvl,7,5,2004,2004,Gable,CompShg,VinylSd,VinylSd,None,0.0,Gd,TA,PConc,241.0,113.0,384.0,GasA,Ex,Y,SBrkr,744,630,0,1374,0.0,0.0,2,1,3,1,Gd,7,Typ,0,2004.0,2.0,400.0,Y,0,0,0,0,0,0,0,5,2009,WD ,Normal,167000,0,0,0,0,3,1,2,5,2,2,5,1,3,0,3,,2,3
487,60,RL,60.0,8123,Pave,IR1,Lvl,AllPub,Inside,Gtl,Gilbert,RRAn,Norm,1Fam,2Story,6,5,2000,2000,Gable,CompShg,VinylSd,VinylSd,BrkFace,16.0,TA,TA,PConc,0.0,0.0,982.0,GasA,Ex,Y,SBrkr,1007,793,0,1800,0.0,0.0,2,1,3,1,TA,7,Typ,1,2000.0,2.0,463.0,Y,100,63,0,0,0,0,0,6,2009,WD ,Normal,179000,0,0,0,0,1,1,2,5,3,6,6,1,1,1,5,,2,1
488,60,RL,42.0,8433,Pave,IR1,Lvl,AllPub,Inside,Gtl,Gilbert,Norm,Norm,1Fam,2Story,6,5,2000,2000,Gable,CompShg,VinylSd,VinylSd,None,0.0,TA,TA,PConc,683.0,0.0,794.0,GasA,Ex,Y,SBrkr,819,695,0,1514,1.0,0.0,2,1,3,1,TA,7,Typ,1,2000.0,2.0,394.0,Y,0,72,0,0,0,0,0,6,2009,WD ,Normal,190000,0,0,0,0,3,1,2,5,3,2,6,1,1,1,5,,2,3
489,80,RL,62.0,7750,Pave,Reg,Lvl,AllPub,Inside,Gtl,Gilbert,Norm,Norm,1Fam,SLvl,7,5,1999,2000,Gable,CompShg,VinylSd,VinylSd,None,0.0,TA,TA,PConc,0.0,0.0,384.0,GasA,Ex,Y,SBrkr,774,656,0,1430,0.0,0.0,2,1,3,1,TA,7,Typ,1,1999.0,2.0,400.0,Y,0,0,0,0,0,0,0,3,2009,WD ,Normal,156000,0,0,0,0,3,1,2,5,3,6,6,1,3,1,5,,2,3
490,60,RL,68.0,15896,Pave,IR2,Lvl,AllPub,CulDSac,Gtl,Gilbert,RRNn,Norm,1Fam,2Story,7,5,1999,1999,Gable,CompShg,VinylSd,VinylSd,BrkFace,210.0,Gd,TA,PConc,913.0,0.0,1177.0,GasA,Ex,Y,SBrkr,1223,1089,0,2312,1.0,0.0,2,1,4,1,Gd,8,Typ,1,1999.0,3.0,658.0,Y,298,0,0,0,0,0,0,5,2009,WD ,Normal,245000,0,0,0,0,1,1,2,5,3,0,6,1,3,1,5,,2,1
491,60,RL,68.0,24682,Pave,IR3,Lvl,AllPub,CulDSac,Gtl,Gilbert,RRAn,Norm,1Fam,2Story,6,5,1999,1999,Gable,CompShg,VinylSd,VinylSd,None,0.0,TA,TA,PConc,0.0,0.0,841.0,GasA,Ex,Y,SBrkr,892,783,0,1675,0.0,0.0,2,1,3,1,TA,7,Typ,1,1999.0,2.0,502.0,Y,0,103,0,0,0,0,0,6,2009,WD ,Normal,181000,0,0,0,0,3,1,2,5,3,6,6,1,3,1,5,,2,3
492,60,RL,68.0,8755,Pave,IR1,Lvl,AllPub,FR2,Gtl,Gilbert,RRNn,Norm,1Fam,2Story,7,5,1999,1999,Gable,CompShg,VinylSd,VinylSd,BrkFace,298.0,Gd,TA,PConc,772.0,0.0,992.0,GasA,Ex,Y,SBrkr,1022,1038,0,2060,1.0,0.0,2,1,3,1,Gd,8,Typ,1,1999.0,2.0,390.0,Y,0,0,0,168,0,0,0,6,2009,WD ,Normal,214000,0,0,1,0,1,1,2,5,3,0,6,1,3,1,5,,2,1
493,80,RL,64.0,7848,Pave,IR1,Lvl,AllPub,Inside,Gtl,Gilbert,Norm,Norm,1Fam,SLvl,7,6,1999,1999,Gable,CompShg,VinylSd,VinylSd,None,0.0,TA,TA,PConc,0.0,0.0,384.0,GasA,Ex,Y,SBrkr,774,656,0,1430,0.0,0.0,2,1,3,1,TA,7,Typ,1,1999.0,2.0,410.0,Y,0,0,0,0,0,0,0,6,2009,WD ,Normal,168000,0,0,0,0,3,1,5,5,3,6,6,1,3,1,5,,5,3
494,60,RL,82.0,9430,Pave,Reg,Lvl,AllPub,Inside,Gtl,NoRidge,Norm,Norm,1Fam,2Story,8,5,1999,1999,Gable,CompShg,VinylSd,VinylSd,BrkFace,673.0,Gd,TA,PConc,1163.0,0.0,1252.0,GasA,Ex,Y,SBrkr,1268,1097,0,2365,1.0,0.0,2,1,3,1,Gd,8,Typ,1,1999.0,3.0,856.0,Y,0,128,0,0,180,0,0,7,2009,WD ,Normal,337000,0,0,0,0,1,1,2,5,2,2,6,1,1,1,2,,2,1
495,60,RL,174.0,15138,Pave,IR1,Lvl,AllPub,Inside,Gtl,NoRidge,Norm,Norm,1Fam,2Story,8,5,1995,1996,Gable,CompShg,VinylSd,VinylSd,BrkFace,506.0,Gd,TA,PConc,689.0,0.0,1462.0,GasA,Ex,Y,SBrkr,1490,1304,0,2794,1.0,0.0,2,1,4,1,Ex,9,Typ,1,1995.0,3.0,810.0,Y,0,146,202,0,0,0,0,7,2009,WD ,Normal,403000,0,0,0,0,1,1,2,5,3,2,6,1,1,1,5,,2,1
496,60,RL,106.0,12720,Pave,Reg,Lvl,AllPub,Inside,Gtl,NoRidge,Norm,Norm,1Fam,2Story,8,5,2000,2000,Gable,CompShg,VinylSd,VinylSd,BrkFace,150.0,Gd,TA,PConc,1173.0,0.0,1455.0,GasA,Ex,Y,SBrkr,1466,1221,0,2687,1.0,0.0,2,1,4,1,Gd,10,Typ,2,2000.0,3.0,810.0,Y,252,30,0,0,0,0,0,9,2009,WD ,Normal,327000,0,0,0,0,1,1,2,5,2,2,6,1,3,1,5,,2,1
497,60,RL,68.0,16545,Pave,IR1,Lvl,AllPub,Inside,Gtl,NoRidge,Norm,Norm,1Fam,2Story,8,5,1998,1998,Gable,CompShg,VinylSd,VinylSd,BrkFace,731.0,Gd,TA,PConc,781.0,0.0,1284.0,GasA,Ex,Y,SBrkr,1310,1140,0,2450,1.0,0.0,2,1,3,1,Gd,7,Typ,1,1998.0,3.0,1069.0,Y,0,126,0,0,0,0,0,5,2009,WD ,Normal,340000,0,0,0,0,1,1,2,5,2,2,6,1,1,1,5,,2,1
498,60,RL,98.0,12203,Pave,IR1,Lvl,AllPub,Corner,Gtl,NoRidge,Norm,Norm,1Fam,2Story,8,5,1998,1999,Hip,CompShg,VinylSd,VinylSd,BrkFace,975.0,Gd,TA,PConc,854.0,0.0,1225.0,GasA,Ex,Y,SBrkr,1276,1336,0,2612,1.0,0.0,2,1,4,1,Gd,8,Typ,1,1998.0,3.0,676.0,Y,250,0,0,0,0,0,0,7,2009,WD ,Normal,336000,0,0,0,0,1,1,2,5,3,2,6,1,1,1,5,,2,1
499,60,RL,79.0,10208,Pave,IR1,Lvl,AllPub,Inside,Gtl,NoRidge,Norm,Norm,1Fam,2Story,7,5,1996,1997,Gable,CompShg,VinylSd,VinylSd,BrkFace,921.0,Gd,TA,PConc,0.0,0.0,1264.0,GasA,Ex,Y,SBrkr,1277,1067,0,2344,0.0,0.0,2,1,3,1,Gd,7,Typ,1,1996.0,3.0,889.0,Y,220,0,0,0,0,0,0,7,2009,WD ,Normal,265000,0,0,0,0,1,1,2,5,3,6,6,1,1,1,5,,2,1
500,20,RL,68.0,10750,Pave,IR1,Lvl,AllPub,CulDSac,Gtl,NoRidge,Norm,Norm,1Fam,1Story,8,5,1994,1995,Hip,CompShg,Wd Sdng,Wd Sdng,BrkFace,634.0,Gd,TA,PConc,236.0,1526.0,2024.0,GasA,Ex,Y,SBrkr,2063,0,0,2063,1.0,0.0,2,0,3,1,Gd,7,Typ,2,1994.0,3.0,815.0,Y,182,56,0,0,0,0,0,6,2009,WD ,Normal,315000,0,0,0,0,1,1,2,5,0,1,2,1,1,1,2,,2,1
501,60,RL,90.0,9900,Pave,Reg,Low,AllPub,Inside,Mod,NoRidge,Norm,Norm,1Fam,2Story,7,5,1993,1993,Gable,CompShg,HdBoard,HdBoard,BrkFace,256.0,Gd,TA,PConc,987.0,0.0,1347.0,GasA,Ex,Y,SBrkr,1372,1274,0,2646,1.0,0.0,2,1,4,1,Gd,9,Typ,1,1993.0,3.0,656.0,Y,340,60,144,0,0,0,0,4,2009,WD ,Normal,260000,0,0,0,0,1,1,2,5,1,2,6,1,1,1,5,,2,1
502,60,RL,79.0,9085,Pave,Reg,Lvl,AllPub,Inside,Gtl,NoRidge,Norm,Norm,1Fam,2Story,7,5,1995,1996,Gable,CompShg,VinylSd,VinylSd,BrkFace,286.0,Gd,TA,PConc,816.0,0.0,1070.0,GasA,Ex,Y,SBrkr,1094,967,0,2061,1.0,0.0,2,1,3,1,Gd,7,Typ,1,1995.0,2.0,647.0,Y,296,102,209,0,0,0,0,11,2009,WD ,Normal,260000,0,0,0,0,1,1,2,5,3,2,6,1,1,1,5,,2,1
503,60,RL,68.0,11692,Pave,IR1,Lvl,AllPub,Inside,Gtl,NoRidge,Norm,Norm,1Fam,2Story,8,5,1993,1994,Gable,CompShg,HdBoard,HdBoard,BrkFace,372.0,Gd,TA,PConc,624.0,0.0,1173.0,GasA,Ex,Y,SBrkr,1215,1017,0,2232,1.0,0.0,2,1,3,1,Gd,8,Typ,1,1993.0,2.0,623.0,Y,173,165,0,0,0,0,0,10,2009,WD ,Normal,263550,0,0,0,0,1,1,2,5,3,2,6,1,1,1,5,,2,1
504,60,RL,52.0,46589,Pave,IR2,Lvl,AllPub,CulDSac,Gtl,NoRidge,Norm,Norm,1Fam,2Story,8,7,1994,2005,Hip,CompShg,VinylSd,VinylSd,BrkFace,528.0,Gd,TA,PConc,1361.0,180.0,1629.0,GasA,Ex,Y,SBrkr,1686,762,0,2448,1.0,0.0,2,1,4,1,Gd,8,Typ,1,1994.0,3.0,711.0,Y,517,76,0,0,0,0,0,7,2009,WD ,Normal,402000,0,0,0,0,1,1,2,2,3,2,5,1,1,1,5,,2,1
505,60,RL,68.0,29959,Pave,IR2,Lvl,AllPub,FR2,Gtl,NoRidge,Norm,Norm,1Fam,2Story,7,6,1994,1994,Gable,CompShg,HdBoard,HdBoard,None,0.0,Gd,TA,PConc,595.0,0.0,973.0,GasA,Ex,Y,SBrkr,979,871,0,1850,0.0,0.0,2,1,3,1,Gd,7,Typ,1,1994.0,2.0,467.0,Y,168,98,0,0,0,0,0,1,2009,WD ,Normal,248000,0,0,0,0,3,1,2,5,3,2,6,1,3,1,2,,2,3
506,20,RL,74.0,9612,Pave,Reg,Lvl,AllPub,Inside,Gtl,Somerst,Feedr,Norm,1Fam,1Story,8,5,2008,2009,Gable,CompShg,VinylSd,VinylSd,Stone,72.0,Gd,TA,PConc,0.0,0.0,1468.0,GasA,Ex,Y,SBrkr,1468,0,0,1468,0.0,0.0,2,0,3,1,Gd,6,Typ,1,2008.0,3.0,898.0,Y,210,150,0,0,0,0,0,12,2009,New,Partial,244600,0,0,0,0,4,1,2,5,3,6,6,1,1,1,2,,2,4
507,20,RL,86.0,11194,Pave,IR1,Lvl,AllPub,Inside,Gtl,Somerst,PosN,Norm,1Fam,1Story,8,5,2008,2008,Gable,CompShg,VinylSd,VinylSd,Stone,240.0,Gd,TA,PConc,0.0,0.0,1696.0,GasA,Ex,Y,SBrkr,1696,0,0,1696,0.0,0.0,2,0,3,1,Gd,7,Typ,0,2008.0,3.0,972.0,Y,120,56,0,0,0,0,0,9,2009,WD ,Normal,275000,0,0,0,0,4,1,2,5,2,6,6,1,1,0,3,,2,4
508,20,RL,78.0,10206,Pave,Reg,Lvl,AllPub,Inside,Gtl,Somerst,PosN,Norm,1Fam,1Story,8,5,2008,2008,Gable,CompShg,VinylSd,VinylSd,BrkFace,294.0,Gd,TA,PConc,0.0,0.0,1614.0,GasA,Ex,Y,SBrkr,1658,0,0,1658,0.0,0.0,2,1,3,1,Gd,7,Typ,1,2008.0,3.0,726.0,Y,144,44,0,0,0,0,0,9,2009,WD ,Normal,257500,0,0,0,0,1,1,2,5,3,6,6,1,1,1,2,,2,1
509,20,RL,78.0,9262,Pave,Reg,Lvl,AllPub,Inside,Gtl,Somerst,Norm,Norm,1Fam,1Story,8,5,2008,2009,Gable,CompShg,CemntBd,CmentBd,Stone,194.0,Gd,TA,PConc,0.0,0.0,1573.0,GasA,Ex,Y,SBrkr,1578,0,0,1578,0.0,0.0,2,0,3,1,Ex,7,Typ,1,2008.0,3.0,840.0,Y,0,36,0,0,0,0,0,5,2009,New,Partial,287090,0,0,0,0,4,1,2,5,3,6,6,1,1,1,2,,2,4
510,20,RL,85.0,10130,Pave,Reg,Lvl,AllPub,Inside,Gtl,Somerst,Norm,Norm,1Fam,1Story,8,5,2007,2007,Gable,CompShg,VinylSd,VinylSd,Stone,260.0,Gd,TA,PConc,1294.0,0.0,1702.0,GasA,Ex,Y,SBrkr,1702,0,0,1702,1.0,0.0,2,0,3,1,Gd,7,Typ,1,2007.0,3.0,844.0,Y,0,69,0,0,0,0,0,3,2009,WD ,Normal,275500,0,0,0,0,4,1,2,5,0,2,6,1,1,1,2,,2,4
511,20,RL,76.0,9139,Pave,IR1,Lvl,AllPub,Inside,Gtl,Somerst,Norm,Norm,1Fam,1Story,8,5,2006,2006,Hip,CompShg,VinylSd,VinylSd,Stone,206.0,Gd,TA,PConc,379.0,0.0,1422.0,GasA,Ex,Y,SBrkr,1432,0,0,1432,0.0,0.0,2,0,3,1,Gd,7,Typ,1,2006.0,2.0,492.0,Y,297,50,0,0,0,0,0,9,2009,WD ,Normal,245000,0,0,0,0,4,1,0,5,0,2,6,1,1,1,2,,0,4
512,60,RL,75.0,9675,Pave,Reg,Lvl,AllPub,Inside,Gtl,Somerst,Norm,Norm,1Fam,2Story,7,5,2005,2005,Gable,CompShg,VinylSd,VinylSd,None,0.0,Gd,TA,PConc,341.0,0.0,1113.0,GasA,Ex,Y,SBrkr,1113,858,0,1971,0.0,0.0,2,1,3,1,Gd,8,Typ,1,2005.0,2.0,689.0,Y,0,48,0,0,0,0,0,2,2009,WD ,Normal,253000,0,0,0,0,3,1,2,5,2,2,6,1,1,1,2,,2,3
513,20,RL,85.0,11128,Pave,Reg,Lvl,AllPub,Corner,Gtl,Somerst,PosN,PosN,1Fam,1Story,9,5,2005,2006,Hip,CompShg,VinylSd,VinylSd,Stone,198.0,Ex,TA,PConc,2158.0,0.0,2458.0,GasA,Ex,Y,SBrkr,2490,0,0,2490,1.0,0.0,2,0,2,1,Ex,9,Typ,2,2005.0,3.0,795.0,Y,70,226,0,0,0,0,0,10,2009,WD ,Normal,468000,0,0,1,0,4,1,0,5,1,2,6,1,1,1,2,,0,4
514,60,FV,72.0,8640,Pave,Reg,Lvl,AllPub,Inside,Gtl,Somerst,Norm,Norm,1Fam,2Story,7,5,2009,2009,Gable,CompShg,VinylSd,VinylSd,None,0.0,TA,TA,PConc,822.0,0.0,900.0,GasA,Ex,Y,SBrkr,932,920,0,1852,1.0,0.0,2,1,3,1,Gd,7,Typ,1,2009.0,2.0,644.0,Y,168,108,0,0,0,0,0,7,2009,New,Partial,252678,0,0,0,0,3,1,2,5,3,2,6,1,1,1,5,,2,3
515,60,FV,75.0,9000,Pave,Reg,Lvl,AllPub,Inside,Gtl,Somerst,Norm,Norm,1Fam,2Story,8,5,2008,2008,Gable,CompShg,VinylSd,VinylSd,None,0.0,Gd,TA,PConc,0.0,0.0,768.0,GasA,Ex,Y,SBrkr,786,804,0,1590,0.0,0.0,2,1,3,1,Gd,6,Typ,0,2008.0,2.0,676.0,Y,0,30,0,0,0,0,0,6,2009,WD ,Normal,210000,0,0,0,0,3,1,2,5,3,6,6,1,1,0,3,,2,3
516,20,FV,75.0,7862,Pave,IR1,Lvl,AllPub,Inside,Gtl,Somerst,Norm,Norm,1Fam,1Story,6,5,2009,2009,Gable,CompShg,VinylSd,VinylSd,None,0.0,Gd,TA,PConc,27.0,0.0,1218.0,GasA,Ex,Y,SBrkr,1218,0,0,1218,0.0,0.0,2,0,2,1,Gd,4,Typ,0,2009.0,2.0,676.0,Y,0,102,0,0,0,0,0,9,2009,New,Partial,208300,0,0,0,0,3,1,2,5,3,2,6,1,1,0,3,,2,3
518,20,FV,72.0,8640,Pave,Reg,Lvl,AllPub,Inside,Gtl,Somerst,Norm,Norm,1Fam,1Story,8,5,2009,2009,Gable,CompShg,CemntBd,CmentBd,Stone,72.0,Gd,TA,PConc,936.0,0.0,1300.0,GasA,Ex,Y,SBrkr,1314,0,0,1314,1.0,0.0,2,0,3,1,Gd,6,Typ,0,2009.0,2.0,552.0,Y,135,112,0,0,0,0,0,9,2009,New,Partial,229456,0,0,0,0,4,1,2,5,2,2,6,1,1,0,3,,2,4
519,20,FV,72.0,8640,Pave,Reg,Lvl,AllPub,Inside,Gtl,Somerst,Norm,Norm,1Fam,1Story,7,5,2008,2008,Hip,CompShg,VinylSd,VinylSd,None,0.0,Gd,TA,PConc,0.0,0.0,1402.0,GasA,Ex,Y,SBrkr,1402,0,0,1402,0.0,0.0,2,0,3,1,Gd,7,Typ,0,2008.0,2.0,625.0,Y,205,126,0,0,0,0,0,5,2009,WD ,Normal,229800,0,0,0,0,3,1,2,5,3,6,6,1,1,0,3,,2,3
520,20,FV,112.0,12606,Pave,IR1,Lvl,AllPub,Inside,Gtl,Somerst,Norm,Norm,1Fam,1Story,9,5,2007,2008,Gable,CompShg,VinylSd,VinylSd,Stone,120.0,Gd,TA,PConc,0.0,0.0,1530.0,GasA,Ex,Y,SBrkr,1530,0,0,1530,0.0,0.0,2,0,3,1,Gd,7,Typ,1,2008.0,3.0,984.0,Y,212,136,0,0,0,0,0,5,2009,WD ,Normal,250000,0,0,0,0,4,1,2,5,0,6,6,1,1,1,2,,2,4
521,20,FV,85.0,9187,Pave,Reg,Lvl,AllPub,Inside,Gtl,Somerst,Norm,Norm,1Fam,1Story,9,5,2009,2009,Gable,CompShg,CemntBd,CmentBd,Stone,162.0,Ex,TA,PConc,1121.0,0.0,1766.0,GasA,Ex,Y,SBrkr,1766,0,0,1766,1.0,0.0,2,1,2,1,Ex,7,Typ,1,2009.0,3.0,478.0,Y,195,130,0,0,0,0,0,10,2009,New,Partial,370878,0,0,0,0,4,1,0,5,2,2,6,1,1,1,2,,0,4
522,20,FV,75.0,7500,Pave,Reg,Lvl,AllPub,Inside,Gtl,Somerst,Norm,Norm,1Fam,1Story,8,5,2006,2007,Gable,CompShg,VinylSd,VinylSd,Stone,238.0,Gd,TA,PConc,24.0,0.0,1372.0,GasA,Ex,Y,SBrkr,1448,0,0,1448,0.0,0.0,2,0,2,1,Gd,6,Typ,1,2006.0,2.0,692.0,Y,0,140,0,0,0,0,0,6,2009,WD ,Normal,238500,0,0,0,0,4,1,2,5,3,2,6,1,1,1,2,,2,4
523,60,FV,85.0,11003,Pave,Reg,Lvl,AllPub,Inside,Gtl,Somerst,Norm,Norm,1Fam,2Story,10,5,2008,2008,Gable,CompShg,VinylSd,VinylSd,Stone,160.0,Ex,TA,PConc,765.0,0.0,1017.0,GasA,Ex,Y,SBrkr,1026,981,0,2007,1.0,0.0,2,1,3,1,Ex,10,Typ,1,2008.0,3.0,812.0,Y,168,52,0,0,0,0,0,4,2009,WD ,Normal,310000,0,0,0,0,4,1,0,5,0,2,6,1,1,1,0,,0,4
524,60,FV,84.0,10603,Pave,Reg,Lvl,AllPub,Inside,Gtl,Somerst,Norm,Norm,1Fam,2Story,8,5,2006,2006,Hip,CompShg,VinylSd,VinylSd,Stone,121.0,Gd,TA,PConc,682.0,0.0,900.0,GasA,Ex,Y,SBrkr,909,886,0,1795,1.0,0.0,2,1,3,1,Gd,8,Typ,1,2006.0,3.0,782.0,Y,168,45,0,0,0,0,0,7,2009,WD ,Normal,270000,0,0,0,0,4,1,0,2,3,2,6,1,1,1,2,,0,4
525,60,FV,85.0,10574,Pave,Reg,Lvl,AllPub,Inside,Gtl,Somerst,Norm,Norm,1Fam,2Story,8,5,2005,2006,Gable,CompShg,VinylSd,VinylSd,None,0.0,Gd,TA,PConc,0.0,0.0,1082.0,GasA,Ex,Y,SBrkr,1082,871,0,1953,0.0,0.0,2,1,3,1,Gd,9,Typ,1,2005.0,3.0,1043.0,Y,160,50,0,0,0,0,0,5,2009,WD ,Normal,252000,0,0,0,0,3,1,2,5,2,6,6,1,1,1,2,,2,3
526,60,FV,65.0,8125,Pave,Reg,Lvl,AllPub,Inside,Gtl,Somerst,Norm,Norm,1Fam,2Story,7,5,2006,2007,Gable,CompShg,CemntBd,CmentBd,Stone,100.0,Gd,TA,PConc,812.0,0.0,1092.0,GasA,Ex,Y,SBrkr,1112,438,0,1550,1.0,0.0,2,0,2,1,Gd,7,Typ,0,2007.0,2.0,438.0,Y,0,168,0,0,0,0,0,10,2009,WD ,Normal,241000,0,0,0,0,4,1,2,5,3,2,6,1,1,0,3,,2,4
527,20,FV,65.0,8125,Pave,Reg,Lvl,AllPub,Corner,Gtl,Somerst,Norm,Norm,1Fam,1Story,8,5,2008,2009,Hip,CompShg,VinylSd,VinylSd,BrkFace,288.0,Gd,TA,PConc,0.0,0.0,1836.0,GasA,Ex,Y,SBrkr,1836,0,0,1836,0.0,0.0,2,0,3,1,Gd,8,Typ,1,2009.0,2.0,517.0,Y,0,175,0,0,0,0,0,10,2009,New,Partial,264500,0,0,0,0,1,1,2,5,3,6,6,1,1,1,2,,2,1
528,20,FV,85.0,10625,Pave,Reg,Lvl,AllPub,Inside,Gtl,Somerst,Norm,Norm,1Fam,1Story,7,5,2006,2007,Gable,CompShg,VinylSd,VinylSd,None,0.0,Gd,TA,PConc,1430.0,0.0,1652.0,GasA,Ex,Y,SBrkr,1662,0,0,1662,1.0,0.0,2,0,3,1,Ex,8,Typ,1,2006.0,3.0,711.0,Y,168,120,0,0,0,0,0,3,2009,WD ,Normal,291000,0,0,0,0,3,1,2,5,3,2,6,1,1,1,2,,2,3
529,60,FV,75.0,9375,Pave,Reg,Lvl,AllPub,Inside,Gtl,Somerst,Norm,Norm,1Fam,2Story,7,5,2003,2004,Gable,CompShg,VinylSd,VinylSd,None,0.0,Gd,TA,PConc,0.0,0.0,912.0,GasA,Ex,Y,SBrkr,912,1182,0,2094,0.0,0.0,2,1,4,1,Gd,8,Typ,1,2003.0,2.0,615.0,Y,182,182,0,0,0,0,0,11,2009,WD ,Normal,263000,0,0,0,0,3,1,2,5,3,6,6,1,3,1,2,,2,3
530,20,FV,62.0,7500,Pave,Reg,Lvl,AllPub,Inside,Gtl,Somerst,Norm,Norm,1Fam,1Story,7,5,2004,2005,Gable,CompShg,VinylSd,VinylSd,None,0.0,Gd,TA,PConc,410.0,0.0,1221.0,GasA,Ex,Y,SBrkr,1221,0,0,1221,1.0,0.0,2,0,2,1,Gd,6,Typ,0,2004.0,2.0,400.0,Y,0,113,0,0,0,0,0,10,2009,WD ,Normal,185000,1,0,0,0,3,1,2,5,3,2,6,1,1,0,3,,2,3
531,20,FV,68.0,8736,Pave,IR1,Lvl,AllPub,Inside,Gtl,Somerst,Norm,Norm,1Fam,1Story,7,5,2003,2004,Gable,CompShg,VinylSd,Wd Shng,None,0.0,Gd,TA,PConc,771.0,360.0,1553.0,GasA,Ex,Y,SBrkr,1553,0,0,1553,1.0,0.0,2,0,3,1,Gd,6,Typ,0,2003.0,2.0,588.0,Y,192,88,0,0,0,0,0,8,2009,WD ,Normal,234500,0,0,0,0,3,1,2,5,3,2,0,1,1,0,3,,2,3
532,60,FV,65.0,8127,Pave,IR1,Lvl,AllPub,Inside,Gtl,Somerst,Norm,Norm,1Fam,2Story,7,5,2003,2003,Gable,CompShg,VinylSd,VinylSd,None,0.0,Gd,TA,PConc,410.0,0.0,812.0,GasA,Ex,Y,SBrkr,812,841,0,1653,1.0,0.0,2,1,3,1,Gd,6,Typ,0,2003.0,2.0,628.0,Y,0,45,0,0,0,0,0,3,2009,WD ,Normal,209000,0,0,0,0,3,1,2,5,3,2,6,1,1,0,3,,2,3
533,20,RL,80.0,9605,Pave,Reg,Lvl,AllPub,Corner,Gtl,SawyerW,Norm,Norm,1Fam,1Story,7,6,2007,2007,Gable,CompShg,VinylSd,VinylSd,None,0.0,Gd,TA,PConc,0.0,0.0,1218.0,GasA,Ex,Y,SBrkr,1218,0,0,1218,0.0,0.0,1,1,3,1,Gd,6,Typ,0,2007.0,2.0,576.0,Y,0,178,0,0,0,0,0,4,2009,WD ,Normal,159000,0,0,0,0,3,1,2,5,3,6,6,1,5,0,3,,2,3
534,20,RL,63.0,7500,Pave,Reg,Lvl,AllPub,Inside,Gtl,SawyerW,Norm,Norm,1Fam,1Story,7,5,2006,2006,Gable,CompShg,VinylSd,VinylSd,None,0.0,Gd,TA,PConc,54.0,0.0,1141.0,GasA,Ex,Y,SBrkr,1141,0,0,1141,1.0,0.0,1,1,3,1,Gd,6,Typ,0,2006.0,2.0,484.0,Y,182,0,0,0,0,0,0,6,2009,WD ,Normal,152000,0,0,0,0,3,1,2,2,3,2,6,1,5,0,3,,2,3
535,20,RL,63.0,7500,Pave,Reg,Lvl,AllPub,Inside,Gtl,SawyerW,Norm,Norm,1Fam,1Story,6,5,2004,2004,Gable,CompShg,VinylSd,VinylSd,None,0.0,TA,TA,PConc,0.0,0.0,1158.0,GasA,Ex,Y,SBrkr,1158,0,0,1158,0.0,0.0,1,1,3,1,Gd,5,Typ,0,0.0,0.0,0.0,Y,0,50,0,0,0,0,0,8,2009,WD ,Normal,143500,0,0,0,0,3,1,2,5,3,6,6,0,6,0,3,,2,3
536,60,RL,96.0,10628,Pave,IR1,Lvl,AllPub,Corner,Gtl,SawyerW,Norm,Norm,1Fam,2Story,7,5,2004,2004,Gable,CompShg,VinylSd,VinylSd,None,0.0,Gd,TA,PConc,0.0,0.0,835.0,GasA,Ex,Y,SBrkr,871,941,0,1812,0.0,0.0,2,1,3,1,Gd,8,Typ,0,2004.0,2.0,478.0,Y,146,91,0,0,0,0,0,1,2009,WD ,Normal,193000,0,0,0,0,3,1,2,5,1,6,6,1,3,0,3,,2,3
537,20,RL,76.0,10141,Pave,IR1,Lvl,AllPub,Inside,Gtl,SawyerW,Norm,Norm,1Fam,1Story,8,5,2004,2004,Gable,Tar&Grv,VinylSd,VinylSd,BrkFace,264.0,Gd,TA,PConc,516.0,774.0,1512.0,GasA,Ex,Y,SBrkr,1512,0,0,1512,0.0,0.0,2,0,3,1,Gd,6,Typ,0,2004.0,3.0,845.0,Y,210,36,0,0,0,0,0,1,2009,WD ,Normal,203000,0,0,0,0,1,1,2,5,1,1,5,1,1,0,3,,2,1
539,20,RL,63.0,13072,Pave,Reg,Lvl,AllPub,Inside,Gtl,SawyerW,RRAe,Norm,1Fam,1Story,7,5,2004,2005,Gable,CompShg,VinylSd,VinylSd,None,0.0,Gd,TA,PConc,0.0,0.0,1114.0,GasA,Ex,Y,SBrkr,1114,0,0,1114,0.0,0.0,1,1,3,1,Gd,6,Typ,0,2005.0,2.0,576.0,Y,248,102,0,0,0,0,0,5,2009,WD ,Normal,159000,0,0,0,0,3,1,2,5,3,6,6,1,5,0,3,,2,3
540,20,RL,63.0,13072,Pave,Reg,Lvl,AllPub,Inside,Gtl,SawyerW,RRAe,Norm,1Fam,1Story,5,5,2004,2004,Gable,CompShg,VinylSd,VinylSd,None,0.0,TA,TA,PConc,0.0,0.0,1114.0,GasA,Ex,Y,SBrkr,1114,0,0,1114,0.0,0.0,1,1,3,1,Gd,6,Typ,0,0.0,0.0,0.0,Y,0,39,0,0,0,0,0,8,2009,WD ,Normal,142000,0,0,0,0,3,1,2,5,3,6,6,0,6,0,3,,2,3
541,20,RL,60.0,12450,Pave,Reg,Lvl,AllPub,Inside,Gtl,SawyerW,RRAe,Norm,1Fam,1Story,5,5,2003,2004,Gable,CompShg,VinylSd,VinylSd,None,0.0,TA,TA,PConc,836.0,0.0,1114.0,GasA,Ex,Y,SBrkr,1114,0,0,1114,1.0,0.0,2,0,3,1,Gd,6,Typ,0,2004.0,2.0,576.0,Y,0,42,0,0,0,0,0,6,2009,WD ,Normal,153000,0,0,0,0,3,1,2,5,3,2,6,1,5,0,3,,2,3
542,20,RL,61.0,7328,Pave,Reg,Lvl,AllPub,Inside,Gtl,SawyerW,Norm,Norm,1Fam,1Story,7,5,2008,2009,Gable,CompShg,VinylSd,VinylSd,BrkFace,140.0,Gd,TA,PConc,0.0,0.0,1450.0,GasA,Ex,Y,SBrkr,1450,0,0,1450,0.0,0.0,2,0,2,1,Gd,6,Typ,0,2008.0,3.0,788.0,Y,0,93,0,0,0,0,0,2,2009,New,Partial,224243,0,0,0,0,1,1,2,5,3,6,6,1,1,0,3,,2,1
543,60,RL,43.0,11492,Pave,IR1,Lvl,AllPub,CulDSac,Gtl,SawyerW,Norm,Norm,1Fam,2Story,7,5,1996,1997,Gable,CompShg,VinylSd,VinylSd,BrkFace,132.0,Gd,TA,PConc,637.0,0.0,913.0,GasA,Ex,Y,SBrkr,913,1209,0,2122,1.0,0.0,2,1,4,1,Gd,8,Typ,1,1997.0,2.0,559.0,Y,0,74,0,0,0,0,0,4,2009,WD ,Normal,220000,0,0,0,0,1,1,2,5,3,2,6,1,1,1,5,,2,1
544,20,RL,88.0,10994,Pave,IR1,Lvl,AllPub,Corner,Gtl,SawyerW,Norm,Norm,1Fam,1Story,8,5,2005,2006,Gable,CompShg,VinylSd,VinylSd,Stone,366.0,Gd,TA,PConc,976.0,0.0,1844.0,GasA,Ex,Y,SBrkr,1844,0,0,1844,1.0,0.0,2,0,2,1,Gd,7,Typ,1,2005.0,2.0,620.0,Y,165,44,0,0,0,0,0,9,2009,COD,Abnorml,257000,0,0,0,0,4,1,2,2,3,2,6,1,1,1,2,,2,4
545,20,RL,65.0,8529,Pave,IR1,Lvl,AllPub,Inside,Gtl,SawyerW,Norm,Norm,1Fam,1Story,7,5,2001,2001,Gable,CompShg,VinylSd,VinylSd,None,0.0,Gd,TA,PConc,20.0,0.0,1454.0,GasA,Ex,Y,SBrkr,1434,0,0,1434,0.0,0.0,2,0,3,1,Gd,6,Typ,1,2001.0,2.0,527.0,Y,290,39,0,0,0,0,0,4,2009,WD ,Normal,189000,0,0,0,0,3,1,2,5,3,2,6,1,1,1,5,,2,3
546,60,RL,70.0,7703,Pave,Reg,Lvl,AllPub,Inside,Gtl,SawyerW,Norm,Norm,1Fam,2Story,6,6,1992,1992,Gable,CompShg,HdBoard,HdBoard,None,0.0,Gd,Gd,PConc,52.0,364.0,816.0,GasA,Ex,Y,SBrkr,833,897,0,1730,0.0,0.0,2,1,3,1,Gd,6,Typ,0,1992.0,2.0,528.0,Y,0,91,0,0,168,0,0,11,2009,WD ,Normal,171500,0,0,0,0,3,1,2,2,3,2,5,1,1,0,3,,2,3
547,160,RL,75.0,10762,Pave,Reg,Lvl,AllPub,Corner,Gtl,SawyerW,Norm,Norm,TwnhsE,2Story,6,6,1980,1980,Gable,CompShg,Plywood,Plywood,None,0.0,TA,TA,CBlock,0.0,0.0,626.0,GasA,TA,Y,SBrkr,626,591,0,1217,0.0,0.0,1,1,3,1,TA,6,Typ,1,1980.0,1.0,288.0,Y,0,28,0,0,0,0,0,4,2009,WD ,Normal,120000,0,0,0,0,3,1,2,5,3,6,6,1,1,1,5,,2,3
548,120,RL,50.0,7175,Pave,Reg,Lvl,AllPub,Inside,Gtl,SawyerW,Norm,Norm,TwnhsE,1Story,6,5,1990,1991,Gable,CompShg,Plywood,ImStucc,None,0.0,Gd,TA,PConc,0.0,0.0,1332.0,GasA,Gd,Y,SBrkr,1332,0,0,1332,0.0,0.0,2,0,2,1,Gd,5,Typ,0,1990.0,2.0,542.0,Y,0,60,0,0,0,0,0,2,2009,WD ,Normal,145000,0,0,0,0,3,1,2,5,3,6,6,1,1,0,3,,2,3
549,60,RL,70.0,9109,Pave,Reg,Lvl,AllPub,Inside,Gtl,SawyerW,RRAe,Norm,1Fam,2Story,7,5,1994,1994,Gable,CompShg,VinylSd,VinylSd,None,0.0,Gd,TA,PConc,36.0,596.0,754.0,GasA,Ex,Y,SBrkr,754,786,0,1540,1.0,0.0,2,1,3,1,Gd,6,Typ,0,1994.0,2.0,495.0,Y,140,32,0,0,0,0,0,10,2009,WD ,Normal,184000,0,0,0,0,3,1,2,5,3,3,2,1,1,0,3,,2,3
550,60,RL,68.0,10274,Pave,IR1,Lvl,AllPub,CulDSac,Gtl,SawyerW,Norm,Norm,1Fam,2Story,6,7,1986,1986,Gable,CompShg,VinylSd,VinylSd,BrkFace,141.0,TA,Gd,CBlock,331.0,0.0,676.0,GasA,TA,Y,SBrkr,698,702,0,1400,0.0,0.0,2,1,3,1,TA,6,Typ,0,1986.0,2.0,465.0,Y,0,48,0,0,0,0,0,7,2009,WD ,Normal,162000,0,0,0,0,1,1,2,5,3,5,6,1,1,0,3,,2,1
551,90,RL,75.0,8250,Pave,Reg,Lvl,AllPub,Inside,Gtl,SawyerW,Norm,Norm,Duplex,2Story,6,7,1981,1981,Gable,CompShg,Wd Sdng,Wd Shng,None,0.0,TA,TA,Slab,0.0,0.0,0.0,GasA,TA,Y,SBrkr,964,918,0,1882,0.0,0.0,2,0,4,2,TA,8,Typ,2,1981.0,2.0,612.0,Y,0,0,0,0,0,0,0,5,2009,WD ,Normal,160000,0,0,0,0,3,0,3,3,4,4,4,1,1,1,5,,3,3
552,20,RH,60.0,8400,Pave,Reg,Lvl,AllPub,Inside,Gtl,SawyerW,Feedr,Norm,1Fam,1Story,4,4,1950,1950,Gable,CompShg,Wd Sdng,AsbShng,None,0.0,Fa,Fa,CBlock,0.0,0.0,721.0,GasA,Gd,Y,SBrkr,841,0,0,841,0.0,0.0,1,0,2,1,TA,4,Typ,0,1950.0,1.0,294.0,N,250,0,24,0,0,0,0,9,2009,WD ,Normal,82000,0,0,0,0,3,1,5,1,3,6,6,1,4,0,3,,5,3
553,45,RH,60.0,9000,Pave,Reg,Lvl,AllPub,Corner,Gtl,SawyerW,Norm,Norm,1Fam,1.5Unf,6,3,1928,1950,Gable,CompShg,Wd Sdng,Wd Sdng,None,0.0,TA,TA,BrkTil,0.0,0.0,784.0,GasA,TA,N,FuseA,784,0,0,784,0.0,0.0,1,0,2,1,TA,5,Typ,0,1950.0,2.0,360.0,N,0,0,91,0,0,0,0,10,2009,WD ,Normal,76000,0,0,0,0,3,1,1,1,3,6,6,1,5,0,3,,1,3
554,20,RL,63.0,9750,Pave,IR1,Lvl,AllPub,Inside,Gtl,Sawyer,Norm,Norm,1Fam,1Story,5,5,1962,1962,Hip,CompShg,HdBoard,Plywood,None,0.0,TA,TA,CBlock,68.0,884.0,980.0,GasA,Gd,Y,SBrkr,980,0,0,980,1.0,0.0,1,0,3,1,TA,5,Typ,0,1969.0,2.0,400.0,Y,0,28,0,0,0,0,0,11,2009,WD ,Normal,110000,0,0,1,0,3,1,5,5,3,3,1,1,5,0,3,,5,3
555,20,RL,71.0,7064,Pave,Reg,Lvl,AllPub,Inside,Gtl,Sawyer,Norm,Norm,1Fam,1Story,5,6,1977,1977,Gable,CompShg,Plywood,Plywood,BrkFace,153.0,TA,TA,CBlock,560.0,0.0,980.0,GasA,TA,Y,SBrkr,980,0,0,980,0.0,0.0,1,0,3,1,TA,6,Typ,0,1986.0,2.0,484.0,Y,192,0,0,0,0,0,0,7,2009,WD ,Normal,135000,0,0,0,0,1,1,5,5,3,1,6,1,5,0,3,,5,1
556,20,RL,68.0,8499,Pave,IR1,Lvl,AllPub,Corner,Gtl,Sawyer,Feedr,Norm,1Fam,1Story,5,6,1961,1961,Gable,CompShg,MetalSd,MetalSd,None,0.0,TA,TA,CBlock,660.0,0.0,864.0,GasA,Ex,Y,SBrkr,864,0,0,864,1.0,0.0,1,0,3,1,TA,5,Typ,0,1982.0,2.0,732.0,Y,0,312,0,0,0,0,0,6,2009,WD ,Normal,141000,0,0,0,0,3,1,5,5,3,2,6,1,5,0,3,,5,3
557,20,RL,68.0,9079,Pave,IR1,Lvl,AllPub,Inside,Gtl,Sawyer,Norm,Norm,1Fam,1Story,5,5,1961,1961,Gable,CompShg,Wd Sdng,Plywood,None,0.0,TA,TA,CBlock,864.0,0.0,864.0,GasA,TA,Y,SBrkr,864,0,0,864,0.0,0.0,1,0,2,1,TA,5,Typ,0,1961.0,1.0,440.0,Y,158,0,0,0,0,0,0,7,2009,WD ,Normal,122000,0,0,0,0,3,1,5,5,3,1,6,1,1,0,3,,5,3
558,20,RL,68.0,9316,Pave,IR1,Lvl,AllPub,Inside,Gtl,Sawyer,Norm,Norm,1Fam,1Story,5,5,1965,1965,Gable,CompShg,HdBoard,Plywood,None,0.0,TA,TA,CBlock,544.0,0.0,1024.0,GasA,Gd,Y,SBrkr,1020,0,0,1020,0.0,0.0,2,0,3,1,TA,5,Typ,0,1965.0,1.0,288.0,Y,171,0,0,0,0,0,0,5,2009,Oth,Family,124100,0,0,1,0,3,1,5,5,3,5,6,1,1,0,3,,5,3
559,20,RL,68.0,7791,Pave,IR1,Lvl,AllPub,Inside,Gtl,Sawyer,RRAe,Norm,1Fam,1Story,5,8,1963,1995,Gable,CompShg,Plywood,Plywood,None,0.0,Gd,Gd,CBlock,624.0,0.0,912.0,GasA,Ex,Y,SBrkr,912,0,0,912,1.0,0.0,1,0,3,1,Gd,6,Typ,0,1963.0,1.0,300.0,Y,0,0,0,0,0,0,0,10,2009,WD ,Normal,129000,0,0,1,0,3,1,5,5,3,0,6,1,1,0,3,,5,3
560,20,RL,80.0,10000,Pave,Reg,Lvl,AllPub,Corner,Gtl,Sawyer,Feedr,Norm,1Fam,1Story,5,6,1961,1983,Hip,CompShg,HdBoard,HdBoard,None,0.0,TA,TA,CBlock,594.0,0.0,864.0,GasA,Ex,Y,SBrkr,1144,0,0,1144,1.0,0.0,1,0,3,1,TA,6,Typ,1,1961.0,1.0,264.0,Y,165,0,0,0,0,0,400,3,2009,WD ,Normal,131400,0,0,1,1,3,1,5,5,3,1,6,1,1,1,5,,5,3
561,20,RL,60.0,8281,Pave,IR1,Lvl,AllPub,Inside,Gtl,Sawyer,Norm,Norm,1Fam,1Story,5,5,1965,1965,Gable,CompShg,MetalSd,MetalSd,None,0.0,TA,TA,CBlock,553.0,311.0,864.0,GasA,Gd,Y,SBrkr,864,0,0,864,0.0,0.0,1,0,3,1,TA,5,Typ,1,1965.0,1.0,360.0,Y,0,0,236,0,0,0,0,12,2009,WD ,Normal,62383,0,0,1,0,3,1,5,5,3,5,1,1,5,1,4,,5,3
562,20,RL,65.0,7150,Pave,Reg,Lvl,AllPub,Inside,Gtl,Sawyer,Feedr,Norm,1Fam,1Story,5,6,1962,1962,Gable,CompShg,VinylSd,VinylSd,BrkFace,60.0,TA,TA,CBlock,140.0,590.0,912.0,GasA,Gd,Y,SBrkr,912,0,0,912,0.0,1.0,1,0,3,1,TA,6,Typ,0,1962.0,1.0,252.0,Y,0,0,0,0,0,0,0,10,2009,WD ,Normal,123000,0,0,0,0,1,1,5,5,3,3,1,1,1,0,3,,5,1
563,20,RL,68.0,15676,Pave,IR1,Low,AllPub,Inside,Gtl,Veenker,Norm,Norm,1Fam,1Story,8,8,1980,1980,Gable,CompShg,VinylSd,VinylSd,BrkFace,115.0,Gd,Gd,CBlock,1733.0,92.0,2014.0,GasA,Gd,Y,SBrkr,2014,0,0,2014,1.0,0.0,2,0,2,1,Gd,6,Maj1,2,1980.0,3.0,864.0,Y,462,0,0,255,0,0,0,4,2009,WD ,Normal,275000,0,0,1,0,1,1,2,2,1,0,5,1,1,1,2,,2,1
564,60,RL,68.0,11949,Pave,Reg,Lvl,AllPub,Inside,Gtl,NoRidge,Norm,Norm,1Fam,2Story,7,8,1991,2008,Gable,CompShg,VinylSd,VinylSd,BrkFace,196.0,Gd,Gd,PConc,601.0,216.0,975.0,GasA,Ex,Y,SBrkr,975,780,0,1755,0.0,1.0,2,1,3,1,Gd,7,Typ,1,1991.0,2.0,524.0,Y,502,60,0,0,0,0,0,7,2009,WD ,Normal,235000,0,0,1,0,1,1,2,5,3,2,0,1,1,1,5,,2,1
565,160,FV,32.0,2880,Pave,Reg,Lvl,AllPub,Inside,Gtl,Somerst,Norm,Norm,Twnhs,2Story,7,5,2004,2005,Gable,CompShg,MetalSd,MetalSd,None,0.0,Gd,TA,PConc,0.0,0.0,1376.0,GasA,Ex,Y,SBrkr,1376,1629,0,3005,0.0,0.0,2,1,3,1,Gd,9,Mod,1,2004.0,3.0,704.0,Y,0,177,0,0,0,0,0,7,2009,WD ,Normal,280750,1,0,0,0,3,1,2,5,3,6,6,1,3,1,5,,2,3
566,160,FV,40.0,3951,Pave,Reg,Lvl,AllPub,Corner,Gtl,Somerst,Norm,Norm,TwnhsE,2Story,6,5,2009,2009,Gable,CompShg,VinylSd,VinylSd,Stone,76.0,Gd,TA,PConc,0.0,0.0,612.0,GasA,Ex,Y,SBrkr,612,612,0,1224,0.0,0.0,2,1,2,1,Gd,4,Typ,0,2009.0,2.0,528.0,Y,0,234,0,0,0,0,0,6,2009,New,Partial,164500,1,0,0,0,4,1,2,5,0,6,6,1,5,0,3,,2,4
567,160,FV,30.0,3000,Pave,Reg,Lvl,AllPub,Inside,Gtl,Somerst,Norm,Norm,TwnhsE,2Story,6,5,2009,2009,Gable,CompShg,VinylSd,VinylSd,Stone,76.0,Gd,TA,PConc,294.0,0.0,612.0,GasA,Ex,Y,SBrkr,612,612,0,1224,0.0,0.0,2,1,2,1,Gd,4,Typ,0,2009.0,2.0,528.0,Y,0,234,0,0,0,0,0,6,2009,New,Partial,173733,1,0,0,0,4,1,2,5,0,2,6,1,5,0,3,,2,4
568,120,FV,68.0,3830,Pave,IR1,Lvl,AllPub,Inside,Gtl,Somerst,Norm,Norm,TwnhsE,1Story,6,5,2008,2008,Gable,CompShg,VinylSd,VinylSd,Stone,280.0,Gd,TA,PConc,0.0,0.0,1726.0,GasA,Ex,Y,SBrkr,1726,0,0,1726,0.0,0.0,2,1,2,1,Gd,6,Typ,1,2008.0,2.0,561.0,Y,0,254,0,0,0,0,0,1,2009,New,Partial,222000,1,0,0,0,4,1,2,5,3,6,6,1,1,1,2,,2,4
569,120,FV,68.0,4217,Pave,IR1,Lvl,AllPub,Inside,Gtl,Somerst,Norm,Norm,TwnhsE,1Story,6,5,2008,2008,Gable,CompShg,VinylSd,VinylSd,Stone,252.0,Gd,TA,PConc,962.0,0.0,1145.0,GasA,Ex,Y,SBrkr,1256,0,0,1256,1.0,0.0,1,1,1,1,Gd,5,Typ,1,2008.0,2.0,641.0,Y,0,169,0,0,0,0,0,3,2009,WD ,Normal,195000,1,0,0,0,4,1,2,5,3,2,6,1,1,1,2,,2,4
570,160,FV,34.0,3230,Pave,Reg,Lvl,AllPub,Inside,Gtl,Somerst,Norm,Norm,TwnhsE,2Story,6,5,1999,1999,Gable,CompShg,MetalSd,MetalSd,BrkFace,894.0,TA,TA,PConc,381.0,0.0,729.0,GasA,Gd,Y,SBrkr,742,729,0,1471,0.0,0.0,2,1,3,1,TA,6,Typ,0,1999.0,2.0,440.0,Y,0,24,0,0,0,0,0,3,2009,WD ,Normal,172500,1,0,0,0,1,1,2,5,3,2,6,1,5,0,3,,2,1
571,160,FV,34.0,2998,Pave,Reg,Lvl,AllPub,Inside,Gtl,Somerst,Norm,Norm,TwnhsE,2Story,6,5,2000,2000,Gable,CompShg,MetalSd,MetalSd,BrkFace,513.0,Gd,TA,PConc,507.0,0.0,756.0,GasA,Ex,Y,SBrkr,756,756,0,1512,1.0,0.0,2,1,2,1,Gd,4,Typ,0,2000.0,2.0,440.0,Y,0,32,0,0,0,0,0,8,2009,WD ,Normal,180000,0,0,0,0,1,1,2,5,3,2,6,1,5,0,3,,2,1
572,160,FV,35.0,3768,Pave,Reg,Lvl,AllPub,FR2,Gtl,Somerst,Norm,Norm,TwnhsE,2Story,7,5,1999,1999,Hip,CompShg,MetalSd,MetalSd,BrkFace,218.0,Gd,TA,PConc,549.0,0.0,691.0,GasA,Ex,Y,SBrkr,713,739,0,1452,1.0,0.0,2,1,3,1,Gd,6,Typ,0,1999.0,2.0,506.0,Y,0,34,0,0,0,0,0,9,2009,WD ,Normal,156000,0,0,0,0,1,1,2,5,3,2,6,1,5,0,3,,2,1
573,160,FV,24.0,2645,Pave,Reg,Lvl,AllPub,Inside,Gtl,Somerst,Norm,Norm,Twnhs,2Story,8,5,1999,2000,Gable,CompShg,MetalSd,MetalSd,BrkFace,456.0,Gd,TA,PConc,649.0,0.0,970.0,GasA,Ex,Y,SBrkr,983,756,0,1739,1.0,0.0,2,1,3,1,Gd,7,Typ,0,1999.0,2.0,480.0,Y,115,0,0,0,0,0,0,8,2009,WD ,Abnorml,172500,1,0,0,0,1,1,2,5,3,2,6,1,1,0,3,,2,1
574,20,RL,68.0,14694,Pave,IR1,Lvl,AllPub,Inside,Gtl,Veenker,Norm,Norm,1Fam,1Story,8,9,1977,2008,Gable,CompShg,MetalSd,MetalSd,BrkFace,450.0,Ex,Ex,CBlock,1252.0,136.0,1694.0,GasA,Ex,Y,SBrkr,1694,0,0,1694,1.0,0.0,2,0,2,1,Ex,5,Typ,1,1977.0,2.0,642.0,Y,501,120,0,225,0,0,0,6,2009,WD ,Normal,318750,0,0,0,0,1,1,2,2,1,2,0,1,1,1,2,,2,1
575,120,RL,61.0,3782,Pave,IR1,Lvl,AllPub,CulDSac,Gtl,Greens,Norm,Norm,TwnhsE,1Story,8,5,1981,1981,Gable,CompShg,Wd Sdng,Plywood,None,0.0,Gd,TA,CBlock,960.0,0.0,1226.0,GasA,TA,Y,SBrkr,1226,0,0,1226,1.0,0.0,1,0,1,1,Gd,4,Typ,2,1981.0,2.0,484.0,Y,133,78,0,0,0,0,0,9,2009,WD ,Normal,211500,0,0,0,0,3,1,2,5,1,2,6,1,1,1,5,,2,3
576,20,RL,110.0,15417,Pave,Reg,Lvl,AllPub,Inside,Gtl,Veenker,Norm,Norm,1Fam,1Story,7,5,1981,1981,Gable,CompShg,BrkFace,BrkFace,None,0.0,Gd,TA,CBlock,121.0,0.0,1740.0,GasA,TA,Y,SBrkr,1740,0,0,1740,0.0,0.0,1,1,2,1,Gd,7,Typ,0,1981.0,2.0,540.0,Y,228,20,218,0,0,0,0,6,2009,WD ,Normal,241600,0,0,0,0,3,1,2,5,2,3,6,1,1,0,3,,2,3
577,80,RL,80.0,9600,Pave,Reg,Low,AllPub,FR2,Mod,Veenker,Feedr,Norm,1Fam,SLvl,8,5,1976,1976,Gable,CompShg,Plywood,Plywood,BrkFace,200.0,Gd,Gd,CBlock,0.0,0.0,392.0,GasA,Ex,Y,SBrkr,1487,1012,0,2499,0.0,0.0,2,1,4,1,TA,5,Typ,1,1976.0,2.0,527.0,Y,0,64,0,0,0,0,0,1,2009,WD ,Abnorml,180500,0,0,0,0,1,1,5,5,3,6,6,1,1,1,2,,5,1
578,20,RL,68.0,9991,Pave,IR1,Lvl,AllPub,Corner,Gtl,Sawyer,Feedr,Norm,1Fam,1Story,4,4,1976,1993,Gable,CompShg,Plywood,Plywood,None,0.0,TA,TA,CBlock,1116.0,0.0,1281.0,GasA,Ex,Y,SBrkr,1620,0,0,1620,1.0,0.0,2,0,3,1,TA,8,Min1,1,1993.0,2.0,490.0,Y,120,78,0,0,0,0,0,6,2009,WD ,Normal,150000,0,0,1,0,3,1,5,5,3,1,6,1,1,1,5,,5,3
579,60,RL,78.0,11700,Pave,Reg,Lvl,AllPub,Inside,Gtl,NWAmes,RRAn,Norm,1Fam,2Story,6,6,1968,1968,Gable,CompShg,MetalSd,MetalSd,None,0.0,TA,TA,CBlock,298.0,0.0,727.0,GasA,Ex,Y,SBrkr,829,727,0,1556,0.0,0.0,1,1,4,1,TA,8,Typ,0,1968.0,2.0,441.0,Y,0,0,0,0,0,0,0,5,2009,WD ,Normal,154000,0,0,0,0,3,1,5,5,3,5,6,1,1,0,3,,5,3
580,20,RL,68.0,11717,Pave,IR1,Lvl,AllPub,Inside,Gtl,NWAmes,PosA,Norm,1Fam,1Story,6,6,1970,1970,Hip,CompShg,HdBoard,HdBoard,BrkFace,571.0,TA,TA,CBlock,0.0,0.0,1442.0,GasA,TA,Y,SBrkr,1442,0,0,1442,0.0,0.0,2,0,2,1,TA,6,Typ,1,1970.0,2.0,615.0,Y,371,0,0,0,0,0,0,2,2009,WD ,Normal,185000,0,0,0,0,1,1,5,5,3,6,6,1,1,1,5,,5,1
581,20,RL,68.0,9156,Pave,IR1,Lvl,AllPub,Inside,Gtl,NWAmes,PosN,Norm,1Fam,1Story,6,7,1968,1968,Hip,CompShg,BrkFace,BrkFace,None,0.0,TA,TA,CBlock,0.0,0.0,1489.0,GasA,Gd,Y,SBrkr,1489,0,0,1489,0.0,0.0,2,0,3,1,Gd,7,Typ,1,1968.0,2.0,462.0,Y,0,0,0,0,0,0,0,8,2009,WD ,Normal,185750,0,0,0,0,3,1,5,5,3,6,6,1,1,1,2,,5,3
582,60,RL,68.0,10382,Pave,IR1,Lvl,AllPub,Corner,Gtl,NWAmes,PosN,Norm,1Fam,2Story,7,6,1973,1973,Gable,CompShg,HdBoard,HdBoard,Stone,240.0,TA,TA,CBlock,859.0,32.0,1107.0,GasA,Ex,Y,SBrkr,1107,983,0,2090,1.0,0.0,2,1,3,1,TA,7,Typ,2,1973.0,2.0,484.0,Y,235,204,228,0,0,0,350,11,2009,WD ,Normal,200000,0,0,0,1,4,1,2,5,2,0,1,1,1,1,5,,2,4
583,60,RL,68.0,12732,Pave,IR1,Lvl,AllPub,CulDSac,Gtl,NWAmes,PosN,Norm,1Fam,2Story,7,6,1974,1974,Gable,CompShg,VinylSd,VinylSd,None,0.0,TA,TA,CBlock,560.0,42.0,752.0,GasA,TA,Y,SBrkr,1285,782,0,2067,0.0,0.0,2,1,3,1,Gd,7,Typ,2,1974.0,2.0,784.0,Y,297,40,0,0,0,0,0,6,2009,WD ,Normal,206000,0,0,0,0,3,1,5,5,2,2,3,1,1,1,5,,5,3
584,60,RL,68.0,12936,Pave,IR1,Lvl,AllPub,CulDSac,Gtl,NWAmes,Norm,Norm,1Fam,2Story,6,6,1972,1972,Gable,CompShg,HdBoard,Plywood,None,0.0,TA,TA,CBlock,593.0,0.0,723.0,GasA,TA,Y,SBrkr,735,660,0,1395,0.0,1.0,1,1,3,1,TA,6,Typ,1,1972.0,2.0,497.0,Y,294,116,0,0,0,0,0,12,2009,WD ,Normal,162000,0,0,0,0,3,1,5,2,3,1,6,1,1,1,5,,5,3
585,60,RL,80.0,10400,Pave,Reg,Lvl,AllPub,Inside,Gtl,NWAmes,PosA,Norm,1Fam,2Story,6,7,1967,1997,Gable,CompShg,MetalSd,MetalSd,BrkFace,256.0,TA,TA,PConc,0.0,0.0,932.0,GasA,Gd,Y,SBrkr,1271,1369,0,2640,0.0,0.0,2,1,5,1,Gd,8,Typ,1,1967.0,2.0,515.0,Y,0,120,0,0,168,0,0,5,2009,WD ,Normal,256900,0,0,0,0,1,1,5,5,3,6,6,1,1,1,5,,5,1
586,80,RL,68.0,17871,Pave,IR1,Lvl,AllPub,CulDSac,Gtl,NWAmes,Norm,Norm,1Fam,SLvl,6,5,1967,1976,Gable,CompShg,HdBoard,HdBoard,BrkFace,359.0,TA,TA,CBlock,528.0,0.0,1680.0,GasA,Fa,Y,SBrkr,1724,0,0,1724,1.0,0.0,1,1,3,1,TA,7,Typ,1,1967.0,2.0,480.0,Y,0,0,0,0,0,0,0,6,2009,WD ,Normal,197900,0,0,0,0,1,1,2,5,0,0,6,1,1,1,2,,2,1
587,20,RL,80.0,9600,Pave,Reg,Lvl,AllPub,Inside,Gtl,NWAmes,Feedr,Norm,1Fam,1Story,5,5,1969,1969,Gable,CompShg,HdBoard,HdBoard,BrkFace,128.0,TA,TA,CBlock,553.0,147.0,1288.0,GasA,TA,Y,SBrkr,1336,0,0,1336,0.0,1.0,2,0,3,1,TA,6,Typ,1,1969.0,2.0,502.0,Y,312,11,0,0,0,0,650,8,2009,WD ,Normal,163000,0,0,0,1,1,1,2,5,2,0,5,1,1,1,1,,2,1
588,20,RL,75.0,9000,Pave,Reg,Lvl,AllPub,Inside,Gtl,NWAmes,Feedr,Norm,1Fam,1Story,6,5,1969,1969,Gable,CompShg,HdBoard,HdBoard,BrkFace,200.0,TA,TA,CBlock,955.0,0.0,1216.0,GasA,TA,Y,SBrkr,1216,0,0,1216,1.0,0.0,1,0,3,1,TA,5,Typ,0,1969.0,1.0,336.0,Y,0,0,0,0,0,0,0,8,2009,WD ,Abnorml,113000,0,0,1,0,1,1,5,5,0,1,6,1,1,0,3,,5,1
589,60,RL,68.0,13774,Pave,IR1,Lvl,AllPub,Inside,Gtl,NWAmes,Norm,Norm,1Fam,2Story,7,7,1977,1992,Hip,CompShg,HdBoard,HdBoard,BrkFace,283.0,TA,Gd,PConc,432.0,0.0,908.0,GasA,Ex,Y,SBrkr,1316,972,0,2288,0.0,0.0,1,2,4,1,Gd,8,Typ,2,1977.0,2.0,520.0,Y,321,72,0,0,156,0,0,11,2009,WD ,Normal,230000,0,0,0,0,1,1,2,5,3,2,6,1,1,1,5,,2,1
590,20,RL,80.0,9650,Pave,Reg,Lvl,AllPub,Inside,Gtl,NWAmes,Norm,Norm,1Fam,1Story,6,5,1977,1977,Gable,CompShg,Plywood,Plywood,BrkFace,360.0,TA,TA,CBlock,686.0,0.0,1350.0,GasA,TA,Y,SBrkr,1334,0,0,1334,0.0,1.0,2,0,2,1,TA,6,Typ,1,1977.0,2.0,630.0,Y,0,16,0,0,0,0,0,4,2009,WD ,Normal,167900,0,0,0,0,1,1,2,5,3,0,6,1,1,1,5,,2,1
591,20,RL,78.0,10140,Pave,Reg,Lvl,AllPub,Inside,Gtl,NWAmes,RRAn,Norm,1Fam,1Story,7,5,1998,1999,Hip,CompShg,VinylSd,VinylSd,None,0.0,Gd,TA,PConc,144.0,1127.0,1650.0,GasA,Ex,Y,SBrkr,1680,0,0,1680,1.0,0.0,2,0,3,1,Gd,7,Maj1,1,1998.0,2.0,583.0,Y,78,73,0,0,0,0,0,6,2009,WD ,Normal,213250,0,0,0,0,3,1,0,5,3,3,2,1,1,1,5,,0,3
592,60,RL,70.0,8400,Pave,Reg,Lvl,AllPub,Inside,Gtl,NWAmes,Norm,Norm,1Fam,2Story,8,6,2001,2001,Gable,CompShg,VinylSd,VinylSd,None,0.0,Gd,TA,PConc,643.0,0.0,810.0,GasA,Ex,Y,SBrkr,810,855,0,1665,1.0,0.0,2,1,3,1,Gd,6,Typ,0,2001.0,2.0,528.0,Y,0,45,0,0,0,0,0,11,2009,WD ,Normal,227000,0,0,0,0,3,1,2,5,3,2,6,1,1,0,3,,2,3
593,20,RL,62.0,7130,Pave,Reg,Lvl,AllPub,Inside,Gtl,NAmes,Norm,Norm,1Fam,1Story,5,6,1967,1967,Gable,CompShg,HdBoard,HdBoard,None,0.0,TA,TA,PConc,648.0,0.0,864.0,GasA,TA,Y,SBrkr,864,0,0,864,0.0,1.0,1,0,2,1,TA,5,Typ,0,1967.0,1.0,312.0,Y,0,0,0,0,0,0,0,6,2009,WD ,Normal,130000,0,0,1,0,3,1,5,5,3,1,6,1,1,0,3,,5,3
594,20,RL,80.0,9600,Pave,Reg,Lvl,AllPub,Inside,Gtl,NAmes,Norm,Norm,1Fam,1Story,5,5,1967,1967,Hip,CompShg,HdBoard,HdBoard,None,0.0,TA,TA,CBlock,0.0,0.0,1568.0,GasA,TA,Y,SBrkr,1568,0,0,1568,0.0,0.0,1,1,3,1,TA,7,Typ,0,1967.0,2.0,440.0,Y,160,40,0,0,0,0,0,3,2009,COD,Normal,143000,0,0,0,0,3,1,5,5,3,6,6,1,1,0,3,,5,3
595,20,RL,70.0,9100,Pave,Reg,Lvl,AllPub,Inside,Gtl,NAmes,Norm,Norm,1Fam,1Story,5,6,1965,1965,Gable,CompShg,VinylSd,VinylSd,None,0.0,TA,TA,CBlock,338.0,466.0,925.0,GasA,Ex,Y,SBrkr,925,0,0,925,0.0,1.0,1,0,2,1,TA,5,Typ,0,1965.0,1.0,429.0,Y,0,0,0,0,0,0,0,7,2009,WD ,Normal,117500,0,0,1,0,3,1,5,5,3,1,5,1,5,0,3,,5,3
596,60,RL,80.0,9600,Pave,Reg,Lvl,AllPub,Inside,Gtl,NWAmes,Norm,Norm,1Fam,2Story,7,5,1974,1974,Gable,CompShg,Plywood,Plywood,BrkFace,252.0,TA,TA,CBlock,698.0,0.0,1165.0,GasA,Gd,Y,SBrkr,1165,896,0,2061,0.0,1.0,2,1,4,1,TA,8,Typ,1,1974.0,2.0,498.0,Y,0,77,0,0,196,0,0,5,2009,COD,Abnorml,168500,0,0,0,0,1,1,5,5,3,0,6,1,1,1,5,,5,1
597,85,RL,68.0,16500,Pave,Reg,Lvl,AllPub,Inside,Gtl,NWAmes,Norm,Norm,1Fam,SFoyer,6,5,1971,1971,Hip,CompShg,HdBoard,HdBoard,BrkFace,509.0,TA,TA,CBlock,962.0,0.0,1232.0,GasA,Fa,Y,SBrkr,1320,0,0,1320,0.0,1.0,2,0,3,1,TA,5,Typ,1,1971.0,2.0,495.0,Y,0,20,0,0,0,0,0,5,2009,WD ,Normal,172500,0,0,0,0,1,1,2,5,0,2,6,1,1,1,2,,2,1
598,20,RL,68.0,9790,Pave,Reg,Lvl,AllPub,Inside,Gtl,NWAmes,Feedr,Norm,1Fam,1Story,6,5,1967,1967,Gable,CompShg,BrkFace,Wd Sdng,None,0.0,TA,TA,CBlock,251.0,630.0,1372.0,GasA,TA,Y,SBrkr,1342,0,0,1342,0.0,0.0,2,0,3,1,TA,7,Typ,1,1967.0,2.0,457.0,Y,0,0,0,0,197,0,0,9,2009,WD ,Normal,161500,0,0,0,0,3,1,5,5,3,5,3,1,1,1,2,,5,3
599,20,RL,60.0,7436,Pave,Reg,Lvl,AllPub,Inside,Gtl,NAmes,Norm,Norm,1Fam,1Story,4,7,1960,1960,Gable,CompShg,VinylSd,VinylSd,None,0.0,TA,TA,CBlock,734.0,0.0,894.0,GasA,Gd,Y,SBrkr,894,0,0,894,1.0,0.0,1,0,2,1,TA,5,Typ,1,1988.0,2.0,396.0,Y,0,0,0,360,0,0,0,8,2009,WD ,Normal,141500,0,0,1,0,3,1,5,5,3,0,6,1,5,1,4,,5,3
600,20,RL,65.0,8125,Pave,Reg,Lvl,AllPub,Inside,Gtl,NAmes,Norm,Norm,1Fam,1Story,5,7,1959,1959,Hip,CompShg,MetalSd,MetalSd,None,0.0,TA,TA,CBlock,403.0,0.0,864.0,GasA,Ex,Y,SBrkr,864,0,0,864,0.0,0.0,1,0,3,1,TA,5,Typ,0,1960.0,1.0,308.0,Y,0,0,0,0,0,0,0,9,2009,WD ,Normal,118000,0,0,0,0,3,1,5,5,3,1,6,1,5,0,3,,5,3
601,20,RL,70.0,9100,Pave,Reg,Lvl,AllPub,Inside,Gtl,NAmes,Norm,Norm,1Fam,1Story,6,6,1959,1959,Hip,CompShg,Wd Sdng,Wd Sdng,None,0.0,TA,TA,CBlock,612.0,0.0,864.0,GasA,Ex,Y,SBrkr,864,0,0,864,0.0,0.0,1,0,2,1,TA,5,Typ,0,2008.0,1.0,300.0,Y,0,0,0,0,0,0,450,10,2009,WD ,Normal,127500,0,0,0,1,3,1,5,5,3,5,6,1,5,0,3,,5,3
602,20,RL,68.0,9450,Pave,IR1,Lvl,AllPub,Corner,Gtl,NAmes,Norm,Norm,1Fam,1Story,4,5,1957,1957,Gable,CompShg,Wd Sdng,Wd Sdng,BrkFace,160.0,TA,TA,CBlock,775.0,0.0,1040.0,GasA,TA,Y,SBrkr,1362,0,0,1362,1.0,0.0,1,0,3,1,TA,6,Typ,1,1982.0,3.0,768.0,Y,0,0,84,0,0,0,0,5,2009,WD ,Normal,140000,0,0,1,0,1,1,5,5,3,1,6,1,1,1,2,,5,1
603,20,RL,68.0,13495,Pave,IR1,Lvl,AllPub,Corner,Gtl,NAmes,Norm,Norm,1Fam,1Story,5,6,1956,1956,Gable,CompShg,Wd Sdng,Wd Sdng,BrkFace,70.0,TA,Gd,CBlock,625.0,201.0,1048.0,GasA,Fa,Y,SBrkr,1728,0,0,1728,1.0,0.0,2,0,3,1,TA,7,Min1,1,1956.0,2.0,576.0,Y,0,99,0,0,0,0,0,7,2009,WD ,Normal,177625,0,0,0,0,1,1,5,5,3,1,3,1,5,1,2,,5,1
604,90,RL,85.0,11475,Pave,Reg,Lvl,AllPub,Corner,Gtl,NAmes,Norm,Norm,Duplex,1Story,5,5,1958,1958,Gable,CompShg,VinylSd,VinylSd,BrkFace,95.0,TA,TA,CBlock,0.0,0.0,1584.0,GasA,TA,Y,SBrkr,1776,0,0,1776,1.0,0.0,2,0,4,2,TA,9,Typ,0,1968.0,3.0,888.0,Y,0,25,0,0,0,0,0,7,2009,COD,Abnorml,110000,0,0,0,0,1,1,5,5,3,6,6,1,5,0,3,,5,1
605,20,RL,100.0,10004,Pave,Reg,Lvl,AllPub,Inside,Gtl,NAmes,Norm,Norm,1Fam,1Story,6,6,1964,1964,Gable,CompShg,HdBoard,Plywood,BrkFace,180.0,TA,TA,CBlock,196.0,345.0,1516.0,GasA,TA,Y,SBrkr,1516,0,0,1516,0.0,0.0,1,1,3,1,TA,6,Typ,0,1964.0,2.0,472.0,Y,0,0,0,0,152,0,0,2,2009,WD ,Normal,167000,0,0,0,0,1,1,5,5,3,5,1,1,1,0,3,,5,1
606,20,RL,85.0,9350,Pave,Reg,Lvl,AllPub,Inside,Gtl,NAmes,Norm,Norm,1Fam,1Story,5,6,1961,1995,Gable,CompShg,Wd Sdng,Wd Sdng,BrkFace,217.0,TA,TA,CBlock,310.0,512.0,1313.0,GasA,TA,Y,SBrkr,1313,0,0,1313,1.0,0.0,1,1,3,1,Gd,6,Typ,1,1961.0,2.0,610.0,Y,172,28,0,0,121,0,0,2,2009,WD ,Normal,153000,0,0,1,0,1,1,5,5,3,0,1,1,1,1,5,,5,1
607,20,RL,115.0,10500,Pave,IR1,Lvl,AllPub,Inside,Gtl,NAmes,Norm,Norm,1Fam,1Story,5,5,1964,1964,Gable,CompShg,HdBoard,HdBoard,Stone,144.0,TA,Gd,CBlock,998.0,0.0,1292.0,GasA,TA,Y,SBrkr,1292,0,0,1292,1.0,0.0,1,1,3,1,TA,6,Typ,2,1964.0,2.0,520.0,Y,0,32,0,0,92,0,0,7,2009,COD,Abnorml,145100,0,0,0,0,4,1,5,5,3,3,6,1,5,1,2,,5,4
608,20,RL,68.0,11000,Pave,IR1,Lvl,AllPub,CulDSac,Gtl,NAmes,Norm,Norm,1Fam,1Story,5,6,1966,1966,Gable,CompShg,Plywood,Plywood,BrkFace,200.0,TA,TA,CBlock,740.0,230.0,1154.0,GasA,Ex,Y,SBrkr,1154,0,0,1154,0.0,0.0,1,1,3,1,TA,6,Typ,1,1966.0,2.0,480.0,Y,0,58,0,0,0,0,0,11,2009,WD ,Normal,154000,0,0,1,0,1,1,5,5,2,1,5,1,1,1,4,,5,1
609,60,RL,68.0,8970,Pave,IR1,Lvl,AllPub,Corner,Gtl,NAmes,Norm,Norm,1Fam,2Story,5,6,1965,1965,Gable,CompShg,MetalSd,MetalSd,None,0.0,TA,Gd,CBlock,388.0,0.0,744.0,GasA,TA,Y,SBrkr,825,1315,0,2140,0.0,0.0,2,1,4,1,TA,7,Typ,1,1965.0,2.0,549.0,Y,0,40,264,0,0,0,0,6,2009,WD ,Normal,177500,0,0,1,0,3,1,5,5,3,0,6,1,1,1,5,,5,3
610,80,RL,68.0,12095,Pave,IR1,Lvl,AllPub,Corner,Gtl,NAmes,Norm,Norm,1Fam,SLvl,6,6,1964,1964,Gable,CompShg,MetalSd,HdBoard,BrkFace,115.0,TA,Gd,CBlock,564.0,0.0,1127.0,GasA,TA,Y,SBrkr,1445,0,0,1445,0.0,0.0,1,1,3,1,TA,7,Typ,1,1964.0,2.0,645.0,Y,180,0,0,0,0,0,0,8,2009,WD ,Normal,158000,0,0,1,0,1,1,5,5,1,5,6,1,1,1,1,,5,1
611,20,RL,80.0,9600,Pave,Reg,Lvl,AllPub,Corner,Gtl,NAmes,Norm,Norm,1Fam,1Story,5,6,1959,1959,Gable,CompShg,MetalSd,MetalSd,BrkFace,132.0,TA,TA,CBlock,991.0,0.0,1041.0,GasA,Ex,Y,SBrkr,1041,0,0,1041,1.0,0.0,1,0,3,1,TA,6,Typ,0,1959.0,1.0,270.0,Y,224,88,0,0,0,0,0,7,2009,WD ,Normal,124500,0,0,1,0,1,1,5,5,3,0,6,1,1,0,3,,5,1
612,80,RL,85.0,11475,Pave,Reg,Lvl,AllPub,Corner,Gtl,NAmes,Norm,Norm,1Fam,SLvl,6,6,1961,1961,Hip,CompShg,HdBoard,HdBoard,BrkFace,90.0,TA,TA,CBlock,568.0,0.0,1208.0,GasA,Ex,Y,SBrkr,1576,0,0,1576,1.0,0.0,1,0,4,1,Gd,7,Typ,1,1961.0,2.0,368.0,Y,85,0,0,0,0,0,0,9,2009,WD ,Normal,174500,0,0,0,0,1,1,5,5,1,0,6,1,3,1,4,,5,1
613,20,RL,68.0,9768,Pave,Reg,Lvl,AllPub,Inside,Gtl,NAmes,Norm,Norm,1Fam,1Story,5,5,1955,1955,Gable,CompShg,Wd Sdng,Wd Sdng,None,0.0,TA,TA,CBlock,100.0,247.0,960.0,GasA,Gd,Y,SBrkr,960,0,0,960,1.0,0.0,1,0,2,1,TA,5,Typ,0,1955.0,1.0,330.0,Y,0,70,0,0,0,0,0,2,2009,WD ,Normal,122000,0,0,1,0,3,1,5,5,3,5,0,1,1,0,3,,5,3
614,30,RL,50.0,5330,Pave,Reg,HLS,AllPub,Inside,Gtl,BrkSide,Norm,Norm,1Fam,1Story,4,7,1940,1950,Hip,CompShg,VinylSd,VinylSd,None,0.0,Fa,TA,CBlock,280.0,0.0,420.0,GasA,Gd,Y,SBrkr,708,0,0,708,0.0,0.0,1,0,2,1,Fa,5,Typ,0,0.0,0.0,0.0,Y,164,0,0,0,0,0,0,12,2009,WD ,Normal,82500,0,0,0,0,3,1,5,5,3,3,6,0,6,0,3,,5,3
615,50,RL,68.0,7015,Pave,IR1,Bnk,AllPub,Corner,Gtl,BrkSide,Norm,Norm,1Fam,1.5Fin,5,4,1950,1950,Gable,CompShg,MetalSd,MetalSd,BrkCmn,161.0,TA,TA,CBlock,185.0,0.0,709.0,GasA,TA,Y,SBrkr,979,224,0,1203,1.0,0.0,1,0,3,1,Gd,5,Typ,1,1950.0,1.0,352.0,Y,0,0,248,0,0,0,0,7,2009,WD ,Normal,110000,0,0,0,0,0,1,5,5,3,3,6,1,5,1,5,,5,0
616,20,RL,128.0,12160,Pave,Reg,Lvl,AllPub,Inside,Gtl,NAmes,Feedr,Norm,1Fam,1Story,6,4,1953,1953,Hip,CompShg,Wd Sdng,Wd Sdng,BrkFace,90.0,TA,TA,CBlock,1024.0,0.0,1505.0,GasA,Ex,Y,SBrkr,1505,0,0,1505,1.0,0.0,1,0,2,1,TA,6,Typ,1,1953.0,2.0,505.0,Y,0,0,0,162,0,0,0,2,2009,WD ,Normal,149500,0,0,0,0,1,1,5,5,3,1,6,1,1,1,5,,5,1
617,20,RL,90.0,9900,Pave,Reg,Lvl,AllPub,Inside,Gtl,NAmes,Feedr,Norm,1Fam,1Story,6,5,1967,1967,Gable,CompShg,BrkComm,Brk Cmn,None,0.0,Gd,TA,CBlock,1173.0,0.0,1680.0,GasA,TA,Y,SBrkr,1691,0,0,1691,1.0,0.0,1,0,2,1,TA,5,Typ,0,1967.0,2.0,550.0,Y,0,67,260,0,0,0,0,4,2009,WD ,Normal,175000,0,0,1,0,3,1,5,5,3,5,6,1,1,0,3,,5,3
618,20,RL,80.0,9600,Pave,Reg,Lvl,AllPub,Inside,Gtl,NAmes,Norm,Norm,1Fam,1Story,6,5,1953,1953,Hip,CompShg,HdBoard,HdBoard,Stone,238.0,TA,TA,CBlock,1285.0,0.0,1416.0,GasA,TA,Y,SBrkr,1644,0,0,1644,1.0,0.0,1,0,3,1,TA,7,Typ,2,1953.0,2.0,418.0,Y,110,0,0,0,0,0,0,10,2009,WD ,Normal,167000,0,0,0,0,4,1,5,5,3,2,6,1,1,1,2,,5,4
619,20,RL,80.0,9600,Pave,Reg,Lvl,AllPub,Inside,Gtl,NAmes,Norm,Norm,1Fam,1Story,5,6,1956,1956,Hip,CompShg,MetalSd,MetalSd,None,0.0,TA,TA,CBlock,504.0,0.0,1050.0,GasA,Gd,Y,SBrkr,1050,0,0,1050,0.0,0.0,1,0,2,1,TA,5,Typ,0,1956.0,1.0,338.0,Y,0,0,0,0,0,0,0,6,2009,WD ,Normal,128900,0,0,0,0,3,1,5,5,3,5,6,1,1,0,3,,5,3
620,50,RL,80.0,9600,Pave,Reg,Lvl,AllPub,Inside,Gtl,NAmes,Norm,Norm,1Fam,1.5Fin,6,8,1950,2005,Gable,CompShg,VinylSd,VinylSd,None,0.0,TA,Gd,CBlock,120.0,0.0,856.0,GasA,Ex,Y,SBrkr,1112,556,0,1668,0.0,0.0,1,1,3,1,TA,6,Min2,0,1950.0,1.0,271.0,Y,0,0,0,0,0,0,0,9,2009,WD ,Normal,140000,0,0,1,0,3,1,5,5,3,1,6,1,1,0,3,,5,3
621,20,RL,80.0,9600,Pave,Reg,Lvl,AllPub,Inside,Gtl,NAmes,Norm,Norm,1Fam,1Story,5,7,1950,2007,Gable,CompShg,MetalSd,MetalSd,None,0.0,Gd,TA,CBlock,607.0,0.0,1113.0,GasA,Gd,Y,SBrkr,1113,0,0,1113,0.0,0.0,1,0,3,1,Gd,5,Typ,1,1950.0,1.0,264.0,Y,0,80,120,0,0,0,0,7,2009,WD ,Normal,147000,0,0,0,0,3,1,5,5,3,0,6,1,1,1,2,,5,3
622,90,RL,65.0,8944,Pave,Reg,Lvl,AllPub,Inside,Gtl,NAmes,Norm,Norm,Duplex,1Story,5,5,1967,1967,Gable,CompShg,Plywood,Plywood,None,0.0,TA,TA,CBlock,0.0,0.0,1584.0,GasA,TA,Y,SBrkr,1584,0,0,1584,0.0,0.0,2,0,4,2,TA,8,Mod,0,1967.0,3.0,792.0,Y,0,152,0,0,0,0,0,4,2009,WD ,Normal,124000,0,0,0,0,3,1,5,5,3,6,6,1,5,0,3,,5,3
623,20,RL,92.0,10573,Pave,IR1,Lvl,AllPub,Corner,Gtl,NAmes,Norm,Norm,1Fam,1Story,6,6,1961,1961,Hip,CompShg,MetalSd,MetalSd,BrkFace,3.0,TA,TA,CBlock,1312.0,0.0,1453.0,GasA,Ex,Y,SBrkr,1453,0,0,1453,1.0,0.0,2,0,3,1,TA,6,Typ,1,1961.0,2.0,530.0,Y,0,49,0,0,288,0,0,4,2009,WD ,Normal,187500,0,0,1,0,1,1,5,5,3,5,6,1,1,1,5,,5,1
624,20,RL,68.0,9500,Pave,IR1,Lvl,AllPub,Inside,Gtl,NAmes,Norm,Norm,1Fam,1Story,6,5,1963,1963,Gable,CompShg,Plywood,Plywood,BrkFace,247.0,TA,TA,CBlock,609.0,0.0,1394.0,GasA,Gd,Y,SBrkr,1394,0,0,1394,1.0,0.0,1,1,3,1,TA,6,Typ,2,1963.0,2.0,514.0,Y,0,76,0,0,185,0,0,7,2009,WD ,Normal,159000,0,0,0,0,1,1,2,5,3,1,6,1,1,1,2,,2,1
625,20,RL,80.0,14695,Pave,IR1,Lvl,AllPub,Inside,Gtl,NAmes,Norm,Norm,1Fam,1Story,6,8,1966,2008,Gable,CompShg,MetalSd,MetalSd,BrkFace,210.0,TA,Gd,CBlock,1387.0,0.0,1562.0,GasA,Gd,Y,SBrkr,1567,0,0,1567,1.0,0.0,2,0,2,1,Gd,5,Typ,2,1966.0,2.0,542.0,Y,0,110,0,0,342,0,0,7,2009,WD ,Normal,256000,0,0,1,0,1,1,5,5,3,0,6,1,1,1,2,,5,1
626,60,RL,85.0,13600,Pave,Reg,Lvl,AllPub,Inside,Gtl,NAmes,Norm,Norm,1Fam,2Story,7,6,1965,1990,Gable,CompShg,HdBoard,HdBoard,BrkFace,176.0,TA,TA,CBlock,454.0,0.0,768.0,GasA,TA,Y,SBrkr,1186,800,0,1986,0.0,0.0,2,1,3,1,TA,7,Typ,3,1965.0,2.0,486.0,Y,0,42,0,0,189,0,0,10,2009,WD ,Normal,205000,0,0,0,0,1,1,5,5,3,1,6,1,1,1,1,,5,1
627,60,RL,100.0,13000,Pave,Reg,Lvl,AllPub,Corner,Gtl,NAmes,Norm,Norm,1Fam,2Story,6,6,1968,1968,Gable,CompShg,VinylSd,VinylSd,BrkFace,576.0,TA,Gd,CBlock,448.0,0.0,896.0,GasA,TA,Y,SBrkr,1182,960,0,2142,0.0,0.0,2,1,4,1,Gd,8,Typ,1,1968.0,1.0,509.0,Y,0,72,0,0,252,0,0,6,2009,WD ,Normal,193500,0,0,0,0,1,1,2,5,3,5,6,1,1,1,2,,2,1
628,20,RL,120.0,13560,Pave,Reg,Lvl,AllPub,Corner,Gtl,NAmes,Norm,Norm,1Fam,1Story,6,3,1968,1968,Hip,CompShg,Wd Sdng,Wd Sdng,BrkFace,216.0,TA,TA,CBlock,0.0,0.0,1392.0,GasA,Gd,Y,SBrkr,1392,0,0,1392,1.0,0.0,1,0,2,1,TA,5,Maj2,2,1968.0,2.0,576.0,Y,0,0,240,0,0,0,0,7,2009,WD ,Normal,110000,0,0,0,0,1,1,1,1,3,6,6,1,1,1,5,,1,1
629,50,RL,68.0,12513,Pave,IR1,Lvl,AllPub,FR2,Gtl,NAmes,Feedr,Norm,1Fam,1.5Fin,4,4,1920,2007,Gable,CompShg,VinylSd,VinylSd,None,0.0,TA,Gd,BrkTil,0.0,0.0,715.0,GasA,Gd,Y,SBrkr,1281,457,0,1738,0.0,0.0,2,0,4,1,TA,7,Typ,1,1920.0,1.0,368.0,Y,55,0,0,0,0,0,0,6,2009,WD ,Normal,104900,0,0,0,0,3,1,5,1,3,6,6,1,1,1,2,,5,3
630,20,RL,73.0,8760,Pave,Reg,Lvl,AllPub,Inside,Gtl,NAmes,Norm,Norm,1Fam,1Story,5,7,1956,1956,Gable,CompShg,Wd Sdng,Wd Sdng,BrkFace,164.0,Gd,TA,CBlock,856.0,0.0,1169.0,GasA,TA,Y,SBrkr,1144,0,0,1144,1.0,0.0,1,0,3,1,TA,6,Typ,0,1956.0,1.0,286.0,Y,257,0,0,0,0,0,0,6,2009,WD ,Normal,150000,0,0,0,0,1,1,5,5,3,0,6,1,1,0,3,,5,1
631,20,RL,70.0,8400,Pave,Reg,Lvl,AllPub,Inside,Gtl,NAmes,Norm,Norm,1Fam,1Story,6,3,1957,1957,Hip,CompShg,BrkFace,BrkFace,None,0.0,TA,TA,CBlock,189.0,661.0,1478.0,GasA,Gd,Y,SBrkr,1478,0,0,1478,1.0,0.0,1,1,3,1,TA,6,Typ,2,1957.0,2.0,442.0,Y,114,0,0,0,216,0,0,6,2009,WD ,Normal,156500,0,0,0,0,3,1,5,5,3,0,5,1,1,1,2,,5,3
632,20,RL,68.0,12285,Pave,IR1,Lvl,AllPub,Inside,Gtl,NAmes,Norm,Norm,1Fam,1Story,7,6,1960,1960,Gable,CompShg,Plywood,Plywood,BrkFace,128.0,TA,TA,CBlock,544.0,0.0,1329.0,GasA,Gd,Y,SBrkr,1329,0,0,1329,0.0,0.0,1,1,3,1,TA,5,Typ,2,1960.0,2.0,441.0,Y,0,0,203,0,0,0,0,8,2009,WD ,Normal,176000,0,0,0,0,1,1,5,5,3,1,6,1,1,1,2,,5,1
633,20,RL,66.0,9240,Pave,IR1,Lvl,AllPub,Inside,Gtl,NAmes,Norm,Norm,1Fam,1Story,6,8,1959,1998,Hip,CompShg,MetalSd,MetalSd,None,0.0,Gd,TA,CBlock,708.0,0.0,988.0,GasA,TA,Y,SBrkr,988,0,0,988,1.0,0.0,2,0,3,1,Gd,6,Typ,0,1959.0,1.0,297.0,Y,156,0,0,0,0,0,0,6,2009,WD ,Normal,149500,0,0,0,0,3,1,5,5,3,0,6,1,1,0,3,,5,3
634,20,RL,80.0,9600,Pave,Reg,Lvl,AllPub,Inside,Gtl,NAmes,Feedr,Norm,1Fam,1Story,6,6,1958,1988,Hip,CompShg,Wd Sdng,Wd Sdng,BrkCmn,183.0,TA,TA,CBlock,620.0,620.0,1240.0,GasA,Gd,Y,SBrkr,1632,0,0,1632,1.0,0.0,2,0,3,1,TA,6,Min1,1,1958.0,1.0,338.0,Y,289,0,0,0,0,0,0,4,2009,WD ,Normal,139000,0,0,1,0,0,1,5,5,3,5,3,1,1,1,2,,5,0
635,20,RL,66.0,12400,Pave,IR1,Lvl,AllPub,Inside,Gtl,NAmes,Feedr,Norm,1Fam,1Story,6,7,1958,1998,Hip,CompShg,Wd Sdng,Wd Sdng,BrkFace,176.0,TA,TA,CBlock,585.0,0.0,1215.0,GasA,TA,Y,FuseA,1215,0,0,1215,0.0,0.0,1,0,3,1,TA,6,Typ,0,1958.0,1.0,297.0,Y,0,0,0,0,234,0,0,6,2009,WD ,Normal,155000,0,0,0,0,1,1,5,1,3,5,6,1,1,0,3,,5,1
636,20,RL,70.0,8750,Pave,Reg,Lvl,AllPub,Inside,Gtl,NAmes,Norm,Norm,1Fam,1Story,5,5,1956,1956,Gable,CompShg,BrkFace,BrkFace,None,0.0,TA,TA,CBlock,435.0,202.0,1202.0,GasA,TA,Y,SBrkr,1202,0,0,1202,0.0,1.0,1,0,3,1,TA,6,Typ,0,1956.0,1.0,304.0,Y,0,35,120,0,0,0,0,11,2009,COD,Abnorml,120000,0,0,1,0,3,1,5,5,3,5,1,1,1,0,3,,5,3
637,20,RL,70.0,8750,Pave,Reg,Lvl,AllPub,Inside,Gtl,NAmes,Norm,Norm,1Fam,1Story,5,5,1955,1955,Gable,CompShg,AsbShng,AsbShng,None,0.0,TA,TA,CBlock,172.0,483.0,1382.0,GasA,Gd,Y,FuseA,1382,0,0,1382,0.0,1.0,1,0,3,1,Gd,6,Typ,0,1955.0,1.0,350.0,Y,280,0,0,0,0,0,0,7,2009,WD ,Normal,153000,0,0,1,0,3,1,5,5,3,5,3,1,1,0,3,,5,3
638,20,RL,80.0,10400,Pave,Reg,Lvl,AllPub,Corner,Gtl,NAmes,Norm,Norm,1Fam,1Story,4,5,1956,1956,Gable,CompShg,Plywood,Plywood,None,0.0,TA,TA,CBlock,155.0,750.0,1200.0,GasA,TA,Y,SBrkr,1200,0,0,1200,1.0,0.0,1,0,3,1,TA,6,Typ,2,1956.0,1.0,294.0,Y,0,189,140,0,0,0,0,11,2009,WD ,Family,144000,0,0,0,0,3,1,5,5,3,5,3,1,1,1,2,,5,3
639,80,RL,120.0,19296,Pave,Reg,Lvl,AllPub,Corner,Gtl,NAmes,Artery,Norm,1Fam,SLvl,6,5,1962,1962,Gable,CompShg,Wd Sdng,Wd Sdng,BrkFace,399.0,TA,TA,CBlock,672.0,690.0,1362.0,GasA,TA,Y,SBrkr,1382,0,0,1382,1.0,0.0,1,0,3,1,TA,6,Typ,1,1991.0,2.0,884.0,Y,0,0,252,0,0,0,0,5,2009,WD ,Normal,176000,0,0,1,0,1,1,5,5,1,5,0,1,1,1,5,,5,1
640,20,RL,74.0,8532,Pave,Reg,Lvl,AllPub,Inside,Gtl,NAmes,Norm,Norm,1Fam,1Story,5,6,1954,1990,Hip,CompShg,Wd Sdng,Wd Sdng,BrkFace,650.0,TA,TA,CBlock,1213.0,0.0,1297.0,GasA,Gd,Y,SBrkr,1297,0,0,1297,0.0,1.0,1,0,3,1,TA,5,Typ,1,1954.0,2.0,498.0,Y,0,0,0,0,0,0,0,10,2009,WD ,Normal,153000,0,0,0,0,1,1,5,5,3,5,6,1,1,1,5,,5,1
641,90,RL,76.0,9482,Pave,Reg,Lvl,AllPub,Inside,Gtl,NAmes,Norm,Norm,Duplex,1Story,5,4,1958,1958,Hip,CompShg,Wd Sdng,Wd Sdng,BrkFace,657.0,TA,TA,PConc,0.0,0.0,1866.0,GasA,Ex,Y,SBrkr,1866,0,0,1866,0.0,0.0,2,0,4,2,TA,8,Typ,0,1958.0,2.0,495.0,Y,0,0,0,0,0,0,0,12,2009,WD ,Normal,135000,0,0,0,0,1,1,5,5,3,6,6,1,5,0,3,,5,1
642,20,RL,53.0,8128,Pave,IR1,Lvl,AllPub,CulDSac,Gtl,NAmes,Norm,Norm,1Fam,1Story,6,7,1954,1954,Hip,CompShg,MetalSd,MetalSd,BrkFace,80.0,TA,TA,CBlock,490.0,0.0,1062.0,GasA,Gd,Y,SBrkr,1062,0,0,1062,1.0,0.0,1,0,3,1,TA,6,Typ,0,1954.0,1.0,297.0,Y,0,0,0,0,0,0,0,2,2009,WD ,Normal,131000,0,0,0,0,1,1,5,5,3,0,6,1,1,0,3,,5,1
643,20,RL,79.0,10634,Pave,Reg,Lvl,AllPub,Inside,Gtl,NAmes,Norm,Norm,1Fam,1Story,5,6,1953,1953,Gable,CompShg,MetalSd,MetalSd,None,0.0,TA,TA,PConc,428.0,180.0,608.0,GasA,TA,Y,SBrkr,1319,0,0,1319,1.0,0.0,1,0,3,1,TA,5,Min2,0,1953.0,1.0,270.0,Y,66,0,0,0,0,0,0,11,2009,WD ,Normal,123000,0,0,1,0,3,1,5,5,3,1,3,1,1,0,3,,5,3
644,20,RL,67.0,13070,Pave,Reg,Lvl,AllPub,Corner,Gtl,NAmes,Norm,Norm,1Fam,1Story,5,5,1951,1951,Hip,CompShg,MetalSd,MetalSd,None,0.0,TA,TA,CBlock,308.0,0.0,631.0,GasA,TA,Y,FuseA,1112,0,0,1112,0.0,0.0,1,0,2,1,TA,5,Typ,0,1951.0,2.0,480.0,Y,0,0,0,0,255,0,0,10,2009,WD ,Normal,126000,0,0,0,0,3,1,5,5,3,5,6,1,2,0,3,,5,3
645,20,RL,60.0,10434,Pave,Reg,Lvl,AllPub,Inside,Gtl,NAmes,Norm,Norm,1Fam,1Story,4,5,1955,1955,Gable,CompShg,Plywood,Plywood,None,0.0,TA,TA,CBlock,0.0,0.0,1005.0,GasA,TA,Y,SBrkr,1005,0,0,1005,0.0,0.0,1,0,2,1,Fa,5,Typ,1,1977.0,2.0,672.0,Y,0,0,0,0,0,0,0,11,2009,WD ,Normal,115000,0,0,0,0,3,1,5,5,3,6,6,1,5,1,5,,5,3
646,20,RL,75.0,14559,Pave,Reg,Lvl,AllPub,Inside,Gtl,NAmes,Norm,Norm,1Fam,1Story,5,7,1951,2000,Hip,CompShg,Wd Sdng,Wd Sdng,BrkCmn,70.0,Gd,TA,CBlock,650.0,180.0,1008.0,GasA,Ex,Y,SBrkr,1363,0,0,1363,1.0,0.0,1,0,2,1,TA,6,Min1,2,1951.0,1.0,288.0,Y,324,42,0,0,168,0,2000,6,2009,WD ,Normal,164900,0,0,0,1,0,1,5,5,3,1,5,1,4,1,5,,5,0
647,30,RL,80.0,8480,Pave,Reg,Lvl,AllPub,Corner,Gtl,NAmes,Norm,Norm,1Fam,1Story,5,6,1945,1950,Gable,CompShg,MetalSd,MetalSd,None,0.0,TA,Gd,CBlock,700.0,0.0,793.0,GasA,TA,Y,SBrkr,793,0,0,793,1.0,0.0,1,0,2,1,Fa,4,Typ,0,1945.0,1.0,240.0,Y,0,0,0,0,0,0,0,8,2009,WD ,Normal,113000,0,0,0,0,3,1,5,5,3,1,6,1,5,0,3,,5,3
648,20,RL,60.0,7626,Pave,Reg,Lvl,AllPub,Inside,Gtl,NAmes,Norm,Norm,1Fam,1Story,5,8,1952,2005,Hip,CompShg,Wd Sdng,Wd Sdng,None,0.0,Gd,TA,CBlock,931.0,0.0,1031.0,GasA,Gd,Y,SBrkr,1031,0,0,1031,1.0,0.0,1,0,2,1,Gd,5,Typ,0,1952.0,1.0,230.0,Y,0,0,0,0,0,0,0,3,2009,WD ,Normal,145500,0,0,1,0,3,1,5,5,3,2,6,1,1,0,3,,5,3
649,20,RL,75.0,9533,Pave,Reg,Lvl,AllPub,Inside,Gtl,NAmes,Norm,Norm,1Fam,1Story,5,5,1953,1953,Hip,CompShg,Wd Sdng,Wd Sdng,BrkFace,140.0,TA,TA,Slab,0.0,0.0,0.0,GasA,TA,Y,FuseA,1210,0,0,1210,0.0,0.0,1,1,2,1,TA,7,Typ,0,1953.0,1.0,616.0,Y,208,0,100,0,0,0,0,8,2009,ConLD,Normal,102900,0,0,1,0,1,0,3,3,4,4,4,1,1,0,3,,3,1
650,190,RL,107.0,10615,Pave,IR1,Bnk,AllPub,Corner,Mod,OldTown,Artery,Artery,2fmCon,2Story,3,5,1900,1970,Gable,CompShg,HdBoard,HdBoard,None,0.0,TA,TA,CBlock,440.0,0.0,978.0,GasA,TA,Y,SBrkr,1014,685,0,1699,1.0,0.0,2,0,3,2,TA,7,Typ,0,1920.0,2.0,420.0,Y,0,74,0,0,0,0,0,8,2009,WD ,Abnorml,95000,0,0,0,0,3,1,1,5,2,1,6,1,4,0,3,,1,3
651,60,RL,78.0,11419,Pave,Reg,Lvl,AllPub,Corner,Gtl,NAmes,Artery,Norm,1Fam,2Story,7,7,1948,1999,Gable,CompShg,WdShing,Wd Shng,None,0.0,TA,TA,CBlock,699.0,0.0,699.0,GasA,Ex,Y,FuseA,801,726,0,1527,1.0,0.0,1,1,3,1,TA,6,Typ,1,1948.0,2.0,410.0,Y,0,0,134,0,0,0,0,12,2009,WD ,Normal,152500,0,0,1,0,3,1,5,5,2,0,6,1,1,1,2,,5,3
652,20,RL,60.0,9600,Pave,Reg,Lvl,AllPub,Inside,Gtl,NAmes,Norm,Norm,1Fam,1Story,5,6,1950,1950,Gable,CompShg,Wd Sdng,Wd Sdng,None,0.0,TA,TA,CBlock,390.0,0.0,1200.0,GasA,TA,Y,SBrkr,1200,0,0,1200,0.0,0.0,1,0,3,1,TA,6,Typ,0,1950.0,1.0,246.0,Y,126,0,0,0,0,0,0,8,2009,WD ,Normal,129900,0,0,1,0,3,1,5,5,3,1,6,1,1,0,3,,5,3
653,20,RL,50.0,8000,Pave,Reg,Lvl,AllPub,Inside,Gtl,NAmes,Norm,Norm,1Fam,1Story,6,6,1948,2002,Gable,CompShg,VinylSd,VinylSd,None,0.0,TA,Gd,CBlock,680.0,0.0,972.0,GasA,Ex,Y,SBrkr,972,0,0,972,1.0,0.0,1,0,2,1,TA,5,Typ,1,1948.0,1.0,240.0,Y,0,0,0,0,0,0,0,5,2009,WD ,Normal,132000,0,0,0,0,3,1,5,5,3,0,6,1,5,1,2,,5,3
654,20,RL,53.0,5470,Pave,Reg,Lvl,AllPub,Inside,Gtl,OldTown,Norm,Norm,1Fam,1Story,3,5,1958,1958,Gable,CompShg,MetalSd,MetalSd,None,0.0,TA,TA,CBlock,0.0,0.0,792.0,GasA,Gd,Y,FuseA,792,0,0,792,0.0,0.0,1,0,2,1,TA,4,Typ,0,1958.0,1.0,366.0,Y,0,90,0,0,0,0,0,8,2009,WD ,Normal,99900,0,0,0,0,3,1,5,5,3,6,6,1,1,0,3,,5,3
655,50,RL,60.0,10410,Pave,Reg,Lvl,AllPub,Inside,Gtl,OldTown,Norm,Norm,1Fam,1.5Fin,5,7,1916,1987,Gable,CompShg,HdBoard,HdBoard,None,0.0,TA,TA,CBlock,0.0,0.0,660.0,GasA,Ex,Y,SBrkr,808,704,144,1656,0.0,0.0,2,1,3,1,TA,8,Min2,0,1916.0,1.0,180.0,N,0,0,0,140,0,0,0,8,2009,WD ,Normal,135000,0,0,1,0,3,1,1,5,3,6,6,1,5,0,3,,1,3
656,60,RL,60.0,10800,Pave,Reg,Lvl,AllPub,Inside,Gtl,OldTown,Norm,Norm,1Fam,2Story,5,7,1939,2006,Gable,CompShg,VinylSd,VinylSd,None,0.0,TA,Gd,BrkTil,0.0,0.0,676.0,GasA,Ex,Y,SBrkr,676,676,0,1352,0.0,1.0,2,0,4,1,Gd,7,Typ,0,1939.0,2.0,720.0,Y,187,0,128,0,0,0,0,8,2009,WD ,Normal,149000,0,0,0,0,3,1,5,5,3,6,6,1,5,0,3,,5,3
657,70,RL,80.0,8146,Pave,Reg,Lvl,AllPub,Corner,Gtl,OldTown,Norm,Norm,1Fam,2Story,4,8,1900,2003,Gable,CompShg,MetalSd,MetalSd,None,0.0,Gd,Gd,BrkTil,0.0,0.0,405.0,GasA,Gd,Y,SBrkr,717,322,0,1039,0.0,0.0,1,0,2,1,TA,6,Typ,0,1940.0,1.0,281.0,N,0,0,168,0,111,0,0,5,2009,WD ,Normal,114000,0,0,0,0,3,1,1,5,3,6,6,1,5,0,3,,1,3
658,30,RL,52.0,9022,Pave,Reg,Lvl,AllPub,Inside,Gtl,OldTown,Norm,Norm,1Fam,1Story,5,8,1924,2006,Gable,CompShg,VinylSd,VinylSd,None,0.0,Gd,TA,BrkTil,0.0,0.0,768.0,GasA,Ex,Y,SBrkr,792,0,0,792,0.0,0.0,1,0,2,1,Gd,5,Typ,0,1924.0,1.0,240.0,N,316,0,120,0,0,0,0,5,2009,WD ,Normal,109500,0,0,0,0,3,1,5,5,3,6,6,1,5,0,3,,5,3
659,30,RL,60.0,10230,Pave,Reg,Lvl,AllPub,Inside,Gtl,OldTown,Norm,Norm,1Fam,1Story,5,7,1925,1950,Gable,CompShg,MetalSd,MetalSd,None,0.0,TA,TA,BrkTil,0.0,0.0,1054.0,GasA,Ex,Y,SBrkr,1078,0,0,1078,0.0,0.0,1,0,3,1,Ex,6,Typ,0,1987.0,1.0,264.0,N,0,0,0,0,112,0,0,12,2009,WD ,Normal,125000,1,0,1,0,3,1,5,5,3,6,6,1,5,0,3,,5,3
660,50,RL,60.0,10410,Pave,Reg,Lvl,AllPub,Inside,Gtl,OldTown,Norm,Norm,1Fam,1.5Fin,4,5,1915,1950,Gable,CompShg,MetalSd,MetalSd,None,0.0,TA,TA,BrkTil,0.0,0.0,1313.0,GasA,TA,Y,SBrkr,1313,0,1064,2377,0.0,0.0,2,0,3,1,Gd,8,Min2,1,1954.0,2.0,528.0,Y,0,0,432,0,0,0,0,6,2009,WD ,Normal,142900,1,0,0,0,3,1,5,5,3,6,6,1,5,1,5,,5,3
661,70,RL,60.0,7200,Pave,Reg,Lvl,AllPub,Corner,Gtl,OldTown,Artery,Norm,1Fam,2Story,7,9,1910,2008,Gable,CompShg,VinylSd,VinylSd,None,0.0,Gd,Gd,PConc,0.0,0.0,560.0,GasA,Ex,Y,SBrkr,930,760,0,1690,0.0,0.0,2,0,4,1,Gd,5,Typ,0,2008.0,2.0,624.0,Y,0,0,112,0,0,0,0,8,2009,WD ,Normal,156500,0,0,0,0,3,1,5,5,3,6,6,1,5,0,3,,5,3
662,30,RL,90.0,5400,Pave,Reg,Lvl,AllPub,Inside,Gtl,OldTown,Artery,Norm,1Fam,1Story,2,5,1940,1950,Gable,CompShg,Stucco,Stucco,None,0.0,Fa,TA,PConc,0.0,0.0,416.0,GasA,Gd,N,FuseA,599,0,0,599,1.0,0.0,1,0,2,1,Gd,4,Typ,0,0.0,0.0,0.0,N,0,81,0,0,0,0,0,6,2009,WD ,Normal,59000,0,0,0,0,3,1,1,5,3,6,6,0,6,0,3,,1,3
663,50,RL,90.0,5400,Pave,Reg,Lvl,AllPub,Corner,Gtl,OldTown,Artery,Norm,1Fam,1.5Fin,4,6,1920,1950,Gable,CompShg,CBlock,CBlock,None,0.0,Fa,TA,PConc,315.0,105.0,840.0,GasA,Ex,Y,SBrkr,840,534,0,1374,0.0,0.0,1,0,2,1,TA,6,Typ,0,1967.0,1.0,338.0,Y,0,0,198,0,0,0,0,10,2009,WD ,Normal,105000,0,0,0,0,3,1,5,5,3,0,5,1,5,0,3,,5,3
664,30,RL,60.0,10800,Pave,Reg,Lvl,AllPub,Inside,Gtl,OldTown,Norm,Norm,1Fam,1Story,5,7,1920,1950,Gable,CompShg,Wd Sdng,Wd Sdng,None,0.0,TA,TA,BrkTil,0.0,0.0,720.0,GasA,TA,N,SBrkr,846,0,0,846,0.0,0.0,1,0,2,1,Gd,4,Typ,0,1980.0,2.0,576.0,N,0,0,0,0,0,0,0,6,2009,WD ,Normal,106000,1,0,0,0,3,1,5,5,3,6,6,1,5,0,3,,5,3
665,30,RL,60.0,10800,Pave,Reg,Lvl,AllPub,Corner,Gtl,OldTown,Norm,Norm,1Fam,1Story,3,5,1890,1998,Gable,CompShg,VinylSd,VinylSd,None,0.0,TA,TA,BrkTil,0.0,0.0,630.0,GasA,TA,Y,FuseA,725,0,0,725,0.0,0.0,1,1,1,1,TA,4,Typ,0,1959.0,1.0,320.0,Y,0,30,0,0,0,0,0,11,2009,WD ,Normal,78500,1,0,0,0,3,1,5,5,3,6,6,1,5,0,3,,5,3
666,90,RL,81.0,9671,Pave,Reg,Lvl,AllPub,Corner,Gtl,NAmes,Artery,Norm,Duplex,2Story,6,5,1969,1969,Gable,CompShg,MetalSd,MetalSd,Stone,480.0,TA,TA,CBlock,0.0,0.0,1248.0,GasA,TA,Y,SBrkr,1248,1296,0,2544,0.0,0.0,2,2,6,2,TA,12,Typ,0,1969.0,3.0,907.0,Y,0,0,0,0,0,0,0,8,2009,WD ,Normal,190000,0,0,0,0,4,1,5,5,3,6,6,1,1,0,3,,5,4
667,20,RL,83.0,10143,Pave,Reg,Lvl,AllPub,Inside,Gtl,NAmes,Norm,Norm,1Fam,1Story,6,7,1963,1963,Gable,CompShg,HdBoard,HdBoard,BrkFace,295.0,TA,TA,CBlock,384.0,0.0,1380.0,GasA,Fa,Y,SBrkr,1380,0,0,1380,0.0,0.0,1,1,3,1,TA,6,Typ,0,1963.0,1.0,364.0,Y,0,0,0,0,216,0,0,6,2009,WD ,Normal,154000,0,0,1,0,1,1,5,5,3,5,6,1,1,0,3,,5,1
668,20,RL,77.0,11500,Pave,IR1,Lvl,AllPub,Inside,Gtl,NAmes,Norm,Norm,1Fam,1Story,6,4,1967,1967,Gable,CompShg,HdBoard,HdBoard,None,0.0,Fa,TA,CBlock,872.0,60.0,1040.0,GasA,Gd,Y,SBrkr,1040,0,0,1040,1.0,0.0,1,0,3,1,TA,6,Min1,1,1967.0,2.0,480.0,Y,0,0,156,0,0,0,0,5,2009,WD ,Normal,163000,0,0,1,0,3,1,5,1,3,1,5,1,1,1,4,,5,3
669,90,RL,91.0,11643,Pave,Reg,Lvl,AllPub,Inside,Gtl,NAmes,Artery,Norm,Duplex,2Story,5,5,1969,1969,Gable,CompShg,MetalSd,MetalSd,BrkFace,368.0,TA,TA,CBlock,500.0,0.0,1248.0,GasA,TA,Y,SBrkr,1338,1296,0,2634,1.0,1.0,2,2,6,2,TA,12,Typ,0,1969.0,4.0,968.0,Y,0,0,0,0,0,0,0,8,2009,WD ,Normal,200000,0,0,0,0,1,1,5,5,3,3,6,1,5,0,3,,5,1
670,20,RL,62.0,8010,Pave,Reg,Lvl,AllPub,Inside,Gtl,NAmes,Norm,Norm,1Fam,1Story,6,9,1958,2007,Hip,CompShg,Wd Sdng,Wd Sdng,None,0.0,Gd,Gd,CBlock,745.0,0.0,951.0,GasA,Gd,Y,SBrkr,951,0,0,951,1.0,0.0,1,0,2,1,Gd,6,Typ,0,1985.0,2.0,480.0,Y,0,0,42,0,0,0,450,9,2009,WD ,Normal,143500,0,0,0,1,3,1,5,5,2,2,6,1,5,0,3,,5,3
671,20,RL,90.0,10454,Pave,IR1,Lvl,AllPub,Corner,Gtl,NAmes,Norm,Norm,1Fam,1Story,6,6,1957,1957,Hip,CompShg,Plywood,Plywood,Stone,143.0,TA,TA,CBlock,546.0,0.0,1105.0,GasA,Gd,Y,FuseA,1105,0,0,1105,0.0,0.0,1,0,3,1,TA,5,Typ,0,1957.0,1.0,308.0,Y,0,0,0,0,0,0,0,4,2009,WD ,Normal,135000,0,0,0,0,4,1,5,5,3,5,6,1,5,0,3,,5,4
672,20,RL,64.0,8712,Pave,IR1,Lvl,AllPub,Inside,Gtl,NAmes,Norm,Norm,1Fam,1Story,5,7,1957,2000,Hip,CompShg,MetalSd,MetalSd,None,0.0,TA,Gd,CBlock,860.0,0.0,992.0,GasA,TA,Y,SBrkr,1306,0,0,1306,1.0,0.0,1,0,2,1,TA,5,Typ,0,1968.0,1.0,756.0,Y,0,0,0,0,0,0,0,5,2009,WD ,Normal,153000,0,0,0,0,3,1,5,5,2,1,6,1,5,0,3,,5,3
673,20,RL,68.0,17600,Pave,IR1,Lvl,AllPub,Inside,Gtl,NAmes,Norm,Norm,1Fam,1Story,6,5,1960,1960,Gable,CompShg,Wd Sdng,Wd Sdng,BrkFace,30.0,TA,TA,CBlock,1270.0,0.0,1478.0,GasA,Ex,Y,FuseA,1478,0,0,1478,1.0,0.0,2,0,3,1,TA,6,Typ,2,1960.0,2.0,498.0,Y,0,40,0,0,0,0,0,12,2009,WD ,Normal,157500,0,0,0,0,1,1,5,5,3,1,6,1,1,1,2,,5,1
674,20,RL,80.0,9000,Pave,IR1,HLS,AllPub,Inside,Mod,NAmes,Norm,Norm,1Fam,1Story,6,6,1958,1958,Flat,Tar&Grv,Wd Sdng,Wd Sdng,BrkFace,82.0,TA,TA,CBlock,0.0,0.0,160.0,GasA,Fa,Y,SBrkr,1142,0,0,1142,0.0,0.0,1,0,2,1,TA,5,Typ,1,1958.0,1.0,384.0,Y,0,28,64,0,0,0,0,4,2009,WD ,Normal,113500,0,0,0,0,1,1,2,5,1,6,6,1,2,1,2,,2,1
675,40,RL,60.0,12144,Pave,Reg,Lvl,AllPub,Inside,Gtl,NAmes,Norm,Norm,1Fam,1Story,5,7,1949,1950,Gable,CompShg,HdBoard,HdBoard,None,0.0,Gd,TA,CBlock,375.0,0.0,832.0,GasA,Gd,Y,SBrkr,1036,0,232,1268,0.0,0.0,1,0,3,1,TA,6,Typ,1,1949.0,1.0,288.0,Y,0,28,0,0,0,0,0,9,2009,WD ,Normal,133000,0,0,0,1,3,1,5,5,3,5,6,1,1,1,2,,5,3
676,90,RL,60.0,8544,Pave,Reg,Lvl,AllPub,Corner,Gtl,NAmes,Norm,Norm,Duplex,1Story,3,4,1950,1950,Gable,CompShg,BrkFace,BrkFace,None,0.0,TA,TA,Slab,0.0,0.0,0.0,Wall,Fa,N,FuseA,1040,0,0,1040,0.0,0.0,2,0,2,2,TA,6,Typ,0,1987.0,2.0,400.0,Y,0,0,0,0,0,0,0,6,2009,WD ,Normal,92900,0,0,0,0,3,0,3,3,4,4,4,1,5,0,3,,3,3
677,50,RL,60.0,8064,Pave,Reg,Lvl,AllPub,Inside,Gtl,NAmes,Artery,Norm,1Fam,1.5Fin,6,5,1950,1950,Gable,CompShg,Wd Sdng,Wd Sdng,None,0.0,TA,TA,CBlock,621.0,0.0,795.0,GasA,Gd,N,SBrkr,765,368,0,1133,0.0,0.0,1,0,3,1,TA,5,Typ,0,1989.0,2.0,900.0,Y,0,0,0,0,231,0,0,12,2009,COD,Abnorml,128500,0,0,0,0,3,1,5,5,0,5,6,1,5,0,3,,5,3
678,90,RL,60.0,7200,Pave,Reg,Lvl,AllPub,Inside,Gtl,NAmes,Norm,Norm,Duplex,1Story,4,5,1949,1950,Gable,CompShg,BrkFace,Stone,None,0.0,TA,TA,Slab,0.0,0.0,0.0,Wall,Fa,N,FuseF,1040,0,0,1040,0.0,0.0,2,0,2,2,TA,6,Typ,0,1956.0,2.0,420.0,Y,0,0,0,0,0,0,0,6,2009,WD ,Normal,90000,0,0,0,0,3,0,3,3,4,4,4,1,5,0,3,,3,3
679,50,RL,60.0,7200,Pave,Reg,Lvl,AllPub,Inside,Gtl,NAmes,Norm,Norm,1Fam,1.5Fin,5,4,1950,1982,Gable,CompShg,VinylSd,Wd Sdng,None,0.0,TA,TA,CBlock,180.0,352.0,1208.0,GasA,Gd,Y,FuseA,1136,768,0,1904,1.0,0.0,1,1,3,1,TA,7,Min1,0,1950.0,1.0,240.0,Y,0,0,168,0,0,0,0,5,2009,WD ,Normal,138000,0,0,1,0,3,1,5,5,3,5,1,1,1,0,3,,5,3
680,20,RL,71.0,7350,Pave,Reg,Lvl,AllPub,Inside,Gtl,NAmes,Norm,Norm,1Fam,1Story,5,6,1958,1958,Hip,CompShg,BrkFace,BrkFace,None,0.0,TA,TA,CBlock,0.0,0.0,1041.0,GasA,Gd,Y,SBrkr,1041,0,0,1041,0.0,0.0,1,0,3,1,TA,6,Typ,0,1958.0,1.0,294.0,Y,0,0,0,0,0,0,0,3,2009,WD ,Normal,128000,0,0,1,0,3,1,5,5,3,6,6,1,1,0,3,,5,3
681,20,RL,70.0,7560,Pave,Reg,Lvl,AllPub,Inside,Gtl,NAmes,Norm,Norm,1Fam,1Story,5,6,1958,1965,Hip,CompShg,BrkFace,Plywood,None,0.0,TA,TA,CBlock,504.0,0.0,1029.0,GasA,TA,Y,SBrkr,1339,0,0,1339,0.0,0.0,1,0,3,1,TA,6,Min1,0,1958.0,1.0,294.0,Y,0,0,0,0,0,0,0,5,2009,COD,Abnorml,139000,0,0,1,0,3,1,5,5,3,3,6,1,1,0,3,,5,3
682,20,RL,60.0,7200,Pave,Reg,Lvl,AllPub,Corner,Gtl,NAmes,Norm,Norm,1Fam,1Story,5,7,1952,1952,Gable,CompShg,MetalSd,MetalSd,None,0.0,TA,Gd,CBlock,630.0,102.0,732.0,GasA,TA,Y,SBrkr,732,0,0,732,1.0,0.0,1,0,2,1,TA,4,Typ,0,1952.0,1.0,240.0,Y,0,68,0,0,0,0,0,9,2009,WD ,Normal,118900,0,0,0,0,3,1,5,2,3,0,1,1,5,0,3,,5,3
683,80,RL,80.0,8000,Pave,Reg,Lvl,AllPub,Inside,Gtl,NAmes,Norm,Norm,1Fam,SLvl,5,5,1959,1959,Gable,CompShg,BrkFace,Plywood,None,0.0,TA,TA,CBlock,433.0,95.0,528.0,GasA,TA,Y,SBrkr,1183,0,0,1183,1.0,0.0,1,0,3,1,TA,6,Typ,0,1959.0,1.0,288.0,Y,0,0,0,0,0,0,0,7,2009,WD ,Normal,138000,0,0,1,0,3,1,2,5,0,2,5,1,1,0,3,,2,3
684,20,RL,70.0,7931,Pave,Reg,Lvl,AllPub,Inside,Gtl,NAmes,Norm,Norm,1Fam,1Story,5,5,1959,1959,Hip,CompShg,BrkFace,Plywood,None,0.0,TA,TA,CBlock,1148.0,0.0,1148.0,GasA,TA,Y,SBrkr,1148,0,0,1148,1.0,0.0,1,0,3,1,TA,6,Typ,0,1959.0,1.0,672.0,Y,0,0,0,0,0,0,0,7,2009,WD ,Normal,132500,0,0,1,0,3,1,5,5,3,1,6,1,1,0,3,,5,3
685,50,RL,60.0,10800,Pave,Reg,Lvl,AllPub,Inside,Gtl,NAmes,Artery,Norm,1Fam,1.5Fin,4,7,1949,1996,Gable,CompShg,MetalSd,MetalSd,None,0.0,TA,TA,CBlock,0.0,0.0,832.0,GasA,TA,Y,FuseF,832,629,0,1461,0.0,0.0,2,0,4,1,TA,6,Typ,0,1949.0,1.0,384.0,Y,0,204,0,0,0,0,0,8,2009,WD ,Normal,133500,0,0,0,0,3,1,5,5,3,6,6,1,5,0,3,,5,3
686,50,RL,60.0,8064,Pave,Reg,Lvl,AllPub,Corner,Gtl,NAmes,Artery,Norm,1Fam,1.5Fin,6,7,1948,1994,Gable,CompShg,MetalSd,MetalSd,None,0.0,TA,TA,CBlock,120.0,0.0,864.0,GasA,TA,Y,SBrkr,1064,0,431,1495,0.0,0.0,1,0,3,1,TA,6,Typ,0,1994.0,2.0,576.0,Y,180,36,0,0,0,0,0,8,2009,COD,Abnorml,135000,0,0,0,0,3,1,5,5,3,3,6,1,5,0,3,,5,3
687,60,RL,76.0,7570,Pave,Reg,Lvl,AllPub,Corner,Gtl,NAmes,Norm,Norm,1Fam,2Story,6,5,1964,1964,Gable,CompShg,HdBoard,HdBoard,BrkFace,420.0,TA,TA,CBlock,0.0,0.0,780.0,GasA,TA,Y,SBrkr,993,813,0,1806,0.0,0.0,1,1,4,1,TA,8,Typ,0,1964.0,2.0,483.0,Y,0,55,0,0,0,0,0,3,2009,WD ,Normal,144750,0,0,0,0,1,1,5,5,3,6,6,1,1,0,3,,5,1
688,90,RL,75.0,8604,Pave,IR1,Lvl,AllPub,Inside,Gtl,NAmes,Norm,Norm,Duplex,SFoyer,5,7,1978,1978,Gable,CompShg,Plywood,Plywood,BrkFace,124.0,TA,Gd,CBlock,941.0,0.0,941.0,GasA,Gd,Y,SBrkr,941,0,0,941,1.0,0.0,1,0,2,1,Gd,4,Typ,0,1978.0,2.0,564.0,Y,0,40,0,0,0,0,0,11,2009,WD ,Normal,145000,0,0,0,0,1,1,2,5,0,2,6,1,1,0,3,,2,1
689,20,RL,80.0,7936,Pave,Reg,Lvl,AllPub,Inside,Gtl,NAmes,Norm,Norm,1Fam,1Story,6,6,1963,1963,Hip,CompShg,HdBoard,HdBoard,None,0.0,TA,TA,CBlock,826.0,0.0,1045.0,GasA,TA,Y,SBrkr,1045,0,0,1045,1.0,0.0,1,0,3,1,TA,6,Typ,1,1963.0,1.0,264.0,Y,0,0,0,0,0,0,0,4,2009,WD ,Normal,127000,0,0,0,0,3,1,5,5,3,1,6,1,1,1,1,,5,3
690,20,RL,60.0,6600,Pave,Reg,Lvl,AllPub,Inside,Gtl,NAmes,PosN,Norm,1Fam,1Story,5,5,1962,1962,Hip,CompShg,MetalSd,MetalSd,None,0.0,TA,TA,CBlock,0.0,0.0,894.0,GasA,Gd,N,SBrkr,894,0,0,894,0.0,0.0,1,0,2,1,TA,5,Typ,0,1962.0,1.0,308.0,Y,0,0,0,0,0,0,0,8,2009,WD ,Normal,109500,0,0,0,0,3,1,5,5,3,6,6,1,5,0,3,,5,3
691,50,RM,68.0,3950,Pave,Reg,Bnk,AllPub,Inside,Gtl,OldTown,Artery,Norm,1Fam,1.5Fin,6,8,1926,2004,Gable,CompShg,MetalSd,MetalSd,None,0.0,TA,TA,CBlock,468.0,0.0,818.0,GasA,TA,Y,SBrkr,818,406,0,1224,0.0,0.0,1,0,3,1,TA,5,Typ,0,1926.0,1.0,210.0,N,0,0,116,0,0,0,0,12,2009,WD ,Normal,115000,1,0,0,0,3,1,5,5,3,5,6,1,5,0,3,,5,3
692,50,RM,60.0,10440,Pave,Reg,Lvl,AllPub,Corner,Gtl,OldTown,Norm,Norm,1Fam,2Story,5,6,1910,1981,Gable,CompShg,Wd Sdng,Wd Sdng,None,0.0,TA,TA,PConc,0.0,0.0,440.0,GasA,Gd,Y,SBrkr,682,548,0,1230,0.0,0.0,1,1,2,1,TA,5,Typ,0,1966.0,2.0,440.0,Y,74,0,128,0,0,0,0,5,2009,WD ,Normal,110000,1,0,1,0,3,1,5,5,3,6,6,1,5,0,3,,5,3
693,50,RM,68.0,4080,Pave,Reg,Lvl,AllPub,Inside,Gtl,OldTown,Norm,Norm,1Fam,1.5Fin,6,8,1935,1998,Gable,CompShg,Wd Sdng,Wd Sdng,None,0.0,TA,TA,PConc,0.0,0.0,901.0,GasA,Gd,Y,SBrkr,861,517,0,1378,0.0,0.0,1,0,3,1,Gd,6,Typ,0,1920.0,1.0,162.0,P,54,0,40,0,0,0,0,6,2009,WD ,Normal,128900,1,0,0,0,3,1,5,5,3,6,6,1,5,0,3,,5,3
694,90,RM,57.0,10307,Pave,Reg,Lvl,AllPub,Inside,Gtl,OldTown,Norm,Norm,Duplex,2Story,6,5,1910,1950,Gable,CompShg,Wd Sdng,Wd Sdng,None,0.0,TA,TA,CBlock,633.0,0.0,972.0,GasA,Gd,N,FuseA,972,972,0,1944,1.0,0.0,2,0,4,2,TA,12,Typ,0,1920.0,2.0,324.0,N,0,28,169,0,0,0,0,6,2009,WD ,Normal,103500,1,0,0,0,3,1,5,5,2,3,6,1,5,0,3,,5,3
695,50,RM,52.0,5720,Pave,Reg,Lvl,AllPub,Inside,Gtl,OldTown,Artery,Norm,1Fam,1.5Fin,5,6,1941,1950,Gable,CompShg,Wd Sdng,Wd Sdng,None,0.0,TA,TA,CBlock,0.0,0.0,676.0,GasA,Ex,Y,SBrkr,676,455,0,1131,0.0,0.0,1,1,3,1,TA,5,Typ,0,1941.0,1.0,200.0,Y,26,0,0,0,0,0,0,8,2009,WD ,Abnorml,66500,0,0,0,0,3,1,5,5,3,6,6,1,5,0,3,,5,3
696,50,RM,90.0,15660,Pave,Reg,Lvl,AllPub,Inside,Gtl,OldTown,Norm,Norm,1Fam,1.5Fin,5,8,1910,2003,Gable,CompShg,VinylSd,VinylSd,None,0.0,TA,Gd,CBlock,0.0,0.0,240.0,GasA,TA,Y,SBrkr,810,496,0,1306,0.0,0.0,1,1,3,1,Gd,6,Typ,0,1959.0,2.0,472.0,N,0,0,0,0,0,0,0,7,2009,WD ,Normal,130000,0,0,1,0,3,1,5,5,3,6,6,1,5,0,3,,5,3
697,70,RM,90.0,9900,Pave,Reg,Lvl,AllPub,Corner,Gtl,OldTown,Norm,Norm,1Fam,2Story,5,8,1910,2002,Gable,CompShg,VinylSd,VinylSd,None,0.0,Gd,TA,CBlock,0.0,0.0,504.0,GasA,Ex,Y,SBrkr,764,700,0,1464,0.0,0.0,2,0,3,1,TA,7,Typ,0,0.0,0.0,0.0,N,0,0,176,0,0,0,0,3,2009,WD ,Normal,129000,0,0,0,0,3,1,5,5,3,6,6,0,6,0,3,,5,3
698,70,RM,57.0,6406,Pave,Reg,Lvl,AllPub,Inside,Gtl,OldTown,Norm,Norm,1Fam,2Story,5,6,1939,1950,Gable,CompShg,Wd Sdng,Wd Sdng,None,0.0,TA,TA,BrkTil,421.0,0.0,690.0,GasA,TA,Y,FuseA,868,690,0,1558,0.0,0.0,1,1,3,1,TA,7,Typ,1,1939.0,2.0,400.0,Y,0,36,0,0,182,0,0,10,2009,WD ,Normal,150000,1,0,1,0,3,1,5,5,3,0,6,1,5,1,2,,5,3
699,70,RM,60.0,6600,Pave,Reg,Lvl,AllPub,Corner,Gtl,OldTown,Norm,Norm,1Fam,2Story,5,4,1892,1965,Gable,CompShg,Wd Sdng,Wd Sdng,None,0.0,TA,TA,Stone,0.0,0.0,994.0,GasA,TA,N,SBrkr,1378,994,0,2372,0.0,0.0,2,0,4,2,TA,11,Min2,0,1985.0,1.0,432.0,Y,0,287,0,0,0,0,0,12,2009,WD ,Normal,107500,0,0,0,0,3,1,5,5,3,6,6,1,1,0,3,,5,3
700,190,RM,63.0,7627,Pave,Reg,Lvl,AllPub,Corner,Gtl,OldTown,Artery,Norm,2fmCon,2Story,4,6,1920,1950,Gable,CompShg,AsbShng,AsbShng,None,0.0,Fa,TA,BrkTil,0.0,0.0,600.0,GasA,Gd,N,SBrkr,1101,600,0,1701,0.0,0.0,2,0,4,2,Fa,8,Typ,0,0.0,0.0,0.0,N,0,0,148,0,0,0,0,10,2009,WD ,Normal,94550,0,0,0,0,3,1,1,4,3,6,6,0,6,0,3,,1,3
701,90,RM,60.0,7596,Pave,Reg,Lvl,AllPub,Inside,Gtl,OldTown,Artery,Norm,Duplex,2Story,5,5,1952,1952,Hip,CompShg,Wd Sdng,Wd Sdng,BrkFace,360.0,TA,TA,CBlock,0.0,0.0,960.0,GasA,Gd,Y,SBrkr,960,1000,0,1960,0.0,0.0,2,0,4,2,TA,10,Typ,0,1952.0,2.0,400.0,N,0,0,0,0,0,0,0,7,2009,COD,Normal,124500,1,0,0,0,1,1,5,5,3,6,6,1,5,0,3,,5,1
702,60,RM,60.0,3378,Pave,Reg,HLS,AllPub,Inside,Gtl,OldTown,Norm,Norm,1Fam,2Story,7,8,1946,1992,Gable,CompShg,HdBoard,HdBoard,None,0.0,TA,Gd,CBlock,0.0,0.0,651.0,GasA,Gd,Y,SBrkr,707,682,0,1389,0.0,0.0,1,1,3,1,TA,6,Typ,2,1947.0,1.0,240.0,P,0,0,126,0,0,0,0,9,2009,WD ,Normal,135000,1,0,0,0,3,1,5,5,3,6,6,1,5,1,2,,5,3
703,50,RM,56.0,10134,Pave,Reg,Lvl,AllPub,Inside,Gtl,OldTown,Norm,Norm,1Fam,1.5Fin,5,5,1910,1950,Gable,CompShg,MetalSd,MetalSd,None,0.0,TA,TA,BrkTil,0.0,0.0,801.0,GasA,Gd,N,SBrkr,801,646,0,1447,0.0,0.0,1,0,3,1,TA,6,Typ,0,0.0,0.0,0.0,N,80,0,244,0,0,0,0,7,2009,WD ,Normal,103000,1,0,0,0,3,1,1,5,3,6,6,0,6,0,3,,1,3
704,20,RM,60.0,6000,Pave,Reg,Bnk,AllPub,Inside,Mod,OldTown,Norm,Norm,2fmCon,1Story,4,4,1953,1953,Gable,CompShg,MetalSd,MetalSd,None,0.0,Fa,TA,CBlock,0.0,0.0,936.0,GasA,TA,N,SBrkr,936,0,0,936,0.0,0.0,1,0,2,1,TA,4,Min2,0,1974.0,2.0,576.0,Y,0,32,112,0,0,0,0,2,2009,WD ,Normal,93000,1,0,0,0,3,1,1,5,3,6,6,1,5,0,3,,1,3
705,50,RM,50.0,6000,Pave,Reg,Lvl,AllPub,Inside,Gtl,OldTown,Norm,Norm,1Fam,1.5Fin,5,7,1950,1970,Gable,CompShg,Wd Sdng,Wd Sdng,None,0.0,TA,Ex,CBlock,384.0,0.0,768.0,GasA,TA,Y,FuseA,768,560,0,1328,0.0,0.0,1,1,3,1,TA,6,Typ,0,1950.0,1.0,308.0,Y,0,12,0,0,0,0,0,3,2009,WD ,Normal,129500,0,0,1,0,3,1,5,5,3,1,6,1,5,0,3,,5,3
706,190,RM,50.0,6000,Pave,Reg,Lvl,AllPub,Inside,Gtl,OldTown,Norm,Norm,2fmCon,1.5Fin,5,4,1954,1954,Gable,CompShg,Wd Sdng,Wd Sdng,None,0.0,TA,TA,CBlock,0.0,0.0,811.0,GasA,TA,Y,FuseA,811,576,0,1387,0.0,0.0,2,0,3,2,Gd,7,Typ,0,1954.0,1.0,256.0,Y,0,0,0,0,0,0,0,11,2009,WD ,Normal,93000,0,0,0,0,3,1,5,5,3,6,6,1,3,0,3,,5,3
707,30,RM,62.0,7404,Pave,Reg,Lvl,AllPub,Corner,Gtl,OldTown,Norm,Norm,1Fam,1Story,4,6,1920,1950,Gable,CompShg,MetalSd,MetalSd,None,0.0,TA,TA,BrkTil,0.0,0.0,861.0,GasA,TA,Y,SBrkr,861,0,0,861,0.0,0.0,1,0,2,1,TA,5,Typ,0,1920.0,2.0,288.0,N,0,0,128,0,0,0,0,11,2009,Oth,Normal,80000,0,0,0,0,3,1,1,5,3,6,6,1,5,0,3,,1,3
708,30,RM,50.0,5925,Pave,Reg,Lvl,AllPub,Corner,Gtl,OldTown,Norm,Norm,1Fam,1Story,2,4,1940,1950,Gable,CompShg,MetalSd,MetalSd,None,0.0,TA,Gd,BrkTil,0.0,0.0,0.0,GasA,Fa,N,FuseA,612,0,0,612,0.0,0.0,1,0,1,1,TA,4,Typ,0,1965.0,1.0,308.0,N,0,0,25,0,0,0,0,10,2009,WD ,Normal,45000,0,0,0,0,3,0,3,3,4,4,4,1,5,0,3,,3,3
709,50,RM,50.0,5925,Pave,Reg,Lvl,AllPub,Inside,Gtl,OldTown,Norm,Norm,1Fam,1.5Fin,3,6,1910,1950,Gable,CompShg,VinylSd,VinylSd,None,0.0,TA,TA,BrkTil,0.0,0.0,600.0,Grav,Fa,N,SBrkr,600,368,0,968,0.0,0.0,1,0,2,1,TA,6,Typ,0,0.0,0.0,0.0,Y,0,0,0,0,0,0,0,5,2009,WD ,Abnorml,37900,0,0,1,0,3,1,5,5,3,6,6,0,6,0,3,,5,3
710,30,RM,50.0,5784,Pave,Reg,Lvl,AllPub,Inside,Gtl,OldTown,Artery,Norm,1Fam,1Story,5,8,1938,1996,Gable,CompShg,MetalSd,MetalSd,None,0.0,TA,TA,BrkTil,0.0,0.0,190.0,GasA,Gd,Y,FuseA,886,0,0,886,0.0,0.0,1,0,2,1,TA,4,Typ,0,1938.0,1.0,273.0,Y,144,20,80,0,0,0,0,12,2009,WD ,Normal,91300,0,0,0,0,3,1,1,5,3,6,6,1,1,0,3,,1,3
711,30,RM,60.0,8520,Pave,Reg,Lvl,AllPub,Inside,Gtl,OldTown,Norm,Norm,1Fam,1Story,5,8,1923,1950,Gable,CompShg,Stucco,Stucco,None,0.0,Gd,TA,PConc,0.0,0.0,624.0,GasA,TA,Y,SBrkr,792,0,0,792,0.0,0.0,1,0,2,1,TA,5,Typ,0,1963.0,1.0,287.0,Y,0,0,81,0,0,0,0,2,2009,WD ,Normal,99500,0,0,1,0,3,1,1,5,3,6,6,1,5,0,3,,1,3
712,190,RM,33.0,4456,Pave,Reg,Lvl,AllPub,Inside,Gtl,OldTown,Norm,Norm,2fmCon,2Story,4,5,1920,2008,Gable,CompShg,MetalSd,MetalSd,None,0.0,TA,TA,BrkTil,0.0,0.0,736.0,GasA,Gd,Y,SBrkr,736,716,0,1452,0.0,0.0,2,0,2,3,TA,8,Typ,0,0.0,0.0,0.0,N,0,0,102,0,0,0,0,6,2009,New,Partial,113000,0,0,0,0,3,1,5,5,3,6,6,0,6,0,3,,5,3
713,70,RM,60.0,9600,Pave,Reg,Lvl,AllPub,Inside,Gtl,OldTown,Norm,Norm,1Fam,2Story,4,4,1910,1950,Gable,CompShg,VinylSd,VinylSd,None,0.0,Gd,Gd,BrkTil,0.0,0.0,677.0,GasA,TA,Y,SBrkr,833,677,0,1510,0.0,0.0,2,0,3,1,Gd,7,Typ,0,1974.0,2.0,720.0,N,0,0,160,0,0,0,0,6,2009,WD ,Normal,87500,0,0,0,0,3,1,1,5,3,6,6,1,5,0,3,,1,3
714,50,RM,50.0,3500,Pave,Reg,Lvl,AllPub,Inside,Gtl,OldTown,Norm,Norm,1Fam,1.5Fin,5,7,1947,1950,Gable,CompShg,AsbShng,AsbShng,None,0.0,TA,TA,CBlock,312.0,0.0,720.0,GasA,TA,Y,SBrkr,720,564,0,1284,0.0,0.0,1,1,2,1,TA,5,Typ,0,1948.0,1.0,240.0,Y,0,35,0,0,0,0,0,4,2009,WD ,Normal,110000,1,0,1,0,3,1,5,5,3,3,6,1,5,0,3,,5,3
715,75,RM,90.0,8100,Pave,Reg,Lvl,AllPub,Corner,Gtl,OldTown,Norm,Norm,1Fam,2.5Unf,5,5,1898,1965,Hip,CompShg,AsbShng,AsbShng,None,0.0,TA,TA,PConc,0.0,0.0,849.0,GasA,TA,N,FuseA,1075,1063,0,2138,0.0,0.0,2,0,2,3,TA,11,Typ,0,1910.0,2.0,360.0,N,40,156,0,0,0,0,0,11,2009,WD ,Normal,106000,0,0,1,0,3,1,5,5,3,6,6,1,5,0,3,,5,3
716,70,RM,65.0,11700,Pave,IR1,Lvl,AllPub,Corner,Gtl,OldTown,Norm,Norm,1Fam,2Story,7,7,1880,2003,Mansard,CompShg,Stucco,Stucco,None,0.0,Gd,TA,Stone,0.0,0.0,1240.0,GasW,TA,N,SBrkr,1320,1320,0,2640,0.0,0.0,1,1,4,1,Gd,8,Typ,1,1950.0,4.0,864.0,N,181,0,386,0,0,0,0,5,2009,WD ,Normal,265979,1,0,0,0,3,1,5,1,3,6,6,1,5,1,2,,5,3
717,70,RM,70.0,8400,Pave,Reg,Lvl,AllPub,Corner,Gtl,OldTown,Artery,Norm,1Fam,2Story,6,7,1900,1950,Gable,CompShg,Stucco,BrkFace,None,0.0,TA,TA,BrkTil,0.0,0.0,917.0,GasA,Gd,Y,FuseA,1090,917,0,2007,0.0,0.0,2,0,3,1,Ex,8,Typ,0,1930.0,1.0,357.0,Y,0,235,0,0,0,0,0,6,2009,WD ,Normal,160000,0,0,0,0,3,1,1,2,2,6,6,1,5,0,3,,1,3
718,70,RM,60.0,3600,Pave,Reg,Lvl,AllPub,Inside,Gtl,OldTown,Norm,Norm,1Fam,2Story,6,7,1917,2007,Gable,CompShg,Stucco,Stucco,None,0.0,TA,TA,BrkTil,0.0,0.0,624.0,GasA,Ex,Y,SBrkr,664,624,0,1288,1.0,0.0,1,0,3,1,Ex,5,Typ,1,1917.0,1.0,280.0,N,0,103,0,0,0,0,0,5,2009,WD ,Normal,119000,1,0,0,0,3,1,5,5,3,6,6,1,1,1,2,,5,3
719,70,RM,121.0,17671,Pave,Reg,Lvl,AllPub,Corner,Gtl,OldTown,Artery,Norm,1Fam,2Story,8,9,1882,1986,Gable,CompShg,Wd Sdng,Wd Sdng,None,0.0,Gd,Gd,BrkTil,216.0,0.0,916.0,GasA,Gd,Y,SBrkr,916,826,0,1742,0.0,0.0,1,1,4,1,Gd,8,Typ,1,1925.0,2.0,424.0,P,0,169,0,0,0,0,0,11,2009,WD ,Normal,168000,1,0,0,0,3,1,5,5,3,1,6,1,1,1,2,,5,3
720,30,C (all),68.0,3300,Pave,Reg,Lvl,AllPub,Inside,Gtl,OldTown,Norm,Norm,1Fam,1Story,4,3,1910,1950,Gable,CompShg,Stucco,Stucco,None,0.0,TA,TA,BrkTil,0.0,0.0,624.0,GasA,Ex,Y,SBrkr,816,0,0,816,0.0,0.0,1,0,2,1,TA,5,Typ,1,0.0,0.0,0.0,N,0,33,0,0,0,0,0,6,2009,WD ,Normal,58500,0,0,0,0,3,1,5,5,3,6,6,0,6,1,2,,5,3
721,70,RM,50.0,9000,Pave,Reg,Lvl,AllPub,Inside,Gtl,OldTown,Artery,Norm,1Fam,2Story,7,9,1920,1988,Hip,CompShg,VinylSd,VinylSd,None,0.0,TA,Gd,PConc,624.0,0.0,650.0,GasA,Ex,Y,SBrkr,832,650,0,1482,0.0,1.0,1,0,3,1,TA,7,Typ,0,1930.0,2.0,324.0,Y,0,0,0,0,0,0,0,7,2009,WD ,Normal,143000,0,0,0,0,3,1,5,5,3,0,6,1,5,0,3,,5,3
722,30,RM,60.0,7200,Pave,Reg,Lvl,AllPub,Inside,Gtl,OldTown,Norm,Norm,1Fam,1Story,5,4,1910,2006,Hip,CompShg,MetalSd,Stucco,None,0.0,TA,TA,BrkTil,247.0,465.0,1022.0,GasW,TA,N,SBrkr,1022,0,0,1022,1.0,0.0,1,0,2,1,TA,4,Maj2,0,1956.0,1.0,280.0,Y,0,30,226,0,0,0,0,6,2009,WD ,Normal,85000,0,0,0,0,3,1,5,5,3,0,5,1,5,0,3,,5,3
723,50,RM,98.0,8820,Pave,Reg,Lvl,AllPub,Corner,Gtl,OldTown,Norm,Norm,1Fam,1.5Fin,5,6,1890,1996,Hip,CompShg,VinylSd,VinylSd,None,0.0,TA,TA,BrkTil,1088.0,0.0,1088.0,GasA,TA,Y,SBrkr,1188,561,120,1869,0.0,0.0,1,0,2,1,TA,7,Typ,0,1963.0,2.0,456.0,Y,48,0,244,0,0,0,0,9,2009,WD ,Normal,124900,0,0,1,0,3,1,5,5,3,3,6,1,5,0,3,,5,3
724,50,RM,60.0,5400,Pave,Reg,Lvl,AllPub,Inside,Gtl,OldTown,Norm,Norm,1Fam,1.5Fin,6,6,1920,1950,Gable,CompShg,MetalSd,MetalSd,None,0.0,Fa,TA,BrkTil,0.0,0.0,972.0,GasA,Ex,Y,SBrkr,1044,0,436,1480,0.0,0.0,1,0,3,1,TA,6,Typ,0,1920.0,1.0,207.0,Y,0,0,176,0,0,0,0,9,2009,ConLI,Family,119000,0,0,0,0,3,1,5,5,3,6,6,1,5,0,3,,5,3
725,70,RM,60.0,9720,Pave,Reg,Lvl,AllPub,Inside,Gtl,OldTown,Norm,Norm,1Fam,2Story,6,7,1910,2002,Gable,CompShg,MetalSd,MetalSd,None,0.0,TA,TA,PConc,0.0,0.0,741.0,GasA,Ex,Y,SBrkr,780,741,0,1521,0.0,0.0,1,0,4,1,Gd,8,Typ,0,1950.0,3.0,640.0,Y,0,0,238,0,0,0,0,9,2009,WD ,Normal,146500,1,0,1,0,3,1,5,5,3,6,6,1,5,0,3,,5,3
726,30,C (all),60.0,7879,Pave,Reg,Lvl,AllPub,Inside,Gtl,IDOTRR,Norm,Norm,1Fam,1Story,4,5,1920,1950,Gable,CompShg,Wd Sdng,Wd Sdng,None,0.0,TA,TA,CBlock,495.0,0.0,720.0,GasA,TA,N,FuseA,720,0,0,720,0.0,0.0,1,0,2,1,TA,4,Typ,0,0.0,0.0,0.0,N,0,523,115,0,0,0,0,11,2009,WD ,Abnorml,34900,0,0,1,0,3,1,5,5,3,5,6,0,6,0,3,,5,3
727,30,C (all),72.0,9392,Pave,Reg,Lvl,AllPub,Corner,Gtl,IDOTRR,Norm,Norm,1Fam,1Story,3,3,1900,1950,Mansard,CompShg,AsbShng,AsbShng,None,0.0,TA,Fa,CBlock,0.0,0.0,245.0,GasA,TA,N,SBrkr,797,0,0,797,0.0,0.0,1,0,2,1,TA,5,Typ,0,0.0,0.0,0.0,N,0,36,94,0,0,0,0,9,2009,WD ,Abnorml,44000,0,0,0,0,3,1,1,5,3,6,6,0,6,0,3,,1,3
728,70,RL,144.0,21384,Pave,Reg,Lvl,AllPub,Inside,Gtl,BrkSide,Norm,Norm,1Fam,2Story,5,6,1923,2004,Gable,CompShg,Wd Sdng,Wd Sdng,None,0.0,TA,TA,CBlock,1309.0,0.0,1324.0,GasA,Ex,Y,SBrkr,1072,504,0,1576,2.0,0.0,1,1,3,1,Gd,6,Typ,1,1923.0,2.0,528.0,Y,0,312,0,0,0,0,0,5,2009,WD ,Normal,223500,0,0,0,0,3,1,5,5,1,2,6,1,1,1,5,,5,3
729,30,RL,68.0,6615,Pave,Reg,Lvl,AllPub,Inside,Gtl,BrkSide,Norm,Norm,1Fam,1Story,6,6,1923,1950,Gable,CompShg,MetalSd,MetalSd,None,0.0,TA,TA,BrkTil,0.0,0.0,1022.0,GasA,TA,N,FuseA,1432,0,0,1432,0.0,0.0,1,0,3,1,Gd,6,Typ,1,1923.0,1.0,216.0,Y,266,61,0,0,0,0,0,9,2009,WD ,Normal,149000,0,0,1,0,3,1,5,5,3,6,6,1,3,1,2,,5,3
730,50,RL,55.0,7264,Pave,Reg,Lvl,AllPub,Inside,Gtl,BrkSide,Norm,Norm,1Fam,1.5Fin,7,7,1925,2007,Gable,CompShg,Wd Sdng,Wd Sdng,None,0.0,Gd,Gd,BrkTil,0.0,0.0,952.0,GasW,Gd,N,SBrkr,952,596,0,1548,0.0,0.0,2,1,3,1,Ex,5,Typ,0,1978.0,2.0,672.0,Y,74,0,0,0,144,0,0,10,2009,WD ,Normal,205000,0,0,0,0,3,1,5,5,3,6,6,1,5,0,3,,5,3
731,70,RL,50.0,4960,Pave,Reg,Lvl,AllPub,Inside,Gtl,BrkSide,RRAn,Norm,1Fam,1.5Fin,5,7,1930,1982,Gable,CompShg,WdShing,Wd Shng,None,0.0,TA,TA,CBlock,0.0,0.0,297.0,GasA,Ex,Y,SBrkr,1001,653,0,1654,0.0,0.0,2,0,3,1,TA,7,Typ,1,1955.0,1.0,336.0,N,244,60,0,0,0,0,0,5,2009,WD ,Normal,137000,0,0,0,0,3,1,5,5,3,6,6,1,5,1,2,,5,3
732,30,RL,68.0,8854,Pave,Reg,Lvl,AllPub,Inside,Gtl,BrkSide,Norm,Norm,1Fam,1.5Unf,6,6,1916,1950,Gable,CompShg,Wd Sdng,Wd Sdng,None,0.0,TA,TA,BrkTil,0.0,0.0,952.0,Grav,Fa,N,FuseF,952,0,0,952,0.0,0.0,1,0,2,1,Fa,4,Typ,1,1916.0,1.0,192.0,P,0,98,0,0,40,0,0,5,2009,WD ,Normal,121000,0,0,0,0,3,1,5,5,3,6,6,1,5,1,2,,5,3
733,50,RM,50.0,6000,Pave,Reg,Lvl,AllPub,Inside,Gtl,BrkSide,Norm,Norm,1Fam,1.5Fin,4,6,1936,1950,Gable,CompShg,MetalSd,MetalSd,None,0.0,TA,TA,BrkTil,672.0,0.0,672.0,GasA,TA,Y,SBrkr,757,567,0,1324,0.0,0.0,1,0,3,1,TA,6,Typ,0,1936.0,1.0,240.0,Y,0,0,0,0,0,0,0,7,2009,WD ,Normal,128000,0,0,0,0,3,1,5,5,3,1,6,1,5,0,3,,5,3
734,50,RM,50.0,6000,Pave,Reg,Lvl,AllPub,Inside,Gtl,BrkSide,Norm,Norm,1Fam,1.5Fin,6,9,1937,2000,Gable,CompShg,MetalSd,MetalSd,None,0.0,Gd,TA,BrkTil,0.0,0.0,698.0,GasA,TA,Y,SBrkr,786,390,0,1176,0.0,0.0,1,0,2,1,TA,4,Typ,0,1999.0,2.0,624.0,N,210,0,0,0,0,0,0,7,2009,WD ,Normal,134900,0,0,0,0,3,1,5,5,3,6,6,1,5,0,3,,5,3
735,50,RM,50.0,6000,Pave,Reg,Lvl,AllPub,Corner,Gtl,BrkSide,Norm,Norm,1Fam,1.5Fin,5,8,1925,1997,Gable,CompShg,Wd Sdng,Wd Sdng,None,0.0,TA,TA,BrkTil,0.0,0.0,884.0,GasA,Ex,Y,SBrkr,884,464,0,1348,1.0,0.0,1,0,3,1,TA,5,Typ,1,1960.0,1.0,216.0,N,0,0,208,0,0,0,0,5,2009,WD ,Normal,117000,0,0,0,0,3,1,5,5,3,6,6,1,5,1,1,,5,3
736,50,RM,50.0,6000,Pave,Reg,Lvl,AllPub,Inside,Gtl,BrkSide,Norm,Norm,1Fam,1.5Fin,6,6,1939,1950,Gable,CompShg,MetalSd,MetalSd,None,0.0,TA,Fa,CBlock,0.0,0.0,780.0,GasA,Ex,Y,FuseF,825,587,0,1412,0.0,0.0,1,0,4,1,TA,6,Typ,1,1939.0,1.0,280.0,Y,45,0,0,0,0,0,0,5,2009,WD ,Normal,132500,0,0,0,0,3,1,5,5,3,6,6,1,5,1,2,,5,3
737,50,RM,60.0,6000,Pave,Reg,Lvl,AllPub,Corner,Gtl,BrkSide,Norm,Norm,1Fam,1.5Fin,5,5,1924,1950,Gable,CompShg,Stucco,Stucco,BrkFace,444.0,TA,TA,BrkTil,220.0,0.0,468.0,GasA,Gd,Y,SBrkr,822,320,0,1142,0.0,0.0,1,0,3,1,TA,6,Typ,0,1924.0,1.0,320.0,Y,0,0,98,0,0,0,0,6,2009,WD ,Normal,93000,0,0,0,0,1,1,5,5,3,5,6,1,1,0,3,,5,1
738,45,RM,50.0,6000,Pave,Reg,Lvl,AllPub,Inside,Gtl,BrkSide,Norm,Norm,1Fam,1.5Unf,6,7,1926,2004,Gable,CompShg,Wd Sdng,Wd Sdng,None,0.0,Gd,TA,PConc,0.0,0.0,884.0,GasA,Gd,Y,SBrkr,904,0,0,904,0.0,0.0,1,0,2,1,TA,4,Typ,0,1926.0,1.0,180.0,Y,0,0,105,0,0,0,0,1,2009,WD ,Normal,119000,0,0,0,0,3,1,5,5,3,6,6,1,5,0,3,,5,3
739,30,RM,60.0,6911,Pave,Reg,Lvl,AllPub,FR2,Gtl,BrkSide,Feedr,Norm,1Fam,1Story,5,5,1924,1950,Gable,CompShg,Wd Sdng,Wd Sdng,None,0.0,TA,TA,PConc,405.0,0.0,1145.0,GasA,TA,Y,SBrkr,1301,0,0,1301,0.0,0.0,1,0,2,1,Fa,5,Min1,0,1965.0,2.0,440.0,Y,0,0,0,0,0,0,0,10,2009,WD ,Normal,100000,0,0,0,0,3,1,5,5,2,3,6,1,5,0,3,,5,3
740,50,RM,51.0,6120,Pave,Reg,Lvl,AllPub,Corner,Gtl,BrkSide,Norm,Norm,1Fam,1.5Fin,5,6,1936,1950,Gable,CompShg,Wd Sdng,Wd Sdng,None,0.0,TA,Fa,BrkTil,0.0,0.0,927.0,GasA,TA,Y,SBrkr,1067,472,0,1539,0.0,0.0,1,1,3,1,TA,5,Typ,0,1995.0,2.0,576.0,Y,112,0,0,0,0,0,0,4,2009,WD ,Normal,141500,0,0,1,0,3,1,5,5,3,6,6,1,5,0,3,,5,3
741,50,RM,51.0,6120,Pave,Reg,Lvl,AllPub,Inside,Gtl,BrkSide,Norm,Norm,1Fam,1.5Fin,4,7,1935,1995,Gable,CompShg,AsbShng,AsbShng,None,0.0,TA,TA,BrkTil,0.0,0.0,884.0,GasA,Ex,Y,SBrkr,989,584,0,1573,0.0,0.0,1,0,3,1,Gd,6,Typ,0,1935.0,1.0,240.0,Y,0,0,54,0,120,0,0,7,2009,WD ,Normal,133000,0,0,0,0,3,1,5,5,3,6,6,1,5,0,3,,5,3
742,30,RM,51.0,6120,Pave,Reg,Lvl,AllPub,Inside,Gtl,BrkSide,Norm,Norm,1Fam,1Story,2,3,1936,1950,Gable,CompShg,AsbShng,AsbShng,None,0.0,Fa,Fa,BrkTil,0.0,0.0,264.0,Grav,Fa,N,FuseA,800,0,0,800,0.0,0.0,1,0,1,1,Fa,4,Maj1,1,0.0,0.0,0.0,N,0,0,0,0,0,0,0,1,2009,ConLw,Normal,60000,0,0,0,0,3,1,5,1,3,6,6,0,6,1,4,,5,3
743,30,RM,51.0,6120,Pave,Reg,Lvl,AllPub,Corner,Gtl,BrkSide,Norm,Norm,1Fam,1Story,5,7,1931,1993,Gable,CompShg,Wd Sdng,Wd Sdng,None,0.0,TA,TA,BrkTil,209.0,0.0,715.0,GasA,TA,Y,FuseA,875,0,0,875,1.0,0.0,1,0,2,1,TA,5,Typ,0,1931.0,1.0,180.0,Y,48,0,0,0,0,0,0,11,2009,WD ,Normal,105000,0,0,0,0,3,1,5,5,3,1,6,1,5,0,3,,5,3
744,30,RM,51.0,6120,Pave,Reg,Lvl,AllPub,Inside,Gtl,BrkSide,Norm,Norm,1Fam,1Story,5,6,1925,1999,Gable,CompShg,MetalSd,MetalSd,None,0.0,TA,TA,BrkTil,0.0,0.0,960.0,GasA,Gd,Y,SBrkr,995,0,0,995,0.0,0.0,1,0,2,1,TA,5,Typ,0,1926.0,1.0,264.0,Y,0,15,51,0,0,0,0,3,2009,WD ,Abnorml,115000,0,0,1,0,3,1,5,5,3,6,6,1,5,0,3,,5,3
745,50,RM,51.0,6120,Pave,Reg,Lvl,AllPub,Inside,Gtl,BrkSide,Norm,Norm,1Fam,1.5Fin,5,6,1938,1950,Gable,CompShg,Wd Sdng,Wd Sdng,None,0.0,TA,TA,BrkTil,273.0,0.0,952.0,GasA,TA,Y,FuseA,994,588,0,1582,0.0,0.0,2,0,3,1,TA,6,Typ,1,1938.0,1.0,250.0,Y,189,0,34,150,0,0,0,2,2009,WD ,Normal,150000,0,0,0,0,3,1,5,1,3,3,6,1,5,1,2,,5,3
746,30,RM,50.0,8635,Pave,Reg,Lvl,AllPub,Inside,Gtl,BrkSide,Norm,Norm,1Fam,1Story,5,5,1925,1950,Hip,CompShg,Wd Sdng,Wd Sdng,None,0.0,TA,Fa,BrkTil,134.0,0.0,1072.0,GasA,TA,Y,SBrkr,1072,0,0,1072,1.0,0.0,1,0,2,1,TA,5,Typ,0,1982.0,5.0,1184.0,P,0,0,105,0,0,0,0,8,2009,WD ,Normal,126500,0,0,0,0,3,1,5,5,3,3,6,1,5,0,3,,5,3
747,75,RL,68.0,11888,Pave,IR1,Bnk,AllPub,Inside,Gtl,BrkSide,PosN,Norm,1Fam,2.5Unf,6,6,1916,1994,Gable,CompShg,Wd Sdng,Wd Shng,None,0.0,TA,TA,BrkTil,0.0,0.0,844.0,GasA,Gd,N,FuseA,1445,689,0,2134,0.0,0.0,2,0,5,1,Gd,10,Typ,0,1930.0,2.0,441.0,Y,0,60,268,0,0,0,0,7,2009,WD ,Normal,214500,1,0,0,0,3,1,5,5,3,6,6,1,5,0,3,,5,3
748,70,RL,60.0,11414,Pave,IR1,Lvl,AllPub,Corner,Gtl,BrkSide,RRAn,Feedr,1Fam,2Story,7,8,1910,1993,Gable,CompShg,HdBoard,HdBoard,None,0.0,TA,Gd,BrkTil,0.0,0.0,728.0,GasA,TA,N,SBrkr,1136,883,0,2019,0.0,0.0,1,0,3,1,Gd,8,Typ,0,1997.0,2.0,532.0,Y,509,135,0,0,0,0,0,10,2009,WD ,Normal,167500,0,0,1,0,3,1,2,5,3,6,6,1,5,0,3,,2,3
749,70,RM,57.0,8094,Pave,Reg,Lvl,AllPub,Inside,Gtl,OldTown,Norm,Norm,1Fam,2Story,6,6,1915,1950,Gable,CompShg,MetalSd,MetalSd,None,0.0,TA,TA,PConc,0.0,0.0,1048.0,GasA,Gd,Y,FuseA,1048,720,0,1768,0.0,0.0,2,0,3,1,TA,8,Typ,0,1930.0,2.0,576.0,Y,0,0,150,0,0,0,0,6,2009,WD ,Normal,155000,1,0,0,0,3,1,5,5,3,6,6,1,5,0,3,,5,3
750,70,RM,50.0,2500,Pave,Reg,Lvl,AllPub,Corner,Gtl,OldTown,Norm,Norm,1Fam,2Story,7,8,1915,2005,Gable,CompShg,Stucco,Stucco,None,0.0,Gd,TA,PConc,299.0,0.0,910.0,GasA,Ex,Y,SBrkr,916,910,0,1826,1.0,0.0,1,1,4,1,Ex,7,Min2,1,1915.0,1.0,164.0,Y,0,0,0,0,0,0,0,6,2009,WD ,Normal,155000,1,0,0,0,3,1,5,5,3,0,6,1,1,1,2,,5,3
751,70,RM,68.0,9928,Pave,Reg,Lvl,AllPub,Inside,Gtl,OldTown,Norm,Norm,1Fam,2Story,7,8,1915,1994,Gable,CompShg,Wd Sdng,Wd Sdng,None,0.0,TA,Gd,BrkTil,0.0,0.0,672.0,GasA,Fa,Y,SBrkr,1272,672,0,1944,0.0,0.0,2,0,3,1,TA,8,Min2,0,1915.0,1.0,216.0,N,24,28,0,0,0,0,400,6,2009,WD ,Normal,179900,1,0,0,1,3,1,5,5,3,6,6,1,5,0,3,,5,3
752,75,RM,92.0,5520,Pave,Reg,Lvl,AllPub,Corner,Gtl,OldTown,Norm,Norm,1Fam,2.5Fin,6,6,1912,1950,Gable,CompShg,Wd Sdng,Wd Sdng,None,0.0,TA,TA,CBlock,0.0,0.0,755.0,GasA,Ex,Y,SBrkr,929,929,371,2229,0.0,0.0,1,0,5,1,TA,8,Typ,0,0.0,0.0,0.0,Y,0,198,30,0,0,0,0,7,2009,WD ,Abnorml,104000,0,0,1,0,3,1,5,5,3,6,6,0,6,0,3,,5,3
753,90,RM,50.0,3000,Pave,Reg,Bnk,AllPub,Inside,Gtl,OldTown,Norm,Norm,Duplex,2Story,5,1,1922,1950,Hip,CompShg,MetalSd,MetalSd,None,0.0,TA,TA,BrkTil,0.0,0.0,1040.0,GasA,TA,N,SBrkr,1088,1040,0,2128,0.0,0.0,2,0,4,2,TA,11,Sev,0,0.0,0.0,0.0,Y,0,56,0,0,0,0,0,9,2009,WD ,Abnorml,62500,1,0,0,0,3,1,5,1,3,6,6,0,6,0,3,,5,3
754,70,RM,57.0,6876,Pave,Reg,Lvl,AllPub,Inside,Gtl,IDOTRR,Norm,Norm,1Fam,2Story,6,5,1927,1950,Gable,CompShg,Plywood,Plywood,None,0.0,TA,TA,CBlock,522.0,0.0,720.0,GasA,Fa,Y,SBrkr,1146,784,0,1930,1.0,0.0,2,0,4,1,TA,8,Typ,0,1927.0,1.0,316.0,Y,0,0,213,0,0,0,0,8,2009,WD ,Normal,149000,0,0,1,0,3,1,5,1,3,1,6,1,1,0,3,,5,3
755,30,RM,52.0,6240,Pave,Reg,Lvl,AllPub,Inside,Gtl,IDOTRR,Norm,Norm,1Fam,1.5Fin,4,5,1925,1950,Gable,CompShg,MetalSd,MetalSd,None,0.0,TA,TA,CBlock,152.0,0.0,780.0,GasA,TA,Y,FuseA,848,0,360,1208,0.0,0.0,1,0,2,1,TA,5,Typ,0,1962.0,2.0,539.0,Y,0,23,112,0,0,0,0,1,2009,WD ,Normal,103000,1,0,0,0,3,1,5,5,3,1,6,1,5,0,3,,5,3
756,70,RM,68.0,5775,Pave,IR2,Bnk,AllPub,Corner,Mod,OldTown,Feedr,Norm,1Fam,2Story,6,7,1915,2002,Gable,CompShg,Wd Sdng,Wd Sdng,None,0.0,TA,TA,BrkTil,0.0,0.0,483.0,GasA,Ex,Y,SBrkr,741,686,0,1427,0.0,0.0,1,0,3,1,Gd,7,Typ,0,1915.0,1.0,379.0,Y,0,24,112,0,0,0,0,2,2009,WD ,Normal,123000,0,0,0,0,3,1,5,5,3,6,6,1,1,0,3,,5,3
757,190,RM,41.0,5852,Pave,IR3,Bnk,AllPub,Corner,Gtl,OldTown,Feedr,Norm,2fmCon,2.5Unf,7,5,1902,2000,Gable,CompShg,MetalSd,MetalSd,Stone,188.0,TA,Fa,BrkTil,169.0,0.0,1020.0,GasA,TA,N,FuseF,978,886,0,1864,0.0,0.0,2,1,6,1,TA,9,Typ,0,0.0,0.0,0.0,N,0,188,102,0,0,0,0,5,2009,WD ,Normal,97500,0,0,0,0,4,1,5,1,3,5,6,0,6,0,3,,5,4
758,50,RM,60.0,5160,Pave,Reg,Lvl,AllPub,Corner,Gtl,IDOTRR,Norm,Norm,1Fam,1.5Fin,6,6,1927,1950,Gable,CompShg,MetalSd,MetalSd,None,0.0,TA,Fa,BrkTil,0.0,0.0,1204.0,GasA,TA,Y,FuseA,1204,462,0,1666,0.0,0.0,1,0,3,1,TA,4,Typ,0,1927.0,1.0,384.0,Y,0,0,148,0,0,0,0,8,2009,WD ,Normal,135000,0,0,0,0,3,1,5,5,3,6,6,1,5,0,3,,5,3
759,85,RM,86.0,5160,Pave,Reg,Lvl,AllPub,Inside,Gtl,IDOTRR,Norm,Norm,1Fam,SFoyer,4,6,1923,1950,Hip,CompShg,MetalSd,MetalSd,None,0.0,TA,Gd,PConc,749.0,63.0,858.0,GasA,TA,Y,SBrkr,892,0,0,892,1.0,0.0,1,0,1,1,Gd,5,Min2,0,0.0,0.0,0.0,N,0,0,105,0,160,0,0,7,2009,COD,Abnorml,70000,1,0,0,0,3,1,2,1,0,1,5,0,6,0,3,,2,3
760,190,RM,60.0,10320,Pave,Reg,Bnk,AllPub,Inside,Gtl,IDOTRR,Artery,Norm,2fmCon,2Story,6,7,1915,1965,Gable,CompShg,MetalSd,MetalSd,None,0.0,TA,Gd,CBlock,276.0,262.0,698.0,GasA,Ex,Y,FuseF,754,649,0,1403,1.0,0.0,1,1,3,1,TA,7,Typ,0,1915.0,1.0,308.0,Y,0,0,288,0,0,0,0,2,2009,WD ,Normal,116000,1,0,0,0,3,1,5,5,3,5,0,1,5,0,3,,5,3
761,20,RL,50.0,4280,Pave,IR1,Lvl,AllPub,Inside,Gtl,Sawyer,Norm,Norm,1Fam,1Story,4,9,1946,2001,Gable,CompShg,MetalSd,MetalSd,None,0.0,TA,Gd,CBlock,0.0,0.0,560.0,GasA,Ex,Y,FuseA,704,0,0,704,0.0,1.0,1,0,2,1,Fa,4,Typ,0,1946.0,1.0,220.0,Y,0,0,24,0,0,0,0,9,2009,WD ,Normal,88750,0,0,0,0,3,1,1,5,3,6,6,1,4,0,3,,1,3
762,90,RL,60.0,10800,Pave,Reg,Lvl,AllPub,Inside,Gtl,Edwards,Norm,Norm,Duplex,1Story,5,5,1987,1988,Gable,CompShg,Plywood,Plywood,None,0.0,TA,TA,CBlock,1200.0,0.0,1200.0,GasA,TA,Y,SBrkr,1200,0,0,1200,3.0,0.0,3,0,3,1,TA,5,Typ,0,0.0,0.0,0.0,Y,120,0,0,0,0,0,0,3,2009,WD ,Alloca,179000,0,0,0,0,3,1,2,2,1,2,6,0,6,0,3,,2,3
763,90,RL,60.0,10800,Pave,Reg,Lvl,AllPub,Inside,Gtl,Edwards,Norm,Norm,Duplex,1Story,5,5,1987,1988,Gable,CompShg,Plywood,Plywood,None,0.0,TA,Gd,CBlock,1200.0,0.0,1200.0,GasA,TA,Y,SBrkr,1200,0,0,1200,3.0,0.0,3,0,3,1,TA,5,Typ,0,0.0,0.0,0.0,Y,120,0,0,0,0,0,0,3,2009,WD ,Alloca,179000,0,0,0,0,3,1,2,2,1,2,6,0,6,0,3,,2,3
764,90,RL,68.0,10547,Pave,IR1,Lvl,AllPub,Inside,Gtl,Edwards,Norm,Norm,Duplex,SFoyer,5,5,1978,1978,Gable,CompShg,Plywood,Plywood,None,0.0,TA,TA,PConc,1152.0,0.0,1152.0,GasA,TA,Y,SBrkr,1152,0,0,1152,2.0,0.0,2,0,2,2,TA,6,Typ,0,1960.0,1.0,252.0,N,0,0,0,0,0,0,0,7,2009,WD ,Normal,159900,0,0,0,0,3,1,2,2,1,2,6,1,5,0,3,,2,3
765,30,RL,68.0,10020,Pave,IR1,Low,AllPub,Inside,Sev,Edwards,Norm,Norm,1Fam,1Story,1,1,1922,1950,Gable,CompShg,Wd Sdng,Wd Sdng,None,0.0,Fa,Fa,BrkTil,350.0,0.0,683.0,GasA,Gd,N,FuseA,904,0,0,904,1.0,0.0,0,1,1,1,Fa,4,Maj1,0,0.0,0.0,0.0,Y,0,0,0,0,0,0,0,3,2009,WD ,Normal,61000,0,0,0,0,3,1,1,4,1,1,6,0,6,0,3,,1,3
766,70,RH,54.0,6629,Pave,Reg,Lvl,AllPub,Inside,Gtl,Edwards,Artery,Norm,1Fam,2Story,6,6,1925,1950,Gambrel,CompShg,Wd Sdng,Wd Sdng,None,0.0,TA,Gd,BrkTil,551.0,0.0,672.0,GasA,TA,N,SBrkr,697,672,0,1369,1.0,0.0,2,0,3,1,TA,6,Typ,0,1930.0,1.0,300.0,Y,147,0,0,0,0,0,0,7,2009,WD ,Normal,103600,0,0,0,0,3,1,5,5,3,1,6,1,5,0,3,,5,3
767,50,RL,60.0,9780,Pave,Reg,Lvl,AllPub,Inside,Gtl,Edwards,Norm,Norm,1Fam,1.5Fin,5,3,1934,1950,Gable,CompShg,MetalSd,MetalSd,None,0.0,TA,TA,PConc,0.0,0.0,585.0,GasA,TA,N,FuseA,687,425,0,1112,1.0,0.0,2,0,4,1,TA,6,Typ,0,1934.0,1.0,226.0,N,0,0,0,0,0,0,0,3,2009,WD ,Normal,63000,0,0,0,0,3,1,5,5,3,6,6,1,5,0,3,,5,3
768,80,RL,70.0,12886,Pave,IR1,Lvl,AllPub,Inside,Gtl,Sawyer,Norm,Norm,1Fam,SLvl,5,6,1963,1999,Gable,CompShg,HdBoard,HdBoard,None,0.0,TA,TA,CBlock,444.0,0.0,520.0,GasA,Ex,Y,SBrkr,1464,0,0,1464,0.0,1.0,2,0,3,1,TA,6,Min2,1,1997.0,2.0,480.0,Y,302,0,0,0,100,0,0,10,2009,WD ,Normal,175000,0,0,0,0,3,1,2,5,0,0,6,1,1,1,5,,2,3
769,20,RL,80.0,8816,Pave,Reg,Lvl,AllPub,Corner,Gtl,Sawyer,Feedr,Norm,1Fam,1Story,5,6,1963,1963,Gable,CompShg,VinylSd,VinylSd,None,0.0,TA,TA,PConc,651.0,0.0,1121.0,GasA,TA,Y,SBrkr,1121,0,0,1121,1.0,0.0,1,0,3,1,TA,5,Typ,0,1963.0,2.0,480.0,Y,0,80,0,0,0,0,0,6,2009,WD ,Normal,139000,0,0,1,0,3,1,5,5,3,5,6,1,5,0,3,,5,3
770,60,RL,70.0,11184,Pave,Reg,Lvl,AllPub,Inside,Gtl,Sawyer,Norm,Norm,1Fam,2Story,6,5,1978,1978,Hip,CompShg,HdBoard,HdBoard,BrkFace,92.0,TA,TA,CBlock,226.0,500.0,918.0,GasA,Gd,Y,SBrkr,918,765,0,1683,0.0,0.0,2,1,3,1,TA,7,Typ,1,1978.0,2.0,440.0,Y,243,0,0,0,0,0,0,7,2009,WD ,Normal,172500,0,0,0,0,1,1,5,5,3,3,5,1,1,1,5,,5,1
771,20,RL,75.0,11625,Pave,Reg,Lvl,AllPub,Inside,Gtl,Sawyer,Norm,Norm,1Fam,1Story,5,6,1967,1967,Hip,CompShg,HdBoard,HdBoard,BrkFace,172.0,TA,TA,CBlock,527.0,0.0,1052.0,GasA,TA,Y,SBrkr,1052,0,0,1052,0.0,0.0,1,1,3,1,TA,6,Typ,1,1984.0,1.0,668.0,Y,0,215,0,0,0,0,0,4,2009,WD ,Abnorml,113500,0,0,0,0,1,1,5,5,3,1,6,1,1,1,4,,5,1
772,20,RL,65.0,7800,Pave,Reg,Lvl,AllPub,Inside,Gtl,Sawyer,Norm,Norm,1Fam,1Story,5,7,1967,2004,Hip,CompShg,HdBoard,HdBoard,BrkFace,89.0,TA,TA,PConc,450.0,0.0,864.0,GasA,Ex,Y,SBrkr,899,0,0,899,0.0,0.0,1,0,3,1,Gd,5,Typ,0,1967.0,1.0,288.0,Y,64,0,0,0,0,0,0,6,2009,WD ,Normal,130000,0,0,1,0,1,1,5,5,3,0,6,1,1,0,3,,5,1
773,85,RL,68.0,8014,Pave,IR1,Lvl,AllPub,CulDSac,Gtl,Sawyer,Norm,Norm,1Fam,SFoyer,6,5,1978,1978,Gable,CompShg,Plywood,HdBoard,BrkFace,23.0,TA,TA,CBlock,456.0,0.0,456.0,GasA,TA,Y,SBrkr,1034,0,0,1034,0.0,1.0,1,0,3,1,TA,5,Typ,1,1978.0,2.0,504.0,Y,0,0,0,0,0,0,0,6,2009,WD ,Normal,149900,0,0,0,0,1,1,2,5,1,2,6,1,2,1,1,,2,1
774,85,RL,68.0,7252,Pave,IR1,Lvl,AllPub,CulDSac,Gtl,Sawyer,Norm,Norm,1Fam,SFoyer,5,5,1982,1982,Hip,CompShg,Wd Sdng,Wd Sdng,None,0.0,TA,TA,CBlock,685.0,0.0,858.0,GasA,TA,Y,SBrkr,858,0,0,858,1.0,0.0,1,0,2,1,TA,5,Typ,0,1983.0,2.0,576.0,Y,120,0,0,0,0,0,0,4,2009,WD ,Normal,134900,0,0,0,0,3,1,2,5,0,2,6,1,5,0,3,,2,3
775,85,RL,74.0,8740,Pave,IR1,Lvl,AllPub,Inside,Gtl,Sawyer,Norm,Norm,1Fam,SFoyer,5,6,1982,1982,Hip,CompShg,HdBoard,HdBoard,None,0.0,TA,TA,CBlock,672.0,0.0,840.0,GasA,TA,Y,SBrkr,860,0,0,860,1.0,0.0,1,0,2,1,TA,4,Typ,0,1996.0,2.0,528.0,Y,0,0,0,0,0,0,0,7,2009,WD ,Normal,137000,0,0,0,0,3,1,5,5,0,0,6,1,5,0,3,,5,3
776,20,RL,68.0,11616,Pave,Reg,Lvl,AllPub,Inside,Gtl,Sawyer,Norm,Norm,1Fam,1Story,5,5,1962,1962,Gable,CompShg,Wd Sdng,Wd Sdng,BrkFace,116.0,TA,TA,CBlock,170.0,670.0,1092.0,GasA,TA,Y,SBrkr,1092,0,0,1092,0.0,1.0,1,0,3,1,TA,6,Typ,1,1962.0,1.0,288.0,Y,0,20,144,0,0,0,0,9,2009,WD ,Normal,139000,0,0,0,0,1,1,5,5,3,3,1,1,1,1,4,,5,1
777,80,RL,88.0,15400,Pave,Reg,Lvl,AllPub,Inside,Gtl,Sawyer,Norm,Norm,1Fam,SLvl,5,5,1961,1961,Hip,CompShg,HdBoard,HdBoard,None,0.0,TA,TA,CBlock,0.0,0.0,552.0,GasA,TA,Y,SBrkr,904,611,259,1774,0.0,0.0,2,0,4,1,TA,8,Typ,1,1961.0,1.0,384.0,Y,290,40,0,0,0,0,0,7,2009,WD ,Normal,165000,0,0,0,0,3,1,5,2,3,6,6,1,1,1,5,,5,3
778,80,RL,88.0,15312,Pave,Reg,Lvl,AllPub,Inside,Gtl,Sawyer,Norm,Norm,1Fam,SLvl,6,5,1960,1960,Hip,CompShg,Wd Sdng,Wd Sdng,BrkFace,54.0,TA,TA,CBlock,588.0,0.0,1138.0,GasA,Ex,Y,SBrkr,1138,0,0,1138,0.0,1.0,1,0,3,1,TA,6,Typ,1,1960.0,2.0,480.0,Y,0,0,0,0,140,0,0,3,2009,COD,Normal,148000,0,0,1,0,1,1,5,5,0,1,6,1,1,1,5,,5,1
779,80,RL,68.0,15584,Pave,Reg,Lvl,AllPub,Inside,Gtl,ClearCr,Norm,Norm,1Fam,SLvl,5,5,1956,1956,Hip,CompShg,Wd Sdng,Wd Sdng,BrkFace,366.0,TA,TA,CBlock,0.0,0.0,825.0,GasA,Ex,Y,SBrkr,2071,0,0,2071,0.0,1.0,1,1,4,1,TA,9,Typ,1,1956.0,1.0,336.0,Y,131,28,0,0,0,0,0,10,2009,WD ,Normal,165000,0,0,0,0,1,1,5,5,2,6,6,1,1,1,5,,5,1
780,20,RL,68.0,9000,Pave,Reg,Lvl,AllPub,Corner,Gtl,Sawyer,Norm,Norm,1Fam,1Story,2,2,1947,1950,Gable,CompShg,Wd Sdng,Wd Sdng,None,0.0,TA,TA,Slab,0.0,0.0,0.0,GasA,Fa,N,SBrkr,660,0,0,660,0.0,0.0,1,0,2,1,Fa,5,Min2,0,0.0,0.0,0.0,N,0,0,100,0,0,0,0,6,2009,WD ,Normal,63900,0,0,0,0,3,0,3,3,4,4,4,0,6,0,3,,3,3
781,50,RL,68.0,11250,Pave,Reg,Lvl,AllPub,Inside,Gtl,ClearCr,Norm,Norm,1Fam,1.5Fin,4,5,1957,1989,Gable,CompShg,Wd Sdng,Wd Sdng,None,0.0,TA,TA,CBlock,0.0,0.0,1104.0,GasA,Ex,Y,FuseA,1104,684,0,1788,1.0,0.0,1,0,5,1,TA,8,Min2,2,1957.0,1.0,304.0,Y,120,0,0,0,0,0,0,11,2009,WD ,Normal,161500,0,0,0,0,3,1,5,5,0,6,6,1,1,1,5,,5,3
782,20,RL,65.0,25095,Pave,IR1,Low,AllPub,Inside,Sev,ClearCr,Norm,Norm,1Fam,1Story,5,8,1968,2003,Flat,Tar&Grv,Wd Sdng,Wd Sdng,None,0.0,TA,TA,CBlock,1324.0,0.0,1437.0,GasA,Ex,Y,SBrkr,1473,0,0,1473,2.0,0.0,1,0,1,1,Ex,5,Typ,2,1968.0,1.0,452.0,Y,0,48,0,0,60,0,0,6,2009,WD ,Partial,143000,0,0,0,0,3,1,5,5,1,2,6,1,1,1,2,,5,3
783,20,RL,68.0,17140,Pave,Reg,Lvl,AllPub,Inside,Gtl,Edwards,Norm,Norm,1Fam,1Story,4,6,1956,1956,Gable,CompShg,VinylSd,VinylSd,None,0.0,TA,TA,CBlock,1059.0,0.0,1134.0,GasA,Ex,Y,FuseA,1229,0,0,1229,0.0,0.0,1,0,3,1,TA,6,Typ,0,1956.0,1.0,284.0,Y,0,0,0,0,0,0,0,4,2009,WD ,Normal,135000,0,0,0,0,3,1,5,5,3,0,6,1,1,0,3,,5,3
784,30,RL,68.0,12342,Pave,IR1,Lvl,AllPub,Inside,Gtl,Edwards,Norm,Norm,1Fam,1Story,4,5,1940,1950,Gable,CompShg,VinylSd,VinylSd,None,0.0,TA,TA,CBlock,262.0,0.0,861.0,GasA,Ex,Y,SBrkr,861,0,0,861,0.0,0.0,1,0,1,1,TA,4,Typ,0,1961.0,2.0,539.0,Y,158,0,0,0,0,0,0,3,2009,WD ,Normal,82500,0,0,0,0,3,1,5,5,3,1,6,1,5,0,3,,5,3
785,20,RL,68.0,10708,Pave,IR1,Lvl,AllPub,Inside,Gtl,ClearCr,Norm,Norm,1Fam,1Story,5,5,1955,1993,Hip,CompShg,Wd Sdng,Wd Sdng,None,0.0,Gd,TA,CBlock,379.0,768.0,1617.0,GasA,Ex,Y,FuseA,1867,0,0,1867,1.0,0.0,1,0,2,1,TA,7,Typ,3,1955.0,1.0,303.0,Y,476,0,0,0,142,0,0,11,2009,COD,Normal,190000,0,0,1,0,3,1,5,5,3,3,1,1,1,1,2,,5,3
786,20,RL,68.0,13680,Pave,IR1,Lvl,AllPub,CulDSac,Gtl,Edwards,Norm,Norm,1Fam,1Story,3,5,1955,1955,Hip,CompShg,BrkFace,Wd Sdng,None,0.0,TA,TA,Slab,0.0,0.0,0.0,GasA,Ex,Y,FuseA,1733,0,0,1733,0.0,0.0,2,0,4,1,TA,8,Min2,1,1955.0,2.0,452.0,Y,0,0,0,0,0,0,0,6,2009,WD ,Normal,139600,0,0,0,0,3,0,3,3,4,4,4,1,1,1,2,,3,3
787,20,RL,68.0,15635,Pave,IR1,Lvl,AllPub,CulDSac,Gtl,Edwards,Norm,Norm,1Fam,1Story,4,5,1954,1954,Gable,CompShg,VinylSd,VinylSd,None,0.0,TA,TA,CBlock,0.0,0.0,0.0,GasA,TA,Y,SBrkr,1383,0,0,1383,0.0,0.0,1,0,2,1,TA,6,Mod,0,1980.0,2.0,498.0,Y,0,0,90,0,110,0,0,10,2009,WD ,Normal,122000,0,0,0,0,3,0,3,3,4,4,4,1,1,0,3,,3,3
788,20,RL,73.0,9855,Pave,Reg,Lvl,AllPub,Corner,Gtl,Edwards,Norm,Norm,1Fam,1Story,6,5,1956,1956,Hip,CompShg,Wd Sdng,Wd Sdng,None,0.0,TA,TA,CBlock,0.0,0.0,1436.0,GasA,Fa,Y,SBrkr,1689,0,0,1689,0.0,0.0,1,0,3,1,TA,7,Typ,1,1956.0,2.0,480.0,Y,0,0,0,0,0,0,0,11,2009,COD,Normal,127500,0,0,1,0,3,1,5,5,3,6,6,1,1,1,2,,5,3
789,20,RL,68.0,9571,Pave,Reg,Lvl,AllPub,Inside,Gtl,Edwards,Norm,Norm,1Fam,1Story,5,5,1956,1956,Hip,CompShg,MetalSd,MetalSd,None,0.0,TA,TA,CBlock,257.0,0.0,1073.0,GasA,TA,Y,FuseA,1073,0,0,1073,1.0,0.0,1,0,2,1,TA,5,Typ,0,1956.0,1.0,340.0,Y,0,0,0,0,0,0,0,2,2009,WD ,Normal,121500,0,0,1,0,3,1,5,5,3,5,6,1,1,0,3,,5,3
790,20,RL,68.0,9571,Pave,Reg,Lvl,AllPub,Inside,Gtl,Edwards,Norm,Norm,1Fam,1Story,5,3,1958,1958,Gable,CompShg,BrkComm,Brk Cmn,None,0.0,TA,Fa,CBlock,0.0,0.0,1276.0,GasA,TA,Y,FuseA,1276,0,0,1276,0.0,0.0,1,0,3,1,TA,5,Mod,0,1958.0,1.0,350.0,Y,0,0,0,0,0,0,0,6,2009,COD,Abnorml,60000,0,0,0,0,3,1,5,1,3,6,6,1,1,0,3,,5,3
791,60,RL,50.0,9350,Pave,Reg,Bnk,AllPub,Inside,Gtl,Edwards,Norm,Norm,1Fam,2Story,6,7,1946,1950,Hip,CompShg,MetalSd,MetalSd,None,0.0,TA,TA,CBlock,342.0,0.0,747.0,GasA,Ex,Y,SBrkr,892,747,0,1639,0.0,0.0,1,1,3,1,Gd,6,Typ,1,1946.0,1.0,240.0,Y,0,50,0,0,0,0,0,7,2009,WD ,Normal,154400,0,0,0,0,3,1,5,5,3,1,6,1,5,1,2,,5,3
792,30,RL,50.0,9340,Pave,Reg,Lvl,AllPub,Inside,Gtl,Edwards,Norm,Norm,1Fam,1Story,4,6,1941,1950,Hip,CompShg,MetalSd,MetalSd,None,0.0,TA,TA,CBlock,344.0,0.0,672.0,GasA,TA,Y,SBrkr,672,0,0,672,1.0,0.0,1,0,2,1,TA,4,Typ,0,1941.0,1.0,234.0,N,0,113,0,0,0,0,0,8,2009,WD ,Normal,113000,0,0,0,0,3,1,5,5,3,5,6,1,1,0,3,,5,3
793,20,RL,62.0,7440,Pave,Reg,Lvl,AllPub,Inside,Gtl,Edwards,Norm,Norm,1Fam,1Story,5,6,1954,1954,Gable,CompShg,Wd Sdng,Wd Sdng,None,0.0,TA,TA,CBlock,173.0,0.0,1089.0,GasW,TA,Y,SBrkr,1089,0,0,1089,1.0,0.0,1,0,3,1,TA,5,Typ,1,1954.0,1.0,252.0,P,328,0,0,0,0,0,0,9,2009,WD ,Normal,125000,0,0,1,0,3,1,2,5,3,1,6,1,5,1,2,,2,3
794,20,RL,68.0,11500,Pave,IR1,Lvl,AllPub,CulDSac,Gtl,Edwards,Norm,Norm,1Fam,1Story,4,3,1957,1957,Gable,CompShg,Wd Sdng,Wd Sdng,None,0.0,TA,Gd,Slab,0.0,0.0,0.0,GasA,Ex,N,SBrkr,845,0,0,845,0.0,0.0,1,0,3,1,TA,5,Typ,0,1957.0,1.0,290.0,N,186,0,0,0,0,0,0,1,2009,WD ,Normal,84000,0,0,0,0,3,0,3,3,4,4,4,1,5,0,3,,3,3
795,120,RL,42.0,4235,Pave,Reg,Lvl,AllPub,Inside,Gtl,Edwards,Norm,Norm,TwnhsE,1Story,5,5,1984,1984,Gable,CompShg,HdBoard,HdBoard,BrkFace,149.0,Gd,TA,CBlock,552.0,393.0,1049.0,GasA,TA,Y,SBrkr,1049,0,0,1049,1.0,0.0,2,0,2,1,Gd,5,Typ,0,1984.0,1.0,266.0,Y,0,105,0,0,0,0,0,2,2009,WD ,Normal,139500,0,0,0,0,1,1,2,5,2,2,0,1,1,0,3,,2,1
796,50,RL,60.0,11409,Pave,Reg,Lvl,AllPub,Inside,Gtl,Edwards,Norm,Norm,1Fam,1.5Fin,5,4,1949,2008,Gable,CompShg,Wd Sdng,Wd Sdng,None,0.0,TA,TA,CBlock,292.0,0.0,768.0,GasA,Gd,Y,SBrkr,1148,568,0,1716,0.0,0.0,1,1,3,1,TA,8,Min2,1,1949.0,1.0,281.0,Y,0,0,0,0,160,0,0,1,2009,WD ,Normal,131000,0,0,0,0,3,1,5,5,3,3,6,1,1,1,2,,5,3
797,50,RL,60.0,9060,Pave,Reg,Lvl,AllPub,Inside,Gtl,Edwards,Norm,Norm,1Fam,1.5Fin,6,5,1939,1950,Gable,CompShg,WdShing,Wd Shng,None,0.0,TA,TA,BrkTil,204.0,0.0,560.0,GasA,TA,Y,SBrkr,698,560,0,1258,0.0,0.0,1,0,2,1,TA,6,Typ,0,1939.0,1.0,280.0,P,0,0,0,0,0,0,0,10,2009,WD ,Normal,105000,0,0,1,0,3,1,5,5,2,5,6,1,5,0,3,,5,3
798,70,RL,60.0,9084,Pave,Reg,Lvl,AllPub,Inside,Gtl,Edwards,Artery,Norm,1Fam,2Story,4,5,1940,1950,Gable,CompShg,MetalSd,MetalSd,None,0.0,TA,TA,CBlock,0.0,0.0,755.0,GasA,TA,Y,SBrkr,755,755,0,1510,1.0,0.0,1,0,4,1,TA,7,Typ,1,1940.0,1.0,296.0,P,120,0,0,0,0,0,0,10,2009,WD ,Normal,108000,0,0,1,0,3,1,5,5,2,6,6,1,5,1,2,,5,3
799,80,RL,74.0,10778,Pave,IR1,Lvl,AllPub,Inside,Gtl,SawyerW,Feedr,Norm,1Fam,SLvl,7,6,1990,1991,Gable,CompShg,HdBoard,HdBoard,None,0.0,Gd,TA,PConc,460.0,286.0,1054.0,GasA,Gd,Y,SBrkr,1061,0,0,1061,1.0,0.0,1,1,1,1,Gd,4,Typ,0,1990.0,2.0,462.0,Y,114,36,0,0,0,0,0,7,2009,WD ,Normal,162000,0,0,0,0,3,1,2,5,3,2,0,1,1,0,3,,2,3
800,80,RL,66.0,19255,Pave,IR1,Lvl,AllPub,Inside,Gtl,SawyerW,Norm,Norm,1Fam,SLvl,6,5,1983,1983,Gable,CompShg,Wd Sdng,Wd Sdng,BrkFace,100.0,Gd,TA,CBlock,70.0,450.0,520.0,GasA,Gd,Y,SBrkr,1338,0,0,1338,0.0,0.0,1,1,2,1,Gd,5,Min2,1,1983.0,2.0,576.0,Y,0,0,0,0,0,0,600,9,2009,WD ,Normal,156500,0,0,0,1,1,1,2,5,0,5,2,1,1,1,4,,2,1
801,50,RL,79.0,12327,Pave,IR1,Low,AllPub,Inside,Mod,SawyerW,Norm,Norm,1Fam,1.5Fin,8,8,1983,2009,Gable,CompShg,Wd Sdng,Wd Sdng,None,0.0,Gd,TA,CBlock,1441.0,0.0,1496.0,GasA,Ex,Y,SBrkr,1496,636,0,2132,1.0,0.0,1,1,1,1,Gd,5,Min2,1,1983.0,2.0,612.0,Y,349,40,0,0,0,0,0,9,2009,WD ,Normal,316600,0,0,0,0,3,1,2,5,1,2,6,1,3,1,2,,2,3
802,20,RL,90.0,14684,Pave,IR1,Lvl,AllPub,CulDSac,Gtl,SawyerW,Norm,Norm,1Fam,1Story,7,7,1990,1991,Hip,CompShg,HdBoard,HdBoard,BrkFace,234.0,Gd,TA,CBlock,485.0,177.0,2158.0,GasA,Gd,Y,SBrkr,2196,0,0,2196,0.0,0.0,2,0,3,1,Gd,7,Typ,1,1990.0,3.0,701.0,Y,84,70,0,0,0,0,0,6,2009,WD ,Normal,271900,0,0,0,0,1,1,2,5,2,0,1,1,1,1,5,,2,1
803,60,RL,75.0,9317,Pave,Reg,Lvl,AllPub,Inside,Gtl,SawyerW,Norm,Norm,1Fam,2Story,7,5,1993,1993,Gable,CompShg,HdBoard,HdBoard,BrkFace,137.0,Gd,TA,PConc,513.0,0.0,740.0,GasA,Ex,Y,SBrkr,1006,769,0,1775,1.0,0.0,2,1,3,1,Gd,7,Typ,1,1993.0,2.0,425.0,Y,234,72,192,0,0,0,0,7,2009,WD ,Normal,213000,0,0,0,0,1,1,2,5,3,0,6,1,1,1,5,,2,1
804,60,RL,85.0,10560,Pave,Reg,Lvl,AllPub,Corner,Gtl,SawyerW,Norm,Norm,1Fam,2Story,7,5,1993,1994,Gable,CompShg,VinylSd,VinylSd,None,0.0,Gd,Gd,PConc,474.0,0.0,1079.0,GasA,Ex,Y,SBrkr,1079,800,0,1879,1.0,0.0,2,1,3,1,Gd,8,Typ,1,1993.0,2.0,473.0,Y,400,100,144,0,0,0,0,8,2009,WD ,Normal,239900,0,0,1,0,3,1,2,2,3,2,6,1,1,1,5,,2,3
805,60,RL,80.0,9828,Pave,IR1,Lvl,AllPub,Inside,Gtl,SawyerW,Norm,Norm,1Fam,2Story,8,5,1995,1995,Gable,CompShg,VinylSd,VinylSd,None,0.0,Gd,TA,PConc,584.0,0.0,1128.0,GasA,Ex,Y,SBrkr,1142,878,0,2020,0.0,0.0,2,1,3,1,Gd,8,Typ,1,1995.0,2.0,466.0,Y,0,155,0,0,0,0,0,6,2009,WD ,Normal,239500,0,0,0,0,3,1,2,5,3,2,6,1,1,1,5,,2,3
806,70,RL,120.0,26400,Pave,Reg,Bnk,AllPub,FR2,Gtl,SawyerW,Feedr,Norm,1Fam,2Story,5,7,1880,2007,Gable,CompShg,HdBoard,HdBoard,None,0.0,Gd,TA,PConc,0.0,0.0,0.0,GasA,Ex,Y,SBrkr,1288,728,0,2016,0.0,0.0,1,0,4,1,TA,7,Mod,1,1900.0,2.0,576.0,P,0,0,0,0,0,0,0,6,2009,WD ,Normal,131000,0,0,0,0,3,0,3,3,4,4,4,1,1,1,5,,3,3
807,90,RL,64.0,7018,Pave,Reg,Bnk,AllPub,Inside,Gtl,SawyerW,Norm,Norm,Duplex,1Story,5,5,1979,1979,Gable,CompShg,HdBoard,HdBoard,None,0.0,TA,Fa,Slab,0.0,0.0,0.0,GasA,TA,Y,SBrkr,1535,0,0,1535,0.0,0.0,2,0,4,2,TA,8,Typ,0,1979.0,2.0,410.0,Y,0,0,0,0,0,0,0,6,2009,WD ,Alloca,118964,0,0,0,0,3,0,3,3,4,4,4,1,1,0,3,,3,3
808,90,RL,64.0,7018,Pave,Reg,Bnk,AllPub,Inside,Gtl,SawyerW,Feedr,Norm,Duplex,SFoyer,5,5,1979,1979,Gable,CompShg,Plywood,Plywood,Stone,275.0,TA,TA,CBlock,1086.0,0.0,1086.0,GasA,TA,Y,SBrkr,1224,0,0,1224,2.0,0.0,0,2,2,2,TA,6,Typ,2,1979.0,2.0,528.0,Y,120,0,0,0,0,0,0,6,2009,WD ,Alloca,153337,0,0,0,0,4,1,2,5,0,2,6,1,5,1,5,,2,4
809,90,RL,64.0,7018,Pave,Reg,Lvl,AllPub,Inside,Gtl,SawyerW,Feedr,Norm,Duplex,2Story,5,5,1979,1979,Gable,CompShg,HdBoard,HdBoard,None,0.0,TA,TA,Slab,0.0,0.0,0.0,GasA,TA,Y,SBrkr,1114,1114,0,2228,0.0,0.0,2,0,6,2,TA,8,Typ,0,1979.0,2.0,720.0,Y,73,0,0,0,0,0,0,6,2009,WD ,Alloca,147983,0,0,0,0,3,0,3,3,4,4,4,1,5,0,3,,3,3
810,90,RL,64.0,7018,Pave,Reg,Bnk,AllPub,Inside,Gtl,SawyerW,Norm,Norm,Duplex,1Story,5,5,1979,1979,Gable,CompShg,HdBoard,HdBoard,None,0.0,TA,TA,Slab,0.0,0.0,0.0,GasA,TA,Y,SBrkr,1535,0,0,1535,0.0,0.0,2,0,4,2,TA,8,Typ,0,1979.0,2.0,400.0,Y,0,0,0,0,0,0,0,6,2009,WD ,Alloca,118858,0,0,1,0,3,0,3,3,4,4,4,1,1,0,3,,3,3
811,90,RL,64.0,7018,Pave,Reg,Bnk,AllPub,Inside,Gtl,SawyerW,Norm,Norm,Duplex,1Story,5,5,1979,1979,Gable,CompShg,Plywood,Plywood,None,0.0,TA,TA,Slab,0.0,0.0,0.0,GasA,TA,Y,SBrkr,1535,0,0,1535,0.0,0.0,2,0,4,2,TA,8,Typ,0,1979.0,2.0,400.0,Y,0,0,0,0,0,0,0,6,2009,WD ,Alloca,118858,0,0,0,0,3,0,3,3,4,4,4,1,1,0,3,,3,3
812,90,RL,64.0,7018,Pave,Reg,Lvl,AllPub,Inside,Gtl,SawyerW,Feedr,Norm,Duplex,2Story,5,5,1979,1979,Gable,CompShg,Plywood,Plywood,None,0.0,TA,TA,Slab,0.0,0.0,0.0,GasA,TA,Y,SBrkr,1120,1120,0,2240,0.0,0.0,2,0,6,2,TA,12,Typ,0,1979.0,2.0,528.0,Y,154,0,0,0,0,0,0,6,2009,WD ,Alloca,142953,0,0,0,0,3,0,3,3,4,4,4,1,5,0,3,,3,3
813,90,RL,64.0,7040,Pave,Reg,Lvl,AllPub,Inside,Gtl,SawyerW,Feedr,Norm,Duplex,SFoyer,5,5,1979,1979,Gable,CompShg,Plywood,Plywood,BrkFace,216.0,TA,TA,CBlock,1094.0,0.0,1094.0,GasA,TA,Y,SBrkr,1229,0,0,1229,2.0,0.0,0,2,2,2,Gd,6,Typ,2,1979.0,2.0,672.0,Y,120,0,0,0,0,0,0,6,2009,WD ,Alloca,148325,0,0,0,0,1,1,2,5,0,2,6,1,5,1,5,,2,1
814,90,RL,64.0,7007,Pave,Reg,Bnk,AllPub,Inside,Gtl,SawyerW,Norm,Norm,Duplex,1Story,5,5,1979,1979,Gable,CompShg,HdBoard,HdBoard,None,0.0,TA,TA,Slab,0.0,0.0,0.0,GasA,TA,Y,SBrkr,1513,0,0,1513,0.0,0.0,2,0,4,2,TA,8,Typ,0,1979.0,2.0,400.0,Y,0,0,0,0,0,0,0,6,2009,WD ,Alloca,113722,0,0,0,0,3,0,3,3,4,4,4,1,1,0,3,,3,3
815,90,RL,68.0,11855,Pave,Reg,Lvl,AllPub,Inside,Gtl,SawyerW,Norm,Norm,Duplex,2Story,7,5,2000,2000,Hip,CompShg,VinylSd,VinylSd,BrkFace,23.0,TA,TA,PConc,820.0,0.0,1168.0,GasA,Ex,Y,SBrkr,1168,1619,0,2787,2.0,0.0,4,2,6,2,TA,8,Typ,2,2000.0,4.0,820.0,Y,312,0,0,0,0,0,0,10,2009,WD ,Normal,269500,0,0,0,0,1,1,0,5,3,2,6,1,3,1,5,,0,1
816,90,RL,68.0,7939,Pave,Reg,Lvl,AllPub,Inside,Gtl,SawyerW,Feedr,Norm,Duplex,2Story,7,5,2000,2000,Hip,CompShg,VinylSd,VinylSd,BrkFace,23.0,TA,TA,PConc,820.0,0.0,1168.0,GasA,Ex,Y,SBrkr,1168,1619,0,2787,2.0,0.0,4,2,6,2,TA,8,Typ,2,2000.0,4.0,820.0,Y,312,0,0,0,0,0,0,10,2009,WD ,Normal,269500,0,0,0,0,1,1,0,5,3,2,6,1,3,1,5,,0,1
817,90,RL,68.0,7976,Pave,Reg,Lvl,AllPub,Inside,Gtl,SawyerW,Feedr,Norm,Duplex,2Story,7,5,2000,2000,Hip,CompShg,VinylSd,VinylSd,BrkFace,23.0,TA,TA,PConc,820.0,0.0,1168.0,GasA,Ex,Y,SBrkr,1168,1619,0,2787,2.0,0.0,4,2,6,2,TA,8,Typ,2,2000.0,4.0,820.0,Y,312,0,0,0,0,0,0,10,2009,WD ,Normal,269500,0,0,0,0,1,1,0,5,3,2,6,1,3,1,5,,0,1
818,20,RL,84.0,10933,Pave,Reg,Lvl,AllPub,Inside,Gtl,CollgCr,Norm,Norm,1Fam,1Story,9,5,2009,2009,Hip,CompShg,VinylSd,VinylSd,Stone,242.0,Ex,TA,PConc,1021.0,0.0,1555.0,GasA,Ex,Y,SBrkr,1680,0,0,1680,1.0,0.0,1,1,1,1,Ex,8,Typ,1,2009.0,3.0,1138.0,Y,185,24,0,0,0,0,0,7,2009,New,Partial,323262,0,0,0,0,4,1,0,5,1,2,6,1,1,1,2,,0,4
819,20,RL,79.0,10637,Pave,Reg,Lvl,AllPub,Inside,Gtl,CollgCr,Norm,Norm,1Fam,1Story,8,5,2007,2008,Hip,CompShg,VinylSd,VinylSd,Stone,336.0,Gd,TA,PConc,1288.0,0.0,1705.0,GasA,Ex,Y,SBrkr,1718,0,0,1718,1.0,0.0,2,0,3,1,Gd,7,Typ,1,2007.0,3.0,826.0,Y,208,44,0,0,0,0,0,9,2009,WD ,Normal,297000,0,0,0,0,4,1,0,5,1,2,6,1,1,1,2,,0,4
820,20,RL,61.0,10226,Pave,IR1,Lvl,AllPub,Inside,Gtl,CollgCr,Norm,Norm,1Fam,1Story,8,5,2008,2008,Gable,CompShg,VinylSd,VinylSd,Stone,270.0,Gd,TA,PConc,0.0,0.0,1622.0,GasA,Ex,Y,SBrkr,1630,0,0,1630,1.0,0.0,2,0,3,1,Ex,8,Typ,1,2008.0,3.0,860.0,Y,172,42,0,0,0,0,0,1,2009,WD ,Normal,295493,0,0,0,0,4,1,0,5,1,6,6,1,1,1,2,,0,4
821,20,RL,65.0,10816,Pave,IR1,Lvl,AllPub,Inside,Gtl,CollgCr,Norm,Norm,1Fam,1Story,9,5,2008,2008,Gable,CompShg,VinylSd,VinylSd,Stone,364.0,Ex,TA,PConc,1104.0,0.0,1720.0,GasA,Ex,Y,SBrkr,1720,0,0,1720,1.0,0.0,2,0,3,1,Ex,8,Typ,1,2008.0,3.0,846.0,Y,208,104,0,0,0,0,0,11,2009,WD ,Normal,332000,0,0,0,0,4,1,0,5,1,2,6,1,1,1,2,,0,4
822,20,RL,71.0,9178,Pave,Reg,Lvl,AllPub,Inside,Gtl,CollgCr,Norm,Norm,1Fam,1Story,8,5,2008,2008,Gable,CompShg,VinylSd,VinylSd,None,0.0,Gd,TA,PConc,0.0,0.0,1468.0,GasA,Ex,Y,SBrkr,1468,0,0,1468,0.0,0.0,2,0,3,1,Gd,6,Typ,1,2008.0,3.0,904.0,Y,192,142,0,0,0,0,0,6,2009,WD ,Normal,239900,0,0,0,0,3,1,2,5,0,6,6,1,1,1,2,,2,3
823,60,RL,68.0,10769,Pave,IR1,Lvl,AllPub,Inside,Gtl,CollgCr,Norm,Norm,1Fam,2Story,8,5,2007,2007,Gable,CompShg,VinylSd,VinylSd,None,0.0,Gd,TA,PConc,20.0,0.0,866.0,GasA,Ex,Y,SBrkr,866,902,0,1768,0.0,0.0,2,1,3,1,Gd,7,Typ,0,2007.0,2.0,578.0,Y,144,105,0,0,0,0,0,4,2009,WD ,Normal,212000,0,0,0,0,3,1,2,5,0,2,6,1,1,0,3,,2,3
824,20,RL,77.0,11422,Pave,IR1,Lvl,AllPub,Inside,Gtl,CollgCr,Norm,Norm,1Fam,1Story,8,5,2007,2008,Hip,CompShg,VinylSd,VinylSd,Stone,352.0,Gd,TA,PConc,1359.0,0.0,1838.0,GasA,Ex,Y,SBrkr,1838,0,0,1838,1.0,0.0,2,0,3,1,Gd,7,Typ,2,2007.0,2.0,524.0,Y,154,222,0,0,0,0,0,4,2009,WD ,Normal,272500,0,0,0,0,4,1,0,5,0,2,6,1,1,1,2,,0,4
825,20,RL,122.0,11923,Pave,IR1,Lvl,AllPub,Corner,Gtl,CollgCr,Norm,Norm,1Fam,1Story,9,5,2007,2007,Gable,CompShg,VinylSd,VinylSd,None,0.0,Gd,TA,PConc,0.0,0.0,1800.0,GasA,Ex,Y,SBrkr,1800,0,0,1800,0.0,0.0,2,0,2,1,Ex,7,Typ,0,2007.0,2.0,702.0,Y,288,136,0,0,0,0,0,5,2009,WD ,Normal,239000,0,0,0,0,3,1,0,5,3,6,6,1,1,0,3,,0,3
826,20,RL,68.0,8814,Pave,Reg,Lvl,AllPub,Inside,Gtl,CollgCr,Norm,Norm,1Fam,1Story,7,5,2006,2006,Gable,CompShg,VinylSd,VinylSd,Stone,180.0,Gd,TA,PConc,1334.0,0.0,1604.0,GasA,Ex,Y,SBrkr,1604,0,0,1604,1.0,0.0,2,1,3,1,Gd,8,Typ,1,2006.0,2.0,660.0,Y,123,110,0,0,0,0,0,3,2009,WD ,Abnorml,220000,0,0,0,0,4,1,2,5,3,2,6,1,1,1,2,,2,4
827,20,RL,64.0,6762,Pave,Reg,Lvl,AllPub,Inside,Gtl,CollgCr,Norm,Norm,1Fam,1Story,7,5,2007,2007,Gable,CompShg,VinylSd,VinylSd,None,0.0,Gd,TA,PConc,902.0,0.0,1282.0,GasA,Ex,Y,SBrkr,1290,0,0,1290,1.0,0.0,2,0,2,1,Gd,6,Typ,1,2007.0,2.0,662.0,Y,168,0,0,0,0,0,0,5,2009,WD ,Normal,200000,0,0,0,0,3,1,2,5,0,2,6,1,1,1,2,,2,3
828,20,RL,95.0,10324,Pave,IR1,Lvl,AllPub,Corner,Gtl,CollgCr,Norm,Norm,1Fam,1Story,8,5,2008,2008,Gable,CompShg,VinylSd,VinylSd,BrkFace,140.0,Gd,TA,PConc,872.0,0.0,1254.0,GasA,Ex,Y,SBrkr,1254,0,0,1254,1.0,0.0,2,0,2,1,Gd,5,Typ,0,2008.0,3.0,810.0,Y,168,92,0,0,0,0,0,3,2009,WD ,Normal,221800,0,0,0,0,1,1,2,5,0,2,6,1,1,0,3,,2,1
829,20,RL,64.0,7314,Pave,Reg,Lvl,AllPub,Inside,Gtl,CollgCr,Norm,Norm,1Fam,1Story,7,5,2007,2007,Gable,CompShg,VinylSd,VinylSd,Stone,82.0,Gd,TA,PConc,724.0,0.0,1232.0,GasA,Ex,Y,SBrkr,1232,0,0,1232,1.0,0.0,2,0,2,1,Gd,6,Typ,0,2007.0,2.0,632.0,Y,132,0,0,0,0,0,0,2,2009,WD ,Normal,194500,0,0,0,0,4,1,2,5,0,2,6,1,1,0,3,,2,4
830,20,RL,78.0,11645,Pave,Reg,Lvl,AllPub,Inside,Gtl,CollgCr,Norm,Norm,1Fam,1Story,8,5,2005,2006,Gable,CompShg,VinylSd,VinylSd,Stone,76.0,Gd,TA,PConc,24.0,0.0,1498.0,GasA,Ex,Y,SBrkr,1498,0,0,1498,0.0,0.0,2,0,3,1,Gd,7,Typ,1,2005.0,3.0,844.0,Y,144,98,0,0,0,0,0,3,2009,WD ,Normal,237000,0,0,0,0,4,1,0,5,1,2,6,1,1,1,2,,0,4
831,60,RL,79.0,11646,Pave,IR1,Lvl,AllPub,Inside,Gtl,CollgCr,Norm,Norm,1Fam,2Story,6,5,2005,2006,Gable,CompShg,VinylSd,VinylSd,None,0.0,Gd,TA,PConc,0.0,0.0,704.0,GasA,Ex,Y,SBrkr,704,718,0,1422,0.0,0.0,2,1,3,1,Gd,7,Typ,1,2005.0,2.0,440.0,Y,36,28,0,0,0,0,0,7,2009,WD ,Normal,173000,0,0,0,0,3,1,2,5,0,6,6,1,1,1,2,,2,3
832,80,RL,68.0,12800,Pave,Reg,Low,AllPub,Inside,Mod,SawyerW,Norm,Norm,1Fam,SLvl,7,5,1989,1989,Gable,CompShg,Wd Sdng,Wd Sdng,BrkFace,145.0,Gd,TA,PConc,1518.0,0.0,1518.0,GasA,Gd,Y,SBrkr,1644,0,0,1644,1.0,1.0,2,0,2,1,Gd,5,Typ,1,1989.0,2.0,569.0,Y,80,0,0,0,396,0,0,8,2009,WD ,Normal,275000,0,0,0,0,1,1,2,5,1,2,6,1,1,1,5,,2,1
833,60,RL,68.0,16698,Pave,IR1,HLS,AllPub,CulDSac,Mod,ClearCr,Norm,Norm,1Fam,2Story,7,5,1992,1993,Gable,CompShg,VinylSd,VinylSd,None,0.0,Gd,TA,PConc,800.0,0.0,1449.0,GasA,Gd,Y,SBrkr,944,815,0,1759,1.0,0.0,2,1,3,1,Gd,7,Typ,1,1992.0,2.0,525.0,Y,150,193,0,0,0,0,0,6,2009,WD ,Normal,233500,0,0,0,0,3,1,2,5,0,2,6,1,1,1,5,,2,3
834,60,RL,68.0,28698,Pave,IR2,Low,AllPub,CulDSac,Sev,ClearCr,Norm,Norm,1Fam,2Story,5,5,1967,1967,Flat,Tar&Grv,Plywood,Plywood,None,0.0,TA,TA,PConc,249.0,764.0,1013.0,GasA,TA,Y,SBrkr,1160,966,0,2126,0.0,1.0,2,1,3,1,TA,7,Min2,0,1967.0,2.0,538.0,Y,486,0,0,0,225,0,0,6,2009,WD ,Abnorml,185000,0,0,0,0,3,1,5,2,1,3,0,1,1,0,3,,5,3
835,20,RL,82.0,12464,Pave,IR2,Low,AllPub,Corner,Mod,CollgCr,Norm,Norm,1Fam,1Story,5,5,1996,1996,Gable,CompShg,VinylSd,VinylSd,None,0.0,TA,Gd,PConc,732.0,0.0,1040.0,GasA,Gd,Y,SBrkr,1040,0,0,1040,1.0,0.0,1,0,3,1,Gd,6,Typ,0,2000.0,2.0,576.0,Y,168,0,0,0,0,0,0,11,2009,WD ,Normal,152000,0,0,1,0,3,1,2,5,3,2,6,1,5,0,3,,2,3
836,20,RL,65.0,9757,Pave,Reg,Low,AllPub,Inside,Mod,CollgCr,Norm,Norm,1Fam,1Story,5,7,1994,1994,Gable,CompShg,VinylSd,VinylSd,None,0.0,TA,Gd,PConc,755.0,0.0,990.0,GasA,Ex,Y,SBrkr,990,0,0,990,1.0,0.0,1,0,3,1,TA,5,Typ,0,1995.0,1.0,440.0,Y,66,0,0,0,92,0,0,10,2009,WD ,Normal,143000,0,0,0,0,3,1,5,5,3,0,6,1,1,0,3,,5,3
837,60,RL,65.0,15426,Pave,IR1,Lvl,AllPub,Inside,Gtl,CollgCr,Norm,Norm,1Fam,2Story,6,5,1997,1997,Gable,CompShg,VinylSd,VinylSd,None,0.0,TA,TA,PConc,821.0,0.0,928.0,GasA,Ex,Y,SBrkr,928,836,0,1764,1.0,0.0,2,1,3,1,Gd,7,Typ,0,1997.0,2.0,470.0,Y,276,99,0,0,0,0,0,8,2009,WD ,Normal,231500,0,0,1,0,3,1,2,5,3,2,6,1,1,0,3,,2,3
838,60,RL,43.0,10667,Pave,IR2,Lvl,AllPub,CulDSac,Gtl,CollgCr,PosN,Norm,1Fam,2Story,7,6,1996,1996,Gable,CompShg,VinylSd,VinylSd,None,0.0,Gd,TA,PConc,385.0,344.0,799.0,GasA,Ex,Y,SBrkr,827,834,0,1661,1.0,0.0,2,1,3,1,Gd,6,Typ,1,1996.0,2.0,550.0,Y,158,61,0,0,0,0,0,4,2009,ConLw,Normal,212000,0,0,0,0,3,1,2,5,0,2,0,1,1,1,5,,2,3
839,20,RL,65.0,14753,Pave,IR2,Low,AllPub,Inside,Gtl,CollgCr,PosN,Norm,1Fam,1Story,7,5,1998,1998,Gable,CompShg,VinylSd,VinylSd,None,0.0,TA,TA,PConc,950.0,0.0,1463.0,GasA,Ex,Y,SBrkr,1463,0,0,1463,1.0,0.0,2,0,3,1,TA,5,Typ,0,1998.0,2.0,539.0,Y,0,81,0,0,0,0,0,12,2009,WD ,Normal,207000,0,0,1,0,3,1,2,5,2,2,6,1,1,0,3,,2,3
840,20,RL,112.0,10859,Pave,Reg,Lvl,AllPub,Corner,Gtl,CollgCr,Norm,Norm,1Fam,1Story,5,5,1994,1995,Gable,CompShg,VinylSd,VinylSd,None,0.0,TA,TA,PConc,0.0,0.0,1097.0,GasA,Ex,Y,SBrkr,1097,0,0,1097,0.0,0.0,1,1,3,1,TA,6,Typ,0,1995.0,2.0,672.0,Y,392,64,0,0,0,0,0,6,2009,WD ,Normal,145000,0,0,0,0,3,1,2,5,3,6,6,1,1,0,3,,2,3
841,20,RL,60.0,8072,Pave,Reg,Lvl,AllPub,Inside,Gtl,CollgCr,Norm,Norm,1Fam,1Story,5,5,1994,1995,Gable,CompShg,VinylSd,VinylSd,None,0.0,TA,Gd,PConc,746.0,0.0,990.0,GasA,Ex,Y,SBrkr,990,0,0,990,1.0,0.0,1,0,3,1,TA,5,Typ,0,2000.0,2.0,480.0,Y,0,64,0,0,0,0,0,5,2009,WD ,Normal,138000,0,0,0,0,3,1,2,2,3,0,6,1,5,0,3,,2,3
842,60,RL,80.0,10400,Pave,Reg,Lvl,AllPub,Corner,Gtl,CollgCr,Norm,Norm,1Fam,2Story,7,5,1998,1998,Gable,CompShg,VinylSd,VinylSd,None,0.0,TA,TA,PConc,0.0,0.0,866.0,GasA,Ex,Y,SBrkr,866,913,0,1779,0.0,0.0,2,1,3,1,Gd,6,Typ,0,1998.0,2.0,546.0,Y,198,36,0,0,0,0,0,3,2009,WD ,Normal,197900,0,0,0,0,3,1,2,5,0,6,6,1,1,0,3,,2,3
843,20,RL,78.0,10335,Pave,IR1,Lvl,AllPub,Inside,Gtl,CollgCr,Norm,Norm,1Fam,1Story,7,5,1999,1999,Gable,CompShg,VinylSd,VinylSd,BrkFace,183.0,Gd,TA,PConc,679.0,0.0,1490.0,GasA,Ex,Y,SBrkr,1501,0,0,1501,1.0,0.0,2,0,3,1,Gd,6,Typ,0,1999.0,2.0,577.0,Y,144,29,0,0,0,0,0,6,2009,WD ,Normal,204000,0,0,0,0,1,1,2,5,1,2,6,1,1,0,3,,2,1
844,20,RL,68.0,9017,Pave,IR1,Lvl,AllPub,Inside,Gtl,CollgCr,Norm,Norm,1Fam,1Story,7,5,1999,1999,Gable,CompShg,VinylSd,VinylSd,None,0.0,Gd,TA,PConc,560.0,0.0,1431.0,GasA,Ex,Y,SBrkr,1431,0,0,1431,1.0,0.0,2,0,3,1,Gd,6,Typ,0,1999.0,2.0,666.0,Y,0,35,0,0,0,0,0,9,2009,WD ,Normal,192000,0,0,0,0,3,1,2,5,0,2,6,1,1,0,3,,2,3
845,60,RL,70.0,8750,Pave,Reg,Lvl,AllPub,Inside,Gtl,CollgCr,Norm,Norm,1Fam,2Story,6,5,1998,1998,Gable,CompShg,VinylSd,VinylSd,BrkFace,120.0,TA,TA,PConc,606.0,0.0,928.0,GasA,Ex,Y,SBrkr,928,844,0,1772,1.0,0.0,2,1,3,1,TA,7,Typ,1,1998.0,2.0,492.0,Y,150,96,0,0,0,0,0,4,2009,WD ,Normal,200000,0,0,0,0,1,1,2,5,3,2,6,1,1,1,5,,2,1
846,60,RL,68.0,8935,Pave,IR1,Lvl,AllPub,Inside,Gtl,CollgCr,Norm,Norm,1Fam,2Story,7,5,2002,2002,Gable,CompShg,VinylSd,VinylSd,BrkFace,95.0,Gd,TA,PConc,0.0,0.0,831.0,GasA,Ex,Y,SBrkr,831,829,0,1660,0.0,0.0,2,1,3,1,Gd,7,Typ,0,2002.0,2.0,493.0,Y,144,68,0,0,0,0,0,7,2009,WD ,Normal,195000,0,0,0,0,1,1,2,5,3,6,6,1,1,0,3,,2,1
847,20,RL,67.0,9808,Pave,IR1,Lvl,AllPub,Inside,Gtl,CollgCr,Norm,Norm,1Fam,1Story,7,5,2002,2002,Gable,CompShg,VinylSd,VinylSd,BrkFace,110.0,Gd,TA,PConc,788.0,0.0,1573.0,GasA,Ex,Y,SBrkr,1573,0,0,1573,1.0,0.0,2,0,3,1,Gd,6,Typ,0,2002.0,2.0,544.0,Y,0,72,0,0,0,0,0,3,2009,WD ,Normal,227000,0,0,0,0,1,1,2,5,3,2,6,1,1,0,3,,2,1
848,60,RL,79.0,12420,Pave,Reg,Lvl,AllPub,Inside,Gtl,CollgCr,Norm,Norm,1Fam,2Story,7,5,2001,2001,Gable,CompShg,VinylSd,VinylSd,None,0.0,Gd,TA,PConc,666.0,0.0,944.0,GasA,Ex,Y,SBrkr,944,896,0,1840,1.0,0.0,2,1,3,1,Gd,6,Typ,0,2001.0,2.0,622.0,Y,0,45,0,0,0,0,0,6,2009,WD ,Normal,230000,0,0,0,0,3,1,2,5,3,2,6,1,1,0,3,,2,3
849,20,RL,67.0,16285,Pave,IR2,Lvl,AllPub,Inside,Gtl,CollgCr,Norm,Norm,1Fam,1Story,7,5,2001,2002,Gable,CompShg,VinylSd,VinylSd,None,0.0,Gd,TA,PConc,0.0,0.0,1413.0,GasA,Ex,Y,SBrkr,1430,0,0,1430,0.0,0.0,2,0,3,1,Gd,6,Typ,0,2001.0,2.0,605.0,Y,0,33,0,0,0,0,0,6,2009,WD ,Normal,187100,0,0,0,0,3,1,2,5,3,6,6,1,1,0,3,,2,3
850,20,RL,65.0,10739,Pave,IR1,Lvl,AllPub,Inside,Gtl,CollgCr,Norm,Norm,1Fam,1Story,7,5,2002,2001,Gable,CompShg,VinylSd,VinylSd,BrkFace,68.0,Gd,TA,PConc,1259.0,0.0,1431.0,GasA,Ex,Y,SBrkr,1444,0,0,1444,1.0,0.0,2,0,3,1,Gd,6,Typ,0,2002.0,2.0,577.0,Y,144,40,0,0,0,0,0,4,2009,WD ,Normal,203000,0,0,0,0,1,1,2,5,3,2,6,1,1,0,3,,2,1
851,20,RL,75.0,11166,Pave,Reg,Lvl,AllPub,Inside,Gtl,CollgCr,Norm,Norm,1Fam,1Story,7,5,2001,2001,Gable,CompShg,VinylSd,VinylSd,BrkFace,180.0,Gd,TA,PConc,24.0,0.0,1492.0,GasA,Ex,Y,SBrkr,1492,0,0,1492,0.0,0.0,2,0,3,1,Gd,6,Typ,1,2001.0,2.0,608.0,Y,0,114,0,0,168,0,0,7,2009,WD ,Family,201000,0,0,0,0,1,1,2,5,2,2,6,1,1,1,5,,2,1
852,20,RL,60.0,8430,Pave,Reg,HLS,AllPub,Inside,Mod,CollgCr,Norm,Norm,1Fam,1Story,5,5,1978,1978,Gable,CompShg,HdBoard,HdBoard,BrkFace,136.0,TA,TA,CBlock,616.0,0.0,1040.0,GasA,TA,Y,SBrkr,1040,0,0,1040,0.0,0.0,2,0,3,1,TA,5,Typ,0,0.0,0.0,0.0,Y,0,0,0,0,0,0,0,8,2009,WD ,Normal,124000,0,0,0,0,1,1,2,5,3,5,6,0,6,0,3,,2,1
853,20,RL,68.0,16269,Pave,IR1,Lvl,AllPub,CulDSac,Gtl,CollgCr,Norm,Norm,1Fam,1Story,5,5,1978,1978,Gable,CompShg,MetalSd,MetalSd,BrkFace,76.0,TA,TA,BrkTil,625.0,0.0,907.0,GasA,TA,Y,SBrkr,907,0,0,907,0.0,0.0,1,0,3,1,TA,5,Typ,0,1978.0,1.0,343.0,Y,72,0,0,0,0,0,0,7,2009,WD ,Normal,140000,0,0,1,0,1,1,2,5,0,2,6,1,1,0,3,,2,1
854,20,RL,76.0,6950,Pave,IR1,Lvl,AllPub,Inside,Gtl,CollgCr,Norm,Norm,1Fam,1Story,5,7,1979,1979,Gable,CompShg,HdBoard,HdBoard,BrkFace,40.0,TA,TA,CBlock,710.0,72.0,914.0,GasA,TA,Y,SBrkr,914,0,0,914,1.0,0.0,1,0,2,1,TA,5,Typ,0,1979.0,2.0,444.0,Y,0,0,0,0,0,0,0,10,2009,WD ,Normal,134900,0,0,0,0,1,1,5,5,3,0,1,1,1,0,3,,5,1
855,20,RL,61.0,8800,Pave,IR1,Lvl,AllPub,Inside,Gtl,CollgCr,Norm,Norm,1Fam,1Story,5,7,1977,2008,Gable,CompShg,HdBoard,HdBoard,None,0.0,TA,TA,CBlock,532.0,144.0,1040.0,GasA,TA,Y,SBrkr,1040,0,0,1040,0.0,0.0,2,0,3,1,Gd,5,Typ,0,1977.0,2.0,484.0,Y,0,0,0,0,288,0,0,9,2009,WD ,Normal,150500,0,0,0,0,3,1,2,5,2,3,5,1,5,0,3,,2,3
856,20,RL,68.0,7000,Pave,IR1,Lvl,AllPub,CulDSac,Gtl,CollgCr,Norm,Norm,1Fam,1Story,5,8,1978,2005,Gable,CompShg,VinylSd,VinylSd,BrkFace,90.0,Gd,Gd,CBlock,646.0,0.0,864.0,GasA,Ex,Y,SBrkr,864,0,0,864,1.0,0.0,1,0,3,1,TA,6,Typ,0,1978.0,1.0,336.0,Y,0,0,0,0,0,0,0,7,2009,WD ,Normal,136500,0,0,1,0,1,1,5,5,3,0,6,1,1,0,3,,5,1
857,20,RL,68.0,9286,Pave,IR1,Lvl,AllPub,CulDSac,Mod,CollgCr,Norm,Norm,1Fam,1Story,5,7,1977,1989,Gable,CompShg,HdBoard,Plywood,None,0.0,TA,TA,CBlock,196.0,0.0,1268.0,GasA,TA,Y,SBrkr,1268,0,0,1268,0.0,0.0,1,1,3,1,Gd,5,Typ,0,1978.0,1.0,252.0,Y,173,0,0,0,0,0,0,10,2009,WD ,Normal,143500,0,0,0,0,3,1,2,2,0,0,6,1,5,0,3,,2,3
858,20,RL,36.0,15523,Pave,IR1,Lvl,AllPub,CulDSac,Gtl,CollgCr,Norm,Norm,1Fam,1Story,5,6,1972,1972,Gable,CompShg,HdBoard,Plywood,None,0.0,TA,TA,CBlock,460.0,0.0,864.0,GasA,Ex,Y,SBrkr,864,0,0,864,1.0,0.0,1,0,3,1,TA,5,Typ,1,1972.0,1.0,338.0,Y,0,0,0,0,0,0,0,8,2009,WD ,Normal,133500,0,0,0,0,3,1,5,5,0,1,6,1,1,1,1,,5,3
859,20,RL,60.0,7200,Pave,Reg,Low,AllPub,Inside,Gtl,CollgCr,Norm,Norm,1Fam,1Story,5,5,1972,1972,Hip,CompShg,MetalSd,MetalSd,None,0.0,TA,TA,CBlock,777.0,0.0,894.0,GasA,TA,Y,SBrkr,894,0,0,894,0.0,0.0,1,0,2,1,TA,6,Typ,0,1985.0,2.0,600.0,Y,215,0,0,0,0,0,0,9,2009,WD ,Normal,123000,0,0,0,0,3,1,5,5,0,5,6,1,5,0,3,,5,3
860,85,RL,60.0,7200,Pave,Reg,Lvl,AllPub,Inside,Gtl,CollgCr,Norm,Norm,1Fam,SFoyer,5,8,1972,2003,Gable,CompShg,WdShing,HdBoard,None,0.0,TA,Gd,CBlock,660.0,0.0,768.0,GasA,Gd,Y,SBrkr,768,0,0,768,0.0,1.0,1,0,2,1,TA,5,Typ,0,1974.0,1.0,396.0,Y,192,0,0,0,0,0,0,4,2009,WD ,Normal,133900,0,0,1,0,3,1,2,5,0,2,6,1,5,0,3,,2,3
861,85,RL,70.0,8445,Pave,Reg,Lvl,AllPub,Corner,Gtl,CollgCr,Norm,Norm,1Fam,SFoyer,5,7,1972,2007,Gable,CompShg,HdBoard,Wd Shng,None,0.0,TA,TA,CBlock,656.0,0.0,768.0,GasA,TA,Y,SBrkr,768,0,0,768,1.0,0.0,1,0,2,1,TA,5,Typ,0,1988.0,2.0,396.0,Y,58,0,0,0,0,0,0,3,2009,WD ,Normal,133000,0,0,1,0,3,1,2,5,0,2,6,1,5,0,3,,2,3
862,20,RL,90.0,11664,Pave,Reg,Lvl,AllPub,Corner,Gtl,CollgCr,Norm,Norm,1Fam,1Story,7,5,2002,2002,Hip,CompShg,VinylSd,VinylSd,None,0.0,Gd,TA,PConc,1234.0,0.0,1569.0,GasA,Ex,Y,SBrkr,1611,0,0,1611,1.0,0.0,2,0,3,1,Gd,6,Typ,0,2002.0,3.0,1231.0,Y,262,93,0,0,0,0,0,9,2009,WD ,Normal,250000,0,0,0,0,3,1,2,5,0,2,6,1,1,0,3,,2,3
863,60,RL,68.0,12334,Pave,IR1,Lvl,AllPub,Inside,Gtl,CollgCr,Norm,Norm,1Fam,2Story,8,5,2003,2003,Gable,CompShg,VinylSd,VinylSd,BrkFace,198.0,Gd,TA,PConc,0.0,0.0,1068.0,GasA,Ex,Y,SBrkr,1068,1116,0,2184,0.0,0.0,2,1,4,1,Gd,8,Typ,1,2003.0,2.0,570.0,Y,192,132,0,0,0,0,0,6,2009,WD ,Normal,254750,0,0,0,0,1,1,2,5,0,6,6,1,3,1,2,,2,1
864,20,RL,68.0,11838,Pave,Reg,Lvl,AllPub,Inside,Gtl,CollgCr,Norm,Norm,1Fam,1Story,8,5,2001,2001,Hip,CompShg,VinylSd,VinylSd,None,0.0,Gd,TA,PConc,0.0,0.0,1753.0,GasA,Ex,Y,SBrkr,1788,0,0,1788,0.0,0.0,2,0,3,1,Ex,7,Typ,1,2001.0,2.0,522.0,Y,202,151,0,0,0,0,0,6,2009,WD ,Normal,236500,0,0,0,0,3,1,2,5,0,6,6,1,1,1,5,,2,3
865,60,RL,68.0,11885,Pave,Reg,Lvl,AllPub,Inside,Gtl,CollgCr,Norm,Norm,1Fam,2Story,8,5,2001,2001,Gable,CompShg,VinylSd,VinylSd,BrkFace,108.0,Gd,TA,PConc,990.0,0.0,1299.0,GasA,Ex,Y,SBrkr,1299,573,0,1872,1.0,0.0,2,1,3,1,Ex,7,Typ,1,2001.0,2.0,531.0,Y,160,122,0,0,0,0,0,11,2009,WD ,Normal,261500,0,0,0,0,1,1,2,5,0,2,6,1,3,1,5,,2,1
866,60,RL,68.0,11050,Pave,Reg,Lvl,AllPub,Inside,Gtl,CollgCr,PosN,Norm,1Fam,2Story,9,5,2000,2000,Hip,CompShg,VinylSd,VinylSd,BrkFace,204.0,Gd,TA,PConc,904.0,0.0,1440.0,GasA,Ex,Y,SBrkr,1476,677,0,2153,1.0,0.0,2,1,3,1,Ex,8,Typ,2,2000.0,3.0,736.0,Y,253,142,0,0,0,0,0,5,2009,WD ,Normal,313000,0,0,0,0,1,1,0,5,2,2,6,1,1,1,0,,0,1
868,60,RL,68.0,11250,Pave,Reg,Lvl,AllPub,Corner,Gtl,CollgCr,Norm,Norm,1Fam,2Story,7,5,2001,2001,Gable,CompShg,VinylSd,VinylSd,None,0.0,Gd,TA,PConc,0.0,0.0,944.0,GasA,Ex,Y,SBrkr,944,926,0,1870,0.0,0.0,2,1,3,1,Gd,6,Typ,0,2001.0,2.0,608.0,Y,256,43,0,0,0,0,0,5,2009,WD ,Normal,211000,0,0,0,0,3,1,2,5,3,6,6,1,1,0,3,,2,3
869,20,RL,90.0,15750,Pave,Reg,Lvl,AllPub,FR3,Gtl,CollgCr,Feedr,Norm,1Fam,1Story,8,5,1999,2000,Gable,CompShg,VinylSd,VinylSd,BrkFace,260.0,Gd,TA,PConc,1246.0,0.0,1462.0,GasA,Ex,Y,SBrkr,1513,0,0,1513,1.0,0.0,2,0,2,1,Gd,5,Typ,1,1999.0,2.0,521.0,Y,135,34,0,0,0,0,0,6,2009,WD ,Normal,220000,0,0,0,0,1,1,2,5,1,2,6,1,1,1,5,,2,1
870,20,RL,73.0,11883,Pave,Reg,Lvl,AllPub,Inside,Gtl,CollgCr,Norm,Norm,1Fam,1Story,7,5,1996,1996,Hip,CompShg,VinylSd,VinylSd,BrkFace,196.0,Gd,TA,PConc,690.0,0.0,1504.0,GasA,Ex,Y,SBrkr,1504,0,0,1504,1.0,0.0,2,0,3,1,Gd,6,Typ,1,1996.0,2.0,478.0,Y,115,66,0,0,0,0,0,6,2009,WD ,Normal,203000,0,0,0,0,1,1,2,5,1,2,6,1,1,1,5,,2,1
871,20,RL,68.0,12782,Pave,Reg,Lvl,AllPub,Inside,Gtl,CollgCr,Norm,Norm,1Fam,1Story,8,5,2002,2003,Hip,CompShg,HdBoard,HdBoard,BrkFace,164.0,Gd,TA,PConc,1360.0,0.0,1822.0,GasA,Ex,Y,SBrkr,1828,0,0,1828,1.0,0.0,2,0,3,1,Gd,7,Typ,1,2002.0,2.0,523.0,Y,194,144,0,0,0,0,0,6,2009,WD ,Normal,279500,0,0,0,0,1,1,0,5,1,2,6,1,1,1,2,,0,1
872,20,RL,70.0,8750,Pave,Reg,Lvl,AllPub,Inside,Gtl,CollgCr,Norm,Norm,1Fam,1Story,7,5,1997,1998,Gable,CompShg,VinylSd,VinylSd,BrkFace,209.0,Gd,TA,PConc,1111.0,0.0,1417.0,GasA,Ex,Y,SBrkr,1417,0,0,1417,1.0,0.0,2,0,3,1,Gd,7,Typ,1,1997.0,2.0,511.0,Y,60,0,0,0,117,0,0,8,2009,WD ,Normal,210000,0,0,0,0,1,1,2,5,0,2,6,1,1,1,5,,2,1
873,60,RL,68.0,9375,Pave,Reg,Lvl,AllPub,Inside,Gtl,CollgCr,Norm,Norm,1Fam,2Story,7,5,1997,1998,Gable,CompShg,VinylSd,VinylSd,BrkFace,573.0,TA,TA,PConc,739.0,0.0,1057.0,GasA,Ex,Y,SBrkr,1057,977,0,2034,1.0,0.0,2,1,3,1,Gd,8,Typ,0,1998.0,2.0,645.0,Y,576,36,0,0,0,0,0,2,2009,WD ,Normal,219500,0,0,1,0,1,1,2,5,3,2,6,1,1,0,3,,2,1
874,60,RL,70.0,8750,Pave,Reg,Lvl,AllPub,Inside,Gtl,CollgCr,Norm,Norm,1Fam,2Story,7,5,1996,1996,Gable,CompShg,VinylSd,VinylSd,None,0.0,Gd,TA,PConc,0.0,0.0,880.0,GasA,Ex,Y,SBrkr,909,807,0,1716,0.0,0.0,2,1,2,1,Gd,7,Typ,1,1996.0,2.0,512.0,Y,0,120,0,0,0,0,0,7,2009,WD ,Normal,191000,0,0,0,0,3,1,2,5,3,6,6,1,1,1,5,,2,3
875,20,RL,70.0,9100,Pave,Reg,Lvl,AllPub,Inside,Gtl,CollgCr,Norm,Norm,1Fam,1Story,7,5,2001,2001,Gable,CompShg,VinylSd,VinylSd,None,0.0,Gd,TA,PConc,0.0,0.0,1212.0,GasA,Ex,Y,SBrkr,1212,0,0,1212,0.0,0.0,2,0,3,1,Gd,6,Typ,0,2001.0,2.0,573.0,Y,356,0,0,0,0,0,0,6,2009,WD ,Normal,178000,0,0,0,0,3,1,2,5,3,6,6,1,1,0,3,,2,3
876,20,RL,75.0,9750,Pave,Reg,Lvl,AllPub,Inside,Gtl,CollgCr,Norm,Norm,1Fam,1Story,7,5,2000,2001,Gable,CompShg,VinylSd,VinylSd,BrkFace,171.0,Gd,TA,PConc,0.0,0.0,1630.0,GasA,Ex,Y,SBrkr,1630,0,0,1630,0.0,0.0,2,0,3,1,Gd,6,Typ,1,2000.0,2.0,451.0,Y,74,234,0,0,0,0,0,10,2009,WD ,Normal,213000,0,0,0,0,1,1,2,5,3,6,6,1,1,1,5,,2,1
877,120,RM,68.0,4435,Pave,Reg,Lvl,AllPub,Inside,Gtl,CollgCr,Norm,Norm,TwnhsE,1Story,6,5,2003,2004,Gable,CompShg,VinylSd,VinylSd,BrkFace,170.0,Gd,TA,PConc,685.0,0.0,848.0,GasA,Ex,Y,SBrkr,848,0,0,848,1.0,0.0,1,0,1,1,Gd,4,Typ,0,2003.0,2.0,420.0,Y,140,0,0,0,0,0,0,6,2009,WD ,Normal,144000,0,0,0,0,1,1,2,5,0,2,6,1,1,0,3,,2,1
878,120,RM,68.0,4435,Pave,Reg,Lvl,AllPub,Inside,Gtl,CollgCr,Norm,Norm,TwnhsE,1Story,6,5,2003,2003,Gable,CompShg,VinylSd,VinylSd,BrkFace,170.0,Gd,TA,PConc,685.0,0.0,848.0,GasA,Ex,Y,SBrkr,848,0,0,848,1.0,0.0,1,0,1,1,Gd,4,Typ,0,2003.0,2.0,420.0,Y,140,0,0,0,0,0,0,5,2009,WD ,Normal,140000,0,0,0,0,1,1,2,5,0,2,6,1,1,0,3,,2,1
879,20,RL,85.0,10200,Pave,Reg,Lvl,AllPub,Inside,Gtl,CollgCr,Norm,Norm,1Fam,1Story,8,5,2007,2007,Gable,CompShg,VinylSd,VinylSd,BrkFace,180.0,Gd,TA,PConc,1478.0,0.0,1578.0,GasA,Ex,Y,SBrkr,1602,0,0,1602,1.0,0.0,2,0,3,1,Gd,7,Typ,1,2007.0,3.0,810.0,Y,0,48,0,0,195,0,0,1,2009,WD ,Normal,293200,0,0,0,0,1,1,2,5,0,2,6,1,1,1,2,,2,1
880,60,RL,65.0,9313,Pave,IR1,Lvl,AllPub,Inside,Gtl,CollgCr,Norm,Norm,1Fam,2Story,7,5,2004,2004,Gable,CompShg,VinylSd,VinylSd,None,0.0,Gd,TA,PConc,0.0,0.0,864.0,GasA,Ex,Y,SBrkr,864,864,0,1728,0.0,0.0,2,1,3,1,Gd,7,Typ,0,2004.0,2.0,572.0,Y,187,56,0,0,0,0,0,4,2009,WD ,Normal,190000,0,0,0,0,3,1,2,5,3,6,6,1,1,0,3,,2,3
881,20,RL,63.0,8487,Pave,Reg,Lvl,AllPub,FR2,Gtl,CollgCr,Norm,Norm,1Fam,1Story,7,5,2004,2004,Gable,CompShg,VinylSd,VinylSd,BrkFace,210.0,Gd,TA,PConc,20.0,0.0,1500.0,GasA,Ex,Y,SBrkr,1500,0,0,1500,0.0,0.0,2,0,3,1,Gd,6,Typ,0,2004.0,2.0,570.0,Y,192,36,0,0,0,0,0,8,2009,WD ,Normal,190000,0,0,0,0,1,1,2,5,0,2,6,1,1,0,3,,2,1
882,60,RL,64.0,8633,Pave,Reg,Lvl,AllPub,FR2,Gtl,CollgCr,Norm,Norm,1Fam,2Story,6,5,2005,2005,Gable,CompShg,VinylSd,VinylSd,None,0.0,Gd,TA,PConc,193.0,0.0,738.0,GasA,Ex,Y,SBrkr,738,738,0,1476,1.0,0.0,2,1,3,1,Gd,7,Typ,0,2005.0,2.0,540.0,Y,100,35,0,0,0,0,0,2,2009,WD ,Normal,173500,0,0,0,0,3,1,2,5,3,2,6,1,1,0,3,,2,3
883,60,RL,85.0,11069,Pave,Reg,Lvl,AllPub,Corner,Gtl,CollgCr,Norm,Norm,1Fam,2Story,6,5,2007,2007,Gable,CompShg,VinylSd,VinylSd,None,0.0,Gd,TA,PConc,0.0,0.0,608.0,GasA,Ex,Y,SBrkr,608,788,0,1396,0.0,0.0,2,1,3,1,Gd,6,Typ,1,2007.0,2.0,440.0,Y,100,36,0,0,0,0,0,7,2009,WD ,Normal,170000,0,0,0,0,3,1,2,5,3,6,6,1,3,1,2,,2,3
884,20,RL,67.0,8777,Pave,Reg,Lvl,AllPub,Inside,Gtl,Edwards,Feedr,Norm,1Fam,1Story,4,5,1949,2003,Gable,CompShg,VinylSd,VinylSd,None,0.0,TA,TA,CBlock,0.0,0.0,0.0,GasA,Ex,Y,SBrkr,1126,0,0,1126,0.0,0.0,2,0,2,1,Gd,5,Typ,0,2002.0,2.0,520.0,N,0,96,0,0,0,0,0,5,2009,WD ,Normal,108000,0,0,1,0,3,0,3,3,4,4,4,1,5,0,3,,3,3
885,20,RL,75.0,9937,Pave,Reg,Lvl,AllPub,Corner,Gtl,Edwards,Norm,Norm,1Fam,1Story,5,7,1964,1999,Hip,CompShg,MetalSd,MetalSd,None,0.0,TA,Gd,PConc,637.0,0.0,1486.0,GasA,Ex,Y,SBrkr,1486,0,0,1486,1.0,0.0,1,0,3,1,TA,7,Typ,0,1968.0,2.0,480.0,Y,0,0,0,0,0,0,0,3,2009,WD ,Normal,167000,0,0,1,0,3,1,5,5,3,1,6,1,5,0,3,,5,3
886,20,RL,67.0,8877,Pave,Reg,Lvl,AllPub,Inside,Mod,Edwards,Norm,Norm,1Fam,1Story,4,6,1938,1958,Gable,CompShg,MetalSd,MetalSd,None,0.0,TA,TA,CBlock,690.0,0.0,816.0,GasA,Ex,Y,SBrkr,816,0,0,816,1.0,0.0,1,0,2,1,TA,3,Typ,1,1958.0,1.0,288.0,Y,0,0,0,0,0,0,0,5,2009,WD ,Normal,100000,0,0,0,0,3,1,5,5,2,0,6,1,5,1,2,,5,3
887,85,RL,64.0,7301,Pave,Reg,Lvl,AllPub,Corner,Gtl,Edwards,Norm,Norm,1Fam,SFoyer,7,5,2003,2003,Gable,CompShg,HdBoard,HdBoard,BrkFace,500.0,Gd,TA,Slab,0.0,0.0,0.0,GasA,Ex,Y,SBrkr,495,1427,0,1922,0.0,0.0,3,0,4,1,Gd,7,Typ,1,2003.0,2.0,672.0,Y,0,0,177,0,0,0,0,7,2009,ConLD,Normal,198500,0,0,0,0,1,0,3,3,4,4,4,1,3,1,0,,3,1
888,60,RL,75.0,7950,Pave,IR1,Bnk,AllPub,Corner,Gtl,Edwards,Norm,Norm,1Fam,2Story,6,6,1977,1977,Hip,CompShg,HdBoard,Plywood,BrkFace,140.0,TA,TA,CBlock,535.0,0.0,690.0,GasA,TA,Y,SBrkr,698,728,0,1426,0.0,0.0,1,1,3,1,TA,6,Typ,0,1977.0,2.0,440.0,Y,252,0,0,0,0,0,0,7,2009,WD ,Normal,159500,0,0,1,0,1,1,5,5,3,1,6,1,1,0,3,,5,1
889,20,RL,80.0,10682,Pave,Reg,Lvl,AllPub,Inside,Gtl,Edwards,Norm,Norm,1Fam,1Story,4,6,1960,1971,Gable,CompShg,HdBoard,HdBoard,None,0.0,TA,TA,CBlock,399.0,0.0,1014.0,GasA,TA,Y,SBrkr,1149,0,0,1149,1.0,0.0,1,0,3,1,TA,7,Min1,0,1968.0,1.0,544.0,Y,0,240,0,0,0,0,0,7,2009,WD ,Normal,127000,0,0,1,0,3,1,5,5,3,2,6,1,0,0,3,,5,3
890,80,RL,72.0,7200,Pave,Reg,Lvl,AllPub,Inside,Gtl,Edwards,Norm,Norm,1Fam,SLvl,6,6,1976,1976,Hip,CompShg,MetalSd,MetalSd,BrkFace,255.0,TA,TA,CBlock,631.0,0.0,1041.0,GasA,Ex,Y,SBrkr,1125,0,0,1125,1.0,0.0,1,0,3,1,TA,6,Typ,1,1977.0,1.0,352.0,Y,296,0,0,0,0,0,0,10,2009,WD ,Abnorml,125000,0,0,1,0,1,1,5,5,0,0,6,1,5,1,1,,5,1
891,20,RL,86.0,13286,Pave,IR1,Lvl,AllPub,Inside,Gtl,Edwards,Norm,Norm,1Fam,1Story,9,5,2007,2008,Hip,CompShg,CemntBd,CmentBd,Stone,340.0,Ex,TA,PConc,1234.0,0.0,1698.0,GasA,Ex,Y,SBrkr,1698,0,0,1698,1.0,0.0,2,0,3,1,Ex,8,Typ,1,2007.0,3.0,768.0,Y,327,64,0,0,0,0,0,2,2009,WD ,Normal,320000,0,0,0,0,4,1,0,5,3,2,6,1,1,1,2,,0,4
892,180,RM,35.0,3675,Pave,Reg,Lvl,AllPub,Inside,Gtl,Edwards,Norm,Norm,TwnhsE,SFoyer,6,5,2005,2006,Gable,CompShg,VinylSd,VinylSd,BrkFace,80.0,TA,TA,Wood,547.0,0.0,547.0,GasA,Gd,Y,SBrkr,1072,0,0,1072,1.0,0.0,1,0,2,1,TA,5,Typ,0,2005.0,2.0,525.0,Y,0,28,0,0,0,0,0,4,2009,WD ,Normal,145500,0,0,0,0,1,1,2,5,1,2,6,1,2,0,3,,2,1
893,20,RL,50.0,9405,Pave,Reg,Lvl,AllPub,Inside,Gtl,Edwards,Norm,Norm,1Fam,1Story,5,9,1947,2008,Hip,CompShg,VinylSd,VinylSd,None,0.0,TA,Ex,CBlock,0.0,0.0,698.0,GasA,Ex,Y,SBrkr,698,0,0,698,0.0,1.0,1,0,2,1,TA,4,Typ,0,0.0,0.0,0.0,Y,0,200,0,0,0,0,0,6,2009,WD ,Normal,118000,0,0,0,0,3,1,5,5,3,6,6,0,6,0,3,,5,3
894,20,RL,64.0,6410,Pave,Reg,HLS,AllPub,Inside,Mod,Edwards,Norm,Norm,1Fam,1Story,4,5,1959,1959,Gable,CompShg,AsbShng,AsbShng,None,0.0,TA,TA,CBlock,332.0,243.0,876.0,GasA,TA,Y,FuseA,876,0,0,876,0.0,0.0,1,0,3,1,TA,5,Typ,0,1959.0,1.0,320.0,Y,0,0,0,0,0,0,0,3,2009,WD ,Normal,85000,0,0,1,0,3,1,5,5,3,3,5,1,5,0,3,,5,3
895,20,RL,70.0,11767,Pave,Reg,Lvl,AllPub,Inside,Gtl,Edwards,Norm,Norm,1Fam,1Story,5,5,1950,1950,Gable,CompShg,MetalSd,MetalSd,None,0.0,TA,TA,CBlock,1078.0,0.0,1078.0,GasA,TA,Y,FuseA,1368,0,0,1368,1.0,0.0,1,0,3,1,TA,6,Min1,0,1950.0,1.0,195.0,Y,0,41,211,0,0,0,900,6,2009,WD ,Normal,120000,0,0,0,1,3,1,1,5,2,5,6,1,1,0,3,,1,3
896,50,RL,50.0,8405,Pave,Reg,Lvl,AllPub,Inside,Gtl,Edwards,Norm,Norm,1Fam,1.5Fin,4,3,1945,1950,Gable,CompShg,WdShing,Wd Shng,None,0.0,TA,TA,Slab,0.0,0.0,0.0,Wall,TA,N,FuseF,1088,441,0,1529,0.0,0.0,2,0,4,1,TA,9,Mod,0,1945.0,1.0,240.0,N,92,0,185,0,0,0,0,4,2009,WD ,Normal,98000,0,0,0,0,3,0,3,3,4,4,4,1,5,0,3,,3,3
897,30,RL,56.0,4060,Pave,Reg,Lvl,AllPub,Corner,Gtl,Edwards,Feedr,Norm,1Fam,1Story,5,8,1922,1950,Gable,CompShg,Wd Sdng,Wd Sdng,None,0.0,TA,TA,PConc,0.0,0.0,864.0,GasA,Ex,Y,SBrkr,864,0,0,864,0.0,0.0,1,0,2,1,TA,4,Typ,0,0.0,0.0,0.0,Y,0,96,0,0,0,0,0,7,2009,WD ,Normal,99900,0,0,0,0,3,1,1,5,3,6,6,0,6,0,3,,1,3
898,20,RL,74.0,10206,Pave,Reg,Lvl,AllPub,Corner,Gtl,Edwards,Norm,Norm,1Fam,1Story,3,3,1952,1952,Flat,Tar&Grv,BrkComm,Brk Cmn,None,0.0,TA,TA,Slab,0.0,0.0,0.0,GasW,Fa,N,FuseF,944,0,0,944,0.0,0.0,1,0,2,1,Fa,4,Min1,0,1956.0,2.0,528.0,Y,0,0,0,0,0,0,0,7,2009,WD ,Normal,82000,0,0,0,0,3,0,3,3,4,4,4,1,5,0,3,,3,3
899,90,RL,65.0,10926,Pave,Reg,Lvl,AllPub,Inside,Gtl,Edwards,Norm,Norm,Duplex,1Story,5,5,1959,1959,Hip,CompShg,VinylSd,VinylSd,BrkFace,74.0,TA,TA,CBlock,0.0,0.0,1678.0,GasA,TA,Y,SBrkr,1678,0,0,1678,0.0,0.0,2,0,6,2,TA,10,Typ,0,0.0,0.0,0.0,Y,0,0,0,0,0,0,0,8,2009,WD ,Normal,119900,0,0,0,0,1,1,5,5,3,6,6,0,6,0,3,,5,1
900,20,RL,70.0,11767,Pave,Reg,Lvl,AllPub,Inside,Gtl,Edwards,Norm,Norm,1Fam,1Story,5,5,1956,1956,Hip,CompShg,HdBoard,HdBoard,BrkFace,259.0,TA,TA,CBlock,546.0,0.0,1150.0,GasA,Ex,Y,SBrkr,1560,0,0,1560,0.0,0.0,1,0,2,1,TA,7,Min1,1,1956.0,1.0,313.0,Y,0,0,0,0,0,0,0,5,2009,WD ,Normal,103500,0,0,0,0,1,1,5,5,3,5,6,1,1,1,5,,5,1
901,20,RL,68.0,8926,Pave,IR1,Lvl,AllPub,Corner,Gtl,Edwards,Norm,Norm,1Fam,1Story,4,3,1956,1956,Gable,CompShg,AsbShng,AsbShng,None,0.0,TA,TA,CBlock,0.0,0.0,672.0,GasA,Ex,Y,FuseA,960,0,0,960,0.0,0.0,1,0,3,1,TA,5,Typ,0,1956.0,1.0,288.0,Y,64,0,0,0,160,0,0,10,2009,COD,Abnorml,112000,0,0,1,0,3,1,5,5,3,6,6,1,2,0,3,,5,3
902,50,RL,67.0,12354,Pave,Reg,Lvl,AllPub,Corner,Gtl,Edwards,Norm,Norm,1Fam,1.5Fin,6,8,1920,2000,Gable,CompShg,Wd Sdng,Wd Sdng,None,0.0,TA,TA,BrkTil,0.0,0.0,684.0,GasA,Gd,Y,SBrkr,684,512,0,1196,0.0,0.0,1,0,3,1,Gd,7,Typ,0,2005.0,2.0,528.0,Y,0,46,0,0,0,0,800,8,2009,ConLI,Normal,110000,1,0,1,1,3,1,5,1,2,6,6,1,5,0,3,,5,3
903,50,RL,45.0,8212,Pave,Reg,Lvl,AllPub,Inside,Gtl,Edwards,Norm,Norm,1Fam,1.5Fin,5,6,1941,1950,Gable,CompShg,Wd Sdng,Wd Sdng,None,0.0,TA,TA,CBlock,626.0,0.0,720.0,GasA,Ex,Y,SBrkr,854,444,0,1298,0.0,0.0,1,0,3,1,TA,6,Typ,2,1940.0,1.0,256.0,Y,84,0,0,0,0,0,0,9,2009,WD ,Normal,122000,1,0,0,0,3,1,5,5,3,5,6,1,5,1,2,,5,3
904,50,RL,60.0,10998,Pave,Reg,Lvl,AllPub,Inside,Gtl,Edwards,Norm,Norm,1Fam,1.5Fin,5,5,1941,1960,Gable,CompShg,Wd Sdng,Wd Sdng,None,0.0,TA,TA,CBlock,408.0,420.0,984.0,GasA,Ex,Y,SBrkr,984,620,0,1604,0.0,0.0,2,0,3,1,TA,6,Min2,0,1977.0,2.0,660.0,Y,0,68,0,0,0,0,0,7,2009,WD ,Normal,117000,1,0,0,0,3,1,5,5,3,3,1,1,5,0,3,,5,3
905,50,RH,70.0,6300,Pave,Reg,Lvl,AllPub,Corner,Gtl,SWISU,Norm,Norm,1Fam,1.5Fin,5,4,1938,1950,Gable,CompShg,MetalSd,MetalSd,BrkFace,88.0,TA,TA,PConc,832.0,0.0,832.0,GasA,TA,Y,SBrkr,832,436,0,1268,0.0,0.0,1,1,3,1,TA,7,Typ,2,1938.0,1.0,250.0,Y,0,0,55,0,0,0,0,7,2009,WD ,Abnorml,160000,1,0,0,0,1,1,5,1,3,3,6,1,2,1,2,,5,1
906,50,RH,55.0,4500,Pave,IR2,Bnk,AllPub,Inside,Gtl,SWISU,Norm,Norm,1Fam,1.5Fin,5,5,1932,2000,Gable,CompShg,VinylSd,Stucco,None,0.0,TA,TA,BrkTil,182.0,0.0,793.0,GasA,Ex,Y,SBrkr,848,672,0,1520,0.0,0.0,1,0,3,1,TA,6,Typ,0,1968.0,1.0,281.0,Y,0,0,56,0,0,0,0,7,2009,WD ,Abnorml,159434,1,0,0,0,3,1,5,5,3,5,6,1,5,0,3,,5,3
907,30,RL,60.0,8400,Pave,Reg,Bnk,AllPub,Inside,Gtl,SWISU,Norm,Norm,1Fam,1Story,2,5,1920,1950,Gable,CompShg,Wd Sdng,Wd Sdng,None,0.0,TA,TA,CBlock,290.0,0.0,290.0,GasA,TA,N,FuseF,438,0,0,438,0.0,0.0,1,0,1,1,Fa,3,Typ,0,1930.0,1.0,246.0,N,0,0,0,0,0,0,0,1,2009,WD ,Normal,60000,0,0,0,0,3,1,5,1,3,5,6,1,5,0,3,,5,3
908,50,RL,60.0,9900,Pave,Reg,Lvl,AllPub,Inside,Gtl,SWISU,Norm,Norm,1Fam,1.5Fin,6,7,1940,1950,Gable,CompShg,VinylSd,VinylSd,None,0.0,TA,TA,BrkTil,0.0,0.0,778.0,GasA,TA,Y,SBrkr,944,545,0,1489,0.0,0.0,2,0,3,1,TA,7,Typ,1,1940.0,1.0,240.0,Y,335,0,0,0,0,0,0,7,2009,WD ,Normal,139500,0,0,1,0,3,1,5,5,3,6,6,1,5,1,2,,5,3
909,75,RL,102.0,15863,Pave,Reg,Lvl,AllPub,Corner,Gtl,SWISU,Norm,Norm,1Fam,2.5Fin,7,3,1920,1970,Gable,CompShg,Wd Sdng,Plywood,None,0.0,TA,TA,BrkTil,523.0,0.0,824.0,GasA,Ex,Y,SBrkr,1687,998,397,3082,1.0,0.0,2,1,5,1,TA,12,Typ,2,1970.0,2.0,672.0,Y,136,63,0,0,0,0,0,8,2009,WD ,Normal,197000,0,0,0,0,3,1,5,5,3,2,6,1,2,1,5,,5,3
910,70,RL,43.0,5707,Pave,Reg,Bnk,AllPub,Inside,Gtl,SWISU,Feedr,Norm,1Fam,2Story,6,6,1935,1950,Gable,CompShg,Wd Sdng,Wd Sdng,None,0.0,TA,TA,BrkTil,0.0,0.0,583.0,GasA,Gd,Y,FuseF,647,595,0,1242,0.0,0.0,1,1,3,1,TA,6,Typ,1,1926.0,1.0,180.0,Y,329,96,0,0,0,0,0,3,2009,WD ,Normal,105000,0,0,0,0,3,1,5,5,3,6,6,1,5,1,2,,5,3
911,50,RL,65.0,7804,Pave,Reg,Lvl,AllPub,Inside,Gtl,SWISU,Norm,Norm,1Fam,1.5Fin,4,3,1928,1950,Gable,CompShg,WdShing,Plywood,None,0.0,TA,TA,BrkTil,622.0,0.0,1122.0,GasA,TA,Y,SBrkr,1328,653,0,1981,1.0,0.0,2,0,4,1,Gd,7,Min2,2,1981.0,2.0,576.0,Y,431,44,0,0,0,0,0,12,2009,WD ,Normal,135000,0,0,1,0,3,1,5,5,3,1,6,1,5,1,5,,5,3
912,30,RL,64.0,8574,Pave,Reg,Lvl,AllPub,Inside,Gtl,Crawfor,Norm,Norm,1Fam,1Story,6,8,1916,2000,Gable,CompShg,Stucco,Stucco,None,0.0,Gd,TA,BrkTil,0.0,0.0,816.0,GasA,Ex,Y,SBrkr,1232,0,0,1232,0.0,0.0,1,0,3,1,Gd,6,Typ,1,1916.0,2.0,440.0,Y,0,0,180,0,0,0,0,10,2009,WD ,Normal,147500,0,0,0,0,3,1,5,5,3,6,6,1,5,1,2,,5,3
913,50,RL,51.0,6171,Pave,Reg,Lvl,AllPub,Inside,Gtl,SWISU,Norm,Norm,1Fam,1.5Fin,6,6,1925,1990,Gable,CompShg,WdShing,Wd Shng,None,0.0,TA,TA,BrkTil,264.0,0.0,976.0,GasA,Ex,Y,SBrkr,1160,448,0,1608,0.0,0.0,2,1,3,1,Gd,7,Typ,1,1925.0,1.0,216.0,Y,147,16,0,0,0,0,0,10,2009,WD ,Normal,137450,0,0,1,0,3,1,5,5,3,1,6,1,5,1,2,,5,3
914,70,RL,60.0,7200,Pave,Reg,Lvl,AllPub,Inside,Gtl,SWISU,Feedr,Norm,1Fam,2Story,7,9,1936,2007,Gable,CompShg,Wd Sdng,Wd Sdng,None,0.0,Gd,Gd,PConc,350.0,210.0,560.0,GasA,Ex,Y,SBrkr,575,560,0,1135,1.0,0.0,1,0,3,1,Gd,6,Typ,0,1971.0,2.0,576.0,Y,256,0,0,0,0,0,0,4,2009,WD ,Normal,155000,0,0,1,0,3,1,2,2,3,0,1,1,5,0,3,,2,3
915,50,RL,57.0,7558,Pave,Reg,Bnk,AllPub,Inside,Gtl,Crawfor,Norm,Norm,1Fam,1.5Fin,6,6,1928,1950,Gable,CompShg,BrkFace,Stone,None,0.0,TA,TA,BrkTil,0.0,0.0,896.0,GasA,Gd,Y,SBrkr,1172,741,0,1913,0.0,0.0,1,1,3,1,TA,9,Typ,1,1929.0,2.0,342.0,Y,0,0,0,0,0,0,0,3,2009,WD ,Normal,177000,0,0,0,0,3,1,5,5,3,6,6,1,5,1,5,,5,3
916,50,RL,52.0,6292,Pave,Reg,Lvl,AllPub,Inside,Gtl,SWISU,Norm,Norm,1Fam,1.5Fin,7,7,1928,1950,Gable,CompShg,Wd Sdng,Wd Sdng,None,0.0,TA,TA,BrkTil,0.0,0.0,861.0,GasA,Gd,Y,SBrkr,877,600,0,1477,0.0,1.0,2,0,3,1,TA,6,Typ,1,1928.0,1.0,216.0,Y,0,50,0,0,0,0,0,8,2009,WD ,Normal,145000,0,0,0,0,3,1,5,5,3,6,6,1,5,1,2,,5,3
917,70,RL,53.0,7155,Pave,Reg,Lvl,AllPub,Inside,Gtl,Crawfor,Norm,Norm,1Fam,2Story,7,8,1918,1990,Gambrel,CompShg,Wd Sdng,Wd Sdng,None,0.0,TA,TA,BrkTil,0.0,0.0,600.0,GasA,Ex,Y,SBrkr,628,600,0,1228,0.0,0.0,1,0,3,1,TA,6,Typ,1,1918.0,1.0,215.0,Y,0,113,0,0,195,0,0,5,2009,WD ,Normal,137000,0,0,1,0,3,1,5,1,2,6,6,1,5,1,2,,5,3
918,70,RL,53.0,10918,Pave,Reg,Lvl,AllPub,Inside,Gtl,Crawfor,Norm,Norm,1Fam,2Story,7,9,1926,2004,Gambrel,CompShg,MetalSd,MetalSd,None,0.0,Gd,TA,BrkTil,0.0,0.0,1276.0,GasA,Ex,Y,SBrkr,1276,804,0,2080,0.0,0.0,1,1,3,1,Gd,9,Typ,2,1926.0,1.0,282.0,Y,0,0,0,0,145,0,0,6,2009,WD ,Normal,234000,0,0,1,0,3,1,2,5,3,6,6,1,5,1,2,,2,3
919,50,RL,60.0,13680,Pave,Reg,HLS,AllPub,Inside,Mod,Crawfor,Norm,Norm,1Fam,1.5Fin,5,6,1940,1950,Gable,CompShg,Wd Sdng,Wd Sdng,None,0.0,TA,TA,CBlock,728.0,0.0,840.0,GasA,Ex,Y,SBrkr,840,727,0,1567,1.0,0.0,1,1,2,1,TA,6,Min2,2,1961.0,2.0,440.0,Y,0,21,150,0,0,0,0,2,2009,WD ,Normal,205000,0,0,1,0,3,1,5,5,3,0,6,1,5,1,5,,5,3
920,70,RL,68.0,7500,Pave,IR1,Bnk,AllPub,Inside,Gtl,Crawfor,Norm,Norm,1Fam,2Story,6,7,1942,1950,Gable,CompShg,Wd Sdng,Wd Sdng,None,0.0,TA,TA,CBlock,547.0,0.0,771.0,GasA,Fa,Y,SBrkr,753,741,0,1494,0.0,0.0,1,0,3,1,Gd,7,Typ,2,1942.0,1.0,213.0,P,0,0,0,0,224,0,0,11,2009,WD ,Normal,177500,0,0,0,0,3,1,5,5,3,1,6,1,1,1,2,,5,3
921,50,RL,130.0,9600,Pave,IR1,HLS,AllPub,Inside,Gtl,Crawfor,Norm,Norm,1Fam,1.5Fin,5,7,1940,1950,Gable,CompShg,MetalSd,MetalSd,None,0.0,Gd,Gd,BrkTil,428.0,0.0,728.0,GasA,Ex,Y,SBrkr,976,332,0,1308,1.0,0.0,1,1,2,1,TA,7,Min2,2,1940.0,1.0,256.0,Y,0,70,0,0,0,0,0,6,2009,WD ,Normal,160000,0,0,0,0,3,1,5,1,3,5,6,1,5,1,5,,5,3
922,20,RL,80.0,14680,Pave,IR1,HLS,AllPub,Inside,Gtl,Crawfor,Norm,Norm,1Fam,1Story,5,4,1960,1960,Gable,CompShg,MetalSd,MetalSd,None,0.0,TA,TA,CBlock,793.0,0.0,1273.0,GasA,Ex,Y,SBrkr,1273,0,0,1273,0.0,0.0,1,0,2,1,TA,5,Typ,0,1960.0,1.0,307.0,Y,483,0,0,0,115,0,0,6,2009,WD ,Normal,155000,1,0,1,0,3,1,5,5,3,5,6,1,1,0,3,,5,3
923,30,RL,80.0,13360,Pave,IR1,HLS,AllPub,Inside,Gtl,Crawfor,Norm,Norm,1Fam,1Story,5,7,1921,2006,Gable,CompShg,Wd Sdng,Wd Sdng,None,0.0,TA,Gd,BrkTil,713.0,0.0,876.0,GasA,Ex,Y,SBrkr,964,0,0,964,1.0,0.0,1,0,2,1,TA,5,Typ,0,1921.0,2.0,432.0,Y,0,0,44,0,0,0,0,8,2009,WD ,Normal,163500,1,0,0,0,3,1,2,5,3,0,6,1,5,0,3,,2,3
924,50,RL,54.0,7681,Pave,IR1,Lvl,AllPub,FR2,Gtl,Crawfor,Norm,Norm,1Fam,1.5Fin,5,6,1921,1950,Gable,CompShg,Wd Sdng,Wd Sdng,None,0.0,TA,TA,BrkTil,0.0,0.0,731.0,GasA,Ex,Y,SBrkr,820,523,0,1343,0.0,0.0,1,1,3,1,TA,7,Typ,1,1921.0,1.0,186.0,Y,192,0,102,0,0,0,0,7,2009,WD ,Normal,154900,0,0,0,0,3,1,5,5,3,6,6,1,5,1,2,,5,3
925,90,RL,68.0,8145,Pave,IR1,HLS,AllPub,Corner,Gtl,Crawfor,Norm,Norm,Duplex,2.5Unf,7,6,1940,1950,Gable,CompShg,Wd Sdng,Wd Sdng,None,0.0,TA,TA,BrkTil,246.0,0.0,920.0,GasA,Ex,Y,SBrkr,1240,1240,0,2480,0.0,0.0,2,1,5,2,TA,13,Typ,2,1940.0,2.0,400.0,Y,0,0,57,0,0,0,0,7,2009,WD ,Normal,205000,0,0,0,0,3,1,5,5,3,3,6,1,5,1,2,,5,3
926,20,RL,70.0,9100,Pave,Reg,Lvl,AllPub,Inside,Gtl,Crawfor,Feedr,Norm,1Fam,1Story,5,6,1954,1954,Gable,CompShg,BrkFace,BrkFace,None,0.0,TA,Gd,BrkTil,154.0,694.0,1112.0,GasA,Ex,Y,SBrkr,1112,0,0,1112,1.0,0.0,1,0,2,1,TA,6,Typ,1,1954.0,1.0,390.0,Y,0,0,0,0,0,0,0,10,2009,WD ,Family,144800,0,0,1,0,3,1,5,5,2,5,0,1,1,1,2,,5,3
927,70,RL,75.0,12000,Pave,Reg,Bnk,AllPub,Inside,Gtl,Crawfor,Norm,Norm,1Fam,2Story,7,7,1941,1950,Gable,CompShg,MetalSd,MetalSd,None,0.0,TA,TA,CBlock,275.0,0.0,704.0,GasA,Ex,Y,SBrkr,860,704,0,1564,0.0,0.0,1,1,3,1,Fa,7,Typ,1,1941.0,1.0,234.0,Y,0,0,0,0,0,0,0,7,2009,WD ,Normal,174500,0,0,0,0,3,1,5,5,3,5,6,1,1,1,2,,5,3
928,20,RL,90.0,13339,Pave,IR1,Lvl,AllPub,Inside,Gtl,Crawfor,Norm,Norm,1Fam,1Story,6,6,1960,1960,Gable,CompShg,HdBoard,Plywood,Stone,132.0,TA,TA,CBlock,65.0,875.0,1561.0,GasA,TA,Y,SBrkr,1561,0,0,1561,1.0,0.0,2,0,3,1,TA,6,Typ,1,1960.0,2.0,463.0,Y,0,148,0,0,120,0,0,5,2009,WD ,Normal,193000,0,0,0,0,4,1,5,5,3,3,1,1,1,1,2,,5,4
929,50,RL,78.0,15600,Pave,Reg,Bnk,AllPub,Inside,Gtl,Crawfor,Norm,Norm,1Fam,1.5Fin,5,7,1949,2005,Gable,CompShg,BrkComm,Brk Cmn,None,0.0,TA,TA,BrkTil,312.0,507.0,1067.0,GasW,Fa,N,SBrkr,986,537,0,1523,1.0,0.0,2,0,3,1,Fa,7,Maj2,1,1949.0,1.0,295.0,Y,0,0,81,0,0,0,0,10,2009,WD ,Normal,158000,0,0,0,0,3,1,5,5,3,1,5,1,1,1,5,,5,3
930,20,RL,80.0,14000,Pave,Reg,Lvl,AllPub,Inside,Gtl,Crawfor,Norm,Norm,1Fam,1Story,6,8,1950,2004,Gable,CompShg,HdBoard,HdBoard,None,0.0,TA,Gd,CBlock,0.0,0.0,1092.0,GasA,Ex,Y,SBrkr,1152,0,0,1152,0.0,1.0,1,0,3,1,Gd,6,Typ,1,1950.0,1.0,300.0,Y,0,36,0,0,0,0,0,8,2009,WD ,Family,158500,0,0,1,0,3,1,5,5,3,6,6,1,1,1,2,,5,3
931,20,RL,100.0,17500,Pave,Reg,Bnk,AllPub,Corner,Mod,Crawfor,PosA,Norm,1Fam,1Story,6,5,1954,1954,Gable,CompShg,HdBoard,HdBoard,Stone,420.0,TA,TA,PConc,784.0,435.0,1310.0,GasA,Ex,Y,SBrkr,1906,0,0,1906,1.0,0.0,1,1,3,1,TA,6,Typ,2,1954.0,2.0,576.0,Y,0,201,0,0,0,0,0,1,2009,WD ,Normal,224000,0,0,0,0,4,1,5,5,0,3,1,1,2,1,2,,5,4
932,160,RM,24.0,1733,Pave,Reg,Lvl,AllPub,Inside,Gtl,Blueste,Norm,Norm,Twnhs,2Story,6,6,1980,1980,Gable,CompShg,MetalSd,MetalSd,None,0.0,TA,TA,CBlock,0.0,0.0,516.0,GasA,TA,Y,SBrkr,516,516,0,1032,0.0,0.0,1,0,2,1,TA,5,Typ,1,1980.0,2.0,452.0,Y,279,0,0,0,0,0,0,5,2009,WD ,Normal,115000,0,0,1,0,3,1,5,5,3,6,6,1,5,1,5,,5,3
933,160,RM,24.0,1488,Pave,Reg,Lvl,AllPub,Inside,Gtl,Blueste,Norm,Norm,TwnhsE,2Story,6,6,1980,1992,Gable,CompShg,MetalSd,MetalSd,None,0.0,TA,Gd,CBlock,471.0,0.0,561.0,GasA,TA,Y,SBrkr,561,668,0,1229,1.0,0.0,1,1,2,1,Gd,5,Typ,1,1980.0,2.0,462.0,Y,176,0,0,0,0,0,0,10,2009,WD ,Normal,137000,0,0,1,0,3,1,2,5,2,0,6,1,1,1,5,,2,3
934,160,RM,24.0,1612,Pave,Reg,Lvl,AllPub,Inside,Gtl,Blueste,Norm,Norm,Twnhs,2Story,6,6,1980,1980,Gable,CompShg,MetalSd,MetalSd,None,0.0,TA,TA,CBlock,0.0,0.0,561.0,GasA,TA,Y,SBrkr,561,668,0,1229,0.0,0.0,1,1,2,1,TA,5,Typ,1,1980.0,2.0,462.0,Y,154,0,0,0,0,0,0,7,2009,WD ,Normal,121000,0,0,1,0,3,1,2,5,3,6,6,1,1,1,5,,2,3
935,160,RM,24.0,1300,Pave,Reg,Lvl,AllPub,Inside,Gtl,Blueste,Norm,Norm,TwnhsE,2Story,6,6,1980,1980,Gable,CompShg,MetalSd,MetalSd,None,0.0,TA,TA,CBlock,285.0,0.0,561.0,GasA,TA,Y,SBrkr,561,668,0,1229,0.0,0.0,1,1,2,1,TA,5,Typ,1,1980.0,2.0,462.0,Y,150,0,0,0,0,0,0,5,2009,WD ,Normal,124000,0,0,1,0,3,1,2,5,3,0,6,1,1,1,5,,2,3
936,80,RL,68.0,13607,Pave,IR1,Lvl,AllPub,Inside,Gtl,Crawfor,Norm,Norm,1Fam,SLvl,6,6,1986,1986,Gable,CompShg,VinylSd,VinylSd,BrkFace,242.0,TA,Gd,CBlock,454.0,0.0,572.0,GasA,Gd,Y,SBrkr,1182,800,0,1982,1.0,0.0,2,1,3,1,TA,6,Typ,1,1986.0,2.0,501.0,Y,400,112,0,0,0,0,1500,4,2009,WD ,Normal,208000,0,0,0,1,1,1,5,5,3,0,6,1,3,1,5,,5,1
937,20,RL,68.0,17597,Pave,Reg,Bnk,AllPub,Inside,Gtl,Crawfor,Norm,Norm,1Fam,1Story,7,9,1971,2009,Hip,CompShg,BrkFace,BrkFace,None,0.0,Gd,Gd,CBlock,803.0,419.0,1803.0,GasA,TA,Y,SBrkr,2365,0,0,2365,1.0,0.0,2,0,3,1,Ex,7,Min1,2,1971.0,2.0,551.0,Y,200,144,0,0,0,0,0,7,2009,WD ,Normal,315000,0,0,1,0,3,1,2,5,3,2,0,1,1,1,2,,2,3
938,20,RL,68.0,21695,Pave,IR1,Lvl,AllPub,Corner,Gtl,Crawfor,Norm,Norm,1Fam,1Story,6,9,1988,2007,Hip,CompShg,Wd Sdng,Plywood,BrkFace,260.0,Gd,Gd,CBlock,808.0,0.0,880.0,GasA,Ex,Y,SBrkr,1680,0,0,1680,1.0,0.0,2,0,3,1,Gd,5,Typ,1,1988.0,2.0,540.0,Y,292,44,0,182,0,0,0,12,2009,WD ,Normal,222000,0,0,0,0,1,1,2,5,3,2,6,1,1,1,2,,2,1
939,70,RM,59.0,10690,Pave,Reg,Lvl,AllPub,Inside,Gtl,IDOTRR,Norm,Norm,1Fam,2Story,5,7,1920,1997,Hip,CompShg,VinylSd,VinylSd,None,0.0,TA,Gd,CBlock,456.0,0.0,672.0,GasA,Gd,Y,FuseA,672,672,0,1344,0.0,0.0,1,0,3,1,TA,6,Typ,0,1964.0,1.0,468.0,Y,0,128,218,0,0,0,0,7,2009,WD ,Normal,147000,0,0,0,0,3,1,5,1,3,5,6,1,5,0,3,,5,3
940,70,RM,50.0,8660,Pave,Reg,Bnk,AllPub,Inside,Gtl,IDOTRR,Norm,Norm,1Fam,2Story,5,6,1900,1993,Gambrel,CompShg,AsbShng,AsbShng,None,0.0,TA,TA,BrkTil,0.0,0.0,760.0,GasA,Ex,N,SBrkr,928,928,312,2168,0.0,0.0,2,0,5,1,Gd,11,Typ,0,1998.0,2.0,576.0,Y,467,160,78,0,0,0,0,12,2009,WD ,Normal,123000,0,0,0,0,3,1,5,5,3,6,6,1,5,0,3,,5,3
941,70,RM,60.0,6402,Pave,Reg,Lvl,AllPub,Corner,Gtl,IDOTRR,Norm,Norm,1Fam,2Story,5,5,1920,1950,Gable,CompShg,Wd Sdng,Wd Shng,None,0.0,TA,TA,PConc,0.0,0.0,596.0,GasA,TA,N,SBrkr,596,596,0,1192,0.0,0.0,1,0,3,1,TA,6,Typ,0,1920.0,1.0,189.0,N,0,0,137,0,0,0,0,7,2009,WD ,Normal,78000,0,0,1,0,3,1,5,5,2,6,6,1,5,0,3,,5,3
942,50,C (all),105.0,8470,Pave,IR1,Lvl,AllPub,Corner,Gtl,IDOTRR,Feedr,Feedr,1Fam,1.5Fin,3,2,1915,1982,Hip,CompShg,Plywood,Plywood,None,0.0,Fa,Fa,CBlock,0.0,0.0,1013.0,GasA,TA,N,SBrkr,1013,0,513,1526,0.0,0.0,1,0,2,1,Fa,6,Typ,0,0.0,0.0,0.0,N,0,0,156,0,0,0,0,10,2009,ConLD,Abnorml,85000,0,0,1,0,3,1,5,1,3,6,6,0,6,0,3,,5,3
943,30,C (all),60.0,10200,Pave,Reg,Lvl,AllPub,Inside,Gtl,IDOTRR,Norm,Norm,1Fam,1Story,4,6,1925,1950,Gable,CompShg,MetalSd,MetalSd,None,0.0,TA,TA,BrkTil,0.0,0.0,572.0,GasA,Fa,N,FuseP,572,0,0,572,0.0,0.0,1,0,2,1,TA,4,Typ,0,1940.0,1.0,200.0,N,0,0,72,0,0,0,0,5,2009,WD ,Normal,75000,1,0,0,0,3,1,5,5,3,6,6,1,5,0,3,,5,3
944,120,RM,44.0,3843,Pave,IR1,HLS,AllPub,Inside,Mod,Crawfor,Norm,Norm,TwnhsE,1Story,8,5,2007,2008,Hip,CompShg,CemntBd,CmentBd,Stone,174.0,Ex,TA,PConc,1476.0,0.0,1596.0,GasA,Ex,Y,SBrkr,1648,0,0,1648,1.0,1.0,2,0,2,1,Ex,5,Typ,1,2007.0,2.0,482.0,Y,162,53,0,153,0,0,0,6,2009,New,Partial,230000,0,0,0,0,4,1,0,5,1,2,6,1,1,1,2,,0,4
945,30,I (all),109.0,21780,Grvl,Reg,Lvl,NoSewr,Inside,Gtl,IDOTRR,Norm,Norm,1Fam,1Story,2,4,1910,1950,Gable,CompShg,Wd Sdng,Wd Sdng,None,0.0,Fa,Fa,CBlock,0.0,0.0,0.0,GasA,TA,N,FuseA,810,0,0,810,0.0,0.0,1,0,1,1,TA,4,Min1,0,1975.0,1.0,280.0,N,119,24,0,0,0,0,0,3,2009,ConLD,Normal,57625,0,0,0,0,3,0,3,3,4,4,4,1,5,0,3,,3,3
946,60,RL,75.0,10125,Pave,Reg,Lvl,AllPub,Inside,Gtl,Mitchel,Norm,Norm,1Fam,2Story,8,5,2000,2001,Gable,CompShg,CemntBd,CmentBd,None,0.0,Gd,TA,PConc,445.0,250.0,1107.0,GasA,Ex,Y,SBrkr,1040,1012,0,2052,0.0,0.0,2,1,3,1,Gd,7,Typ,1,2000.0,3.0,642.0,Y,210,91,0,0,0,0,0,5,2009,WD ,Normal,251000,0,0,0,0,3,1,2,5,3,0,1,1,3,1,5,,2,3
947,50,RL,48.0,12822,Pave,IR1,Lvl,AllPub,CulDSac,Gtl,Mitchel,Norm,Norm,1Fam,1.5Fin,7,5,2003,2003,Gable,CompShg,VinylSd,VinylSd,None,0.0,Gd,TA,PConc,1351.0,0.0,1434.0,GasA,Ex,Y,SBrkr,1518,631,0,2149,1.0,0.0,1,1,1,1,Gd,6,Typ,1,2003.0,2.0,670.0,Y,168,43,0,0,198,0,0,8,2009,WD ,Abnorml,239686,0,0,0,0,3,1,0,5,3,2,6,1,1,1,0,,0,3
948,20,RL,43.0,12118,Pave,IR1,Lvl,AllPub,CulDSac,Gtl,Mitchel,Norm,Norm,1Fam,1Story,7,5,2004,2005,Hip,CompShg,VinylSd,VinylSd,Stone,108.0,Gd,TA,PConc,0.0,0.0,1710.0,GasA,Ex,Y,SBrkr,1710,0,0,1710,0.0,0.0,2,0,3,1,Gd,7,Typ,1,2004.0,2.0,550.0,Y,100,48,0,0,180,0,0,4,2009,WD ,Normal,240000,0,0,0,0,4,1,0,5,2,6,6,1,1,1,2,,0,4
949,60,RL,71.0,12209,Pave,IR1,Lvl,AllPub,CulDSac,Gtl,Mitchel,Norm,Norm,1Fam,2Story,6,5,2001,2002,Gable,CompShg,VinylSd,VinylSd,None,0.0,TA,TA,PConc,690.0,0.0,804.0,GasA,Ex,Y,SBrkr,804,1157,0,1961,1.0,0.0,2,1,3,1,Gd,7,Typ,1,2001.0,2.0,560.0,Y,125,192,0,0,0,0,0,6,2009,WD ,Normal,215000,0,0,0,0,3,1,0,5,3,0,6,1,3,1,5,,0,3
950,85,RL,75.0,9750,Pave,Reg,Lvl,AllPub,Inside,Gtl,Mitchel,Norm,Norm,1Fam,SFoyer,6,6,1977,1977,Gable,CompShg,Plywood,Plywood,None,0.0,TA,TA,CBlock,767.0,0.0,902.0,GasA,Ex,Y,SBrkr,926,0,0,926,1.0,0.0,1,0,2,1,TA,5,Typ,1,1977.0,1.0,351.0,Y,319,0,0,0,0,0,0,4,2009,WD ,Normal,156450,0,0,1,0,3,1,5,5,0,0,6,1,1,1,5,,5,3
951,85,RL,72.0,9360,Pave,Reg,Bnk,AllPub,Inside,Gtl,Mitchel,Norm,Norm,1Fam,SFoyer,6,7,1977,1977,Gable,CompShg,Plywood,Plywood,None,0.0,TA,TA,CBlock,841.0,116.0,957.0,GasA,TA,Y,SBrkr,1287,0,0,1287,1.0,0.0,1,1,2,1,TA,5,Typ,2,1977.0,2.0,541.0,Y,302,39,0,0,120,0,0,11,2009,WD ,Normal,173000,0,0,1,0,3,1,2,5,0,2,3,1,1,1,1,,2,3
952,90,RL,75.0,10125,Pave,Reg,Lvl,AllPub,Inside,Gtl,Mitchel,Norm,Norm,Duplex,1.5Fin,5,5,1977,1977,Gable,CompShg,Plywood,Plywood,None,0.0,TA,TA,CBlock,0.0,0.0,0.0,GasA,TA,Y,SBrkr,1302,432,0,1734,0.0,0.0,2,0,4,2,Gd,8,Typ,0,1977.0,2.0,539.0,Y,0,0,0,0,0,0,0,8,2009,COD,Normal,126000,0,0,0,0,3,0,3,3,4,4,4,1,1,0,3,,3,3
953,80,RL,68.0,9947,Pave,IR1,Lvl,AllPub,CulDSac,Gtl,Mitchel,Norm,Norm,1Fam,SLvl,7,5,1990,1991,Gable,CompShg,HdBoard,HdBoard,None,0.0,TA,TA,PConc,611.0,0.0,1188.0,GasA,Ex,Y,SBrkr,1217,0,0,1217,1.0,0.0,2,0,3,1,Gd,6,Typ,0,1990.0,2.0,497.0,Y,168,27,0,0,0,0,0,6,2009,WD ,Normal,173000,0,0,1,0,3,1,2,5,0,2,6,1,1,0,3,,2,3
954,20,RL,82.0,11070,Pave,Reg,Lvl,AllPub,Inside,Gtl,Mitchel,Norm,Norm,1Fam,1Story,5,5,1991,1991,Gable,CompShg,HdBoard,HdBoard,None,0.0,TA,TA,PConc,55.0,0.0,1582.0,GasA,TA,Y,SBrkr,1595,0,0,1595,1.0,0.0,2,0,2,1,TA,5,Typ,0,1991.0,2.0,672.0,Y,0,0,0,0,0,0,0,4,2009,COD,Abnorml,152000,0,0,0,0,3,1,2,5,3,1,6,1,5,0,3,,2,3
955,20,RL,68.0,14375,Pave,IR1,Lvl,NoSeWa,CulDSac,Gtl,Timber,Norm,Norm,1Fam,SLvl,6,6,1958,1958,Gable,CompShg,HdBoard,HdBoard,BrkFace,541.0,TA,TA,CBlock,111.0,354.0,819.0,GasA,Gd,Y,FuseA,1344,0,0,1344,0.0,1.0,1,0,3,1,Gd,7,Typ,1,1958.0,2.0,525.0,Y,0,118,0,0,233,0,0,1,2009,COD,Abnorml,137500,0,0,0,0,1,1,5,5,3,2,5,1,2,1,2,,5,1
956,20,RL,150.0,215245,Pave,IR3,Low,AllPub,Inside,Sev,Timber,Norm,Norm,1Fam,1Story,7,5,1965,1965,Hip,CompShg,BrkFace,BrkFace,None,0.0,TA,TA,CBlock,1236.0,820.0,2136.0,GasW,TA,Y,SBrkr,2036,0,0,2036,2.0,0.0,2,0,3,1,TA,8,Typ,2,1965.0,2.0,513.0,Y,0,0,0,0,0,0,0,6,2009,WD ,Normal,375000,0,0,0,0,3,1,2,5,1,0,5,1,1,1,2,,2,3
957,20,RL,89.0,12898,Pave,IR1,HLS,AllPub,Inside,Gtl,Timber,Norm,Norm,1Fam,1Story,9,5,2007,2008,Hip,CompShg,VinylSd,VinylSd,Stone,70.0,Gd,TA,PConc,1022.0,0.0,1620.0,GasA,Ex,Y,SBrkr,1620,0,0,1620,1.0,0.0,2,0,2,1,Ex,6,Typ,1,2008.0,3.0,912.0,Y,228,0,0,0,0,0,0,9,2009,WD ,Normal,315500,0,0,0,0,4,1,0,5,1,2,6,1,1,1,0,,0,4
958,60,RL,83.0,13159,Pave,IR1,HLS,AllPub,Corner,Gtl,Timber,Norm,Norm,1Fam,2Story,7,5,2009,2009,Gable,CompShg,VinylSd,VinylSd,None,0.0,TA,TA,PConc,0.0,0.0,846.0,GasA,Gd,Y,SBrkr,846,846,0,1692,0.0,0.0,2,1,3,1,Gd,6,Typ,0,2009.0,2.0,650.0,Y,208,114,0,0,0,0,0,7,2009,New,Partial,224500,0,0,0,0,3,1,0,5,0,6,6,1,1,0,3,,0,3
959,20,RL,113.0,13438,Pave,IR1,HLS,AllPub,Corner,Gtl,Timber,Norm,Norm,1Fam,1Story,9,5,2008,2008,Gable,CompShg,CemntBd,CmentBd,Stone,246.0,Ex,TA,CBlock,1758.0,0.0,2190.0,GasA,Ex,Y,SBrkr,2036,0,0,2036,1.0,0.0,2,0,3,1,Ex,9,Typ,1,2008.0,3.0,780.0,Y,90,154,0,0,0,0,0,7,2009,WD ,Normal,410000,0,0,0,0,4,1,0,5,1,2,6,1,1,1,0,,0,4
960,20,RL,79.0,14463,Pave,IR1,HLS,AllPub,Corner,Gtl,Timber,Norm,Norm,1Fam,1Story,9,5,2008,2008,Gable,CompShg,CemntBd,CmentBd,BrkFace,406.0,Ex,TA,PConc,1115.0,0.0,1641.0,GasA,Ex,Y,SBrkr,1641,0,0,1641,1.0,0.0,2,0,3,1,Ex,7,Typ,0,2008.0,3.0,885.0,Y,0,95,0,0,0,0,0,1,2009,WD ,Normal,316500,0,0,0,0,1,1,0,5,1,2,6,1,1,0,3,,0,1
961,20,RL,73.0,8925,Pave,IR1,HLS,AllPub,Inside,Gtl,Timber,Norm,Norm,1Fam,1Story,8,5,2007,2007,Gable,CompShg,VinylSd,VinylSd,None,0.0,Gd,TA,PConc,16.0,0.0,1466.0,GasA,Ex,Y,SBrkr,1466,0,0,1466,0.0,0.0,2,0,3,1,Gd,7,Typ,0,2007.0,3.0,610.0,Y,100,18,0,0,0,0,0,7,2009,WD ,Normal,201000,0,0,0,0,3,1,2,5,0,2,6,1,1,0,3,,2,3
962,20,RL,130.0,11457,Pave,IR1,Lvl,AllPub,Corner,Gtl,Timber,Norm,Norm,1Fam,1Story,6,5,1988,1988,Gable,CompShg,HdBoard,HdBoard,None,0.0,TA,TA,CBlock,1005.0,0.0,1392.0,GasA,TA,Y,SBrkr,1412,0,0,1412,1.0,0.0,2,0,3,1,Gd,6,Typ,1,1988.0,2.0,576.0,Y,0,0,169,0,0,0,0,3,2009,WD ,Normal,175000,0,0,0,0,3,1,2,5,2,2,6,1,1,1,5,,2,3
963,60,RL,68.0,9839,Pave,IR1,Lvl,AllPub,CulDSac,Gtl,Timber,Norm,Norm,1Fam,2Story,6,8,1980,2006,Gable,CompShg,MetalSd,MetalSd,None,0.0,TA,Gd,PConc,462.0,0.0,712.0,GasA,Ex,Y,SBrkr,1375,862,0,2237,0.0,0.0,2,1,3,1,Gd,7,Typ,1,1980.0,2.0,440.0,Y,305,24,0,0,0,0,2500,2,2009,WD ,Normal,204000,0,0,0,1,3,1,2,5,3,0,6,1,3,1,5,,2,3
964,80,RL,125.0,14419,Pave,IR1,Lvl,AllPub,Corner,Gtl,Timber,Norm,Norm,1Fam,SLvl,7,5,1987,1989,Hip,CompShg,Plywood,Plywood,BrkFace,310.0,TA,TA,PConc,904.0,624.0,1645.0,GasA,Ex,Y,SBrkr,1479,0,0,1479,2.0,0.0,2,1,3,1,Gd,7,Min1,1,1987.0,2.0,578.0,Y,224,238,0,0,0,0,0,7,2009,WD ,Normal,213500,0,0,0,0,1,1,2,5,1,2,0,1,1,1,1,,2,1
965,20,RL,68.0,6853,Pave,IR1,Lvl,AllPub,Inside,Gtl,Timber,Norm,Norm,1Fam,1Story,8,5,2001,2002,Gable,CompShg,VinylSd,VinylSd,BrkFace,136.0,Gd,TA,PConc,1005.0,0.0,1267.0,GasA,Ex,Y,SBrkr,1296,0,0,1296,1.0,0.0,2,0,2,1,Gd,6,Typ,0,2001.0,2.0,471.0,Y,192,25,0,0,0,0,0,6,2009,WD ,Normal,220000,0,0,0,0,1,1,0,5,3,2,6,1,1,0,3,,0,1
966,60,RL,75.0,9157,Pave,IR1,Lvl,AllPub,Corner,Gtl,Timber,Norm,Norm,1Fam,2Story,7,5,2003,2003,Gable,CompShg,VinylSd,VinylSd,None,0.0,Gd,TA,PConc,0.0,0.0,912.0,GasA,Ex,Y,SBrkr,1072,942,0,2014,0.0,0.0,2,1,3,1,Gd,9,Typ,0,2003.0,2.0,486.0,Y,124,114,0,0,0,0,0,2,2009,WD ,Abnorml,170000,0,0,0,0,3,1,2,5,3,6,6,1,1,0,3,,2,3
967,20,RL,85.0,14601,Pave,Reg,Lvl,AllPub,Inside,Gtl,Timber,Norm,Norm,1Fam,1Story,9,5,2006,2006,Hip,CompShg,VinylSd,VinylSd,BrkFace,584.0,Ex,TA,PConc,1260.0,0.0,1838.0,GasA,Ex,Y,SBrkr,1838,0,0,1838,1.0,0.0,2,0,2,1,Ex,8,Typ,1,2006.0,3.0,765.0,Y,270,68,0,0,0,0,0,3,2009,WD ,Normal,315000,0,0,0,0,1,1,0,5,0,2,6,1,1,1,2,,0,1
968,20,RL,85.0,12633,Pave,IR1,HLS,AllPub,Inside,Gtl,Timber,Norm,Norm,1Fam,1Story,9,5,2007,2007,Hip,CompShg,CemntBd,CmentBd,Stone,290.0,Ex,TA,PConc,1640.0,0.0,1978.0,GasA,Ex,Y,SBrkr,1978,0,0,1978,1.0,0.0,2,0,2,1,Ex,7,Typ,1,2007.0,3.0,920.0,Y,308,52,0,0,0,0,0,5,2009,WD ,Normal,425000,0,0,0,0,4,1,0,5,1,2,6,1,1,1,2,,0,4
969,20,RL,75.0,12518,Pave,IR1,Lvl,AllPub,Inside,Gtl,Mitchel,Norm,Norm,1Fam,1Story,5,7,1968,1968,Gable,CompShg,HdBoard,HdBoard,BrkFace,182.0,TA,TA,CBlock,532.0,0.0,1008.0,GasA,Gd,Y,SBrkr,1008,0,0,1008,0.0,0.0,1,0,3,1,Gd,6,Typ,0,1968.0,1.0,384.0,Y,144,0,0,0,0,0,0,4,2009,WD ,Normal,139500,0,0,1,0,1,1,5,5,3,0,6,1,1,0,3,,5,1
970,20,RL,100.0,21750,Pave,Reg,Lvl,AllPub,Inside,Gtl,Mitchel,Norm,Norm,1Fam,1Story,5,4,1960,2006,Hip,CompShg,HdBoard,HdBoard,BrkFace,75.0,TA,Fa,Slab,0.0,0.0,0.0,GasA,TA,Y,SBrkr,1771,0,0,1771,0.0,0.0,1,0,3,1,TA,9,Min1,1,1960.0,2.0,336.0,Y,0,0,0,0,0,0,0,11,2009,WD ,Normal,115000,0,0,1,0,1,0,3,3,4,4,4,1,1,1,5,,3,1
971,120,RM,32.0,4500,Pave,Reg,Lvl,AllPub,FR2,Gtl,Mitchel,Norm,Norm,TwnhsE,1Story,6,5,1998,1998,Hip,CompShg,VinylSd,VinylSd,BrkFace,320.0,TA,TA,PConc,866.0,0.0,1204.0,GasA,Ex,Y,SBrkr,1204,0,0,1204,1.0,0.0,2,0,2,1,TA,5,Typ,0,1998.0,2.0,412.0,Y,0,247,0,0,0,0,0,6,2009,WD ,Normal,162000,0,0,0,0,1,1,0,5,3,2,6,1,1,0,3,,0,1
972,120,RM,68.0,4500,Pave,Reg,Lvl,AllPub,FR2,Gtl,Mitchel,Norm,Norm,TwnhsE,1Story,6,5,1999,1999,Hip,CompShg,VinylSd,VinylSd,BrkFace,425.0,TA,TA,PConc,883.0,0.0,1224.0,GasA,Ex,Y,SBrkr,1224,0,0,1224,1.0,0.0,2,0,2,1,TA,5,Typ,0,1999.0,2.0,402.0,Y,0,304,0,0,0,0,0,6,2009,WD ,Normal,165000,0,0,0,0,1,1,0,5,3,2,6,1,1,0,3,,0,1
973,180,RM,21.0,1596,Pave,Reg,Lvl,AllPub,Inside,Gtl,MeadowV,Norm,Norm,Twnhs,SLvl,4,5,1973,1973,Gable,CompShg,CemntBd,CmentBd,None,0.0,TA,TA,CBlock,462.0,0.0,462.0,GasA,TA,Y,SBrkr,526,462,0,988,1.0,0.0,1,0,2,1,TA,5,Typ,0,1973.0,1.0,297.0,Y,120,101,0,0,0,0,0,11,2009,WD ,Normal,91000,0,0,1,0,3,1,2,5,1,2,6,1,3,0,3,,2,3
974,20,RL,62.0,9858,Pave,Reg,Lvl,AllPub,Inside,Gtl,Mitchel,Norm,Norm,1Fam,1Story,5,6,1968,1968,Gable,CompShg,HdBoard,HdBoard,None,0.0,TA,TA,CBlock,510.0,0.0,864.0,GasA,TA,Y,SBrkr,874,0,0,874,1.0,0.0,1,0,3,1,TA,5,Typ,0,1968.0,1.0,288.0,Y,33,0,0,0,0,0,600,11,2009,WD ,Normal,130000,0,0,1,1,3,1,5,5,3,1,6,1,1,0,3,,5,3
975,180,RM,21.0,1526,Pave,Reg,Lvl,AllPub,Inside,Gtl,MeadowV,Norm,Norm,Twnhs,SFoyer,4,8,1970,2002,Gable,CompShg,CemntBd,CmentBd,None,0.0,TA,Gd,CBlock,515.0,0.0,630.0,GasA,TA,Y,SBrkr,630,0,0,630,1.0,0.0,1,0,1,1,Gd,3,Typ,0,1970.0,1.0,286.0,Y,0,0,0,0,0,0,0,5,2009,WD ,Normal,86000,0,0,0,0,3,1,2,5,0,2,6,1,1,0,3,,2,3
976,20,RL,83.0,13383,Pave,IR1,Lvl,AllPub,Inside,Mod,Mitchel,Norm,Norm,1Fam,1Story,5,5,1969,2000,Hip,CompShg,HdBoard,HdBoard,BrkFace,176.0,TA,TA,CBlock,594.0,0.0,1188.0,GasA,Ex,Y,SBrkr,1404,0,0,1404,0.0,0.0,2,0,3,1,TA,7,Typ,1,1969.0,2.0,504.0,Y,0,16,0,0,0,0,0,3,2009,WD ,Normal,160000,0,0,0,0,1,1,5,5,3,1,6,1,1,1,4,,5,1
977,180,RM,21.0,1477,Pave,Reg,Lvl,AllPub,Inside,Gtl,MeadowV,Norm,Norm,TwnhsE,SFoyer,4,4,1970,1970,Gable,CompShg,CemntBd,CmentBd,None,0.0,TA,TA,CBlock,509.0,0.0,630.0,GasA,TA,Y,SBrkr,630,0,0,630,1.0,0.0,1,0,1,1,TA,3,Typ,0,1970.0,1.0,286.0,Y,0,0,0,0,0,0,0,4,2009,WD ,Normal,80000,0,0,0,0,3,1,2,5,0,2,6,1,1,0,3,,2,3
978,160,RM,21.0,1533,Pave,Reg,Lvl,AllPub,Inside,Gtl,MeadowV,Norm,Norm,Twnhs,2Story,4,6,1970,2008,Gable,CompShg,CemntBd,CmentBd,None,0.0,TA,TA,CBlock,0.0,0.0,546.0,GasA,TA,Y,SBrkr,798,546,0,1344,0.0,0.0,1,1,3,1,TA,6,Typ,1,0.0,0.0,0.0,Y,0,0,0,0,0,0,0,5,2009,WD ,Normal,97000,0,0,0,0,3,1,5,5,3,6,6,0,6,1,5,,5,3
979,160,RM,21.0,2217,Pave,Reg,Lvl,AllPub,Inside,Gtl,MeadowV,Norm,Norm,TwnhsE,2Story,4,4,1970,1970,Gable,CompShg,CemntBd,CmentBd,None,0.0,TA,TA,CBlock,273.0,273.0,546.0,GasA,TA,Y,SBrkr,546,546,0,1092,0.0,0.0,1,1,3,1,TA,6,Typ,0,1970.0,1.0,286.0,Y,238,0,0,0,0,0,0,8,2009,WD ,Normal,88000,0,0,0,0,3,1,5,5,3,1,3,1,1,0,3,,5,3
980,85,RL,50.0,7689,Pave,IR1,Lvl,AllPub,Inside,Gtl,Mitchel,Norm,Norm,1Fam,SFoyer,5,8,1972,1972,Gable,CompShg,MetalSd,MetalSd,None,0.0,TA,TA,CBlock,720.0,76.0,796.0,GasA,Gd,Y,SBrkr,796,0,0,796,0.0,1.0,1,0,2,1,TA,4,Typ,0,1998.0,1.0,336.0,Y,138,0,0,0,0,0,0,7,2009,WD ,Normal,131900,0,0,1,0,3,1,2,5,0,2,1,1,5,0,3,,2,3
981,80,RL,62.0,7706,Pave,Reg,Lvl,AllPub,Inside,Gtl,Mitchel,Norm,Norm,1Fam,SLvl,6,5,1993,1996,Gable,CompShg,HdBoard,HdBoard,None,0.0,TA,Gd,CBlock,114.0,270.0,384.0,GasA,Ex,Y,SBrkr,1091,0,0,1091,0.0,1.0,1,0,2,1,TA,5,Typ,0,1993.0,1.0,429.0,Y,280,0,0,0,0,0,700,8,2009,WD ,Normal,131250,0,0,0,1,3,1,2,5,0,5,2,1,1,0,3,,2,3
982,85,RL,68.0,9101,Pave,IR1,Lvl,AllPub,Corner,Gtl,Mitchel,Norm,Norm,1Fam,SFoyer,5,6,1978,1978,Gable,CompShg,Plywood,Plywood,BrkFace,104.0,TA,Gd,PConc,1097.0,0.0,1097.0,GasA,Ex,Y,SBrkr,1110,0,0,1110,1.0,0.0,1,0,1,1,Gd,4,Typ,1,1978.0,2.0,602.0,Y,303,30,0,0,0,0,0,7,2009,WD ,Normal,165500,0,0,0,0,1,1,2,5,0,2,6,1,1,1,5,,2,1
983,20,RL,68.0,8780,Pave,IR1,Lvl,AllPub,Corner,Gtl,Mitchel,Norm,Norm,1Fam,1Story,5,5,1985,1985,Gable,CompShg,HdBoard,Plywood,None,0.0,TA,TA,CBlock,625.0,0.0,833.0,GasA,Ex,Y,SBrkr,833,0,0,833,1.0,0.0,1,0,3,1,TA,5,Typ,0,0.0,0.0,0.0,Y,0,0,0,0,0,0,0,3,2009,WD ,Normal,112000,0,0,1,0,3,1,5,5,3,0,6,0,6,0,3,,5,3
984,85,RL,70.0,7669,Pave,Reg,Lvl,AllPub,Inside,Gtl,Mitchel,Norm,Norm,1Fam,SFoyer,5,6,1992,1993,Gable,CompShg,HdBoard,Wd Shng,None,0.0,TA,TA,PConc,718.0,110.0,828.0,GasA,TA,Y,SBrkr,883,0,0,883,1.0,0.0,1,0,2,1,TA,5,Typ,1,1998.0,2.0,698.0,Y,100,32,0,0,0,0,0,6,2009,WD ,Normal,149000,0,0,1,0,3,1,2,5,0,2,3,1,5,1,1,,2,3
985,50,RL,85.0,14115,Pave,IR1,Lvl,AllPub,Inside,Gtl,Mitchel,Norm,Norm,1Fam,1.5Fin,5,5,1993,1995,Gable,CompShg,VinylSd,VinylSd,None,0.0,TA,TA,Wood,732.0,0.0,796.0,GasA,Ex,Y,SBrkr,796,566,0,1362,1.0,0.0,1,1,1,1,TA,5,Typ,0,1993.0,2.0,480.0,Y,40,30,0,320,0,0,700,10,2009,WD ,Normal,143000,0,0,1,1,3,1,2,5,3,2,6,1,1,0,3,,2,3
986,60,RL,62.0,10429,Pave,Reg,Lvl,AllPub,Inside,Gtl,Mitchel,Norm,Norm,1Fam,2Story,5,5,1992,1992,Gable,CompShg,HdBoard,Wd Shng,None,0.0,TA,TA,PConc,330.0,0.0,624.0,GasA,TA,Y,SBrkr,624,663,0,1287,0.0,0.0,1,1,3,1,TA,6,Typ,0,2001.0,2.0,440.0,Y,150,0,0,0,0,0,0,7,2009,WD ,Normal,130000,0,0,0,0,3,1,2,5,3,0,6,1,5,0,3,,2,3
987,20,RL,68.0,9819,Pave,IR1,Lvl,AllPub,Inside,Mod,Mitchel,Norm,Norm,1Fam,1Story,6,5,1977,1977,Gable,CompShg,Plywood,ImStucc,None,0.0,TA,TA,PConc,1567.0,0.0,1567.0,GasA,TA,Y,SBrkr,1567,0,0,1567,1.0,0.0,2,0,2,1,Gd,5,Typ,2,1977.0,2.0,714.0,Y,264,32,0,0,0,0,0,5,2009,WD ,Normal,196000,0,0,0,0,3,1,5,5,1,0,6,1,1,1,5,,5,3
988,60,RL,70.0,10457,Pave,IR1,Lvl,AllPub,Inside,Mod,Mitchel,Norm,Norm,1Fam,2Story,5,7,1969,1969,Gable,CompShg,VinylSd,VinylSd,BrkFace,178.0,Gd,Ex,CBlock,496.0,288.0,784.0,GasA,Ex,Y,SBrkr,784,848,0,1632,0.0,0.0,1,1,4,1,TA,7,Typ,1,1969.0,2.0,898.0,Y,0,173,368,0,0,0,0,4,2009,WD ,Normal,173000,0,0,1,0,1,1,5,5,1,1,3,1,1,1,5,,5,1
989,20,RL,87.0,11029,Pave,IR1,Lvl,AllPub,Corner,Gtl,NAmes,Norm,Norm,1Fam,1Story,6,8,1958,2002,Hip,CompShg,MetalSd,MetalSd,None,0.0,Ex,TA,CBlock,528.0,411.0,1184.0,GasA,Ex,Y,SBrkr,1414,0,0,1414,1.0,0.0,1,0,3,1,TA,6,Min1,1,1990.0,2.0,601.0,Y,0,51,0,0,190,0,0,5,2008,WD ,Normal,176500,0,0,0,0,3,1,2,5,3,0,1,1,1,1,5,,2,3
990,20,RL,68.0,12925,Pave,IR1,Lvl,AllPub,Corner,Gtl,NAmes,Norm,Norm,1Fam,1Story,6,7,1970,1970,Gable,CompShg,BrkFace,Plywood,None,0.0,TA,TA,CBlock,865.0,0.0,1205.0,GasA,Ex,Y,SBrkr,2117,0,0,2117,0.0,0.0,2,1,4,1,TA,7,Typ,2,1970.0,2.0,550.0,Y,0,42,0,0,0,0,0,5,2008,WD ,Normal,237500,0,0,0,0,3,1,5,5,2,1,6,1,1,1,2,,5,3
991,60,RL,85.0,11075,Pave,Reg,Lvl,AllPub,Inside,Gtl,NAmes,Norm,Norm,1Fam,2Story,6,5,1969,1969,Gable,CompShg,HdBoard,HdBoard,None,0.0,TA,TA,CBlock,500.0,276.0,952.0,GasA,TA,Y,SBrkr,1092,1020,0,2112,0.0,0.0,2,1,4,1,TA,9,Typ,2,1969.0,2.0,576.0,Y,280,0,0,0,0,0,0,6,2008,WD ,Normal,206900,0,0,0,0,3,1,1,5,2,0,3,1,1,1,2,,1,3
992,60,RL,72.0,8702,Pave,IR1,Lvl,AllPub,Inside,Gtl,Gilbert,Norm,Norm,1Fam,2Story,6,5,1997,1998,Gable,CompShg,VinylSd,VinylSd,None,0.0,TA,TA,PConc,706.0,0.0,926.0,GasA,Ex,Y,SBrkr,926,678,0,1604,0.0,0.0,2,1,3,1,TA,7,Typ,1,1997.0,2.0,470.0,Y,0,36,0,0,0,0,0,4,2008,WD ,Normal,187500,0,0,0,0,3,1,5,5,3,1,6,1,1,1,5,,5,3
993,60,RL,65.0,8139,Pave,Reg,Lvl,AllPub,Inside,Gtl,Gilbert,Norm,Norm,1Fam,2Story,6,5,1995,1996,Gable,CompShg,VinylSd,VinylSd,BrkFace,119.0,TA,TA,PConc,476.0,0.0,680.0,GasA,Gd,Y,SBrkr,680,790,0,1470,0.0,0.0,2,1,3,1,TA,7,Typ,1,1995.0,2.0,420.0,Y,192,49,0,0,0,0,0,10,2008,WD ,Normal,165000,0,0,0,0,1,1,2,5,3,0,6,1,3,1,5,,2,1
994,60,RL,59.0,9535,Pave,IR1,Lvl,AllPub,Inside,Gtl,Gilbert,Norm,Norm,1Fam,2Story,6,5,1998,1998,Gable,CompShg,VinylSd,VinylSd,None,0.0,TA,TA,PConc,851.0,0.0,926.0,GasA,Ex,Y,SBrkr,926,678,0,1604,0.0,0.0,2,1,3,1,TA,7,Typ,0,1998.0,2.0,472.0,Y,100,82,0,0,0,0,0,5,2008,WD ,Normal,195500,0,0,0,0,3,1,2,5,1,2,6,1,1,0,3,,2,3
995,60,RL,59.0,9042,Pave,IR1,Lvl,AllPub,Inside,Gtl,Gilbert,Norm,Norm,1Fam,2Story,6,5,1998,1998,Gable,CompShg,VinylSd,VinylSd,None,0.0,TA,TA,PConc,828.0,0.0,943.0,GasA,Gd,Y,SBrkr,943,695,0,1638,1.0,0.0,2,1,3,1,TA,7,Typ,2,1998.0,2.0,472.0,Y,100,38,0,0,0,0,0,7,2008,WD ,Normal,192000,0,0,0,0,3,1,2,5,1,2,6,1,1,1,5,,2,3
996,60,RL,68.0,15038,Pave,IR2,Lvl,AllPub,Corner,Gtl,Gilbert,Norm,Norm,1Fam,2Story,6,5,1996,1996,Gable,CompShg,HdBoard,HdBoard,None,0.0,TA,TA,PConc,138.0,0.0,916.0,GasA,Gd,Y,SBrkr,916,720,0,1636,0.0,0.0,2,1,3,1,TA,7,Typ,1,1996.0,2.0,386.0,Y,168,84,0,0,0,0,0,11,2008,WD ,Normal,173000,0,0,0,0,3,1,2,5,3,5,6,1,1,1,5,,2,3
997,20,RL,53.0,14137,Pave,IR1,Lvl,AllPub,Inside,Gtl,Gilbert,Norm,Norm,1Fam,1Story,5,5,1996,1997,Gable,CompShg,HdBoard,HdBoard,None,0.0,Gd,TA,PConc,450.0,0.0,1348.0,GasA,Gd,Y,SBrkr,1384,0,0,1384,1.0,0.0,2,0,3,1,Gd,7,Typ,0,1996.0,2.0,404.0,Y,0,39,0,0,0,0,0,11,2008,WD ,Normal,177900,0,0,0,0,3,1,2,5,3,2,6,1,1,0,3,,2,3
998,60,RL,57.0,21872,Pave,IR2,HLS,AllPub,FR2,Gtl,Gilbert,Norm,Norm,1Fam,2Story,7,5,1996,1997,Gable,CompShg,HdBoard,HdBoard,None,0.0,TA,TA,PConc,604.0,0.0,729.0,GasA,Ex,Y,SBrkr,729,717,0,1446,0.0,1.0,2,1,3,1,TA,6,Typ,1,1996.0,2.0,406.0,Y,264,22,0,0,0,0,0,8,2008,WD ,Normal,175000,0,0,0,0,3,1,2,5,1,2,6,1,1,1,5,,2,3
999,120,RL,41.0,4923,Pave,Reg,Lvl,AllPub,Inside,Gtl,StoneBr,Norm,Norm,TwnhsE,1Story,8,5,2001,2002,Gable,CompShg,CemntBd,CmentBd,None,0.0,Gd,TA,PConc,1153.0,0.0,1593.0,GasA,Ex,Y,SBrkr,1593,0,0,1593,1.0,0.0,1,1,0,1,Ex,5,Typ,1,2001.0,2.0,682.0,Y,0,120,0,0,224,0,0,8,2008,WD ,Normal,286000,0,0,0,0,3,1,0,5,0,2,6,1,1,1,2,,0,3
1000,120,RL,45.0,6264,Pave,IR1,Lvl,AllPub,Corner,Gtl,StoneBr,Norm,Norm,1Fam,1Story,8,5,1997,1997,Gable,CompShg,CemntBd,CmentBd,None,0.0,Gd,TA,PConc,656.0,0.0,1664.0,GasA,Ex,Y,SBrkr,1682,0,0,1682,1.0,0.0,1,1,1,1,Gd,6,Min1,1,1997.0,2.0,528.0,Y,0,0,0,0,0,0,0,7,2008,WD ,Normal,247900,0,0,0,0,3,1,0,5,2,2,6,1,1,1,5,,0,3
1001,120,RL,41.0,5395,Pave,IR1,HLS,AllPub,Inside,Gtl,StoneBr,Norm,Norm,TwnhsE,1Story,8,5,1993,1993,Gable,CompShg,HdBoard,HdBoard,None,0.0,Gd,TA,PConc,733.0,0.0,1337.0,GasA,Gd,Y,SBrkr,1337,0,0,1337,1.0,0.0,2,0,2,1,Gd,5,Typ,1,1993.0,2.0,462.0,Y,96,0,70,168,0,0,0,10,2008,WD ,Normal,180000,0,0,0,0,3,1,2,5,3,2,6,1,1,1,5,,2,3
1002,120,RL,39.0,5070,Pave,IR1,HLS,AllPub,Inside,Gtl,StoneBr,Norm,Norm,TwnhsE,1Story,8,5,1992,1992,Gable,CompShg,HdBoard,HdBoard,None,0.0,Gd,TA,PConc,0.0,0.0,1280.0,GasA,Ex,Y,SBrkr,1280,0,0,1280,0.0,0.0,2,0,2,1,Gd,5,Typ,0,1992.0,2.0,506.0,Y,0,82,0,0,144,0,0,8,2008,WD ,Normal,180000,0,0,0,0,3,1,2,5,2,6,6,1,1,0,3,,2,3
1003,60,RL,100.0,10839,Pave,IR1,Lvl,AllPub,Corner,Gtl,Gilbert,Norm,Norm,1Fam,2Story,6,5,1997,1998,Gable,CompShg,VinylSd,VinylSd,None,0.0,TA,TA,PConc,0.0,0.0,926.0,GasA,Ex,Y,SBrkr,926,678,0,1604,0.0,0.0,2,1,3,1,TA,7,Typ,1,1997.0,2.0,470.0,Y,0,36,0,0,0,0,0,7,2008,WD ,Normal,181000,0,0,0,0,3,1,2,5,3,6,6,1,1,1,5,,2,3
1004,60,RL,73.0,11184,Pave,IR1,Lvl,AllPub,Corner,Gtl,Gilbert,Norm,Norm,1Fam,2Story,6,5,1998,1998,Gable,CompShg,VinylSd,VinylSd,None,0.0,TA,TA,PConc,0.0,0.0,932.0,GasA,Gd,Y,SBrkr,932,701,0,1633,0.0,0.0,2,1,3,1,TA,7,Typ,1,1998.0,2.0,460.0,Y,0,39,0,0,0,0,0,4,2008,WD ,Family,183000,0,0,0,0,3,1,2,5,3,6,6,1,1,1,5,,2,3
1005,60,RL,68.0,8000,Pave,Reg,Lvl,AllPub,Inside,Gtl,Gilbert,Norm,Norm,1Fam,2Story,6,5,1995,1996,Gable,CompShg,HdBoard,HdBoard,None,0.0,TA,TA,PConc,219.0,0.0,773.0,GasA,Gd,Y,SBrkr,773,885,0,1658,1.0,0.0,2,1,3,1,TA,8,Typ,1,1995.0,2.0,431.0,Y,224,84,0,0,0,0,0,6,2008,WD ,Normal,188000,0,0,0,0,3,1,2,5,3,2,6,1,1,1,5,,2,3
1006,60,RL,68.0,10832,Pave,IR1,Lvl,AllPub,Corner,Gtl,Gilbert,Norm,Norm,1Fam,2Story,7,5,1994,1996,Gable,CompShg,MetalSd,MetalSd,None,0.0,Gd,TA,PConc,0.0,0.0,712.0,GasA,Ex,Y,SBrkr,1086,809,0,1895,0.0,0.0,2,1,3,1,Gd,7,Typ,1,1994.0,2.0,409.0,Y,143,46,0,0,0,0,500,10,2008,WD ,Normal,194500,0,0,0,1,3,1,2,5,3,6,6,1,1,1,5,,2,3
1007,60,RL,68.0,14067,Pave,Reg,Lvl,AllPub,FR3,Gtl,Gilbert,Norm,Norm,1Fam,2Story,6,5,1991,1991,Gable,CompShg,HdBoard,HdBoard,BrkFace,194.0,TA,TA,PConc,504.0,0.0,836.0,GasA,Gd,Y,SBrkr,851,858,0,1709,1.0,0.0,2,1,3,1,Gd,7,Typ,0,1991.0,2.0,416.0,Y,0,40,0,0,0,0,0,9,2008,WD ,Normal,185000,0,0,1,0,1,1,2,5,3,0,6,1,1,0,3,,2,1
1008,120,RL,40.0,4671,Pave,IR1,HLS,AllPub,Inside,Gtl,StoneBr,Norm,Norm,TwnhsE,1Story,8,5,1988,1989,Gable,CompShg,HdBoard,HdBoard,None,0.0,Gd,TA,PConc,767.0,0.0,1228.0,GasA,Gd,Y,SBrkr,1228,0,0,1228,1.0,0.0,2,0,2,1,Gd,5,Typ,1,1988.0,2.0,472.0,Y,168,120,0,0,0,0,0,10,2008,WD ,Normal,189000,0,0,0,0,3,1,2,5,2,2,6,1,1,1,2,,2,3
1009,120,RL,65.0,5950,Pave,IR1,HLS,AllPub,Inside,Mod,StoneBr,Norm,Norm,TwnhsE,1Story,8,5,1989,1989,Gable,CompShg,HdBoard,HdBoard,None,0.0,Gd,TA,PConc,319.0,0.0,1337.0,GasA,Gd,Y,SBrkr,1337,0,0,1337,1.0,0.0,2,0,2,1,Gd,5,Typ,1,1989.0,2.0,462.0,Y,0,73,154,0,0,0,0,4,2008,WD ,Normal,188500,0,0,0,0,3,1,2,5,1,2,6,1,1,1,5,,2,3
1010,60,RL,101.0,13543,Pave,IR1,HLS,AllPub,Corner,Gtl,StoneBr,Norm,Norm,1Fam,2Story,8,5,2005,2005,Gable,CompShg,VinylSd,VinylSd,Stone,130.0,Gd,TA,PConc,16.0,0.0,1168.0,GasA,Ex,Y,SBrkr,1168,1332,0,2500,0.0,0.0,3,1,5,1,Ex,9,Typ,1,2005.0,3.0,683.0,Y,192,32,0,0,0,0,0,7,2008,WD ,Normal,355000,0,0,0,0,4,1,0,5,1,2,6,1,3,1,2,,0,4
1011,60,RL,77.0,11198,Pave,IR1,Lvl,AllPub,Inside,Gtl,StoneBr,Norm,Norm,1Fam,2Story,9,5,2005,2007,Hip,CompShg,VinylSd,VinylSd,BrkFace,245.0,Gd,TA,PConc,0.0,0.0,1122.0,GasA,Ex,Y,SBrkr,1134,1370,0,2504,0.0,0.0,2,1,4,1,Ex,11,Typ,1,2005.0,3.0,656.0,Y,144,39,0,0,0,0,0,6,2008,WD ,Normal,325000,0,0,0,0,1,1,2,2,3,6,6,1,3,1,2,,2,1
1012,20,RL,53.0,15401,Pave,IR1,HLS,AllPub,CulDSac,Gtl,StoneBr,Norm,Norm,1Fam,1Story,9,5,2004,2004,Hip,CompShg,VinylSd,VinylSd,BrkFace,296.0,Ex,TA,PConc,1337.0,0.0,1884.0,GasA,Ex,Y,SBrkr,1884,0,0,1884,1.0,0.0,2,0,2,1,Ex,7,Typ,1,2004.0,3.0,670.0,Y,214,76,0,0,0,0,0,9,2008,WD ,Normal,387000,0,0,0,0,1,1,0,5,1,2,6,1,1,1,2,,0,1
1013,20,RL,68.0,31220,Pave,IR1,Bnk,NoSewr,FR2,Gtl,Gilbert,Feedr,Norm,1Fam,1Story,6,2,1952,1952,Hip,CompShg,BrkFace,BrkFace,None,0.0,TA,TA,CBlock,0.0,0.0,1632.0,GasA,TA,Y,FuseA,1474,0,0,1474,0.0,0.0,1,0,3,1,TA,7,Min2,2,1952.0,2.0,495.0,Y,0,0,144,0,0,0,750,5,2008,WD ,Normal,115000,0,0,0,1,3,1,5,5,3,6,6,1,1,1,2,,5,3
1014,120,RL,60.0,8118,Pave,Reg,HLS,AllPub,Inside,Gtl,StoneBr,PosN,PosN,TwnhsE,1Story,9,5,2007,2007,Hip,CompShg,MetalSd,MetalSd,BrkFace,178.0,Ex,TA,PConc,1034.0,0.0,1710.0,GasA,Ex,Y,SBrkr,1710,0,0,1710,1.0,0.0,2,0,2,1,Ex,6,Typ,1,2007.0,2.0,557.0,Y,156,48,0,0,0,0,0,7,2008,WD ,Normal,334000,0,0,0,0,1,1,0,5,1,2,6,1,1,1,2,,0,1
1015,20,RL,68.0,47280,Pave,IR1,Lvl,AllPub,Inside,Gtl,Gilbert,Norm,Norm,1Fam,1Story,6,5,1950,1950,Hip,CompShg,AsbShng,AsbShng,BrkFace,44.0,TA,TA,CBlock,0.0,0.0,1488.0,GasA,Gd,Y,SBrkr,1488,0,0,1488,0.0,0.0,2,1,3,1,TA,6,Typ,1,1950.0,2.0,738.0,Y,0,0,180,0,0,0,0,7,2008,WD ,Family,133000,0,0,0,0,1,1,5,5,3,6,6,1,1,1,5,,5,1
1016,60,RL,46.0,20544,Pave,IR1,Lvl,AllPub,CulDSac,Gtl,NWAmes,Norm,Norm,1Fam,2Story,7,6,1986,1991,Gable,CompShg,Plywood,Plywood,BrkFace,123.0,TA,Gd,CBlock,0.0,0.0,791.0,GasA,Gd,Y,SBrkr,1236,857,0,2093,0.0,0.0,2,1,3,1,TA,7,Typ,1,1986.0,2.0,542.0,Y,364,63,0,0,0,0,0,11,2008,WD ,Normal,215000,0,0,1,0,1,1,2,5,3,6,6,1,1,1,5,,2,1
1017,20,RL,63.0,12680,Pave,IR1,Lvl,AllPub,Inside,Gtl,NWAmes,Norm,Norm,1Fam,1Story,7,6,1988,1988,Gable,CompShg,Plywood,Wd Sdng,BrkFace,102.0,Gd,TA,CBlock,983.0,0.0,1675.0,GasA,Ex,Y,SBrkr,1688,0,0,1688,1.0,0.0,2,0,2,1,Ex,6,Typ,1,1988.0,2.0,528.0,Y,0,48,0,0,141,0,0,6,2008,WD ,Normal,226500,0,0,0,0,1,1,2,2,2,2,6,1,1,1,0,,2,1
1018,20,RL,78.0,12090,Pave,IR1,Lvl,AllPub,Inside,Gtl,NWAmes,Norm,Norm,1Fam,1Story,6,6,1981,1981,Gable,CompShg,MetalSd,MetalSd,BrkFace,210.0,TA,Gd,CBlock,588.0,228.0,1422.0,GasA,TA,Y,SBrkr,1422,0,0,1422,0.0,0.0,2,0,3,1,Gd,7,Typ,1,1981.0,2.0,576.0,Y,276,0,0,0,0,0,0,6,2008,WD ,Normal,175500,0,0,1,0,1,1,2,5,3,2,3,1,1,1,5,,2,1
1019,20,RL,68.0,10825,Pave,IR1,Lvl,AllPub,Inside,Gtl,NWAmes,Norm,Norm,1Fam,1Story,7,7,1983,1983,Gable,CompShg,WdShing,Plywood,BrkFace,174.0,Gd,TA,CBlock,747.0,0.0,1260.0,GasA,TA,Y,SBrkr,1260,0,0,1260,1.0,0.0,2,0,3,1,TA,6,Typ,0,1983.0,2.0,598.0,Y,152,0,0,0,0,0,0,7,2008,WD ,Normal,181900,0,0,0,0,1,1,2,5,2,2,6,1,1,0,3,,2,1
1020,20,RL,56.0,18559,Pave,IR1,Lvl,AllPub,CulDSac,Gtl,NWAmes,Norm,Norm,1Fam,1Story,7,5,1978,1978,Hip,CompShg,Plywood,Plywood,BrkFace,383.0,Gd,Gd,CBlock,1206.0,186.0,2048.0,GasA,TA,Y,SBrkr,2064,0,0,2064,1.0,0.0,2,0,3,1,Gd,7,Typ,2,1978.0,2.0,550.0,Y,200,0,0,0,0,0,0,8,2008,WD ,Normal,235000,0,0,0,0,1,1,2,5,3,2,5,1,1,1,1,,2,1
1021,20,RL,85.0,14450,Pave,Reg,Lvl,AllPub,Inside,Gtl,NWAmes,Norm,Norm,1Fam,1Story,7,5,1979,1979,Hip,CompShg,Plywood,Plywood,BrkFace,194.0,Gd,TA,CBlock,864.0,449.0,1782.0,GasA,TA,Y,SBrkr,1782,0,0,1782,0.0,1.0,2,0,3,1,Gd,6,Typ,1,1979.0,2.0,551.0,Y,467,0,0,0,0,0,0,3,2008,WD ,Normal,220000,0,0,0,0,1,1,2,1,3,0,3,1,1,1,5,,2,1
1022,60,RL,68.0,12227,Pave,IR1,Lvl,AllPub,Corner,Gtl,NWAmes,PosN,Norm,1Fam,2Story,6,7,1977,1995,Gable,CompShg,HdBoard,HdBoard,BrkFace,424.0,TA,Gd,CBlock,896.0,0.0,1330.0,GasA,TA,Y,SBrkr,1542,1330,0,2872,1.0,0.0,2,1,4,1,TA,11,Typ,1,1977.0,2.0,619.0,Y,550,282,0,0,0,0,0,7,2008,WD ,Normal,272000,0,0,0,0,1,1,2,2,3,0,6,1,1,1,5,,2,1
1023,20,RL,90.0,13068,Pave,Reg,Lvl,AllPub,Corner,Gtl,NWAmes,Norm,Norm,1Fam,1Story,6,5,1976,1976,Hip,CompShg,HdBoard,HdBoard,BrkFace,621.0,TA,TA,PConc,890.0,48.0,1211.0,GasA,TA,Y,SBrkr,1211,0,0,1211,1.0,0.0,2,0,3,1,Gd,6,Typ,1,1976.0,2.0,461.0,Y,0,0,0,174,0,0,0,11,2008,WD ,Normal,161000,0,0,1,0,1,1,2,5,3,0,5,1,1,1,4,,2,1
1024,20,RL,68.0,15611,Pave,IR1,Lvl,AllPub,Corner,Gtl,NWAmes,Norm,Norm,1Fam,1Story,5,6,1977,1977,Gable,CompShg,VinylSd,VinylSd,None,0.0,TA,TA,PConc,767.0,93.0,1126.0,GasA,TA,Y,SBrkr,1126,0,0,1126,0.0,1.0,2,0,3,1,Ex,6,Typ,0,1977.0,2.0,540.0,Y,180,0,0,0,0,0,0,3,2008,WD ,Abnorml,175000,0,0,0,0,3,1,2,5,0,0,3,1,1,0,3,,2,3
1025,60,RL,80.0,10400,Pave,Reg,Lvl,AllPub,Inside,Gtl,NWAmes,Norm,Norm,1Fam,2Story,7,6,1980,1988,Gable,CompShg,HdBoard,HdBoard,BrkFace,280.0,TA,TA,CBlock,0.0,0.0,738.0,GasA,TA,Y,SBrkr,1277,767,0,2044,0.0,0.0,2,1,3,1,TA,7,Min1,1,1980.0,2.0,489.0,Y,28,73,0,0,0,0,0,3,2008,WD ,Normal,185000,0,0,0,0,1,1,2,5,2,6,6,1,1,1,5,,2,1
1026,60,RL,75.0,9743,Pave,Reg,Lvl,AllPub,Inside,Gtl,NWAmes,Norm,Norm,1Fam,2Story,5,6,1969,1969,Gable,CompShg,VinylSd,VinylSd,None,0.0,TA,TA,CBlock,280.0,0.0,720.0,GasA,Gd,Y,SBrkr,720,588,0,1308,0.0,0.0,1,1,3,1,TA,7,Typ,0,1969.0,2.0,484.0,Y,0,0,0,0,0,0,0,6,2008,WD ,Normal,146900,0,0,0,0,3,1,5,1,3,1,6,1,5,0,3,,5,3
1027,60,RL,68.0,12511,Pave,IR1,Lvl,AllPub,Corner,Gtl,NWAmes,Norm,Norm,1Fam,2Story,7,7,1978,1978,Mansard,WdShake,Plywood,Plywood,BrkFace,168.0,Gd,TA,PConc,988.0,0.0,1420.0,GasA,Ex,Y,SBrkr,1420,1420,0,2840,0.0,1.0,2,1,4,1,Gd,8,Min2,2,1978.0,4.0,1314.0,Y,0,16,0,0,208,0,0,12,2008,WD ,Normal,292500,0,0,1,0,1,1,2,5,3,0,6,1,1,1,2,,2,1
1028,20,RL,104.0,11361,Pave,Reg,Lvl,AllPub,Inside,Gtl,NWAmes,Norm,Norm,1Fam,1Story,6,5,1976,1976,Gable,CompShg,Plywood,Plywood,BrkFace,160.0,TA,TA,CBlock,644.0,0.0,1193.0,GasA,TA,Y,SBrkr,1523,0,0,1523,0.0,1.0,2,0,3,1,TA,7,Typ,1,1976.0,2.0,478.0,Y,0,0,0,0,189,0,0,5,2008,COD,Abnorml,180000,0,0,1,0,1,1,2,5,3,0,6,1,1,1,5,,2,1
1029,20,RL,80.0,10400,Pave,Reg,Lvl,AllPub,Inside,Gtl,NWAmes,Norm,Norm,1Fam,1Story,6,5,1976,1976,Gable,CompShg,HdBoard,HdBoard,BrkFace,120.0,TA,TA,CBlock,0.0,0.0,1444.0,GasA,TA,Y,SBrkr,1444,0,0,1444,0.0,0.0,2,0,2,1,TA,5,Typ,1,1976.0,2.0,473.0,Y,0,24,0,0,0,0,0,4,2008,WD ,Normal,159900,0,0,1,0,1,1,5,5,3,6,6,1,1,1,2,,5,1
1030,60,RL,80.0,10480,Pave,Reg,Lvl,AllPub,Inside,Gtl,NWAmes,Norm,Norm,1Fam,2Story,7,6,1976,1976,Hip,CompShg,Plywood,Plywood,BrkFace,660.0,TA,TA,CBlock,403.0,0.0,803.0,GasA,TA,Y,SBrkr,1098,866,0,1964,0.0,0.0,2,1,4,1,TA,8,Typ,1,1976.0,2.0,483.0,Y,0,69,0,0,0,0,0,9,2008,WD ,Normal,205000,0,0,0,0,1,1,5,5,3,0,6,1,1,1,2,,5,1
1031,20,RL,80.0,10000,Pave,Reg,Lvl,AllPub,Inside,Gtl,NWAmes,Norm,Norm,1Fam,1Story,5,6,1973,2000,Gable,CompShg,HdBoard,HdBoard,None,0.0,TA,TA,CBlock,1084.0,0.0,1176.0,GasA,Gd,Y,SBrkr,1178,0,0,1178,0.0,1.0,1,1,3,1,Gd,5,Typ,1,1973.0,2.0,439.0,Y,224,0,0,0,0,0,0,11,2008,WD ,Normal,157000,0,0,1,0,3,1,2,5,3,1,6,1,1,1,1,,2,3
1032,60,RL,68.0,14311,Pave,IR1,Lvl,AllPub,FR3,Gtl,NWAmes,Norm,Norm,1Fam,2Story,8,5,1996,1996,Gable,CompShg,VinylSd,VinylSd,BrkFace,402.0,Gd,TA,PConc,1023.0,0.0,1236.0,GasA,Ex,Y,SBrkr,1236,1104,0,2340,1.0,0.0,2,1,4,1,Gd,9,Typ,1,1996.0,3.0,787.0,Y,192,180,218,0,0,0,0,6,2008,WD ,Normal,306000,0,0,1,0,1,1,2,5,3,2,6,1,1,1,2,,2,1
1033,90,RL,60.0,9000,Pave,Reg,Lvl,AllPub,FR2,Gtl,NAmes,Norm,Norm,Duplex,2Story,5,5,1974,1974,Gable,CompShg,VinylSd,VinylSd,None,0.0,TA,TA,CBlock,0.0,0.0,896.0,GasA,TA,Y,SBrkr,896,896,0,1792,0.0,0.0,2,2,4,2,TA,8,Typ,0,1982.0,2.0,480.0,Y,0,45,0,0,0,0,0,6,2008,WD ,Normal,133000,0,0,0,0,3,1,2,5,2,6,6,1,5,0,3,,2,3
1034,20,RL,65.0,9750,Pave,Reg,Lvl,AllPub,FR2,Gtl,NAmes,Norm,Norm,1Fam,1Story,6,8,1969,1969,Gable,CompShg,HdBoard,HdBoard,None,0.0,TA,TA,CBlock,602.0,438.0,1054.0,GasA,Gd,Y,SBrkr,1054,0,0,1054,1.0,0.0,1,1,3,1,TA,6,Typ,0,1969.0,2.0,460.0,Y,180,0,0,0,80,0,0,7,2008,WD ,Normal,151000,0,0,0,0,3,1,2,5,3,0,3,1,1,0,3,,2,3
1035,20,RL,68.0,10295,Pave,Reg,Lvl,AllPub,FR2,Gtl,NAmes,Norm,Norm,1Fam,1Story,4,6,1969,1969,Gable,CompShg,HdBoard,HdBoard,BrkFace,72.0,TA,TA,CBlock,252.0,0.0,936.0,GasA,TA,Y,SBrkr,936,0,0,936,0.0,0.0,1,0,2,1,TA,4,Typ,0,1969.0,1.0,288.0,Y,16,0,0,0,0,0,0,9,2008,COD,Normal,111900,0,0,0,0,1,1,2,5,2,5,6,1,1,0,3,,2,1
1036,20,RL,63.0,7560,Pave,Reg,Lvl,AllPub,Inside,Gtl,NAmes,Norm,Norm,1Fam,1Story,5,5,1971,1971,Hip,CompShg,MetalSd,MetalSd,None,0.0,TA,TA,CBlock,119.0,613.0,864.0,GasA,TA,Y,SBrkr,864,0,0,864,1.0,0.0,1,0,3,1,TA,5,Typ,0,1977.0,2.0,576.0,Y,0,0,0,0,0,0,0,5,2008,WD ,Normal,123000,0,0,0,0,3,1,2,5,3,5,0,1,5,0,3,,2,3
1037,20,RL,68.0,12735,Pave,IR1,Lvl,AllPub,FR2,Gtl,NAmes,Norm,Norm,1Fam,1Story,4,5,1972,1972,Hip,CompShg,MetalSd,MetalSd,None,0.0,TA,TA,CBlock,600.0,0.0,864.0,GasA,TA,Y,SBrkr,864,0,0,864,0.0,0.0,1,0,3,1,TA,5,Typ,0,1980.0,2.0,576.0,Y,216,0,0,0,0,0,0,4,2008,COD,Normal,111250,0,0,1,0,3,1,5,5,3,1,6,1,5,0,3,,5,3
1038,120,RH,34.0,4060,Pave,Reg,Lvl,AllPub,Inside,Gtl,NAmes,Norm,Norm,TwnhsE,1Story,6,5,1998,1999,Gable,CompShg,MetalSd,MetalSd,None,0.0,Gd,TA,PConc,266.0,0.0,1405.0,GasA,Ex,Y,SBrkr,1337,0,0,1337,1.0,0.0,2,0,2,1,Gd,5,Typ,0,1998.0,2.0,511.0,Y,144,68,0,0,0,0,0,8,2008,COD,Abnorml,181000,0,0,0,0,3,1,2,5,3,2,6,1,1,0,3,,2,3
1039,160,RM,21.0,1680,Pave,Reg,Lvl,AllPub,Inside,Gtl,BrDale,Norm,Norm,Twnhs,2Story,6,5,1973,1973,Gable,CompShg,HdBoard,HdBoard,BrkFace,359.0,TA,TA,CBlock,458.0,0.0,483.0,GasA,TA,Y,SBrkr,483,504,0,987,0.0,1.0,1,1,2,1,TA,5,Typ,0,1973.0,1.0,264.0,Y,52,0,0,0,0,0,0,2,2008,WD ,Normal,103400,0,0,0,0,1,1,5,5,3,3,6,1,5,0,3,,5,1
1040,160,RM,21.0,1680,Pave,Reg,Lvl,AllPub,Inside,Gtl,BrDale,Norm,Norm,Twnhs,2Story,6,5,1973,1973,Gable,CompShg,HdBoard,HdBoard,BrkFace,158.0,TA,TA,CBlock,330.0,0.0,483.0,GasA,TA,Y,SBrkr,483,504,0,987,1.0,0.0,1,1,2,1,TA,5,Typ,0,1973.0,1.0,264.0,Y,0,0,0,0,0,0,0,11,2008,WD ,Normal,100000,0,0,0,0,1,1,5,5,3,1,6,1,5,0,3,,5,1
1041,160,RM,21.0,1890,Pave,Reg,Lvl,AllPub,Inside,Gtl,BrDale,Norm,Norm,Twnhs,2Story,6,6,1972,1972,Gable,CompShg,HdBoard,HdBoard,BrkFace,422.0,TA,TA,CBlock,483.0,0.0,483.0,GasA,Gd,Y,SBrkr,483,504,0,987,0.0,0.0,1,1,2,1,TA,5,Typ,0,1975.0,1.0,352.0,Y,411,0,0,0,0,0,0,4,2008,WD ,Normal,100500,0,0,0,0,1,1,5,5,3,3,6,1,5,0,3,,5,1
1042,160,RM,21.0,1869,Pave,Reg,Lvl,AllPub,Inside,Gtl,BrDale,Norm,Norm,Twnhs,2Story,6,6,1970,1970,Gable,CompShg,HdBoard,HdBoard,BrkFace,127.0,TA,TA,CBlock,321.0,0.0,483.0,GasA,TA,Y,SBrkr,483,504,0,987,0.0,0.0,1,1,2,1,TA,5,Typ,0,1987.0,1.0,280.0,Y,0,0,0,0,0,0,0,9,2008,WD ,Normal,106000,0,0,0,0,1,1,5,5,3,5,6,1,5,0,3,,5,1
1043,160,RM,21.0,1680,Pave,Reg,Lvl,AllPub,Inside,Gtl,BrDale,Norm,Norm,Twnhs,2Story,6,5,1971,1971,Gable,CompShg,HdBoard,HdBoard,BrkFace,232.0,TA,TA,CBlock,387.0,0.0,483.0,GasA,TA,Y,SBrkr,483,504,0,987,0.0,0.0,1,1,2,1,TA,4,Typ,0,1971.0,1.0,264.0,Y,0,0,0,0,0,0,0,7,2008,COD,Abnorml,85400,0,0,0,0,1,1,5,5,3,0,6,1,5,0,3,,5,1
1044,160,RM,21.0,1680,Pave,Reg,Lvl,AllPub,Inside,Gtl,BrDale,Norm,Norm,TwnhsE,2Story,6,3,1971,1971,Gable,CompShg,HdBoard,HdBoard,BrkFace,604.0,TA,TA,CBlock,358.0,0.0,483.0,GasA,TA,Y,SBrkr,483,504,0,987,0.0,0.0,1,1,2,1,TA,5,Typ,0,1971.0,1.0,264.0,Y,0,0,0,0,0,0,0,8,2008,WD ,Normal,89500,0,0,0,0,1,1,5,5,3,0,6,1,5,0,3,,5,1
1045,160,RM,21.0,1680,Pave,Reg,Lvl,AllPub,Inside,Gtl,BrDale,Norm,Norm,Twnhs,2Story,5,5,1972,1972,Gable,CompShg,HdBoard,HdBoard,BrkFace,356.0,TA,TA,CBlock,350.0,0.0,630.0,GasA,TA,Y,SBrkr,630,672,0,1302,0.0,0.0,2,1,3,1,TA,6,Typ,0,1972.0,1.0,264.0,Y,0,0,0,0,0,0,0,12,2008,WD ,Normal,111750,0,0,0,0,1,1,5,5,3,5,6,1,5,0,3,,5,1
1046,120,RL,53.0,4043,Pave,Reg,Lvl,AllPub,Inside,Gtl,NPkVill,Norm,Norm,TwnhsE,1Story,6,6,1977,1977,Gable,CompShg,Plywood,Plywood,None,0.0,TA,TA,CBlock,559.0,0.0,1069.0,GasA,TA,Y,SBrkr,1069,0,0,1069,0.0,0.0,2,0,2,1,TA,4,Typ,0,1977.0,2.0,440.0,Y,0,55,0,0,200,0,0,10,2008,COD,Abnorml,140000,0,0,0,0,3,1,2,5,3,0,6,1,1,0,3,,2,3
1047,160,RL,24.0,2308,Pave,Reg,Lvl,AllPub,FR2,Gtl,NPkVill,Norm,Norm,TwnhsE,2Story,6,6,1975,1975,Gable,CompShg,Plywood,Brk Cmn,None,0.0,TA,TA,CBlock,286.0,294.0,855.0,GasA,Gd,Y,SBrkr,855,601,0,1456,0.0,0.0,2,1,4,1,TA,7,Typ,0,1975.0,2.0,460.0,Y,0,0,0,0,0,0,0,5,2008,WD ,Normal,143000,0,0,0,0,3,1,2,5,3,0,3,1,1,0,3,,2,3
1048,120,RL,24.0,2529,Pave,Reg,Lvl,AllPub,Inside,Gtl,NPkVill,Norm,Norm,Twnhs,1Story,7,6,1977,1977,Gable,CompShg,Plywood,Brk Cmn,None,0.0,TA,TA,CBlock,378.0,0.0,1055.0,GasA,Fa,Y,SBrkr,1055,0,0,1055,0.0,0.0,2,0,2,1,TA,4,Typ,0,1977.0,2.0,440.0,Y,0,38,0,0,0,0,0,9,2008,WD ,Normal,148500,0,0,0,0,3,1,2,5,3,0,6,1,1,0,3,,2,3
1049,20,RL,68.0,9477,Pave,Reg,Lvl,AllPub,Corner,Gtl,NAmes,Norm,Norm,1Fam,1Story,5,5,1966,1966,Gable,CompShg,HdBoard,HdBoard,BrkFace,65.0,TA,TA,CBlock,340.0,0.0,864.0,GasA,TA,Y,SBrkr,892,0,0,892,0.0,0.0,1,0,3,1,TA,5,Typ,0,1966.0,1.0,264.0,Y,0,0,0,0,0,0,0,10,2008,WD ,Normal,110000,0,0,1,0,1,1,5,5,3,5,6,1,1,0,3,,5,1
1050,20,RL,96.0,12444,Pave,Reg,Lvl,AllPub,FR2,Gtl,NridgHt,Norm,Norm,1Fam,1Story,8,5,2008,2008,Hip,CompShg,VinylSd,VinylSd,Stone,426.0,Ex,TA,PConc,1336.0,0.0,1932.0,GasA,Ex,Y,SBrkr,1932,0,0,1932,1.0,0.0,2,0,2,1,Ex,7,Typ,1,2008.0,3.0,774.0,Y,0,66,0,304,0,0,0,11,2008,New,Partial,394617,0,0,0,0,4,1,0,5,0,2,6,1,1,1,2,,0,4
1051,60,RL,96.0,12474,Pave,Reg,Lvl,AllPub,Inside,Gtl,NridgHt,Norm,Norm,1Fam,2Story,10,5,2007,2008,Gable,CompShg,VinylSd,VinylSd,Stone,272.0,Ex,TA,PConc,1280.0,0.0,1682.0,GasA,Ex,Y,SBrkr,1742,590,0,2332,1.0,0.0,2,1,3,1,Ex,9,Typ,1,2008.0,3.0,846.0,Y,196,134,0,0,0,0,0,8,2008,New,Partial,426000,0,0,0,0,4,1,0,5,0,2,6,1,3,1,0,,0,4
1052,20,RL,114.0,14803,Pave,Reg,Lvl,AllPub,Inside,Gtl,NridgHt,PosN,PosN,1Fam,1Story,10,5,2007,2008,Hip,CompShg,CemntBd,CmentBd,BrkFace,816.0,Ex,TA,PConc,1636.0,0.0,2078.0,GasA,Ex,Y,SBrkr,2084,0,0,2084,1.0,0.0,2,0,2,1,Ex,7,Typ,1,2007.0,3.0,1220.0,Y,188,45,0,0,0,0,0,6,2008,New,Partial,385000,0,0,0,0,1,1,0,5,0,2,6,1,1,1,2,,0,1
1053,60,RL,67.0,14948,Pave,IR1,Lvl,AllPub,Inside,Gtl,NridgHt,Norm,Norm,1Fam,2Story,9,5,2008,2008,Hip,CompShg,VinylSd,VinylSd,Stone,268.0,Ex,TA,PConc,1330.0,0.0,1452.0,GasA,Ex,Y,SBrkr,1476,1237,0,2713,1.0,0.0,2,1,3,1,Ex,11,Typ,1,2008.0,3.0,858.0,Y,126,66,0,0,0,0,0,11,2008,New,Partial,446261,0,0,0,0,4,1,0,5,0,2,6,1,1,1,2,,0,4
1054,20,RL,98.0,12704,Pave,Reg,Lvl,AllPub,Inside,Gtl,NridgHt,Norm,Norm,1Fam,1Story,8,5,2007,2007,Hip,CompShg,VinylSd,VinylSd,Stone,302.0,Gd,TA,PConc,1012.0,0.0,1582.0,GasA,Ex,Y,SBrkr,1582,0,0,1582,1.0,0.0,2,0,3,1,Gd,7,Typ,0,2007.0,3.0,905.0,Y,209,95,0,0,0,0,0,1,2008,New,Partial,317500,0,0,0,0,4,1,0,5,3,2,6,1,1,0,3,,0,4
1055,20,RL,107.0,13891,Pave,Reg,Lvl,AllPub,Inside,Gtl,NridgHt,Norm,Norm,1Fam,1Story,8,5,2007,2008,Hip,CompShg,VinylSd,VinylSd,Stone,436.0,Gd,TA,PConc,1400.0,0.0,1710.0,GasA,Ex,Y,SBrkr,1710,0,0,1710,1.0,0.0,2,0,2,1,Gd,6,Typ,1,2007.0,3.0,866.0,Y,0,102,0,0,0,0,0,1,2008,New,Partial,372402,0,0,0,0,4,1,0,5,1,2,6,1,1,1,2,,0,4
1056,20,RL,105.0,13693,Pave,Reg,Lvl,AllPub,Inside,Gtl,NridgHt,Norm,Norm,1Fam,1Story,8,5,2007,2007,Hip,CompShg,VinylSd,VinylSd,Stone,554.0,Gd,TA,PConc,1728.0,495.0,2418.0,GasA,Ex,Y,SBrkr,2464,0,0,2464,1.0,0.0,2,1,4,1,Ex,9,Typ,1,2007.0,3.0,650.0,Y,358,78,0,0,0,0,0,8,2008,WD ,Normal,417500,0,0,0,0,4,1,0,5,1,2,1,1,1,1,0,,0,4
1057,20,RL,104.0,14418,Pave,IR1,Lvl,AllPub,Inside,Gtl,NridgHt,Norm,Norm,1Fam,1Story,9,5,2007,2007,Hip,CompShg,VinylSd,VinylSd,BrkFace,480.0,Ex,TA,PConc,1375.0,0.0,1950.0,GasA,Ex,Y,SBrkr,1950,0,0,1950,1.0,0.0,2,0,2,1,Ex,7,Typ,1,2007.0,3.0,706.0,Y,156,207,0,0,0,0,0,5,2008,WD ,Normal,383000,0,0,0,0,1,1,0,5,1,2,6,1,1,1,2,,0,1
1058,60,RL,108.0,13418,Pave,Reg,Lvl,AllPub,Inside,Gtl,NridgHt,Norm,Norm,1Fam,2Story,9,5,2006,2006,Hip,CompShg,VinylSd,VinylSd,BrkFace,270.0,Gd,TA,PConc,1420.0,0.0,1850.0,GasA,Ex,Y,SBrkr,1850,898,0,2748,1.0,0.0,2,1,4,1,Ex,9,Typ,1,2006.0,3.0,850.0,Y,212,182,0,0,0,0,0,10,2008,WD ,Abnorml,390000,0,0,0,0,1,1,0,5,1,2,6,1,3,1,2,,0,1
1059,60,RL,96.0,12539,Pave,Reg,Lvl,AllPub,Inside,Gtl,NridgHt,PosN,Norm,1Fam,2Story,10,5,2005,2006,Hip,CompShg,CemntBd,CmentBd,BrkFace,468.0,Ex,TA,PConc,1082.0,0.0,1620.0,GasA,Ex,Y,SBrkr,1632,1158,0,2790,1.0,0.0,2,1,4,1,Ex,10,Typ,1,2005.0,4.0,1150.0,Y,30,200,0,0,192,0,0,6,2008,WD ,Normal,460000,0,0,0,0,1,1,0,5,1,2,6,1,3,1,0,,0,1
1060,60,RL,102.0,12151,Pave,IR1,Lvl,AllPub,Inside,Gtl,NridgHt,Norm,Norm,1Fam,2Story,9,5,2005,2005,Gable,CompShg,CemntBd,CmentBd,BrkFace,368.0,Gd,TA,PConc,1249.0,0.0,1414.0,GasA,Ex,Y,SBrkr,1414,917,0,2331,1.0,0.0,2,1,3,1,Ex,9,Typ,1,2005.0,3.0,1003.0,Y,192,63,0,0,0,0,0,8,2008,WD ,Normal,379000,0,0,0,0,1,1,0,5,0,2,6,1,3,1,2,,0,1
1061,60,RL,74.0,8899,Pave,Reg,Lvl,AllPub,Inside,Gtl,NridgHt,Norm,Norm,1Fam,2Story,8,5,2007,2007,Hip,CompShg,VinylSd,VinylSd,Stone,108.0,Ex,TA,PConc,40.0,0.0,948.0,GasA,Ex,Y,SBrkr,948,1140,0,2088,0.0,0.0,2,1,4,1,Gd,10,Typ,1,2007.0,3.0,656.0,Y,100,24,0,0,0,0,0,6,2008,WD ,Normal,250000,0,0,0,0,4,1,2,5,0,2,6,1,3,1,2,,2,4
1062,60,RL,85.0,10574,Pave,IR1,Lvl,AllPub,Inside,Gtl,NridgHt,Norm,Norm,1Fam,2Story,8,5,2004,2004,Gable,CompShg,VinylSd,VinylSd,Stone,126.0,Gd,TA,PConc,856.0,0.0,1148.0,GasA,Ex,Y,SBrkr,1170,1162,0,2332,1.0,0.0,2,1,4,1,Ex,9,Typ,1,2004.0,3.0,756.0,Y,224,142,0,0,0,0,0,7,2008,WD ,Normal,316000,0,0,0,0,4,1,0,5,3,2,6,1,3,1,2,,0,4
1063,20,RL,106.0,12720,Pave,Reg,HLS,AllPub,Inside,Mod,NridgHt,Norm,Norm,1Fam,1Story,10,5,2003,2003,Hip,CompShg,MetalSd,MetalSd,Stone,680.0,Ex,TA,PConc,2257.0,0.0,2535.0,GasA,Ex,Y,SBrkr,2470,0,0,2470,2.0,0.0,1,1,1,1,Ex,7,Typ,2,2003.0,3.0,789.0,Y,154,65,0,0,216,144,0,2,2008,WD ,Normal,615000,0,1,0,0,4,1,0,5,1,2,6,1,1,1,2,,0,4
1064,60,RL,110.0,13688,Pave,IR1,Lvl,AllPub,Inside,Gtl,NridgHt,Norm,Norm,1Fam,2Story,9,5,2003,2004,Gable,CompShg,VinylSd,VinylSd,BrkFace,664.0,Gd,TA,PConc,1016.0,0.0,1572.0,GasA,Ex,Y,SBrkr,1572,1096,0,2668,1.0,0.0,2,1,3,1,Ex,10,Typ,2,2003.0,3.0,726.0,Y,400,0,0,0,0,0,0,3,2008,WD ,Normal,412500,0,0,0,0,1,1,0,5,0,2,6,1,3,1,2,,0,1
1065,60,RL,85.0,10625,Pave,Reg,Lvl,AllPub,Inside,Gtl,NridgHt,Norm,Norm,1Fam,2Story,7,5,2003,2004,Gable,CompShg,VinylSd,VinylSd,BrkFace,292.0,Gd,TA,PConc,866.0,0.0,998.0,GasA,Ex,Y,SBrkr,1006,1040,0,2046,1.0,0.0,2,1,3,1,Gd,8,Typ,1,2003.0,3.0,871.0,Y,320,62,0,0,0,0,0,8,2008,WD ,Normal,284000,0,0,0,0,1,1,2,5,3,2,6,1,3,1,2,,2,1
1066,20,RL,92.0,10845,Pave,IR1,Lvl,AllPub,Corner,Gtl,NridgHt,Norm,Norm,1Fam,1Story,8,5,2003,2004,Gable,CompShg,VinylSd,VinylSd,BrkFace,504.0,Gd,TA,PConc,1149.0,0.0,1603.0,GasA,Ex,Y,SBrkr,1575,0,0,1575,1.0,0.0,2,0,2,1,Gd,7,Typ,1,2003.0,3.0,732.0,Y,216,28,0,0,0,0,0,6,2008,WD ,Normal,284000,0,0,0,0,1,1,2,5,2,2,6,1,1,1,5,,2,1
1067,60,RL,130.0,16900,Pave,Reg,Lvl,AllPub,Inside,Gtl,NridgHt,Norm,Norm,1Fam,2Story,8,5,2001,2002,Gable,CompShg,VinylSd,VinylSd,BrkFace,1110.0,Gd,TA,PConc,1075.0,0.0,1479.0,GasA,Ex,Y,SBrkr,1515,1134,0,2649,1.0,0.0,2,1,4,1,Gd,10,Typ,1,2001.0,3.0,746.0,Y,0,60,0,0,0,0,0,1,2008,WD ,Normal,421250,0,0,0,0,1,1,0,5,2,2,6,1,1,1,5,,0,1
1068,60,RL,112.0,16451,Pave,IR1,Lvl,AllPub,Corner,Gtl,NridgHt,Norm,Norm,1Fam,2Story,8,5,2003,2003,Gable,CompShg,VinylSd,VinylSd,BrkFace,221.0,Gd,TA,PConc,0.0,0.0,1765.0,GasA,Ex,Y,SBrkr,1804,886,0,2690,0.0,0.0,2,1,4,1,Gd,9,Typ,1,2003.0,3.0,795.0,Y,268,58,0,0,0,0,0,7,2008,WD ,Normal,370000,0,0,0,0,1,1,0,5,1,6,6,1,3,1,2,,0,1
1069,120,RL,58.0,10110,Pave,IR1,Lvl,AllPub,Inside,Gtl,NridgHt,Norm,Norm,TwnhsE,1Story,9,5,2008,2008,Hip,CompShg,MetalSd,MetalSd,BrkFace,492.0,Ex,TA,PConc,372.0,0.0,1858.0,GasA,Ex,Y,SBrkr,1866,0,0,1866,1.0,0.0,2,0,2,1,Ex,7,Typ,1,2008.0,3.0,870.0,Y,0,48,0,0,0,0,0,11,2008,New,Partial,336860,0,0,0,0,1,1,2,5,3,2,6,1,1,1,2,,2,1
1070,120,RL,65.0,8769,Pave,Reg,Lvl,AllPub,Corner,Gtl,NridgHt,Norm,Norm,TwnhsE,1Story,9,5,2008,2008,Hip,CompShg,MetalSd,MetalSd,BrkFace,766.0,Ex,TA,PConc,1540.0,0.0,1702.0,GasA,Ex,Y,SBrkr,1702,0,0,1702,1.0,0.0,1,1,1,1,Ex,7,Typ,1,2008.0,3.0,1052.0,Y,0,72,0,0,224,0,0,10,2008,New,Partial,367294,0,0,0,0,1,1,0,5,3,2,6,1,1,1,2,,0,1
1071,120,RL,135.0,12304,Pave,IR3,Lvl,AllPub,Corner,Gtl,NridgHt,Norm,Norm,TwnhsE,1Story,7,5,2005,2005,Gable,CompShg,VinylSd,VinylSd,Stone,144.0,Gd,TA,PConc,20.0,0.0,1367.0,GasA,Ex,Y,SBrkr,1367,0,0,1367,0.0,0.0,2,0,2,1,Gd,6,Typ,1,2005.0,2.0,484.0,Y,0,33,0,0,0,0,0,6,2008,WD ,Normal,192000,0,0,0,0,4,1,2,5,3,2,6,1,1,1,2,,2,4
1072,120,RL,62.0,12677,Pave,IR1,Lvl,AllPub,Inside,Gtl,NridgHt,Norm,Norm,TwnhsE,1Story,8,5,2003,2004,Hip,CompShg,MetalSd,MetalSd,BrkFace,472.0,Ex,TA,PConc,1218.0,0.0,1518.0,GasA,Ex,Y,SBrkr,1518,0,0,1518,0.0,0.0,1,1,1,1,Ex,6,Typ,1,2003.0,2.0,588.0,Y,185,140,0,0,0,0,0,4,2008,WD ,Normal,274000,0,0,0,0,1,1,0,5,1,2,6,1,1,1,2,,0,1
1073,120,RL,63.0,8849,Pave,IR1,Lvl,AllPub,Inside,Gtl,NridgHt,Norm,Norm,TwnhsE,1Story,9,5,2005,2005,Hip,CompShg,MetalSd,MetalSd,BrkFace,616.0,Ex,TA,PConc,28.0,0.0,1684.0,GasA,Ex,Y,SBrkr,1684,0,0,1684,0.0,0.0,2,0,2,1,Ex,6,Typ,1,2005.0,2.0,564.0,Y,495,72,0,0,0,0,0,7,2008,WD ,Normal,266000,0,0,0,0,1,1,0,5,3,2,6,1,1,1,0,,0,1
1074,120,RL,89.0,8232,Pave,IR1,Lvl,AllPub,Inside,Gtl,NridgHt,Norm,Norm,TwnhsE,1Story,9,5,2007,2008,Hip,CompShg,MetalSd,MetalSd,BrkFace,714.0,Ex,TA,PConc,1204.0,0.0,1800.0,GasA,Ex,Y,SBrkr,1800,0,0,1800,1.0,0.0,2,0,2,1,Ex,6,Typ,1,2008.0,3.0,944.0,Y,210,0,0,0,0,0,0,6,2008,New,Partial,370967,0,0,0,0,1,1,0,5,3,2,6,1,1,1,2,,0,1
1075,120,RL,48.0,6240,Pave,Reg,Lvl,AllPub,Inside,Gtl,NridgHt,Norm,Norm,TwnhsE,1Story,8,5,2006,2007,Hip,CompShg,MetalSd,MetalSd,BrkFace,176.0,Gd,TA,PConc,846.0,0.0,1342.0,GasA,Ex,Y,SBrkr,1342,0,0,1342,1.0,0.0,2,0,2,1,Gd,6,Typ,1,2007.0,2.0,550.0,Y,0,35,0,0,0,0,0,6,2008,WD ,Normal,234250,0,0,0,0,1,1,2,5,3,2,6,1,1,1,2,,2,1
1076,120,RL,48.0,6240,Pave,Reg,Lvl,AllPub,Inside,Gtl,NridgHt,Norm,Norm,TwnhsE,1Story,8,5,2006,2007,Hip,CompShg,MetalSd,MetalSd,BrkFace,196.0,Gd,TA,PConc,24.0,0.0,1342.0,GasA,Ex,Y,SBrkr,1342,0,0,1342,0.0,0.0,2,0,2,1,Gd,6,Typ,1,2007.0,2.0,550.0,Y,0,35,0,0,0,0,0,2,2008,WD ,Normal,219500,0,0,0,0,1,1,2,5,3,2,6,1,1,1,2,,2,1
1077,160,RL,36.0,2448,Pave,Reg,Lvl,AllPub,Inside,Gtl,NridgHt,Norm,Norm,Twnhs,2Story,7,5,2003,2004,Gable,CompShg,VinylSd,Wd Shng,Stone,106.0,Gd,TA,PConc,0.0,0.0,764.0,GasA,Ex,Y,SBrkr,764,862,0,1626,0.0,0.0,2,1,2,1,Gd,6,Typ,0,2003.0,2.0,474.0,Y,0,27,0,0,0,0,0,10,2008,WD ,Normal,155000,0,0,0,0,4,1,2,5,3,6,6,1,3,0,3,,2,4
1078,160,RL,36.0,2448,Pave,Reg,Lvl,AllPub,Inside,Gtl,NridgHt,Norm,Norm,Twnhs,2Story,7,5,2003,2004,Gable,CompShg,VinylSd,Wd Shng,Stone,106.0,Gd,TA,PConc,573.0,0.0,764.0,GasA,Ex,Y,SBrkr,764,862,0,1626,1.0,0.0,2,1,2,1,Gd,6,Typ,0,2003.0,2.0,474.0,Y,0,27,0,0,0,0,0,10,2008,WD ,Normal,154000,0,0,0,0,4,1,2,5,3,2,6,1,3,0,3,,2,4
1079,120,RM,59.0,8198,Pave,Reg,Lvl,AllPub,FR3,Gtl,NridgHt,Norm,Norm,TwnhsE,1Story,7,5,2004,2004,Gable,CompShg,VinylSd,VinylSd,Stone,146.0,Gd,TA,PConc,720.0,0.0,1358.0,GasA,Ex,Y,SBrkr,1358,0,0,1358,1.0,0.0,2,0,2,1,Gd,6,Typ,1,2004.0,2.0,484.0,Y,192,30,0,0,0,0,0,7,2008,WD ,Normal,207000,0,0,0,0,4,1,2,5,0,2,6,1,1,1,2,,2,4
1080,120,RL,68.0,3940,Pave,Reg,Lvl,AllPub,Inside,Gtl,Blmngtn,Norm,Norm,TwnhsE,1Story,7,5,2003,2003,Gable,CompShg,VinylSd,VinylSd,BrkFace,143.0,Gd,TA,PConc,1073.0,0.0,1415.0,GasA,Ex,Y,SBrkr,1455,0,0,1455,1.0,0.0,2,0,2,1,Gd,6,Typ,1,2003.0,3.0,644.0,Y,156,20,0,0,144,0,0,8,2008,WD ,Normal,195000,0,0,0,0,1,1,2,5,1,2,6,1,1,1,5,,2,1
1081,120,RM,68.0,3940,Pave,Reg,Lvl,AllPub,Inside,Gtl,Blmngtn,Norm,Norm,TwnhsE,1Story,7,5,2004,2004,Hip,CompShg,VinylSd,VinylSd,BrkFace,24.0,Gd,TA,PConc,1087.0,0.0,1393.0,GasA,Ex,Y,SBrkr,1576,0,0,1576,1.0,0.0,2,0,2,1,Gd,7,Typ,1,2004.0,3.0,668.0,Y,143,20,0,0,0,0,0,5,2008,WD ,Normal,219990,0,0,0,0,1,1,2,5,3,2,6,1,1,1,5,,2,1
1082,120,RL,43.0,3182,Pave,Reg,Lvl,AllPub,Inside,Gtl,Blmngtn,Norm,Norm,TwnhsE,1Story,7,5,2005,2006,Gable,CompShg,VinylSd,VinylSd,BrkFace,14.0,Gd,TA,PConc,16.0,0.0,1346.0,GasA,Ex,Y,SBrkr,1504,0,0,1504,0.0,0.0,2,0,2,1,Gd,7,Typ,1,2005.0,2.0,437.0,Y,156,20,0,0,0,0,0,5,2008,WD ,Normal,191000,0,0,0,0,1,1,2,2,3,2,6,1,1,1,2,,2,1
1083,20,RL,43.0,3182,Pave,Reg,Lvl,AllPub,Inside,Gtl,Blmngtn,Norm,Norm,1Fam,1Story,7,5,2007,2007,Gable,CompShg,VinylSd,VinylSd,BrkFace,16.0,Gd,TA,PConc,0.0,0.0,1266.0,GasA,Ex,Y,SBrkr,1266,0,0,1266,0.0,0.0,2,0,2,1,Gd,6,Typ,1,2007.0,2.0,388.0,Y,100,16,0,0,0,0,0,3,2008,WD ,Normal,159895,0,0,0,0,1,1,2,5,0,6,6,1,1,1,2,,2,1
1084,20,RL,53.0,3710,Pave,Reg,Lvl,AllPub,Inside,Gtl,Blmngtn,Norm,Norm,1Fam,1Story,7,5,2007,2008,Gable,CompShg,WdShing,Wd Shng,BrkFace,20.0,Gd,TA,PConc,0.0,0.0,1146.0,GasA,Ex,Y,SBrkr,1246,0,0,1246,0.0,0.0,2,0,2,1,Gd,5,Typ,1,2007.0,2.0,428.0,Y,100,24,0,0,0,0,0,3,2008,New,Partial,187687,0,0,0,0,1,1,2,5,1,6,6,1,1,1,2,,2,1
1085,60,RL,80.0,9024,Pave,IR1,Lvl,AllPub,Inside,Gtl,Gilbert,Norm,Norm,1Fam,2Story,6,5,2004,2004,Gable,CompShg,VinylSd,VinylSd,None,0.0,Gd,TA,PConc,0.0,0.0,789.0,GasA,Ex,Y,SBrkr,813,702,0,1515,0.0,0.0,2,1,3,1,Gd,8,Typ,1,2004.0,2.0,393.0,Y,0,75,0,0,0,0,0,7,2008,WD ,Normal,179000,0,0,0,0,3,1,2,5,3,6,6,1,1,1,2,,2,3
1086,60,RL,62.0,7415,Pave,IR1,Lvl,AllPub,Inside,Gtl,Gilbert,Norm,Norm,1Fam,2Story,6,5,2004,2004,Gable,CompShg,VinylSd,VinylSd,None,0.0,TA,TA,PConc,759.0,0.0,839.0,GasA,Ex,Y,SBrkr,864,729,0,1593,1.0,0.0,2,1,3,1,TA,8,Typ,1,2004.0,2.0,398.0,Y,100,75,0,0,0,0,0,4,2008,WD ,Normal,193000,0,0,0,0,3,1,5,5,3,2,6,1,1,1,5,,5,3
1087,80,RL,59.0,9587,Pave,IR1,Lvl,AllPub,Inside,Gtl,Gilbert,Norm,Norm,1Fam,SLvl,7,5,2005,2005,Gable,CompShg,VinylSd,VinylSd,Stone,182.0,Gd,TA,PConc,655.0,0.0,856.0,GasA,Ex,Y,SBrkr,1166,0,0,1166,1.0,0.0,2,0,2,1,Gd,5,Typ,0,2005.0,2.0,400.0,Y,212,0,0,0,0,0,0,7,2008,WD ,Normal,190000,0,0,0,0,4,1,2,5,1,2,6,1,1,0,3,,2,4
1088,60,RL,51.0,8029,Pave,IR1,Lvl,AllPub,Inside,Gtl,Gilbert,Norm,Norm,1Fam,2Story,6,5,2005,2005,Gable,CompShg,VinylSd,VinylSd,None,0.0,TA,TA,PConc,0.0,0.0,728.0,GasA,Ex,Y,SBrkr,728,728,0,1456,0.0,0.0,2,1,3,1,Gd,8,Typ,0,2005.0,2.0,400.0,Y,100,24,0,0,0,0,0,7,2008,WD ,Normal,176000,0,0,0,0,3,1,2,5,3,6,6,1,1,0,3,,2,3
1089,60,RL,68.0,8010,Pave,IR1,Lvl,AllPub,Inside,Gtl,Gilbert,Norm,Norm,1Fam,2Story,7,5,2002,2003,Gable,CompShg,VinylSd,VinylSd,None,0.0,Gd,TA,PConc,0.0,0.0,840.0,GasA,Ex,Y,SBrkr,840,880,0,1720,0.0,0.0,2,1,3,1,Gd,7,Typ,1,2002.0,2.0,400.0,Y,138,48,0,0,0,0,0,7,2008,WD ,Normal,188000,0,0,0,0,3,1,2,5,3,6,6,1,3,1,2,,2,3
1090,60,RL,68.0,8396,Pave,IR1,Lvl,AllPub,Inside,Gtl,Gilbert,Norm,Norm,1Fam,2Story,7,5,2003,2003,Gable,CompShg,VinylSd,VinylSd,BrkFace,196.0,Gd,TA,PConc,0.0,0.0,847.0,GasA,Ex,Y,SBrkr,847,1139,0,1986,0.0,0.0,2,1,4,1,Gd,9,Typ,1,2003.0,2.0,434.0,Y,120,48,0,0,0,0,0,5,2008,WD ,Normal,213000,0,0,0,0,1,1,2,5,3,6,6,1,3,1,2,,2,1
1091,120,RL,55.0,7301,Pave,IR1,Lvl,AllPub,Inside,Gtl,NridgHt,Norm,Norm,TwnhsE,1Story,7,6,2007,2008,Gable,CompShg,VinylSd,VinylSd,Stone,176.0,Gd,TA,PConc,876.0,0.0,1350.0,GasA,Ex,Y,SBrkr,1358,0,0,1358,1.0,0.0,2,0,2,1,Gd,6,Typ,1,2008.0,2.0,484.0,Y,192,26,0,0,0,0,0,11,2008,New,Partial,217300,0,0,0,0,4,1,2,5,3,2,6,1,1,1,2,,2,4
1092,60,RL,93.0,10261,Pave,IR1,Lvl,AllPub,Inside,Gtl,Gilbert,Norm,Norm,1Fam,2Story,6,5,2000,2000,Gable,CompShg,VinylSd,VinylSd,BrkFace,318.0,TA,TA,PConc,0.0,0.0,936.0,GasA,Ex,Y,SBrkr,962,830,0,1792,1.0,0.0,2,1,3,1,TA,8,Typ,1,2000.0,2.0,451.0,Y,0,0,0,0,0,0,0,5,2008,WD ,Normal,186500,0,0,0,0,1,1,2,5,3,6,6,1,1,1,5,,2,1
1093,60,RL,71.0,8220,Pave,IR1,Lvl,AllPub,Inside,Gtl,Gilbert,Norm,Norm,1Fam,2Story,7,5,2000,2001,Gable,CompShg,VinylSd,VinylSd,BrkFace,647.0,Gd,TA,PConc,544.0,0.0,982.0,GasA,Ex,Y,SBrkr,1008,884,0,1892,0.0,0.0,2,1,3,1,TA,8,Typ,1,2000.0,2.0,431.0,Y,108,0,0,0,0,0,0,7,2008,WD ,Normal,226750,0,0,0,0,1,1,2,5,0,2,6,1,1,1,5,,2,1
1094,60,RL,60.0,15384,Pave,IR1,Lvl,AllPub,Inside,Gtl,Gilbert,RRAn,Norm,1Fam,2Story,7,5,2004,2005,Gable,CompShg,VinylSd,VinylSd,None,0.0,Gd,TA,PConc,724.0,0.0,788.0,GasA,Ex,Y,SBrkr,788,702,0,1490,1.0,0.0,2,1,3,1,Gd,8,Typ,1,2004.0,2.0,388.0,Y,100,75,0,0,0,0,0,2,2008,WD ,Normal,184000,0,0,0,0,3,1,2,5,0,2,6,1,1,1,2,,2,3
1096,60,RL,41.0,12460,Pave,IR1,Lvl,AllPub,FR2,Gtl,Gilbert,RRAn,Norm,1Fam,2Story,7,5,1999,2000,Gable,CompShg,VinylSd,VinylSd,None,0.0,Gd,TA,PConc,870.0,0.0,1037.0,GasA,Ex,Y,SBrkr,1037,1285,0,2322,0.0,0.0,2,1,4,1,TA,8,Typ,1,1999.0,2.0,400.0,Y,144,44,0,0,0,0,0,5,2008,WD ,Normal,225000,0,0,0,0,3,1,2,5,3,2,6,1,3,1,5,,2,3
1097,60,RL,77.0,8390,Pave,IR1,Lvl,AllPub,Inside,Gtl,Gilbert,Norm,Norm,1Fam,2Story,7,5,1999,1999,Gable,CompShg,VinylSd,VinylSd,None,0.0,TA,TA,PConc,0.0,0.0,831.0,GasA,Ex,Y,SBrkr,873,778,0,1651,0.0,0.0,2,1,3,1,TA,7,Typ,1,1999.0,2.0,450.0,Y,0,103,0,0,0,0,0,5,2008,WD ,Normal,185900,0,0,0,0,3,1,2,5,3,6,6,1,3,1,5,,2,3
1098,75,RL,84.0,9660,Pave,Reg,Lvl,AllPub,Inside,Gtl,NoRidge,Norm,Norm,1Fam,2.5Unf,8,5,1997,1997,Hip,CompShg,HdBoard,HdBoard,BrkFace,1290.0,Gd,TA,PConc,0.0,0.0,1173.0,GasA,Ex,Y,SBrkr,1182,1017,0,2199,0.0,0.0,2,1,3,1,Gd,9,Typ,1,1997.0,2.0,516.0,Y,0,131,0,0,0,0,0,9,2008,WD ,Normal,284500,0,0,0,0,1,1,2,5,3,6,6,1,1,1,5,,2,1
1099,60,RL,80.0,9200,Pave,Reg,Lvl,AllPub,Inside,Gtl,NoRidge,Norm,Norm,1Fam,2Story,8,5,1998,1998,Gable,CompShg,VinylSd,VinylSd,BrkFace,473.0,Gd,TA,PConc,986.0,0.0,1470.0,GasA,Gd,Y,SBrkr,1470,1160,0,2630,1.0,0.0,2,1,4,1,Gd,8,Typ,1,1998.0,3.0,696.0,Y,0,66,0,0,0,0,0,6,2008,WD ,Normal,315000,0,0,0,0,1,1,2,5,3,2,6,1,1,1,5,,2,1
1100,60,RL,84.0,14260,Pave,IR1,Lvl,AllPub,FR2,Gtl,NoRidge,Norm,Norm,1Fam,2Story,8,5,2000,2000,Gable,CompShg,VinylSd,VinylSd,BrkFace,350.0,Gd,TA,PConc,655.0,0.0,1145.0,GasA,Ex,Y,SBrkr,1145,1053,0,2198,1.0,0.0,2,1,4,1,Gd,9,Typ,1,2000.0,3.0,836.0,Y,192,84,0,0,0,0,0,12,2008,WD ,Normal,250000,0,0,0,0,1,1,2,5,0,2,6,1,1,1,5,,2,1
1101,60,RL,68.0,11000,Pave,Reg,Lvl,AllPub,FR2,Gtl,NoRidge,Norm,Norm,1Fam,2Story,9,5,2000,2000,Hip,CompShg,VinylSd,VinylSd,BrkFace,295.0,Gd,TA,PConc,0.0,0.0,1519.0,GasA,Ex,Y,SBrkr,1533,639,0,2172,0.0,0.0,2,1,4,1,Ex,8,Typ,1,2000.0,3.0,687.0,Y,162,153,0,0,0,0,0,6,2008,WD ,Normal,291000,0,0,0,0,1,1,0,5,2,6,6,1,3,1,5,,0,1
1102,20,RL,136.0,11675,Pave,IR1,Lvl,AllPub,Inside,Gtl,NoRidge,Norm,Norm,1Fam,1Story,8,5,1998,1998,Gable,CompShg,VinylSd,VinylSd,BrkFace,495.0,Gd,TA,PConc,1660.0,0.0,1982.0,GasA,Ex,Y,SBrkr,2006,0,0,2006,1.0,0.0,2,0,2,1,Gd,5,Typ,1,1998.0,3.0,938.0,Y,144,33,0,0,0,0,0,7,2008,WD ,Normal,350000,0,0,0,0,1,1,2,5,0,2,6,1,1,1,5,,2,1
1103,60,RL,97.0,10990,Pave,IR1,Lvl,AllPub,CulDSac,Gtl,NoRidge,Norm,Norm,1Fam,2Story,7,5,1996,1997,Gable,CompShg,VinylSd,VinylSd,None,0.0,Gd,TA,PConc,851.0,0.0,1064.0,GasA,Ex,Y,SBrkr,1064,1061,0,2125,1.0,0.0,2,1,4,1,Gd,12,Typ,2,1996.0,2.0,576.0,Y,168,0,0,0,0,0,0,6,2008,WD ,Normal,279500,0,0,0,0,3,1,0,5,3,2,6,1,1,1,5,,0,3
1104,60,RL,68.0,11929,Pave,IR1,Lvl,AllPub,CulDSac,Gtl,NoRidge,Norm,Norm,1Fam,2Story,8,7,1995,1995,Gable,CompShg,VinylSd,VinylSd,BrkFace,466.0,Gd,TA,PConc,0.0,0.0,1242.0,GasA,Ex,Y,SBrkr,1251,1250,0,2501,0.0,0.0,2,1,4,1,Gd,9,Typ,1,1995.0,3.0,751.0,Y,192,87,0,0,0,0,0,6,2008,WD ,Normal,290000,0,0,0,0,1,1,2,5,0,6,6,1,1,1,5,,2,1
1105,20,RL,91.0,10437,Pave,IR1,Lvl,AllPub,Inside,Gtl,NoRidge,Norm,Norm,1Fam,1Story,8,6,1995,1995,Hip,CompShg,MetalSd,MetalSd,BrkFace,660.0,Gd,Gd,PConc,1696.0,0.0,2109.0,GasA,Ex,Y,SBrkr,2113,0,0,2113,1.0,0.0,2,1,2,1,Gd,7,Typ,1,1995.0,3.0,839.0,Y,236,46,0,0,0,0,0,8,2008,WD ,Normal,350000,0,0,0,0,1,1,2,5,1,2,6,1,1,1,5,,2,1
1106,60,RL,96.0,10542,Pave,Reg,Lvl,AllPub,Inside,Gtl,NoRidge,Norm,Norm,1Fam,2Story,7,5,1993,1994,Hip,CompShg,Wd Sdng,ImStucc,BrkFace,651.0,Gd,TA,PConc,1173.0,0.0,1311.0,GasA,Ex,Y,SBrkr,1325,1093,0,2418,1.0,0.0,2,1,3,1,Gd,9,Typ,1,1993.0,3.0,983.0,Y,250,154,216,0,0,0,0,8,2008,WD ,Normal,341000,0,0,0,0,1,1,2,5,1,2,6,1,1,1,5,,2,1
1107,60,RL,91.0,10010,Pave,Reg,Lvl,AllPub,Inside,Gtl,NoRidge,Norm,Norm,1Fam,2Story,7,5,1993,1994,Hip,WdShake,VinylSd,VinylSd,BrkFace,320.0,Gd,TA,PConc,228.0,852.0,1080.0,GasA,Ex,Y,SBrkr,1108,1089,0,2197,1.0,0.0,2,1,4,1,Gd,9,Typ,1,1993.0,3.0,783.0,Y,385,99,0,0,0,0,0,7,2008,WD ,Normal,287500,0,0,0,0,1,1,2,5,0,1,2,1,1,1,2,,2,1
1108,60,RL,81.0,10944,Pave,IR1,Lvl,AllPub,Inside,Gtl,NoRidge,Norm,Norm,1Fam,2Story,7,5,1994,1994,Gable,CompShg,VinylSd,VinylSd,BrkFace,448.0,Gd,TA,PConc,1000.0,0.0,1223.0,GasA,Ex,Y,SBrkr,1223,904,0,2127,1.0,0.0,2,1,3,1,Gd,5,Typ,2,1994.0,2.0,525.0,Y,171,132,0,0,0,0,0,8,2008,WD ,Normal,271000,0,0,0,0,1,1,2,5,3,2,6,1,1,1,5,,2,1
1109,20,RL,91.0,14303,Pave,IR1,Lvl,AllPub,Corner,Gtl,NoRidge,Norm,Norm,1Fam,1Story,8,5,1994,1994,Hip,CompShg,HdBoard,HdBoard,BrkFace,554.0,Gd,TA,PConc,1314.0,0.0,1986.0,GasA,Ex,Y,SBrkr,1987,0,0,1987,1.0,0.0,2,0,2,1,Gd,7,Typ,1,1994.0,2.0,691.0,Y,262,36,0,0,0,0,0,8,2008,WD ,Normal,301500,0,0,0,0,1,1,2,5,1,2,6,1,1,1,5,,2,1
1110,20,RL,92.0,11932,Pave,Reg,Lvl,AllPub,FR2,Gtl,Somerst,Feedr,Norm,1Fam,1Story,8,5,2007,2008,Gable,CompShg,VinylSd,VinylSd,Stone,186.0,Gd,TA,PConc,0.0,0.0,1580.0,GasA,Ex,Y,SBrkr,1580,0,0,1580,0.0,0.0,2,0,3,1,Gd,7,Typ,0,2008.0,3.0,830.0,Y,0,24,0,0,0,0,0,6,2008,ConLD,Partial,235128,0,0,0,0,4,1,2,5,3,6,6,1,1,0,3,,2,4
1111,60,RL,86.0,14598,Pave,IR1,Lvl,AllPub,CulDSac,Gtl,Somerst,Feedr,Norm,1Fam,2Story,6,5,2007,2007,Gable,CompShg,VinylSd,VinylSd,Stone,74.0,Gd,TA,PConc,0.0,0.0,894.0,GasA,Ex,Y,SBrkr,894,1039,0,1933,0.0,0.0,2,1,4,1,Gd,9,Typ,1,2007.0,3.0,668.0,Y,100,18,0,0,0,0,0,1,2008,WD ,Normal,214000,0,0,0,0,4,1,2,5,2,6,6,1,3,1,2,,2,4
1112,20,RL,75.0,11957,Pave,IR1,Lvl,AllPub,Inside,Gtl,Somerst,RRAn,Norm,1Fam,1Story,8,5,2006,2006,Gable,CompShg,VinylSd,VinylSd,BrkFace,53.0,Gd,TA,PConc,24.0,0.0,1574.0,GasA,Ex,Y,SBrkr,1574,0,0,1574,0.0,0.0,2,0,3,1,Gd,7,Typ,1,2006.0,3.0,824.0,Y,144,104,0,0,0,0,0,7,2008,WD ,Normal,232000,0,0,0,0,1,1,2,5,3,2,6,1,1,1,2,,2,1
1113,20,RL,74.0,13253,Pave,IR1,Lvl,AllPub,Inside,Gtl,Somerst,RRAn,Norm,1Fam,1Story,7,5,2006,2006,Gable,CompShg,VinylSd,VinylSd,BrkFace,128.0,Gd,TA,PConc,1096.0,0.0,1578.0,GasA,Gd,Y,SBrkr,1578,0,0,1578,1.0,0.0,2,0,3,1,Gd,7,Typ,1,2006.0,3.0,642.0,Y,0,26,0,0,0,0,0,5,2008,WD ,Normal,240000,0,0,0,0,1,1,0,5,3,2,6,1,1,1,2,,0,1
1114,20,RL,75.0,14587,Pave,IR1,Lvl,AllPub,Inside,Gtl,Somerst,Norm,Norm,1Fam,1Story,9,5,2008,2008,Gable,CompShg,VinylSd,VinylSd,Stone,284.0,Gd,TA,PConc,0.0,0.0,1498.0,GasA,Ex,Y,SBrkr,1506,0,0,1506,0.0,0.0,2,0,2,1,Ex,6,Typ,1,2008.0,2.0,592.0,Y,0,174,0,0,0,0,0,8,2008,New,Partial,264132,0,0,0,0,4,1,2,5,3,6,6,1,1,1,2,,2,4
1115,20,RL,78.0,10206,Pave,Reg,Lvl,AllPub,Inside,Gtl,Somerst,Norm,Norm,1Fam,1Story,8,5,2007,2007,Gable,CompShg,VinylSd,VinylSd,Stone,468.0,TA,TA,PConc,33.0,0.0,1563.0,GasA,Ex,Y,SBrkr,1563,0,0,1563,0.0,0.0,2,0,3,1,Gd,6,Typ,1,2007.0,3.0,758.0,Y,144,99,0,0,0,0,0,10,2008,WD ,Normal,245000,0,0,0,0,4,1,2,5,3,2,6,1,1,1,2,,2,4
1116,20,RL,91.0,12274,Pave,IR1,Lvl,AllPub,FR2,Gtl,Somerst,Norm,Norm,1Fam,1Story,7,5,2008,2008,Gable,CompShg,VinylSd,VinylSd,Stone,256.0,Gd,TA,PConc,0.0,0.0,1417.0,GasA,Ex,Y,SBrkr,1428,0,0,1428,0.0,0.0,2,0,3,1,Ex,6,Typ,0,2008.0,2.0,554.0,Y,0,60,0,0,0,0,0,7,2008,New,Partial,227680,0,0,0,0,4,1,2,5,3,6,6,1,1,0,3,,2,4
1117,60,RL,73.0,9801,Pave,Reg,Lvl,AllPub,Inside,Gtl,Somerst,Norm,Norm,1Fam,2Story,8,5,2007,2007,Gable,CompShg,VinylSd,VinylSd,Stone,156.0,Gd,TA,PConc,0.0,0.0,1341.0,GasA,Ex,Y,SBrkr,1341,520,0,1861,0.0,0.0,3,0,3,1,Gd,7,Typ,1,2007.0,3.0,851.0,Y,144,60,0,0,0,0,0,7,2008,WD ,Normal,257000,0,0,0,0,4,1,2,5,0,6,6,1,3,1,2,,2,4
1118,60,RL,80.0,9428,Pave,Reg,Lvl,AllPub,Inside,Gtl,Somerst,Norm,Norm,1Fam,2Story,8,5,2007,2008,Hip,CompShg,VinylSd,VinylSd,Stone,310.0,Gd,TA,PConc,729.0,0.0,955.0,GasA,Ex,Y,SBrkr,955,919,0,1874,1.0,0.0,2,1,3,1,Gd,8,Typ,1,2007.0,3.0,880.0,Y,168,108,0,0,0,0,0,2,2008,New,Partial,297900,0,0,0,0,4,1,2,5,0,2,6,1,1,1,2,,2,4
1120,20,FV,72.0,8640,Pave,Reg,Lvl,AllPub,Inside,Gtl,Somerst,Norm,Norm,1Fam,1Story,8,5,2007,2008,Gable,CompShg,VinylSd,VinylSd,None,0.0,Gd,TA,PConc,24.0,0.0,1363.0,GasA,Ex,Y,SBrkr,1372,0,0,1372,0.0,0.0,2,0,3,1,Gd,6,Typ,0,2008.0,2.0,588.0,Y,192,113,0,0,0,0,0,7,2008,New,Partial,212700,0,0,0,0,3,1,2,5,3,2,6,1,1,0,3,,2,3
1121,20,FV,72.0,8640,Pave,Reg,Lvl,AllPub,Inside,Gtl,Somerst,Norm,Norm,1Fam,1Story,7,5,2007,2008,Gable,CompShg,VinylSd,VinylSd,None,0.0,Gd,TA,PConc,0.0,0.0,1372.0,GasA,Ex,Y,SBrkr,1372,0,0,1372,0.0,0.0,2,0,3,1,Gd,6,Typ,0,2008.0,2.0,529.0,Y,0,140,0,0,0,0,0,5,2008,New,Partial,250580,0,0,0,0,3,1,0,5,3,6,6,1,1,0,3,,0,3
1123,60,FV,75.0,9803,Pave,Reg,Lvl,AllPub,Inside,Gtl,Somerst,Norm,Norm,1Fam,2Story,7,5,2005,2005,Gable,CompShg,VinylSd,VinylSd,None,0.0,Gd,TA,PConc,400.0,0.0,866.0,GasA,Gd,Y,SBrkr,866,902,0,1768,0.0,0.0,2,1,3,1,Gd,7,Typ,0,2005.0,2.0,603.0,Y,0,108,0,0,0,0,0,2,2008,WD ,Normal,226700,0,0,0,0,3,1,2,5,3,2,6,1,1,0,3,,2,3
1124,60,FV,75.0,9375,Pave,Reg,Lvl,AllPub,Inside,Gtl,Somerst,Norm,Norm,1Fam,2Story,8,5,2003,2004,Hip,CompShg,VinylSd,VinylSd,BrkFace,768.0,Gd,TA,PConc,0.0,0.0,1053.0,GasA,Ex,Y,SBrkr,1053,939,0,1992,0.0,0.0,2,1,3,1,Gd,9,Typ,1,2003.0,2.0,648.0,Y,140,45,0,0,0,0,0,8,2008,WD ,Normal,250000,0,0,0,0,1,1,0,5,3,6,6,1,1,1,2,,0,1
1125,60,FV,85.0,10625,Pave,Reg,Lvl,AllPub,Inside,Gtl,Somerst,Norm,Norm,1Fam,2Story,7,5,2005,2005,Gable,CompShg,CemntBd,CmentBd,None,0.0,Gd,TA,PConc,0.0,0.0,1026.0,GasA,Ex,Y,SBrkr,1026,932,0,1958,0.0,0.0,2,1,3,1,Gd,9,Typ,1,2005.0,3.0,936.0,Y,154,210,0,0,0,0,0,7,2008,WD ,Normal,250000,0,0,0,0,3,1,2,5,3,6,6,1,1,1,2,,2,3
1126,60,FV,85.0,10800,Pave,Reg,Lvl,AllPub,Inside,Gtl,Somerst,Norm,Norm,1Fam,2Story,8,5,2007,2008,Gable,CompShg,VinylSd,VinylSd,Stone,100.0,Gd,TA,PConc,789.0,0.0,1034.0,GasA,Ex,Y,SBrkr,1050,1028,0,2078,1.0,0.0,2,1,3,1,Ex,8,Typ,1,2008.0,3.0,836.0,Y,0,102,0,0,0,0,0,4,2008,New,Partial,339750,0,0,0,0,4,1,0,5,3,2,6,1,1,1,2,,0,4
1128,20,FV,85.0,10625,Pave,Reg,Lvl,AllPub,Inside,Gtl,Somerst,Norm,Norm,1Fam,1Story,8,5,2007,2007,Gable,CompShg,VinylSd,VinylSd,BrkFace,292.0,Gd,TA,PConc,0.0,0.0,1660.0,GasA,Ex,Y,SBrkr,1660,0,0,1660,0.0,0.0,2,0,3,1,Gd,7,Typ,1,2007.0,3.0,660.0,Y,133,120,0,0,0,0,0,6,2008,WD ,Normal,256000,0,0,0,0,1,1,2,5,0,6,6,1,1,1,2,,2,1
1129,20,FV,62.0,7500,Pave,Reg,Lvl,AllPub,Inside,Gtl,Somerst,Norm,Norm,1Fam,1Story,7,5,2007,2008,Gable,CompShg,CemntBd,CmentBd,Stone,210.0,Gd,TA,PConc,902.0,0.0,1218.0,GasA,Ex,Y,SBrkr,1218,0,0,1218,1.0,0.0,2,0,2,1,Gd,6,Typ,0,2008.0,2.0,462.0,Y,168,168,0,0,0,0,0,4,2008,New,Partial,230348,1,0,0,0,4,1,2,5,3,2,6,1,1,0,3,,2,4
1130,60,FV,64.0,8791,Pave,IR1,Lvl,AllPub,Inside,Gtl,Somerst,Norm,Norm,1Fam,2Story,6,5,2003,2003,Gable,CompShg,VinylSd,VinylSd,None,0.0,Gd,TA,PConc,503.0,0.0,864.0,GasA,Ex,Y,SBrkr,864,864,0,1728,0.0,0.0,2,1,3,1,Gd,7,Typ,0,2003.0,2.0,673.0,Y,216,56,0,0,0,0,0,5,2008,WD ,Normal,207500,0,0,0,0,3,1,2,5,3,5,6,1,1,0,3,,2,3
1131,20,RL,63.0,7500,Pave,Reg,Lvl,AllPub,Inside,Gtl,SawyerW,Norm,Norm,1Fam,1Story,7,5,2004,2005,Gable,CompShg,VinylSd,VinylSd,BrkFace,120.0,TA,TA,PConc,680.0,0.0,1080.0,GasA,Ex,Y,SBrkr,1080,0,0,1080,1.0,0.0,1,0,3,1,Gd,6,Typ,0,0.0,0.0,0.0,Y,0,0,0,0,0,0,0,4,2008,WD ,Normal,141000,0,0,0,0,1,1,2,5,3,2,6,0,6,0,3,,2,1
1132,60,RL,68.0,10110,Pave,Reg,Lvl,AllPub,Inside,Gtl,SawyerW,Norm,Norm,1Fam,2Story,6,5,2003,2003,Gable,CompShg,VinylSd,VinylSd,None,0.0,Gd,TA,PConc,80.0,555.0,835.0,GasA,Ex,Y,SBrkr,835,861,0,1696,1.0,0.0,2,1,3,1,Gd,7,Typ,0,2003.0,2.0,542.0,Y,143,66,0,0,0,0,0,7,2008,WD ,Normal,188000,0,0,0,0,3,1,2,5,2,2,0,1,1,0,3,,2,3
1133,60,RL,67.0,12774,Pave,Reg,Lvl,AllPub,FR2,Gtl,SawyerW,Norm,Norm,1Fam,2Story,7,5,2003,2004,Gable,CompShg,VinylSd,VinylSd,BrkFace,95.0,Gd,TA,PConc,0.0,0.0,835.0,GasA,Ex,Y,SBrkr,835,828,0,1663,0.0,0.0,2,1,3,1,Gd,8,Typ,0,2003.0,2.0,478.0,Y,168,68,0,0,0,0,0,7,2008,WD ,Normal,192500,0,0,0,0,1,1,2,5,0,6,6,1,1,0,3,,2,1
1134,20,RL,63.0,13072,Pave,Reg,Lvl,AllPub,Inside,Gtl,SawyerW,RRAe,Norm,1Fam,1Story,6,5,2005,2006,Gable,CompShg,VinylSd,VinylSd,BrkFace,126.0,TA,TA,PConc,80.0,0.0,1175.0,GasA,Ex,Y,SBrkr,1175,0,0,1175,1.0,0.0,1,0,3,1,Gd,6,Typ,0,0.0,0.0,0.0,Y,0,90,0,0,0,0,0,6,2008,WD ,Normal,146000,0,0,0,0,1,1,2,2,3,2,6,0,6,0,3,,2,1
1135,20,RL,66.0,13695,Pave,Reg,Lvl,AllPub,Inside,Gtl,SawyerW,RRAe,Norm,1Fam,1Story,5,5,2004,2004,Gable,CompShg,VinylSd,VinylSd,None,0.0,TA,TA,PConc,646.0,0.0,1114.0,GasA,Ex,Y,SBrkr,1114,0,0,1114,1.0,0.0,1,1,3,1,Gd,6,Typ,0,2004.0,2.0,576.0,Y,0,102,0,0,0,0,0,6,2008,WD ,Normal,159000,0,0,0,0,3,1,5,5,3,2,6,1,5,0,3,,5,3
1136,20,RL,66.0,13695,Pave,Reg,Lvl,AllPub,Inside,Gtl,SawyerW,RRAe,Norm,1Fam,1Story,6,5,2003,2004,Gable,CompShg,VinylSd,VinylSd,None,0.0,TA,TA,PConc,814.0,0.0,1114.0,GasA,Ex,Y,SBrkr,1114,0,0,1114,1.0,0.0,1,0,3,1,Gd,6,Typ,0,2004.0,2.0,576.0,Y,0,78,0,0,0,0,0,7,2008,WD ,Normal,155000,0,0,0,0,3,1,2,5,3,2,6,1,5,0,3,,2,3
1137,60,RL,65.0,8366,Pave,IR1,Lvl,AllPub,Inside,Gtl,SawyerW,Norm,Norm,1Fam,2Story,6,5,2004,2004,Gable,CompShg,VinylSd,VinylSd,None,0.0,Gd,TA,PConc,0.0,0.0,798.0,GasA,Ex,Y,SBrkr,798,842,0,1640,0.0,0.0,2,1,3,1,Gd,6,Typ,0,2004.0,2.0,520.0,Y,138,45,0,0,0,0,0,12,2008,WD ,Normal,173000,0,0,0,0,3,1,2,5,3,6,6,1,1,0,3,,2,3
1138,20,RL,81.0,9260,Pave,Reg,Lvl,AllPub,Corner,Gtl,SawyerW,Norm,Norm,1Fam,1Story,7,5,2007,2007,Gable,CompShg,VinylSd,VinylSd,None,0.0,Gd,TA,PConc,0.0,0.0,1162.0,GasA,Ex,Y,SBrkr,1162,0,0,1162,0.0,0.0,2,0,3,1,Gd,6,Typ,0,2007.0,2.0,483.0,Y,0,32,0,0,0,0,0,3,2008,WD ,Normal,170000,0,0,0,0,3,1,2,5,2,6,6,1,1,0,3,,2,3
1139,60,RL,65.0,8453,Pave,IR1,Lvl,AllPub,Inside,Gtl,SawyerW,Norm,Norm,1Fam,2Story,6,5,1995,1995,Gable,CompShg,VinylSd,VinylSd,BrkFace,38.0,Gd,TA,PConc,362.0,0.0,754.0,GasA,Ex,Y,SBrkr,754,855,0,1609,0.0,0.0,2,1,3,1,Gd,6,Typ,0,1995.0,2.0,525.0,Y,0,70,0,0,0,0,0,4,2008,WD ,Normal,182000,0,0,0,0,1,1,2,5,3,2,6,1,1,0,3,,2,1
1140,60,RL,50.0,8480,Pave,IR1,Lvl,AllPub,Inside,Gtl,SawyerW,Norm,Norm,1Fam,2Story,6,5,1993,1994,Gable,CompShg,HdBoard,HdBoard,BrkFace,120.0,Gd,TA,PConc,602.0,0.0,886.0,GasA,Ex,Y,SBrkr,886,794,0,1680,0.0,1.0,2,1,3,1,Gd,7,Typ,0,1993.0,2.0,474.0,Y,144,96,0,0,0,0,0,10,2008,WD ,Normal,163000,0,0,0,0,1,1,2,5,3,2,6,1,1,0,3,,2,1
1141,20,RL,65.0,8125,Pave,Reg,Lvl,AllPub,Inside,Gtl,SawyerW,Norm,Norm,1Fam,1Story,6,5,1994,1998,Gable,CompShg,HdBoard,HdBoard,BrkFace,258.0,TA,TA,PConc,1138.0,0.0,1408.0,GasA,Ex,Y,SBrkr,1679,0,0,1679,1.0,0.0,2,0,3,1,Gd,7,Typ,1,1994.0,2.0,575.0,Y,224,42,0,0,0,0,0,10,2008,WD ,Normal,193500,0,0,0,0,1,1,2,5,3,2,6,1,1,1,1,,2,1
1142,60,RL,43.0,14565,Pave,IR2,Lvl,AllPub,CulDSac,Gtl,SawyerW,Norm,Norm,1Fam,2Story,7,5,1994,1995,Gable,CompShg,VinylSd,VinylSd,BrkFace,145.0,Gd,TA,PConc,537.0,0.0,832.0,GasA,Ex,Y,SBrkr,832,825,0,1657,0.0,0.0,2,1,3,1,Gd,6,Typ,0,1994.0,2.0,483.0,Y,144,74,0,0,0,0,2000,11,2008,WD ,Normal,189000,0,0,0,1,1,1,2,5,0,2,6,1,1,0,3,,2,1
1143,60,RL,65.0,8450,Pave,Reg,Lvl,AllPub,Inside,Gtl,SawyerW,Norm,Norm,1Fam,2Story,6,5,2001,2001,Gable,CompShg,VinylSd,VinylSd,None,0.0,Gd,TA,PConc,472.0,0.0,827.0,GasA,Ex,Y,SBrkr,827,850,0,1677,1.0,0.0,2,1,3,1,Gd,7,Typ,0,2001.0,2.0,627.0,Y,0,68,0,0,0,0,0,9,2008,WD ,Normal,190500,0,0,0,0,3,1,2,5,3,2,6,1,1,0,3,,2,3
1144,60,RL,75.0,8285,Pave,Reg,Lvl,AllPub,Corner,Gtl,SawyerW,Norm,Norm,1Fam,2Story,7,5,1992,1992,Gable,CompShg,HdBoard,HdBoard,None,0.0,Gd,TA,PConc,397.0,0.0,836.0,GasA,Gd,Y,SBrkr,844,893,0,1737,0.0,1.0,2,1,3,1,Gd,7,Typ,0,1992.0,2.0,506.0,Y,192,85,0,0,0,0,0,5,2008,WD ,Normal,175000,0,0,0,0,3,1,2,5,3,2,6,1,1,0,3,,2,3
1145,20,RL,68.0,7153,Pave,Reg,Lvl,AllPub,Inside,Gtl,SawyerW,Norm,Norm,1Fam,1Story,6,5,1991,1991,Gable,CompShg,HdBoard,HdBoard,BrkFace,88.0,TA,TA,CBlock,1200.0,0.0,1278.0,GasA,Gd,Y,SBrkr,1294,0,0,1294,1.0,0.0,2,0,3,1,Gd,6,Typ,0,1991.0,2.0,496.0,Y,112,51,0,0,0,0,0,6,2008,WD ,Normal,179200,0,0,1,0,1,1,2,5,3,2,6,1,1,0,3,,2,1
1146,60,RL,76.0,9291,Pave,IR1,Lvl,AllPub,Corner,Gtl,SawyerW,RRNe,Norm,1Fam,2Story,6,5,1993,1993,Gable,CompShg,HdBoard,HdBoard,BrkFace,120.0,Gd,TA,PConc,426.0,0.0,832.0,GasA,Ex,Y,SBrkr,832,878,0,1710,0.0,0.0,2,1,3,1,Gd,7,Typ,0,1993.0,2.0,506.0,Y,144,70,0,0,0,0,0,6,2008,WD ,Normal,187000,0,0,0,0,1,1,2,5,3,2,6,1,1,0,3,,2,1
1147,120,RL,50.0,8012,Pave,Reg,Lvl,AllPub,Inside,Gtl,SawyerW,Norm,Norm,TwnhsE,1Story,6,5,1993,1994,Gable,CompShg,Plywood,Plywood,None,0.0,Gd,TA,PConc,165.0,841.0,1604.0,GasA,Ex,Y,SBrkr,1617,0,0,1617,1.0,0.0,2,0,2,1,Gd,5,Typ,1,1993.0,2.0,533.0,Y,0,69,0,0,0,0,0,7,2008,WD ,Normal,193000,0,0,0,0,3,1,2,5,3,3,2,1,1,1,1,,2,3
1148,120,RL,55.0,7892,Pave,Reg,Lvl,AllPub,Inside,Gtl,SawyerW,Norm,Norm,TwnhsE,1Story,6,5,1993,1993,Gable,CompShg,Plywood,Plywood,None,0.0,Gd,TA,PConc,300.0,0.0,1199.0,GasA,Ex,Y,SBrkr,1199,0,0,1199,0.0,0.0,2,0,2,1,Gd,5,Typ,0,1993.0,2.0,530.0,Y,0,63,0,0,0,0,0,3,2008,WD ,Normal,153900,0,0,0,0,3,1,2,5,3,2,6,1,1,0,3,,2,3
1149,20,RL,70.0,9100,Pave,Reg,Lvl,AllPub,Inside,Gtl,Sawyer,RRAe,Norm,1Fam,1Story,5,5,1963,1963,Hip,CompShg,Wd Sdng,Wd Sdng,None,0.0,TA,TA,PConc,53.0,799.0,984.0,GasA,TA,Y,SBrkr,984,0,0,984,1.0,0.0,1,0,3,1,TA,5,Typ,1,1963.0,1.0,384.0,Y,145,56,0,0,0,0,400,8,2008,WD ,Normal,128000,0,0,1,1,3,1,5,2,3,1,0,1,1,1,5,,5,3
1150,20,RL,68.0,12968,Pave,IR2,Lvl,AllPub,Inside,Gtl,Sawyer,Norm,Norm,1Fam,1Story,5,6,1962,1962,Hip,CompShg,HdBoard,Plywood,None,0.0,TA,TA,CBlock,737.0,0.0,912.0,GasA,TA,Y,SBrkr,912,0,0,912,1.0,0.0,1,0,2,1,TA,4,Typ,0,1962.0,1.0,352.0,Y,140,0,0,0,176,0,0,9,2008,WD ,Normal,144000,0,0,0,0,3,1,5,5,3,0,6,1,5,0,3,,5,3
1151,20,RL,75.0,8100,Pave,Reg,Lvl,AllPub,Inside,Gtl,Sawyer,Feedr,Norm,1Fam,1Story,5,8,1961,2007,Gable,CompShg,Wd Sdng,Wd Sdng,None,0.0,TA,Gd,CBlock,764.0,0.0,864.0,GasA,Ex,Y,SBrkr,864,0,0,864,1.0,0.0,1,0,3,1,Gd,5,Typ,1,1962.0,1.0,420.0,Y,132,0,0,0,0,0,0,7,2008,WD ,Normal,135000,0,0,0,0,3,1,5,5,3,0,6,1,5,1,5,,5,3
1152,190,RL,65.0,8450,Pave,Reg,Lvl,AllPub,Inside,Gtl,Sawyer,RRAe,Norm,2fmCon,1Story,5,5,1968,1968,Gable,CompShg,HdBoard,HdBoard,None,0.0,TA,TA,CBlock,890.0,0.0,890.0,GasA,Gd,N,SBrkr,890,0,0,890,1.0,0.0,1,0,3,1,TA,5,Typ,0,1970.0,1.0,308.0,Y,0,0,0,0,0,0,0,4,2008,WD ,Normal,115000,0,0,0,0,3,1,5,1,2,0,6,1,5,0,3,,5,3
1153,20,RL,60.0,6360,Pave,Reg,Lvl,AllPub,Inside,Gtl,Sawyer,Norm,Norm,1Fam,1Story,5,5,1963,1963,Hip,CompShg,Wd Sdng,HdBoard,None,0.0,TA,TA,CBlock,489.0,0.0,864.0,GasA,TA,Y,SBrkr,864,0,0,864,0.0,0.0,1,0,3,1,TA,5,Typ,0,1963.0,1.0,276.0,Y,0,0,0,0,0,0,650,1,2008,COD,Abnorml,119916,0,0,0,1,3,1,2,2,3,0,6,1,1,0,3,,2,3
1154,20,RL,65.0,6768,Pave,IR1,Lvl,AllPub,Inside,Gtl,Sawyer,Feedr,Norm,1Fam,1Story,6,8,1961,1996,Hip,CompShg,HdBoard,HdBoard,None,0.0,TA,Gd,CBlock,832.0,0.0,912.0,GasA,Gd,Y,SBrkr,912,0,0,912,1.0,1.0,1,0,3,1,Gd,5,Typ,0,1962.0,1.0,288.0,Y,168,0,0,0,0,0,0,5,2008,WD ,Normal,142000,0,0,1,0,3,1,5,5,2,2,6,1,5,0,3,,5,3
1155,20,RL,95.0,19508,Pave,Reg,Lvl,AllPub,Inside,Gtl,Veenker,Norm,Norm,1Fam,1Story,6,5,1974,1974,Gable,CompShg,HdBoard,ImStucc,BrkFace,144.0,TA,TA,CBlock,800.0,0.0,1430.0,GasA,TA,Y,SBrkr,1430,0,0,1430,0.0,1.0,2,0,3,1,TA,6,Typ,2,1974.0,2.0,484.0,Y,117,108,165,0,0,0,0,7,2008,WD ,Normal,192000,0,0,0,0,1,1,5,5,0,0,6,1,1,1,5,,5,1
1156,50,RL,70.0,10759,Pave,Reg,Lvl,AllPub,Corner,Gtl,Sawyer,Feedr,Norm,1Fam,1.5Fin,5,4,1972,1972,Gable,CompShg,HdBoard,HdBoard,None,0.0,TA,Gd,CBlock,190.0,811.0,1001.0,GasA,TA,Y,SBrkr,1001,640,0,1641,0.0,0.0,2,0,4,1,TA,5,Typ,1,1972.0,2.0,490.0,Y,0,0,92,0,0,0,0,7,2008,WD ,Normal,140000,0,0,1,0,3,1,2,5,3,3,0,1,5,1,2,,2,3
1157,60,RL,68.0,9205,Pave,IR1,Lvl,AllPub,Inside,Gtl,NoRidge,Norm,Norm,1Fam,2Story,6,5,1990,1991,Hip,CompShg,HdBoard,HdBoard,BrkFace,304.0,Gd,TA,PConc,704.0,0.0,930.0,GasA,Ex,Y,SBrkr,1364,1319,0,2683,1.0,0.0,2,1,4,1,Gd,9,Typ,2,1990.0,2.0,473.0,Y,237,251,0,0,196,0,0,6,2008,WD ,Normal,290000,0,0,0,0,1,1,2,5,3,0,6,1,1,1,2,,2,1
1158,60,RL,105.0,11025,Pave,Reg,Lvl,AllPub,Inside,Gtl,NoRidge,Norm,Norm,1Fam,1.5Fin,9,5,1993,1994,Hip,CompShg,Wd Sdng,Wd Sdng,BrkFace,568.0,Gd,TA,PConc,520.0,0.0,1848.0,GasA,Ex,Y,SBrkr,1827,959,0,2786,1.0,0.0,2,1,4,1,Gd,10,Typ,1,1993.0,2.0,636.0,Y,294,49,0,0,0,0,0,6,2008,WD ,Normal,372500,0,0,0,0,1,1,2,5,1,1,6,1,1,1,0,,2,1
1159,120,FV,59.0,4282,Pave,IR2,Lvl,AllPub,Inside,Gtl,Somerst,Norm,Norm,TwnhsE,1Story,7,5,2004,2004,Gable,CompShg,MetalSd,MetalSd,None,0.0,Gd,TA,PConc,16.0,0.0,1391.0,GasA,Ex,Y,SBrkr,1391,0,0,1391,0.0,0.0,2,0,2,1,Gd,5,Typ,0,2004.0,2.0,530.0,Y,156,158,0,0,0,0,0,7,2008,WD ,Normal,196000,1,0,0,0,3,1,2,5,2,2,6,1,1,0,3,,2,3
1160,160,FV,35.0,4017,Pave,IR1,Lvl,AllPub,Inside,Gtl,Somerst,Norm,Norm,TwnhsE,2Story,7,5,2006,2007,Gable,CompShg,MetalSd,MetalSd,None,0.0,Gd,TA,PConc,0.0,0.0,625.0,GasA,Ex,Y,SBrkr,625,625,0,1250,0.0,0.0,2,1,2,1,Gd,5,Typ,0,2006.0,2.0,625.0,Y,0,54,0,0,0,0,0,3,2008,WD ,Normal,171900,1,0,0,0,3,1,2,5,3,6,6,1,5,0,3,,2,3
1161,120,FV,37.0,3435,Pave,IR1,Lvl,AllPub,Corner,Gtl,Somerst,Norm,Norm,TwnhsE,1Story,7,5,2004,2005,Gable,CompShg,MetalSd,MetalSd,None,0.0,Gd,TA,PConc,24.0,0.0,1235.0,GasA,Ex,Y,SBrkr,1245,0,0,1245,0.0,0.0,2,0,1,1,Gd,5,Typ,0,2004.0,2.0,495.0,Y,0,100,0,0,0,0,0,6,2008,WD ,Normal,178000,1,0,0,0,3,1,2,5,3,2,6,1,1,0,3,,2,3
1162,160,FV,30.0,3180,Pave,Reg,Lvl,AllPub,Inside,Gtl,Somerst,Norm,Norm,TwnhsE,2Story,6,5,2005,2005,Gable,CompShg,MetalSd,MetalSd,None,0.0,Gd,TA,PConc,390.0,0.0,600.0,GasA,Ex,Y,SBrkr,600,600,0,1200,1.0,0.0,2,1,2,1,Gd,5,Typ,0,2005.0,2.0,480.0,Y,0,166,0,0,0,0,0,5,2008,WD ,Normal,165000,1,0,0,0,3,1,2,5,3,2,6,1,5,0,3,,2,3
1163,160,FV,30.0,3180,Pave,Reg,Lvl,AllPub,Inside,Gtl,Somerst,Norm,Norm,TwnhsE,2Story,7,5,2007,2007,Gable,CompShg,VinylSd,VinylSd,None,0.0,Gd,TA,PConc,0.0,0.0,689.0,GasA,Ex,Y,SBrkr,703,689,0,1392,0.0,0.0,2,0,2,1,Gd,5,Typ,0,2007.0,2.0,540.0,Y,0,102,0,0,0,0,0,3,2008,WD ,Abnorml,146000,1,0,0,0,3,1,2,5,3,6,6,1,5,0,3,,2,3
1164,160,FV,34.0,3604,Pave,Reg,Lvl,AllPub,Corner,Gtl,Somerst,Norm,Norm,TwnhsE,2Story,7,5,2007,2007,Gable,CompShg,VinylSd,VinylSd,None,0.0,Gd,TA,PConc,0.0,0.0,689.0,GasA,Ex,Y,SBrkr,703,689,0,1392,0.0,0.0,2,0,2,1,Gd,5,Typ,0,2007.0,2.0,540.0,Y,0,102,0,0,0,0,0,2,2008,WD ,Abnorml,146000,1,0,0,0,3,1,2,5,3,6,6,1,5,0,3,,2,3
1165,160,FV,24.0,2280,Pave,Reg,Lvl,AllPub,Inside,Gtl,Somerst,Norm,Norm,Twnhs,2Story,7,5,1999,1999,Gable,CompShg,MetalSd,MetalSd,BrkFace,360.0,TA,TA,PConc,549.0,0.0,744.0,GasA,Gd,Y,SBrkr,757,744,0,1501,0.0,0.0,2,1,3,1,TA,6,Typ,0,1999.0,2.0,440.0,Y,0,0,0,0,0,0,0,8,2008,WD ,Normal,179400,1,0,0,0,1,1,2,5,3,0,6,1,5,0,3,,2,1
1166,160,FV,24.0,2280,Pave,Reg,Lvl,AllPub,Inside,Gtl,Somerst,Norm,Norm,Twnhs,2Story,6,5,1999,1999,Gable,CompShg,MetalSd,MetalSd,Stone,216.0,TA,TA,PConc,550.0,0.0,744.0,GasA,Gd,Y,SBrkr,757,792,0,1549,1.0,0.0,2,1,3,1,TA,6,Typ,0,1999.0,2.0,440.0,Y,0,32,0,0,0,0,0,4,2008,WD ,Normal,172900,1,0,0,0,4,1,2,5,3,2,6,1,5,0,3,,2,4
1167,120,FV,68.0,4765,Pave,IR1,Lvl,AllPub,Inside,Gtl,Somerst,Norm,Norm,TwnhsE,1Story,9,5,2000,2000,Hip,CompShg,MetalSd,MetalSd,BrkFace,260.0,Gd,TA,PConc,1027.0,0.0,1614.0,GasA,Ex,Y,SBrkr,1638,0,0,1638,1.0,0.0,2,0,2,1,Ex,5,Typ,1,2000.0,2.0,495.0,Y,230,68,0,0,0,0,0,7,2008,WD ,Normal,300000,0,0,0,0,1,1,2,5,0,2,6,1,1,1,5,,2,1
1168,120,FV,68.0,4538,Pave,IR1,Lvl,AllPub,Inside,Gtl,Somerst,Norm,Norm,TwnhsE,1Story,9,5,2001,2001,Gable,CompShg,VinylSd,VinylSd,BrkFace,179.0,Gd,TA,PConc,1004.0,0.0,1310.0,GasA,Ex,Y,SBrkr,1310,0,0,1310,1.0,0.0,1,1,1,1,Gd,5,Typ,1,2001.0,2.0,545.0,Y,277,45,0,0,0,0,0,7,2008,WD ,Normal,285000,0,0,0,0,1,1,0,5,0,2,6,1,1,1,5,,0,1
1169,120,FV,42.0,4385,Pave,IR1,Lvl,AllPub,Inside,Gtl,Somerst,Norm,Norm,TwnhsE,1Story,9,5,2001,2001,Gable,CompShg,VinylSd,VinylSd,None,0.0,Gd,TA,PConc,964.0,0.0,1419.0,GasA,Ex,Y,SBrkr,1419,0,0,1419,1.0,0.0,1,1,2,1,Ex,5,Typ,1,2001.0,2.0,588.0,Y,155,58,0,0,0,0,0,9,2008,WD ,Normal,290000,0,0,0,0,3,1,0,5,0,2,6,1,1,1,5,,0,3
1170,120,FV,35.0,4109,Pave,IR1,Lvl,AllPub,Inside,Gtl,Somerst,Norm,Norm,TwnhsE,1Story,9,5,1999,2000,Gable,CompShg,VinylSd,VinylSd,BrkFace,260.0,Gd,TA,PConc,1141.0,0.0,1557.0,GasA,Ex,Y,SBrkr,1557,0,0,1557,1.0,0.0,2,0,2,1,Ex,5,Typ,1,1999.0,2.0,484.0,Y,124,113,0,0,0,0,0,6,2008,WD ,Normal,305000,0,0,0,0,1,1,2,5,0,2,6,1,1,1,5,,2,1
1171,120,FV,50.0,5119,Pave,IR1,Lvl,AllPub,CulDSac,Gtl,Somerst,Norm,Norm,TwnhsE,1Story,9,5,1999,2000,Gable,CompShg,MetalSd,MetalSd,BrkFace,60.0,Gd,TA,PConc,1238.0,0.0,1698.0,GasA,Ex,Y,SBrkr,1709,0,0,1709,1.0,0.0,2,0,2,1,Gd,5,Typ,1,1999.0,2.0,506.0,Y,97,65,0,0,0,0,0,1,2008,CWD,Abnorml,328900,0,0,0,0,1,1,0,5,0,2,6,1,1,1,5,,0,1
1172,160,FV,24.0,2160,Pave,Reg,Lvl,AllPub,Inside,Gtl,Somerst,Norm,Norm,Twnhs,2Story,7,5,1999,2000,Gable,CompShg,MetalSd,MetalSd,BrkFace,212.0,Gd,TA,PConc,510.0,0.0,600.0,GasA,Ex,Y,SBrkr,624,628,0,1252,1.0,0.0,2,1,2,1,Gd,4,Typ,0,1999.0,2.0,462.0,Y,0,48,0,0,0,0,0,3,2008,WD ,Normal,160000,1,0,0,0,1,1,2,5,3,1,6,1,5,0,3,,2,1
1173,160,FV,24.0,2160,Pave,Reg,Lvl,AllPub,Inside,Gtl,Somerst,Norm,Norm,Twnhs,SLvl,7,5,1999,2000,Gable,CompShg,VinylSd,VinylSd,BrkFace,216.0,Gd,TA,PConc,600.0,0.0,672.0,GasA,Ex,Y,SBrkr,684,720,0,1404,1.0,0.0,2,1,3,1,Gd,5,Typ,0,1999.0,2.0,462.0,Y,20,0,0,0,0,0,0,6,2008,WD ,Normal,170000,1,0,0,0,1,1,2,5,3,2,6,1,5,0,3,,2,1
1174,60,FV,79.0,10646,Pave,IR1,Lvl,AllPub,Corner,Gtl,Somerst,Norm,Norm,1Fam,2Story,7,5,2001,2001,Gable,CompShg,VinylSd,VinylSd,BrkFace,513.0,TA,TA,PConc,681.0,0.0,858.0,GasA,Ex,Y,SBrkr,872,917,0,1789,1.0,0.0,2,1,3,1,TA,7,Typ,1,2001.0,2.0,546.0,Y,0,0,0,0,0,0,0,6,2008,WD ,Normal,223000,0,0,0,0,1,1,5,5,3,2,6,1,1,1,5,,5,1
1175,160,FV,24.0,2645,Pave,Reg,Lvl,AllPub,Inside,Gtl,Somerst,Norm,Norm,Twnhs,2Story,8,5,1999,1999,Gable,CompShg,MetalSd,MetalSd,BrkFace,466.0,Gd,TA,PConc,612.0,0.0,960.0,GasA,Ex,Y,SBrkr,962,624,0,1586,1.0,0.0,2,1,3,1,Gd,7,Typ,0,1999.0,2.0,480.0,Y,169,0,0,0,0,0,0,12,2008,WD ,Normal,170000,1,0,0,0,1,1,2,5,3,2,6,1,5,0,3,,2,1
1176,160,FV,24.0,2645,Pave,Reg,Lvl,AllPub,Inside,Gtl,Somerst,Norm,Norm,Twnhs,2Story,8,5,1999,2000,Gable,CompShg,MetalSd,MetalSd,BrkFace,456.0,Gd,TA,PConc,813.0,0.0,960.0,GasA,Ex,Y,SBrkr,962,645,0,1607,1.0,0.0,2,1,3,1,Gd,7,Typ,0,2000.0,2.0,480.0,Y,169,0,0,0,0,0,0,12,2008,ConLD,Normal,200000,1,0,0,0,1,1,2,5,3,2,6,1,5,0,3,,2,1
1177,160,FV,36.0,3951,Pave,IR1,Lvl,AllPub,Inside,Gtl,Somerst,Norm,Norm,TwnhsE,2Story,10,5,1998,1999,Gable,CompShg,BrkFace,MetalSd,None,0.0,Ex,TA,PConc,128.0,842.0,970.0,GasA,Ex,Y,SBrkr,1469,924,0,2393,1.0,0.0,2,1,2,1,Ex,7,Typ,1,1998.0,2.0,846.0,Y,0,90,0,0,94,0,0,2,2008,WD ,Normal,345000,1,0,0,0,3,1,2,5,2,1,2,1,1,1,5,,2,3
1178,120,RL,38.0,14963,Pave,IR2,Lvl,AllPub,Inside,Gtl,Veenker,Norm,Norm,TwnhsE,1Story,8,5,1996,1996,Gable,CompShg,BrkFace,BrkFace,None,0.0,Gd,TA,PConc,786.0,0.0,1260.0,GasA,Ex,Y,SBrkr,1288,0,0,1288,1.0,0.0,1,1,1,1,Ex,4,Typ,2,1996.0,2.0,500.0,Y,120,30,0,0,224,0,0,12,2008,WD ,Normal,245500,0,0,0,0,3,1,2,5,3,2,6,1,1,1,2,,2,3
1179,120,RL,22.0,11064,Pave,IR2,Lvl,AllPub,CulDSac,Gtl,Veenker,Norm,Norm,TwnhsE,1Story,8,5,1995,1995,Hip,CompShg,BrkFace,BrkFace,None,0.0,Gd,TA,PConc,560.0,670.0,1230.0,GasA,Ex,Y,SBrkr,1239,0,0,1239,1.0,0.0,1,1,1,1,Gd,4,Typ,1,1995.0,2.0,477.0,Y,172,24,0,0,0,0,0,8,2008,WD ,Normal,217500,0,0,0,0,3,1,2,5,1,3,2,1,1,1,1,,2,3
1180,120,RL,32.0,10846,Pave,IR1,Lvl,AllPub,CulDSac,Gtl,Veenker,Norm,Norm,TwnhsE,1Story,8,5,1993,1993,Gable,CompShg,BrkFace,BrkFace,None,0.0,Gd,TA,PConc,1619.0,0.0,1719.0,GasA,Ex,Y,SBrkr,1719,0,0,1719,2.0,0.0,1,1,1,1,Gd,6,Typ,2,1993.0,2.0,473.0,Y,122,30,0,0,0,0,0,5,2008,Con,Normal,324000,0,0,0,0,3,1,2,5,1,2,6,1,1,1,2,,2,3
1181,20,RL,68.0,11120,Pave,IR1,Lvl,AllPub,CulDSac,Gtl,Veenker,Norm,Norm,1Fam,1Story,6,6,1984,1984,Gable,CompShg,Plywood,Plywood,None,0.0,TA,TA,PConc,660.0,0.0,1232.0,GasA,TA,Y,SBrkr,1232,0,0,1232,0.0,0.0,2,0,3,1,TA,6,Typ,0,1984.0,2.0,516.0,Y,0,0,0,0,0,0,0,6,2008,WD ,Normal,162500,0,0,0,0,3,1,2,5,3,1,6,1,1,0,3,,2,3
1182,60,RL,68.0,24572,Pave,IR1,Lvl,AllPub,CulDSac,Gtl,Veenker,Norm,Norm,1Fam,2Story,9,3,1977,1977,Mansard,CompShg,Wd Sdng,Wd Sdng,BrkFace,1050.0,Gd,Gd,CBlock,410.0,0.0,994.0,GasA,TA,Y,SBrkr,1599,1345,0,2944,0.0,0.0,2,2,3,1,Gd,9,Typ,1,1977.0,3.0,864.0,Y,140,70,16,0,0,0,0,6,2008,WD ,Family,150000,0,0,0,0,1,1,2,5,3,2,6,1,1,1,2,,2,1
1183,20,RL,103.0,16280,Pave,Reg,Lvl,AllPub,Inside,Gtl,Veenker,Norm,Norm,1Fam,1Story,8,9,1976,2007,Gable,CompShg,VinylSd,VinylSd,None,0.0,Ex,Ex,CBlock,1044.0,382.0,1426.0,GasA,Ex,Y,SBrkr,1671,0,0,1671,1.0,0.0,3,0,3,1,Ex,6,Typ,1,1976.0,2.0,550.0,Y,280,90,0,0,0,0,0,5,2008,WD ,Normal,290000,0,0,1,0,3,1,2,0,2,2,5,1,1,1,2,,2,3
1185,20,RL,80.0,10400,Pave,Reg,Lvl,AllPub,Inside,Gtl,NWAmes,Norm,Norm,1Fam,1Story,7,6,1970,1970,Hip,CompShg,Plywood,Plywood,BrkFace,288.0,TA,TA,PConc,0.0,0.0,1304.0,GasA,Gd,Y,SBrkr,1682,0,0,1682,0.0,0.0,2,0,3,1,TA,7,Typ,1,1970.0,2.0,530.0,Y,98,0,0,0,0,0,0,5,2008,WD ,Normal,174000,0,0,1,0,1,1,5,5,3,6,6,1,1,1,2,,5,1
1186,80,RL,68.0,11104,Pave,IR1,Lvl,AllPub,Inside,Gtl,NWAmes,Norm,Norm,1Fam,SLvl,6,6,1969,1969,Gable,CompShg,MetalSd,MetalSd,None,0.0,TA,TA,CBlock,828.0,0.0,1427.0,GasA,Gd,Y,SBrkr,1427,0,0,1427,0.0,1.0,2,0,4,1,TA,7,Typ,0,1969.0,2.0,516.0,Y,0,0,0,0,216,0,0,5,2008,WD ,Normal,183000,0,0,0,0,3,1,5,5,0,2,6,1,1,0,3,,5,3
1187,20,RL,85.0,11050,Pave,Reg,Lvl,AllPub,Inside,Gtl,NWAmes,Norm,Norm,1Fam,1Story,6,5,1968,1968,Gable,CompShg,HdBoard,HdBoard,None,0.0,TA,TA,CBlock,301.0,0.0,1740.0,GasA,Fa,Y,SBrkr,1740,0,0,1740,0.0,0.0,1,1,4,1,TA,8,Typ,1,1968.0,2.0,512.0,Y,25,0,0,0,192,0,0,10,2008,WD ,Family,150000,0,0,1,0,3,1,5,5,3,5,6,1,1,1,5,,5,3
1188,20,RL,80.0,11040,Pave,Reg,Lvl,AllPub,Inside,Gtl,NWAmes,Norm,Norm,1Fam,1Story,6,7,1971,2004,Gable,CompShg,VinylSd,VinylSd,BrkFace,144.0,Gd,Gd,CBlock,656.0,0.0,1258.0,GasA,Ex,Y,SBrkr,1258,0,0,1258,0.0,1.0,2,0,3,1,Gd,5,Typ,0,1971.0,2.0,528.0,Y,55,0,0,216,0,0,0,10,2008,COD,Abnorml,145000,0,0,0,0,1,1,5,5,3,0,6,1,1,0,3,,5,1
1189,20,RL,68.0,15387,Pave,IR1,Lvl,AllPub,CulDSac,Gtl,NWAmes,Norm,Norm,1Fam,1Story,7,7,1967,1967,Gable,CompShg,Plywood,Plywood,None,0.0,TA,TA,CBlock,603.0,294.0,1620.0,GasA,Ex,Y,SBrkr,1620,0,0,1620,0.0,0.0,2,0,4,1,Gd,8,Typ,1,1967.0,2.0,578.0,Y,0,62,192,0,0,0,450,8,2008,WD ,Normal,215000,0,0,0,1,3,1,5,5,3,0,1,1,1,1,2,,5,3
1190,90,RL,75.0,9750,Pave,Reg,Lvl,AllPub,Inside,Gtl,NWAmes,RRAn,Norm,Duplex,1Story,5,6,1965,1965,Gable,CompShg,MetalSd,MetalSd,None,0.0,TA,TA,CBlock,0.0,0.0,1625.0,GasA,Ex,Y,SBrkr,1625,0,0,1625,0.0,0.0,2,0,4,2,TA,8,Typ,0,1965.0,2.0,484.0,Y,0,0,0,0,0,0,0,8,2008,ConLD,Normal,140500,0,0,0,0,3,1,5,5,3,6,6,1,5,0,3,,5,3
1191,60,RL,90.0,10800,Pave,Reg,Lvl,AllPub,Inside,Gtl,NWAmes,Norm,Norm,1Fam,2Story,6,7,1974,1997,Gable,CompShg,HdBoard,HdBoard,None,0.0,TA,TA,CBlock,956.0,182.0,1522.0,GasA,TA,Y,SBrkr,1548,1066,0,2614,0.0,0.0,2,1,4,1,TA,9,Typ,1,1974.0,2.0,624.0,Y,38,243,0,0,0,0,0,6,2008,WD ,Normal,240000,0,0,0,0,3,1,5,5,3,0,5,1,1,1,5,,5,3
1192,60,RL,73.0,8814,Pave,Reg,Lvl,AllPub,Inside,Gtl,NAmes,Feedr,Norm,1Fam,2Story,5,6,1968,1968,Gable,CompShg,MetalSd,MetalSd,None,0.0,TA,TA,CBlock,732.0,0.0,732.0,GasA,Ex,Y,SBrkr,732,732,0,1464,0.0,0.0,1,1,4,1,TA,7,Typ,0,1968.0,2.0,470.0,Y,0,40,0,0,0,0,0,6,2008,WD ,Normal,141000,0,0,0,0,3,1,5,5,3,3,6,1,1,0,3,,5,3
1193,20,RL,72.0,8872,Pave,Reg,Lvl,AllPub,Corner,Gtl,NAmes,Norm,Norm,1Fam,1Story,5,8,1965,2008,Gable,CompShg,VinylSd,VinylSd,BrkFace,300.0,TA,TA,CBlock,595.0,0.0,912.0,GasA,Ex,Y,SBrkr,912,0,0,912,1.0,0.0,1,0,2,1,Gd,5,Typ,0,1992.0,2.0,576.0,Y,0,240,0,0,0,0,0,12,2008,WD ,Normal,147000,0,0,0,0,1,1,5,5,3,0,6,1,5,0,3,,5,1
1194,20,RL,65.0,8125,Pave,Reg,Lvl,AllPub,Inside,Gtl,NAmes,Norm,Norm,1Fam,1Story,5,7,1965,2005,Hip,CompShg,HdBoard,HdBoard,None,0.0,Gd,TA,CBlock,260.0,456.0,912.0,GasA,Ex,Y,SBrkr,925,0,0,925,1.0,0.0,1,0,3,1,TA,5,Typ,0,1978.0,2.0,576.0,Y,233,0,0,0,0,0,0,7,2008,WD ,Normal,135000,0,0,0,0,3,1,5,5,3,0,5,1,5,0,3,,5,3
1195,90,RL,72.0,11072,Pave,IR1,Lvl,AllPub,Inside,Gtl,NAmes,Norm,Norm,Duplex,1Story,5,5,1965,1965,Gable,CompShg,HdBoard,HdBoard,None,0.0,TA,TA,CBlock,0.0,0.0,1728.0,GasA,TA,Y,SBrkr,1728,0,0,1728,0.0,0.0,2,0,6,2,TA,10,Typ,0,1987.0,2.0,576.0,Y,0,0,0,0,0,0,0,11,2008,WD ,Normal,145000,0,0,0,0,3,1,5,5,3,6,6,1,5,0,3,,5,3
1196,90,RL,74.0,13101,Pave,IR1,Lvl,AllPub,Inside,Gtl,NAmes,Norm,Norm,Duplex,1Story,5,5,1965,1965,Gable,CompShg,HdBoard,HdBoard,BrkFace,108.0,TA,TA,CBlock,231.0,0.0,1728.0,GasA,TA,Y,SBrkr,1728,0,0,1728,0.0,0.0,2,0,6,2,TA,10,Typ,0,1987.0,2.0,576.0,Y,0,0,0,0,0,0,0,11,2008,WD ,Normal,142600,0,0,0,0,1,1,5,5,3,3,6,1,5,0,3,,5,1
1197,90,RL,87.0,9246,Pave,IR1,Lvl,AllPub,Inside,Gtl,NWAmes,Feedr,Norm,Duplex,1Story,5,5,1973,1973,Gable,CompShg,Plywood,Plywood,BrkFace,564.0,TA,TA,CBlock,0.0,0.0,1656.0,GasA,TA,Y,SBrkr,1656,0,0,1656,0.0,0.0,2,0,4,2,TA,8,Typ,0,1973.0,2.0,506.0,Y,0,211,0,0,0,0,0,11,2008,WD ,Normal,135000,0,0,0,0,1,1,5,5,3,6,6,1,5,0,3,,5,1
1198,60,RL,68.0,13355,Pave,IR1,Lvl,AllPub,Inside,Gtl,NWAmes,Norm,Norm,1Fam,2Story,7,6,1971,1971,Gable,CompShg,HdBoard,HdBoard,None,0.0,TA,TA,CBlock,583.0,0.0,825.0,GasA,TA,Y,SBrkr,845,825,0,1670,0.0,0.0,1,1,4,1,TA,7,Typ,0,1971.0,2.0,464.0,Y,0,0,0,0,0,0,0,5,2008,WD ,Normal,170000,0,0,0,0,3,1,2,2,3,0,6,1,1,0,3,,2,3
1199,60,RL,68.0,8963,Pave,IR1,Lvl,AllPub,Inside,Gtl,NWAmes,Norm,Norm,1Fam,2Story,8,9,1976,1996,Hip,CompShg,VinylSd,VinylSd,BrkFace,289.0,Ex,Gd,CBlock,575.0,80.0,1142.0,GasA,Ex,Y,SBrkr,1175,1540,0,2715,0.0,1.0,3,1,4,1,Gd,11,Typ,2,1994.0,2.0,831.0,Y,0,204,0,0,0,0,0,7,2008,WD ,Normal,299800,0,0,0,0,1,1,5,2,3,2,0,1,3,1,5,,5,1
1200,60,RL,76.0,9120,Pave,Reg,Lvl,AllPub,Inside,Gtl,NWAmes,Norm,Norm,1Fam,2Story,6,6,1974,1974,Hip,CompShg,HdBoard,HdBoard,BrkFace,270.0,Gd,TA,CBlock,442.0,0.0,901.0,GasA,TA,Y,SBrkr,943,933,0,1876,0.0,0.0,2,1,4,1,Gd,8,Typ,1,1974.0,2.0,540.0,Y,0,69,0,0,0,0,0,7,2008,WD ,Normal,185000,0,0,0,0,1,1,5,5,3,0,6,1,1,1,5,,5,1
1201,60,RL,68.0,9130,Pave,Reg,Lvl,AllPub,Inside,Gtl,NWAmes,Feedr,Norm,1Fam,2Story,6,8,1966,2000,Hip,CompShg,HdBoard,HdBoard,BrkFace,252.0,TA,TA,CBlock,400.0,64.0,800.0,GasA,Gd,Y,SBrkr,800,832,0,1632,0.0,1.0,1,1,4,1,Gd,7,Typ,0,1966.0,2.0,484.0,Y,0,40,0,0,0,0,0,7,2008,WD ,Normal,173000,0,0,0,0,1,1,5,5,3,2,5,1,1,0,3,,5,1
1202,85,RL,68.0,12122,Pave,IR1,Lvl,AllPub,Corner,Gtl,NAmes,Norm,Norm,1Fam,SFoyer,7,9,1961,2007,Gable,CompShg,CemntBd,CmentBd,Stone,210.0,Ex,TA,CBlock,867.0,0.0,944.0,GasA,Gd,Y,SBrkr,999,0,0,999,1.0,0.0,1,0,3,1,Ex,6,Typ,0,1961.0,2.0,588.0,Y,144,76,0,0,0,0,0,7,2008,WD ,Normal,178400,0,0,0,0,4,1,5,5,0,0,6,1,1,0,3,,5,4
1203,60,RL,68.0,9900,Pave,Reg,Lvl,AllPub,Inside,Gtl,NWAmes,Feedr,Norm,1Fam,2Story,7,5,1968,1968,Gable,CompShg,MetalSd,MetalSd,BrkFace,342.0,TA,TA,CBlock,552.0,0.0,832.0,GasA,Gd,Y,SBrkr,1098,880,0,1978,0.0,0.0,2,1,4,1,TA,9,Typ,1,1968.0,2.0,486.0,Y,0,43,0,0,0,0,0,4,2008,WD ,Normal,176000,0,0,1,0,1,1,5,5,3,1,6,1,1,1,2,,5,1
1204,20,RL,74.0,7785,Pave,IR1,Lvl,AllPub,Inside,Gtl,NAmes,Norm,Norm,1Fam,1Story,5,5,1956,1956,Gable,CompShg,HdBoard,HdBoard,None,0.0,TA,TA,Slab,0.0,0.0,0.0,GasA,TA,Y,SBrkr,1014,0,0,1014,0.0,0.0,1,0,2,1,TA,6,Typ,0,1956.0,1.0,267.0,Y,0,0,40,0,200,0,0,3,2008,WD ,Normal,98000,0,0,1,0,3,0,3,3,4,4,4,1,1,0,3,,3,3
1205,20,RL,77.0,8593,Pave,IR1,Lvl,AllPub,Inside,Gtl,NAmes,Norm,Norm,1Fam,1Story,4,6,1957,1957,Hip,CompShg,MetalSd,MetalSd,None,0.0,TA,TA,CBlock,288.0,0.0,907.0,GasA,Ex,Y,SBrkr,907,0,0,907,0.0,0.0,1,0,3,1,TA,5,Typ,0,1964.0,1.0,352.0,Y,0,0,0,0,0,0,0,7,2008,WD ,Normal,109008,0,0,0,0,3,1,5,5,3,5,6,1,5,0,3,,5,3
1206,20,RL,68.0,8475,Pave,IR1,Lvl,AllPub,Inside,Gtl,NAmes,Norm,Norm,1Fam,1Story,4,7,1956,1956,Gable,CompShg,VinylSd,VinylSd,None,0.0,TA,TA,CBlock,228.0,0.0,952.0,GasA,Ex,Y,FuseA,952,0,0,952,0.0,0.0,1,0,2,1,TA,4,Typ,0,1956.0,1.0,283.0,Y,0,0,0,0,0,0,0,4,2008,WD ,Normal,135750,0,0,0,0,3,1,5,5,3,0,6,1,5,0,3,,5,3
1207,20,RL,80.0,8700,Pave,Reg,Lvl,AllPub,Inside,Gtl,NAmes,Norm,Norm,1Fam,1Story,5,6,1963,1963,Hip,CompShg,MetalSd,MetalSd,BrkFace,148.0,TA,Gd,CBlock,776.0,0.0,1120.0,GasA,Gd,Y,SBrkr,1128,0,0,1128,1.0,0.0,2,0,3,1,TA,6,Typ,0,1963.0,2.0,525.0,Y,192,20,123,0,0,0,0,12,2008,WD ,Normal,155000,0,0,1,0,1,1,5,5,2,0,6,1,1,0,3,,5,1
1208,20,RL,100.0,10175,Pave,IR1,Lvl,AllPub,Inside,Gtl,NAmes,Norm,Norm,1Fam,1Story,6,5,1964,1964,Gable,CompShg,HdBoard,Plywood,BrkFace,272.0,TA,TA,CBlock,490.0,0.0,1425.0,GasA,Gd,Y,SBrkr,1425,0,0,1425,0.0,0.0,2,0,3,1,TA,7,Typ,1,1964.0,2.0,576.0,Y,0,0,0,407,0,0,0,7,2008,WD ,Normal,180500,0,0,0,0,1,1,5,5,3,1,6,1,1,1,2,,5,1
1209,80,RL,82.0,9020,Pave,Reg,Lvl,AllPub,Inside,Gtl,NAmes,Norm,Norm,1Fam,SLvl,6,7,1966,1966,Gable,CompShg,HdBoard,HdBoard,BrkFace,183.0,TA,TA,CBlock,312.0,539.0,1127.0,GasA,TA,Y,SBrkr,1165,0,0,1165,1.0,0.0,1,1,3,1,TA,6,Typ,0,1966.0,2.0,490.0,Y,0,129,0,0,0,0,0,5,2008,WD ,Normal,174900,0,0,1,0,1,1,5,5,1,5,0,1,1,0,3,,5,1
1210,20,RL,80.0,9200,Pave,Reg,Lvl,AllPub,Inside,Gtl,NAmes,Norm,Norm,1Fam,1Story,6,6,1965,1965,Gable,CompShg,HdBoard,HdBoard,None,0.0,TA,TA,CBlock,892.0,0.0,1136.0,GasA,TA,Y,SBrkr,1136,0,0,1136,1.0,0.0,1,0,3,1,TA,5,Typ,1,1965.0,1.0,384.0,Y,426,0,0,0,0,0,0,7,2008,WD ,Normal,140000,0,0,0,0,3,1,5,5,3,5,6,1,1,1,2,,5,3
1211,20,RL,75.0,8250,Pave,Reg,Lvl,AllPub,Inside,Gtl,NAmes,Norm,Norm,1Fam,1Story,6,7,1964,1964,Hip,CompShg,HdBoard,HdBoard,Stone,260.0,TA,TA,CBlock,787.0,0.0,1092.0,GasA,Ex,Y,SBrkr,1092,0,0,1092,1.0,0.0,1,0,3,1,TA,6,Typ,0,1964.0,2.0,504.0,Y,0,0,0,0,0,0,0,7,2008,WD ,Normal,145000,0,0,1,0,4,1,2,5,3,5,6,1,1,0,3,,2,4
1212,80,RL,85.0,9350,Pave,Reg,Lvl,AllPub,Inside,Gtl,NAmes,Norm,Norm,1Fam,SLvl,5,8,1965,1999,Gable,CompShg,BrkFace,BrkFace,None,0.0,TA,Gd,PConc,633.0,0.0,1219.0,GasA,Gd,Y,SBrkr,1265,0,0,1265,0.0,1.0,2,0,3,1,Gd,6,Typ,1,1965.0,2.0,502.0,Y,0,92,0,96,0,0,0,10,2008,WD ,Normal,179900,0,0,1,0,3,1,5,5,1,0,6,1,1,1,2,,5,3
1213,80,RL,82.0,9020,Pave,Reg,Lvl,AllPub,Corner,Gtl,NAmes,Feedr,Norm,1Fam,SLvl,6,5,1964,1964,Gable,WdShngl,Plywood,Wd Sdng,BrkFace,259.0,TA,TA,CBlock,624.0,336.0,1248.0,GasA,TA,Y,SBrkr,1350,0,0,1350,1.0,0.0,1,1,3,1,TA,6,Typ,0,1964.0,2.0,520.0,Y,176,0,0,0,0,0,0,6,2008,WD ,Normal,168500,0,0,1,0,1,1,5,5,1,2,5,1,1,0,3,,5,1
1214,20,RL,90.0,9900,Pave,Reg,Lvl,AllPub,Corner,Gtl,NAmes,Norm,Norm,1Fam,1Story,5,5,1961,1961,Gable,CompShg,Plywood,Plywood,None,0.0,TA,Gd,CBlock,0.0,0.0,1114.0,GasA,TA,Y,SBrkr,1114,0,0,1114,1.0,0.0,1,0,3,1,TA,5,Typ,0,1961.0,2.0,451.0,Y,0,0,0,0,164,0,0,5,2008,COD,Abnorml,140000,0,0,0,0,3,1,5,5,3,6,6,1,1,0,3,,5,3
1215,20,RL,72.0,10007,Pave,IR1,Lvl,AllPub,Inside,Gtl,NAmes,Norm,Norm,1Fam,1Story,5,7,1959,2006,Gable,CompShg,HdBoard,HdBoard,BrkFace,54.0,Gd,TA,CBlock,806.0,0.0,1053.0,GasA,Ex,Y,SBrkr,1053,0,0,1053,1.0,0.0,1,1,3,1,Gd,5,Typ,0,1959.0,1.0,312.0,Y,0,0,0,0,0,0,0,8,2008,WD ,Normal,145500,0,0,1,0,1,1,5,5,3,0,6,1,1,0,3,,5,1
1216,20,RL,80.0,10721,Pave,IR1,Lvl,AllPub,Inside,Gtl,NAmes,Norm,Norm,1Fam,1Story,6,6,1959,1959,Hip,CompShg,HdBoard,HdBoard,Stone,243.0,Gd,TA,CBlock,0.0,0.0,1252.0,GasA,Ex,Y,SBrkr,1252,0,0,1252,0.0,0.0,1,0,3,1,Gd,7,Typ,0,1960.0,2.0,528.0,Y,0,39,0,0,0,0,0,10,2008,WD ,Normal,142000,0,0,0,0,4,1,5,5,3,6,6,1,5,0,3,,5,4
1217,20,RL,68.0,12493,Pave,IR1,Lvl,AllPub,Inside,Gtl,NAmes,Norm,Norm,1Fam,1Story,4,5,1960,1960,Gable,CompShg,Wd Sdng,Wd Sdng,None,0.0,TA,TA,PConc,419.0,306.0,1100.0,GasA,TA,Y,SBrkr,1100,0,0,1100,1.0,0.0,1,0,3,1,TA,6,Typ,1,1960.0,1.0,312.0,Y,355,0,0,0,0,0,0,4,2008,WD ,Normal,141000,0,0,1,0,3,1,5,5,3,0,5,1,1,1,4,,5,3
1218,20,RL,68.0,11332,Pave,IR1,Lvl,AllPub,Corner,Gtl,NAmes,Norm,Norm,1Fam,1Story,5,7,1960,2000,Gable,CompShg,Wd Sdng,Wd Sdng,None,0.0,TA,TA,CBlock,528.0,0.0,1118.0,GasA,Ex,Y,SBrkr,1118,0,0,1118,1.0,0.0,1,0,3,1,Gd,6,Typ,0,1960.0,1.0,264.0,Y,290,0,0,0,0,0,0,8,2008,WD ,Normal,153000,0,0,1,0,3,1,5,5,3,1,6,1,1,0,3,,5,3
1219,20,RL,68.0,6627,Pave,IR1,Lvl,AllPub,Corner,Gtl,BrkSide,Feedr,Norm,1Fam,1Story,3,6,1949,1950,Hip,CompShg,VinylSd,VinylSd,None,0.0,TA,TA,CBlock,0.0,0.0,0.0,Floor,TA,N,SBrkr,720,0,0,720,0.0,0.0,1,0,2,1,TA,4,Typ,0,1955.0,1.0,287.0,Y,0,0,0,0,0,0,0,7,2008,WD ,Normal,72500,0,0,0,0,3,0,3,3,4,4,4,1,5,0,3,,3,3
1220,30,RL,56.0,4130,Pave,IR1,Lvl,AllPub,Inside,Gtl,BrkSide,Norm,Norm,1Fam,1Story,3,6,1935,2003,Gable,CompShg,VinylSd,VinylSd,None,0.0,Gd,TA,CBlock,0.0,0.0,270.0,GasA,Gd,Y,SBrkr,729,0,0,729,0.0,0.0,1,0,2,1,TA,5,Maj2,0,0.0,0.0,0.0,N,0,0,0,0,0,0,0,7,2008,WD ,Normal,52000,0,0,0,0,3,1,5,5,3,6,6,0,6,0,3,,5,3
1221,190,RL,50.0,7420,Pave,Reg,Lvl,AllPub,Corner,Gtl,BrkSide,Artery,Artery,2fmCon,1.5Unf,5,6,1939,1950,Gable,CompShg,MetalSd,MetalSd,None,0.0,TA,TA,BrkTil,851.0,0.0,991.0,GasA,Ex,Y,SBrkr,1077,0,0,1077,1.0,0.0,1,0,2,2,TA,5,Typ,2,1939.0,1.0,205.0,Y,0,4,0,0,0,0,0,1,2008,WD ,Normal,118000,0,0,0,0,3,1,5,5,3,2,6,1,1,1,5,,5,3
1222,70,RL,50.0,4882,Pave,IR1,Bnk,AllPub,Inside,Mod,BrkSide,RRAn,Feedr,1Fam,2Story,4,7,1937,1950,Gable,CompShg,MetalSd,MetalSd,None,0.0,TA,TA,PConc,120.0,0.0,348.0,GasA,TA,Y,SBrkr,453,453,0,906,0.0,0.0,1,0,2,1,TA,5,Typ,0,1937.0,1.0,231.0,Y,0,0,0,0,0,0,0,9,2008,WD ,Normal,87000,0,0,0,0,3,1,5,5,3,5,6,1,2,0,3,,5,3
1223,20,RL,80.0,9600,Pave,Reg,Lvl,AllPub,Inside,Gtl,NAmes,Norm,Norm,1Fam,1Story,5,6,1960,1960,Gable,CompShg,MetalSd,MetalSd,BrkFace,203.0,Fa,Fa,CBlock,658.0,0.0,1296.0,GasA,TA,Y,SBrkr,1496,0,0,1496,0.0,0.0,2,0,3,1,Gd,6,Typ,0,1960.0,2.0,450.0,Y,0,22,0,0,0,0,0,2,2008,WD ,Normal,141500,0,0,1,0,1,1,5,5,3,5,6,1,1,0,3,,5,1
1224,50,RL,80.0,9600,Pave,Reg,Lvl,AllPub,Inside,Gtl,NAmes,Norm,Norm,1Fam,1.5Fin,6,5,1950,1950,Gable,CompShg,VinylSd,VinylSd,None,0.0,TA,TA,CBlock,280.0,0.0,1032.0,GasA,TA,Y,FuseA,1032,220,0,1252,0.0,0.0,1,0,3,1,TA,6,Typ,0,1950.0,1.0,288.0,Y,0,0,96,0,0,0,0,4,2008,WD ,Abnorml,119000,0,0,0,0,3,1,5,5,3,1,6,1,1,0,3,,5,3
1225,20,RL,80.0,9600,Pave,Reg,Lvl,AllPub,Inside,Gtl,NAmes,Norm,Norm,1Fam,1Story,5,8,1950,2006,Gable,CompShg,HdBoard,HdBoard,None,0.0,TA,Gd,CBlock,32.0,308.0,572.0,GasA,Gd,Y,SBrkr,1337,0,0,1337,1.0,0.0,1,0,3,1,Gd,7,Typ,1,1950.0,1.0,264.0,Y,0,192,0,0,0,0,0,9,2008,WD ,Normal,141500,0,0,0,0,3,1,5,5,3,1,5,1,1,1,2,,5,3
1226,80,RL,80.0,9600,Pave,Reg,Lvl,AllPub,Inside,Gtl,NAmes,Norm,Norm,1Fam,SLvl,6,6,1955,1996,Hip,CompShg,AsbShng,AsbShng,None,0.0,TA,TA,CBlock,831.0,0.0,992.0,GasA,Gd,Y,SBrkr,1661,0,0,1661,1.0,0.0,1,0,3,1,Gd,8,Typ,1,1955.0,1.0,377.0,Y,0,28,0,0,178,0,0,10,2008,WD ,Normal,165500,0,0,1,0,3,1,5,5,0,1,6,1,3,1,5,,5,3
1227,20,RL,63.0,7584,Pave,Reg,Lvl,AllPub,Inside,Gtl,NAmes,Artery,Norm,1Fam,1Story,5,5,1953,1953,Hip,CompShg,Wd Sdng,Wd Sdng,BrkFace,88.0,TA,TA,CBlock,531.0,0.0,1036.0,GasA,Ex,Y,SBrkr,1036,0,0,1036,0.0,0.0,1,0,3,1,TA,5,Typ,0,1953.0,1.0,312.0,Y,120,24,0,0,0,0,0,6,2008,WD ,Normal,112900,0,0,1,0,1,1,5,5,3,3,6,1,1,0,3,,5,1
1228,60,RL,68.0,13700,Pave,IR1,Lvl,AllPub,Inside,Gtl,NAmes,Norm,Norm,1Fam,2Story,7,6,1965,1988,Gable,CompShg,VinylSd,VinylSd,Stone,288.0,TA,TA,CBlock,454.0,0.0,864.0,GasA,TA,Y,SBrkr,902,918,0,1820,0.0,0.0,1,2,4,1,Gd,8,Typ,2,1965.0,2.0,492.0,Y,60,84,0,0,273,0,0,5,2008,WD ,Normal,201800,0,0,1,0,4,1,5,5,1,0,6,1,1,1,2,,5,4
1229,20,RL,80.0,10197,Pave,IR1,Lvl,AllPub,Inside,Gtl,NAmes,Norm,Norm,1Fam,1Story,6,5,1961,1961,Gable,CompShg,WdShing,Wd Shng,BrkCmn,491.0,TA,TA,CBlock,288.0,374.0,1362.0,GasA,TA,Y,SBrkr,1362,0,0,1362,1.0,0.0,1,1,3,1,TA,6,Typ,1,1961.0,2.0,504.0,Y,0,20,0,0,0,0,0,6,2008,COD,Normal,163000,0,0,0,0,0,1,5,5,3,0,5,1,1,1,5,,5,0
1230,20,RL,75.0,7875,Pave,Reg,Lvl,AllPub,Inside,Gtl,NAmes,Norm,Norm,1Fam,1Story,5,6,1961,1961,Gable,CompShg,VinylSd,VinylSd,BrkFace,136.0,TA,TA,CBlock,572.0,0.0,1144.0,GasA,Gd,Y,SBrkr,1144,0,0,1144,1.0,0.0,1,0,3,1,TA,6,Typ,0,1961.0,2.0,456.0,Y,0,0,0,0,0,0,0,9,2008,WD ,Normal,139950,0,0,1,0,1,1,5,5,3,5,6,1,1,0,3,,5,1
1231,20,RL,80.0,8400,Pave,Reg,Lvl,AllPub,Inside,Gtl,NAmes,Norm,Norm,1Fam,1Story,6,9,1962,2005,Gable,CompShg,Wd Sdng,Wd Sdng,BrkFace,237.0,Gd,Gd,CBlock,0.0,0.0,1319.0,GasA,TA,Y,SBrkr,1537,0,0,1537,1.0,0.0,1,1,3,1,Gd,7,Typ,1,1962.0,2.0,462.0,Y,0,36,0,0,0,0,0,7,2008,COD,Abnorml,174000,0,0,1,0,1,1,5,5,3,6,6,1,1,1,2,,5,1
1232,80,RL,101.0,9150,Pave,IR1,Lvl,AllPub,Corner,Gtl,NAmes,Norm,Norm,1Fam,SLvl,6,5,1962,1962,Gable,Tar&Grv,Plywood,Plywood,BrkFace,305.0,TA,TA,CBlock,371.0,0.0,1099.0,GasA,Gd,Y,SBrkr,1431,0,0,1431,0.0,1.0,1,0,3,1,TA,6,Typ,1,1962.0,1.0,296.0,Y,64,110,0,0,0,0,0,12,2008,WD ,Normal,165000,0,0,0,0,1,1,2,5,1,2,6,1,2,1,2,,2,1
1233,60,RL,90.0,14670,Pave,Reg,Lvl,AllPub,Inside,Gtl,NAmes,Norm,Norm,1Fam,2Story,6,7,1966,1999,Gable,CompShg,VinylSd,VinylSd,BrkFace,410.0,Gd,Gd,CBlock,575.0,0.0,1104.0,GasA,Ex,Y,SBrkr,1104,884,0,1988,0.0,0.0,2,1,4,1,Gd,9,Typ,1,1966.0,2.0,480.0,Y,0,230,0,0,0,0,0,8,2008,WD ,Normal,227000,0,0,1,0,1,1,5,5,3,1,6,1,1,1,2,,5,1
1234,20,RL,68.0,7390,Pave,IR1,Lvl,AllPub,Inside,Gtl,NAmes,Norm,Norm,1Fam,1Story,5,7,1955,1955,Hip,CompShg,Wd Sdng,Wd Sdng,BrkFace,151.0,TA,TA,CBlock,902.0,0.0,1098.0,GasA,TA,Y,SBrkr,1098,0,0,1098,1.0,0.0,1,0,3,1,TA,6,Typ,0,1955.0,1.0,260.0,Y,0,0,0,0,0,0,0,7,2008,WD ,Normal,135000,0,0,0,0,1,1,5,5,3,0,6,1,1,0,3,,5,1
1235,20,RL,71.0,9204,Pave,Reg,Lvl,AllPub,Inside,Gtl,NAmes,Norm,Norm,1Fam,1Story,5,5,1963,1963,Gable,CompShg,HdBoard,HdBoard,None,0.0,TA,TA,CBlock,25.0,872.0,1144.0,GasA,TA,Y,SBrkr,1144,0,0,1144,1.0,0.0,1,1,3,1,TA,6,Typ,0,1962.0,1.0,336.0,Y,0,88,0,0,0,0,0,8,2008,COD,Normal,124000,0,0,0,0,3,1,5,5,3,1,5,1,5,0,3,,5,3
1236,20,RL,70.0,7763,Pave,Reg,Lvl,AllPub,Inside,Gtl,NAmes,Norm,Norm,1Fam,1Story,5,7,1962,1980,Gable,CompShg,MetalSd,MetalSd,None,0.0,TA,Gd,CBlock,504.0,108.0,931.0,GasA,TA,Y,SBrkr,1283,0,0,1283,1.0,0.0,1,0,3,1,TA,6,Typ,0,1980.0,2.0,506.0,Y,0,0,0,0,0,0,0,10,2008,WD ,Normal,140000,0,0,0,0,3,1,5,5,3,5,1,1,5,0,3,,5,3
1237,20,RL,74.0,8856,Pave,Reg,Lvl,AllPub,Inside,Gtl,NAmes,Norm,Norm,1Fam,1Story,5,4,1957,1957,Gable,CompShg,Wd Sdng,Wd Sdng,BrkFace,143.0,TA,TA,CBlock,621.0,52.0,1176.0,GasA,TA,Y,SBrkr,1176,0,0,1176,1.0,0.0,1,0,3,1,TA,6,Typ,2,1957.0,1.0,292.0,Y,0,88,0,0,95,0,0,5,2008,WD ,Normal,136500,0,0,0,0,1,1,5,5,3,0,3,1,1,1,2,,5,1
1238,20,RL,82.0,9840,Pave,Reg,Lvl,AllPub,Inside,Gtl,NAmes,Norm,Norm,1Fam,1Story,5,7,1959,1998,Gable,CompShg,HdBoard,HdBoard,None,0.0,TA,TA,CBlock,1053.0,0.0,1248.0,GasA,TA,Y,SBrkr,1440,0,0,1440,1.0,0.0,2,0,2,1,Gd,7,Typ,0,1959.0,1.0,480.0,Y,150,0,0,0,256,0,0,6,2008,WD ,Normal,185000,0,0,0,0,3,1,5,5,3,0,6,1,1,0,3,,5,3
1239,20,RL,76.0,9120,Pave,Reg,Lvl,AllPub,Inside,Gtl,NAmes,Norm,Norm,1Fam,1Story,6,6,1958,1958,Hip,CompShg,MetalSd,MetalSd,None,0.0,TA,TA,CBlock,662.0,0.0,1261.0,GasA,Ex,Y,SBrkr,1261,0,0,1261,1.0,0.0,1,0,3,1,TA,6,Typ,1,1958.0,2.0,433.0,Y,0,0,0,0,288,0,1400,11,2008,WD ,Normal,163000,0,0,0,1,3,1,5,5,3,0,6,1,1,1,5,,5,3
1240,20,RL,90.0,13200,Pave,IR1,Lvl,AllPub,Inside,Gtl,NAmes,Feedr,Norm,1Fam,1Story,6,6,1958,1958,Gable,CompShg,Wd Sdng,Wd Sdng,BrkFace,187.0,TA,TA,CBlock,958.0,0.0,1395.0,GasA,Ex,Y,SBrkr,1570,0,0,1570,1.0,0.0,1,0,3,1,TA,5,Typ,1,1958.0,2.0,441.0,Y,490,0,0,0,0,0,0,5,2008,WD ,Normal,166800,0,0,0,0,1,1,5,5,3,3,6,1,1,1,5,,5,1
1241,20,RL,72.0,9000,Pave,Reg,Lvl,AllPub,Inside,Gtl,NAmes,Norm,Norm,1Fam,1Story,6,5,1956,1956,Gable,CompShg,Wd Sdng,Wd Sdng,BrkFace,74.0,TA,TA,CBlock,616.0,0.0,1196.0,GasA,Gd,Y,FuseA,1196,0,0,1196,1.0,0.0,1,0,2,1,TA,6,Typ,1,1956.0,1.0,297.0,Y,0,44,0,0,0,0,0,5,2008,WD ,Normal,139000,0,0,0,0,1,1,2,5,3,3,6,1,1,1,2,,2,1
1242,20,RL,80.0,11900,Pave,IR1,Lvl,AllPub,Corner,Gtl,NAmes,Norm,Norm,1Fam,1Story,6,5,1957,1957,Gable,CompShg,HdBoard,HdBoard,BrkFace,387.0,TA,TA,CBlock,1040.0,0.0,1392.0,GasA,TA,Y,FuseA,1392,0,0,1392,1.0,0.0,1,1,3,1,TA,6,Typ,2,1957.0,2.0,458.0,Y,0,0,0,0,192,0,0,6,2008,WD ,Normal,166000,0,0,0,0,1,1,5,5,3,5,6,1,1,1,2,,5,1
1243,20,RL,75.0,9464,Pave,Reg,Lvl,AllPub,Corner,Gtl,NAmes,Norm,Norm,1Fam,1Story,6,7,1958,1958,Hip,CompShg,MetalSd,MetalSd,BrkFace,135.0,TA,Gd,CBlock,570.0,0.0,1080.0,GasA,Gd,Y,SBrkr,1080,0,0,1080,0.0,0.0,1,0,3,1,TA,5,Typ,0,1958.0,1.0,288.0,Y,0,0,0,0,130,0,0,6,2008,WD ,Normal,136000,0,0,0,0,1,1,5,5,3,1,6,1,1,0,3,,5,1
1244,20,RL,75.0,10425,Pave,Reg,Lvl,AllPub,Inside,Gtl,NAmes,Norm,Norm,1Fam,1Story,5,5,1956,1958,Gable,CompShg,MetalSd,MetalSd,None,0.0,TA,TA,CBlock,774.0,0.0,1104.0,GasA,Gd,Y,SBrkr,1104,0,0,1104,1.0,0.0,1,0,3,1,TA,5,Typ,0,1956.0,1.0,384.0,Y,0,0,0,0,0,0,0,4,2008,WD ,Normal,133000,0,0,0,0,3,1,5,5,3,5,6,1,1,0,3,,5,3
1245,20,RL,60.0,11556,Pave,Reg,Lvl,AllPub,Inside,Gtl,NAmes,Norm,Norm,1Fam,1Story,5,6,1952,1952,Gable,CompShg,MetalSd,MetalSd,Stone,52.0,TA,TA,CBlock,148.0,0.0,720.0,GasA,Ex,Y,FuseA,882,0,0,882,1.0,0.0,1,0,2,1,Gd,4,Typ,0,1952.0,1.0,240.0,Y,0,0,0,0,0,0,0,5,2008,WD ,Normal,116000,0,0,1,0,4,1,5,5,3,5,6,1,1,0,3,,5,4
1246,20,RL,102.0,9373,Pave,IR1,Lvl,AllPub,Corner,Gtl,NAmes,Norm,Norm,1Fam,1Story,5,6,1953,1953,Gable,CompShg,MetalSd,MetalSd,BrkFace,84.0,TA,TA,CBlock,500.0,196.0,1152.0,GasA,TA,Y,SBrkr,1152,0,0,1152,0.0,0.0,1,1,3,1,TA,6,Typ,0,1971.0,2.0,636.0,Y,0,0,0,0,0,0,0,5,2008,WD ,Normal,137500,0,0,0,0,1,1,5,5,3,5,3,1,5,0,3,,5,1
1247,20,RL,68.0,12774,Pave,Reg,Lvl,AllPub,Inside,Sev,NAmes,Norm,Norm,1Fam,1Story,5,5,1953,1953,Hip,CompShg,MetalSd,MetalSd,None,0.0,TA,TA,PConc,624.0,128.0,984.0,GasW,TA,N,SBrkr,950,0,0,950,0.0,0.0,1,0,2,1,TA,5,Typ,0,1953.0,2.0,400.0,Y,0,32,0,0,0,0,0,7,2008,WD ,Normal,130000,0,0,1,0,3,1,5,5,3,1,3,1,5,0,3,,5,3
1248,20,RL,95.0,14250,Pave,Reg,Lvl,AllPub,Inside,Gtl,NAmes,Norm,Norm,1Fam,1Story,6,5,1957,1957,Gable,CompShg,Plywood,Plywood,BrkFace,360.0,TA,TA,CBlock,0.0,0.0,998.0,GasA,TA,Y,SBrkr,1790,0,0,1790,0.0,0.0,2,0,3,1,TA,6,Typ,2,1957.0,2.0,540.0,Y,0,40,0,0,0,0,1500,9,2008,WD ,Normal,180000,0,0,0,1,1,1,5,5,3,6,6,1,1,1,2,,5,1
1249,20,RL,60.0,7350,Pave,Reg,Lvl,AllPub,Corner,Gtl,NAmes,Norm,Norm,1Fam,1Story,5,7,1951,1951,Gable,CompShg,HdBoard,HdBoard,None,0.0,TA,TA,CBlock,852.0,0.0,952.0,GasA,TA,Y,SBrkr,952,0,0,952,1.0,0.0,1,0,2,1,TA,4,Typ,0,1988.0,2.0,840.0,Y,0,0,0,0,0,0,0,6,2008,COD,Abnorml,139000,0,0,0,0,3,1,5,5,2,0,6,1,5,0,3,,5,3
1250,20,RL,57.0,7677,Pave,Reg,Lvl,AllPub,Inside,Gtl,NAmes,Norm,Norm,1Fam,1Story,5,5,1953,1953,Gable,CompShg,VinylSd,VinylSd,None,0.0,TA,TA,CBlock,570.0,0.0,773.0,GasA,Gd,Y,SBrkr,773,0,0,773,0.0,0.0,1,0,2,1,TA,4,Typ,0,1953.0,1.0,240.0,Y,0,0,0,0,0,0,0,4,2008,WD ,Abnorml,110000,0,0,0,0,3,1,5,5,3,1,6,1,1,0,3,,5,3
1251,20,RL,71.0,8838,Pave,Reg,Lvl,AllPub,Inside,Gtl,NAmes,Norm,Norm,1Fam,1Story,5,3,1957,1982,Gable,CompShg,MetalSd,MetalSd,None,0.0,TA,TA,BrkTil,0.0,0.0,0.0,GasA,Gd,Y,SBrkr,1764,0,0,1764,0.0,0.0,2,1,4,1,TA,7,Maj2,1,1957.0,1.0,301.0,Y,0,72,0,0,0,0,0,10,2008,WD ,Normal,100000,0,0,0,0,3,0,3,3,4,4,4,1,1,1,5,,3,3
1252,50,RL,80.0,8480,Pave,Reg,Lvl,AllPub,Inside,Gtl,NAmes,Norm,Norm,1Fam,1.5Fin,5,5,1947,1950,Gable,CompShg,MetalSd,MetalSd,None,0.0,TA,TA,CBlock,442.0,0.0,832.0,GasA,TA,Y,SBrkr,832,384,0,1216,0.0,0.0,1,0,2,1,TA,6,Typ,0,1947.0,1.0,336.0,Y,158,0,102,0,0,0,0,10,2008,COD,Abnorml,118500,0,0,0,0,3,1,5,5,3,5,6,1,5,0,3,,5,3
1253,90,RL,76.0,12436,Pave,Reg,Lvl,AllPub,Inside,Gtl,NAmes,Norm,Norm,Duplex,1Story,5,5,1957,1957,Gable,CompShg,Wd Sdng,Wd Sdng,None,0.0,TA,TA,CBlock,0.0,0.0,1824.0,GasA,Fa,Y,FuseA,1824,0,0,1824,0.0,0.0,2,0,5,2,TA,9,Typ,0,1958.0,2.0,484.0,Y,0,0,0,0,0,0,0,1,2008,WD ,Normal,146000,0,0,0,0,3,1,5,5,3,6,6,1,5,0,3,,5,3
1254,20,RL,60.0,10122,Pave,Reg,Lvl,AllPub,Inside,Gtl,OldTown,Norm,Norm,1Fam,1Story,4,6,1948,1950,Gable,CompShg,MetalSd,MetalSd,None,0.0,TA,TA,Slab,0.0,0.0,0.0,GasA,TA,N,SBrkr,869,0,0,869,0.0,0.0,1,0,1,1,TA,3,Typ,0,1948.0,1.0,390.0,N,0,0,66,0,0,0,0,8,2008,WD ,Normal,89900,0,0,1,0,3,0,3,3,4,4,4,1,5,0,3,,3,3
1255,50,RL,45.0,7506,Pave,Reg,Lvl,AllPub,Corner,Gtl,OldTown,Norm,Norm,1Fam,1.5Fin,5,8,1925,1950,Gable,CompShg,VinylSd,VinylSd,None,0.0,TA,Gd,PConc,0.0,0.0,747.0,GasA,TA,Y,SBrkr,747,412,0,1159,0.0,0.0,1,0,3,1,TA,5,Typ,0,1932.0,1.0,288.0,N,84,0,96,0,0,0,0,5,2008,WD ,Normal,114000,0,0,0,0,3,1,5,5,3,6,6,1,5,0,3,,5,3
1256,50,RL,60.0,10930,Pave,Reg,Bnk,AllPub,Inside,Gtl,NAmes,Artery,Norm,1Fam,1.5Fin,5,6,1945,1950,Gable,CompShg,MetalSd,MetalSd,None,0.0,TA,TA,CBlock,580.0,0.0,913.0,GasA,TA,Y,FuseA,1048,510,0,1558,1.0,0.0,1,1,3,1,TA,6,Typ,1,1962.0,1.0,288.0,Y,0,0,0,0,0,0,0,4,2008,WD ,Normal,140000,1,0,0,0,3,1,5,5,3,1,6,1,1,1,5,,5,3
1257,30,RL,60.0,5400,Pave,Reg,Lvl,AllPub,Corner,Gtl,OldTown,Norm,Norm,1Fam,1Story,4,7,1940,2005,Gambrel,CompShg,VinylSd,VinylSd,None,0.0,Gd,TA,PConc,0.0,0.0,672.0,GasA,Gd,Y,SBrkr,672,0,0,672,0.0,0.0,1,0,2,1,TA,4,Typ,0,1997.0,1.0,308.0,N,88,108,0,0,0,0,0,7,2008,WD ,Normal,86900,0,0,0,0,3,1,5,5,3,6,6,1,5,0,3,,5,3
1258,50,RL,60.0,10836,Pave,Reg,Lvl,AllPub,Inside,Gtl,OldTown,Norm,Norm,1Fam,1.5Fin,5,5,1922,1950,Gable,CompShg,Wd Sdng,Wd Sdng,None,0.0,TA,TA,BrkTil,0.0,0.0,892.0,GasA,Ex,Y,SBrkr,1254,182,0,1436,0.0,1.0,1,0,3,1,TA,7,Typ,1,1968.0,4.0,1488.0,N,0,0,100,0,0,0,0,6,2008,WD ,Normal,139000,1,0,1,0,3,1,5,5,3,6,6,1,5,1,2,,5,3
1259,190,RL,60.0,10800,Pave,Reg,Lvl,AllPub,Inside,Gtl,OldTown,Norm,Norm,2fmCon,2Story,4,7,1900,2000,Gable,CompShg,MetalSd,MetalSd,None,0.0,TA,TA,BrkTil,0.0,0.0,0.0,GasA,TA,N,FuseA,694,600,0,1294,0.0,0.0,2,0,3,2,TA,7,Typ,0,0.0,0.0,0.0,N,220,114,210,0,0,0,0,8,2008,WD ,Normal,106250,1,0,0,0,3,0,3,3,4,4,4,0,6,0,3,,3,3
1260,60,RL,70.0,9247,Pave,IR1,Lvl,AllPub,Inside,Gtl,NAmes,Norm,Norm,1Fam,2Story,6,6,1962,1962,Gable,CompShg,HdBoard,HdBoard,BrkFace,318.0,TA,TA,CBlock,319.0,0.0,858.0,GasA,Ex,Y,SBrkr,858,858,0,1716,0.0,0.0,1,1,4,1,TA,8,Typ,1,1962.0,2.0,490.0,Y,0,84,0,0,120,0,0,3,2008,WD ,Normal,171000,0,0,0,0,1,1,5,5,3,5,6,1,1,1,2,,5,1
1261,20,RL,78.0,10180,Pave,IR1,Lvl,AllPub,Corner,Gtl,NAmes,Feedr,Norm,1Fam,1Story,5,6,1968,1968,Gable,CompShg,HdBoard,Plywood,None,0.0,TA,TA,CBlock,744.0,0.0,912.0,GasA,TA,Y,SBrkr,1044,0,0,1044,0.0,1.0,1,1,3,1,TA,5,Typ,1,1990.0,2.0,372.0,Y,200,48,0,0,0,0,450,6,2008,WD ,Normal,139000,0,0,1,1,3,1,5,5,3,5,6,1,1,1,1,,5,3
1262,20,RL,76.0,11355,Pave,IR1,Lvl,AllPub,Corner,Gtl,NAmes,Norm,Norm,1Fam,1Story,7,7,1958,2001,Gable,Tar&Grv,HdBoard,HdBoard,BrkFace,125.0,TA,TA,CBlock,637.0,0.0,1312.0,GasA,Ex,Y,SBrkr,1312,0,0,1312,0.0,0.0,1,1,3,1,TA,6,Typ,1,1958.0,2.0,495.0,Y,0,304,144,0,0,0,6500,4,2008,WD ,Normal,186000,0,0,1,1,1,1,5,5,3,1,6,1,1,1,2,,5,1
1263,20,RL,68.0,10920,Pave,IR1,Lvl,AllPub,Corner,Gtl,NAmes,Norm,Norm,1Fam,1Story,6,5,1960,1960,Hip,CompShg,MetalSd,MetalSd,BrkFace,212.0,TA,TA,CBlock,733.0,0.0,1253.0,GasA,TA,Y,SBrkr,1253,0,0,1253,1.0,0.0,1,1,2,1,TA,5,Typ,1,1960.0,1.0,352.0,Y,0,213,176,0,0,0,0,5,2008,WD ,Normal,157000,0,0,1,0,1,1,5,5,3,1,6,1,1,1,1,,5,1
1264,20,RL,68.0,12929,Pave,IR1,Lvl,AllPub,Inside,Gtl,NAmes,Norm,Norm,1Fam,1Story,6,6,1960,1993,Gable,CompShg,Wd Sdng,Wd Sdng,BrkFace,276.0,TA,TA,CBlock,697.0,0.0,1081.0,GasA,TA,Y,SBrkr,1081,0,0,1081,1.0,0.0,1,0,3,1,TA,5,Typ,0,1960.0,1.0,401.0,Y,36,82,0,0,0,0,0,6,2008,WD ,Normal,148000,0,0,0,0,1,1,5,5,1,2,6,1,4,0,3,,5,1
1265,20,RL,313.0,27650,Pave,IR2,HLS,AllPub,Inside,Mod,NAmes,PosA,Norm,1Fam,1Story,7,7,1960,2007,Flat,Tar&Grv,Wd Sdng,Wd Sdng,None,0.0,TA,TA,CBlock,425.0,0.0,585.0,GasA,Ex,Y,SBrkr,2069,0,0,2069,1.0,0.0,2,0,4,1,Gd,9,Typ,1,1960.0,2.0,505.0,Y,0,0,0,0,0,0,0,11,2008,WD ,Normal,242000,0,0,0,0,3,1,2,5,1,2,6,1,1,1,2,,2,3
1266,20,RL,74.0,8892,Pave,Reg,Lvl,AllPub,Corner,Gtl,NAmes,Norm,Norm,1Fam,1Story,5,7,1953,1996,Gable,CompShg,WdShing,Wd Shng,None,0.0,Gd,TA,Stone,0.0,0.0,105.0,GasA,Gd,Y,SBrkr,910,0,0,910,0.0,0.0,1,0,3,1,Gd,5,Typ,0,1953.0,2.0,414.0,Y,196,0,150,0,0,0,0,10,2008,WD ,Normal,116000,0,0,1,0,3,1,5,5,0,6,6,1,1,0,3,,5,3
1267,20,RL,60.0,7200,Pave,Reg,Lvl,AllPub,Inside,Gtl,NAmes,Norm,Norm,1Fam,1Story,5,7,1951,1951,Gable,CompShg,MetalSd,MetalSd,None,0.0,TA,TA,CBlock,432.0,0.0,876.0,GasA,TA,Y,SBrkr,876,0,0,876,0.0,0.0,1,0,2,1,TA,5,Typ,1,1972.0,2.0,576.0,Y,0,0,0,0,0,0,0,2,2008,WD ,Abnorml,94000,0,0,0,0,3,1,1,5,3,3,6,1,5,1,5,,1,3
1268,20,RL,60.0,7200,Pave,Reg,Lvl,AllPub,Inside,Gtl,NAmes,Norm,Norm,1Fam,1Story,5,5,1950,1950,Hip,CompShg,MetalSd,MetalSd,None,0.0,TA,TA,CBlock,0.0,0.0,0.0,GasA,Gd,Y,SBrkr,1048,0,0,1048,0.0,0.0,1,0,3,1,TA,7,Min1,0,1950.0,2.0,420.0,Y,0,27,0,0,0,0,0,7,2008,WD ,Normal,98300,0,0,0,0,3,0,3,3,4,4,4,1,5,0,3,,3,3
1269,80,RL,70.0,7910,Pave,Reg,Lvl,AllPub,Inside,Gtl,NAmes,Norm,Norm,1Fam,SLvl,5,5,1960,1960,Hip,CompShg,BrkFace,HdBoard,None,0.0,TA,TA,CBlock,666.0,0.0,1075.0,GasA,Gd,Y,SBrkr,1507,0,0,1507,0.0,0.0,2,0,4,1,TA,7,Maj1,0,1960.0,1.0,404.0,Y,0,0,0,0,0,0,0,8,2008,WD ,Normal,127000,0,0,1,0,3,1,5,5,3,0,6,1,2,0,3,,5,3
1270,20,RL,80.0,8000,Pave,Reg,Lvl,AllPub,Inside,Gtl,NAmes,Norm,Norm,1Fam,1Story,5,6,1959,1959,Gable,CompShg,BrkFace,Wd Sdng,None,0.0,TA,TA,PConc,476.0,488.0,1256.0,GasA,Gd,Y,FuseA,1256,0,0,1256,1.0,0.0,1,1,3,1,Gd,6,Typ,0,1959.0,1.0,311.0,Y,0,240,0,0,0,0,0,5,2008,WD ,Normal,159000,0,0,0,0,3,1,5,5,3,1,5,1,1,0,3,,5,3
1271,20,RL,80.0,8000,Pave,Reg,Lvl,AllPub,Inside,Gtl,NAmes,Norm,Norm,1Fam,1Story,5,5,1962,1962,Gable,CompShg,BrkFace,MetalSd,None,0.0,TA,TA,CBlock,520.0,319.0,1027.0,GasA,TA,Y,SBrkr,1027,0,0,1027,0.0,1.0,1,0,3,1,TA,6,Typ,0,1962.0,1.0,299.0,Y,0,0,0,0,0,0,0,11,2008,WD ,Normal,125900,0,0,0,0,3,1,5,5,3,1,5,1,1,0,3,,5,3
1272,20,RL,70.0,7931,Pave,Reg,Lvl,AllPub,Inside,Gtl,NAmes,Norm,Norm,1Fam,1Story,5,6,1960,1960,Gable,CompShg,BrkFace,Wd Sdng,None,0.0,TA,TA,CBlock,374.0,532.0,1269.0,GasA,TA,Y,FuseA,1269,0,0,1269,0.0,0.0,1,1,3,1,TA,6,Typ,1,1964.0,1.0,308.0,Y,0,0,0,0,0,0,0,6,2008,WD ,Normal,155000,0,0,0,0,3,1,5,5,3,1,3,1,5,1,1,,5,3
1273,50,RL,60.0,8064,Pave,Reg,Lvl,AllPub,Inside,Gtl,NAmes,Artery,Norm,1Fam,1.5Fin,6,6,1948,1950,Gable,CompShg,Wd Sdng,Wd Sdng,None,0.0,TA,TA,CBlock,315.0,0.0,768.0,GasA,Ex,Y,SBrkr,819,501,0,1320,0.0,0.0,2,0,3,1,TA,5,Typ,0,1994.0,2.0,576.0,Y,108,0,0,0,0,0,0,9,2008,WD ,Normal,138000,0,0,1,0,3,1,5,5,3,0,6,1,5,0,3,,5,3
1274,45,RL,64.0,6390,Pave,Reg,Lvl,AllPub,Corner,Gtl,NAmes,Feedr,Norm,1Fam,1.5Unf,6,7,1954,1954,Gable,CompShg,MetalSd,MetalSd,None,0.0,TA,TA,CBlock,0.0,0.0,936.0,GasA,TA,Y,FuseA,984,0,0,984,1.0,0.0,1,0,2,1,TA,4,Typ,0,1954.0,1.0,280.0,Y,0,0,0,0,0,0,0,6,2008,WD ,Normal,112500,0,0,1,0,3,1,5,5,3,6,6,1,5,0,3,,5,3
1275,45,RL,59.0,7227,Pave,Reg,HLS,AllPub,Corner,Mod,NAmes,Artery,Norm,1Fam,1.5Unf,6,6,1954,1954,Gable,CompShg,MetalSd,MetalSd,None,0.0,TA,TA,CBlock,0.0,0.0,832.0,GasA,Gd,Y,SBrkr,832,0,0,832,0.0,0.0,1,0,2,1,Gd,4,Typ,0,1962.0,2.0,528.0,Y,0,0,0,0,0,0,0,6,2008,WD ,Normal,105500,0,0,0,0,3,1,5,5,3,6,6,1,5,0,3,,5,3
1276,50,RL,60.0,7200,Pave,Reg,Lvl,AllPub,Inside,Gtl,NAmes,Norm,Norm,1Fam,1.5Fin,6,5,1954,1954,Gable,CompShg,MetalSd,MetalSd,None,0.0,TA,TA,CBlock,673.0,0.0,854.0,GasA,Fa,Y,FuseA,854,424,0,1278,0.0,0.0,1,0,4,1,TA,6,Typ,0,1954.0,1.0,240.0,Y,0,0,0,0,0,0,0,4,2008,WD ,Normal,127500,0,0,1,0,3,1,5,5,3,5,6,1,1,0,3,,5,3
1277,90,RL,113.0,8513,Pave,Reg,Lvl,AllPub,Corner,Gtl,NAmes,Artery,Norm,Duplex,1Story,5,5,1961,1961,Gable,CompShg,BrkFace,Wd Sdng,None,0.0,TA,TA,CBlock,0.0,0.0,1800.0,GasA,TA,N,SBrkr,1800,0,0,1800,0.0,0.0,2,0,6,2,TA,10,Typ,0,0.0,0.0,0.0,N,0,0,0,0,0,0,0,11,2008,WD ,Abnorml,130000,0,0,0,0,3,1,5,5,0,6,6,0,6,0,3,,5,3
1278,50,RL,60.0,7200,Pave,Reg,Lvl,AllPub,Inside,Gtl,NAmes,Norm,Norm,1Fam,1.5Fin,5,6,1955,1967,Gable,CompShg,MetalSd,MetalSd,None,0.0,TA,Gd,CBlock,370.0,0.0,768.0,GasA,Gd,Y,SBrkr,1024,564,0,1588,0.0,0.0,1,1,3,1,TA,6,Typ,0,1955.0,2.0,480.0,Y,0,0,0,0,0,0,0,3,2008,WD ,Normal,150000,0,0,0,0,3,1,5,5,2,2,6,1,5,0,3,,5,3
1279,20,RL,60.0,7200,Pave,Reg,Lvl,AllPub,Inside,Gtl,NAmes,Norm,Norm,1Fam,1Story,5,7,1954,1954,Gable,CompShg,MetalSd,MetalSd,None,0.0,TA,TA,CBlock,0.0,0.0,825.0,GasA,TA,Y,FuseA,825,0,0,825,0.0,1.0,1,0,2,1,TA,4,Typ,0,1954.0,1.0,350.0,Y,0,0,0,0,0,0,0,7,2008,WD ,Normal,109500,0,0,0,0,3,1,5,5,3,6,6,1,1,0,3,,5,3
1280,60,RL,71.0,7056,Pave,Reg,Lvl,AllPub,Inside,Gtl,NAmes,Norm,Norm,1Fam,2Story,6,5,1963,1963,Hip,CompShg,HdBoard,HdBoard,BrkFace,415.0,TA,TA,CBlock,400.0,0.0,780.0,GasA,TA,Y,SBrkr,983,813,0,1796,1.0,0.0,1,1,4,1,TA,8,Typ,1,1963.0,2.0,483.0,Y,0,50,0,0,0,0,0,10,2008,WD ,Normal,140000,0,0,0,0,1,1,5,5,3,1,6,1,1,1,5,,5,1
1281,60,RL,80.0,9760,Pave,Reg,Lvl,AllPub,Inside,Mod,NAmes,Norm,Norm,1Fam,2Story,6,6,1964,1964,Gable,CompShg,HdBoard,HdBoard,BrkFace,360.0,TA,TA,CBlock,674.0,106.0,780.0,GasA,TA,Y,SBrkr,798,813,0,1611,1.0,0.0,1,1,4,1,TA,7,Typ,0,1964.0,2.0,442.0,Y,328,128,0,0,189,0,0,6,2008,WD ,Normal,167900,0,0,0,0,1,1,5,5,1,2,3,1,1,0,3,,5,1
1282,20,RL,69.0,7590,Pave,Reg,Lvl,AllPub,Inside,Gtl,NAmes,PosN,Norm,1Fam,1Story,5,5,1963,1963,Gable,CompShg,Wd Sdng,Wd Sdng,None,0.0,TA,TA,CBlock,0.0,0.0,1117.0,GasA,Ex,Y,SBrkr,1117,0,0,1117,0.0,0.0,1,0,3,1,TA,6,Typ,0,1963.0,1.0,264.0,Y,0,0,0,0,0,0,0,5,2008,COD,Normal,136870,0,0,0,0,3,1,5,5,3,6,6,1,1,0,3,,5,3
1283,20,RM,56.0,9836,Pave,Reg,Bnk,AllPub,Inside,Gtl,OldTown,Artery,Norm,1Fam,1Story,6,5,2008,2008,Gable,CompShg,VinylSd,VinylSd,None,0.0,TA,TA,PConc,96.0,0.0,192.0,GasA,Gd,N,SBrkr,1133,0,0,1133,1.0,0.0,1,0,3,1,TA,7,Typ,0,2008.0,1.0,308.0,Y,0,175,0,0,0,0,0,12,2008,WD ,Abnorml,143000,1,0,0,0,3,1,5,5,3,2,6,1,5,0,3,,5,3
1284,30,RM,30.0,5232,Pave,IR3,Bnk,AllPub,Inside,Gtl,OldTown,Artery,Norm,1Fam,1Story,5,5,1925,2004,Gable,CompShg,Wd Sdng,Wd Sdng,None,0.0,TA,TA,BrkTil,0.0,0.0,680.0,GasA,Gd,N,FuseP,764,0,0,764,0.0,0.0,1,0,2,1,TA,4,Typ,0,1965.0,2.0,504.0,N,0,0,0,0,0,0,0,6,2008,WD ,Normal,73000,1,0,0,0,3,1,1,5,3,6,6,1,5,0,3,,1,3
1285,70,RM,60.0,10440,Pave,Reg,Lvl,AllPub,Inside,Gtl,OldTown,Norm,Norm,1Fam,2Story,5,8,1904,2002,Gable,CompShg,MetalSd,MetalSd,None,0.0,TA,TA,PConc,0.0,0.0,650.0,GasA,Gd,Y,SBrkr,958,581,0,1539,0.0,0.0,2,0,3,1,Gd,8,Typ,1,1983.0,2.0,686.0,P,70,78,68,0,0,0,0,6,2008,WD ,Normal,157500,1,0,0,0,3,1,5,5,3,6,6,1,5,1,4,,5,3
1286,50,RM,57.0,9184,Pave,Reg,Lvl,AllPub,Inside,Gtl,OldTown,Artery,Norm,1Fam,1.5Fin,5,7,1948,2005,Gable,CompShg,WdShing,Wd Shng,None,0.0,TA,TA,BrkTil,0.0,0.0,780.0,GasA,Ex,Y,SBrkr,948,375,0,1323,0.0,0.0,1,0,3,1,TA,6,Typ,0,1948.0,2.0,400.0,Y,0,0,0,0,0,0,0,7,2008,WD ,Normal,122600,1,0,0,0,3,1,5,5,3,6,6,1,5,0,3,,5,3
1287,70,RM,80.0,4800,Pave,Reg,Lvl,AllPub,Inside,Gtl,OldTown,Norm,Norm,1Fam,2Story,5,5,1910,2003,Gable,CompShg,AsbShng,AsbShng,None,0.0,TA,TA,BrkTil,0.0,0.0,680.0,GasA,Fa,N,SBrkr,680,680,0,1360,0.0,0.0,1,0,2,1,TA,6,Typ,0,1910.0,1.0,330.0,Y,192,50,0,0,0,0,0,1,2008,WD ,Normal,111000,1,0,0,0,3,1,5,1,3,6,6,1,1,0,3,,5,3
1288,50,RM,60.0,10440,Pave,Reg,Lvl,AllPub,Corner,Gtl,OldTown,Norm,Norm,1Fam,1.5Fin,6,7,1920,1950,Gable,CompShg,BrkFace,Wd Sdng,None,0.0,Gd,Gd,BrkTil,493.0,0.0,1510.0,GasW,Ex,Y,SBrkr,1584,1208,0,2792,0.0,0.0,2,0,5,1,TA,8,Mod,2,1920.0,2.0,520.0,Y,0,547,0,0,480,0,1150,6,2008,WD ,Normal,256000,1,0,1,1,3,1,2,5,3,3,6,1,5,1,5,,2,3
1289,30,RM,60.0,4800,Pave,Reg,Lvl,AllPub,Corner,Gtl,OldTown,Norm,Norm,1Fam,1Story,5,4,1940,1950,Gable,CompShg,MetalSd,MetalSd,None,0.0,TA,TA,CBlock,0.0,0.0,672.0,GasA,TA,Y,SBrkr,672,0,0,672,0.0,0.0,1,0,2,1,TA,4,Typ,0,1950.0,1.0,256.0,Y,0,0,0,0,0,0,0,8,2008,WD ,Normal,64000,0,0,1,0,3,1,1,5,3,6,6,1,5,0,3,,1,3
1290,75,RM,60.0,6000,Pave,Reg,Lvl,AllPub,Inside,Gtl,OldTown,Norm,Norm,1Fam,2.5Unf,6,7,1915,2005,Gable,CompShg,Wd Sdng,Wd Sdng,None,0.0,Gd,TA,BrkTil,0.0,0.0,728.0,GasA,Gd,Y,SBrkr,728,728,0,1456,0.0,0.0,1,1,4,1,Gd,7,Typ,0,1915.0,1.0,308.0,N,0,0,248,0,0,0,0,6,2008,WD ,Normal,139500,0,0,0,0,3,1,5,5,3,6,6,1,5,0,3,,5,3
1291,190,RM,63.0,11426,Pave,Reg,Lvl,AllPub,Inside,Gtl,OldTown,Norm,Norm,2fmCon,1.5Fin,4,6,1910,1996,Gable,CompShg,Wd Sdng,Wd Sdng,None,0.0,TA,TA,Stone,0.0,0.0,828.0,GasA,Gd,Y,FuseA,828,658,108,1594,0.0,0.0,2,0,3,2,TA,9,Typ,0,0.0,0.0,0.0,N,0,172,109,0,0,0,0,6,2008,WD ,Normal,118000,1,0,0,0,3,1,5,5,3,6,6,0,6,0,3,,5,3
1292,50,RM,63.0,11426,Pave,Reg,Lvl,AllPub,Inside,Gtl,OldTown,Norm,Norm,1Fam,1.5Fin,7,5,2003,2003,Gable,CompShg,VinylSd,VinylSd,None,0.0,TA,TA,PConc,0.0,0.0,1362.0,GasA,Ex,Y,SBrkr,1362,720,0,2082,0.0,0.0,2,1,3,1,Gd,6,Mod,0,2003.0,2.0,484.0,N,280,238,0,0,0,0,0,6,2008,WD ,Normal,200000,0,0,0,0,3,1,2,5,3,6,6,1,5,0,3,,2,3
1293,50,RM,63.0,7628,Pave,Reg,Lvl,AllPub,Inside,Gtl,OldTown,Norm,Norm,1Fam,1.5Fin,4,6,1940,1985,Gable,CompShg,MetalSd,MetalSd,None,0.0,TA,Gd,BrkTil,0.0,0.0,801.0,GasA,Gd,Y,FuseA,1095,561,0,1656,0.0,0.0,2,0,2,1,TA,8,Mod,0,1958.0,2.0,440.0,Y,187,0,0,0,0,0,0,5,2008,WD ,Normal,119164,0,0,0,0,3,1,5,5,3,6,6,1,5,0,3,,5,3
1294,50,RM,81.0,7308,Pave,Reg,Lvl,AllPub,Corner,Gtl,OldTown,Artery,Norm,1Fam,1.5Fin,5,5,1920,1950,Gable,CompShg,WdShing,Wd Shng,None,0.0,Fa,Fa,BrkTil,360.0,0.0,936.0,GasA,Gd,N,FuseA,960,780,0,1740,0.0,0.0,1,0,2,1,Ex,6,Typ,1,1920.0,1.0,225.0,N,0,0,236,0,0,0,0,6,2008,WD ,Normal,122250,0,0,0,0,3,1,5,5,3,5,6,1,5,1,2,,5,3
1295,30,RM,60.0,5400,Pave,Reg,Lvl,AllPub,Inside,Gtl,OldTown,Norm,Norm,1Fam,1Story,7,6,1920,2006,Gable,CompShg,Stucco,Stucco,None,0.0,Gd,TA,CBlock,0.0,0.0,931.0,GasA,TA,Y,SBrkr,1027,0,0,1027,0.0,1.0,1,0,2,1,Gd,5,Typ,1,0.0,0.0,0.0,N,0,28,0,0,0,0,0,2,2008,WD ,Normal,120000,0,0,0,0,3,1,5,5,3,6,6,0,6,1,5,,5,3
1296,190,RM,60.0,10800,Pave,Reg,Lvl,AllPub,Inside,Gtl,OldTown,Norm,Norm,2fmCon,1.5Fin,6,6,1940,1950,Gable,CompShg,Wd Sdng,Wd Sdng,None,0.0,TA,TA,CBlock,590.0,0.0,884.0,GasA,TA,Y,SBrkr,884,552,0,1436,0.0,0.0,2,0,3,2,TA,8,Typ,2,1940.0,2.0,828.0,Y,0,0,126,0,0,0,0,5,2008,Con,Normal,155000,1,0,0,0,3,1,5,5,3,1,6,1,5,1,2,,5,3
1297,30,RM,60.0,6756,Pave,Reg,Lvl,AllPub,Inside,Gtl,OldTown,Norm,Norm,1Fam,1Story,5,6,1910,1950,Mansard,CompShg,MetalSd,MetalSd,None,0.0,TA,TA,BrkTil,0.0,0.0,481.0,GasA,TA,N,FuseA,899,0,0,899,0.0,0.0,1,0,2,1,TA,5,Typ,0,1930.0,1.0,200.0,P,0,0,96,0,0,0,0,9,2008,WD ,Normal,78000,0,0,0,0,3,1,5,2,3,6,6,1,5,0,3,,5,3
1298,50,RM,44.0,5914,Pave,Reg,Lvl,AllPub,Inside,Gtl,OldTown,Norm,Norm,1Fam,1.5Fin,5,9,1890,1996,Gable,CompShg,Wd Sdng,HdBoard,None,0.0,TA,TA,BrkTil,0.0,0.0,684.0,GasA,Gd,Y,SBrkr,684,396,0,1080,0.0,0.0,1,0,3,1,Gd,5,Typ,0,0.0,0.0,0.0,N,0,165,30,0,0,0,0,9,2008,WD ,Normal,95000,1,0,0,0,3,1,1,5,3,6,6,0,6,0,3,,1,3
1299,20,RM,50.0,6000,Pave,Reg,Lvl,AllPub,Inside,Gtl,OldTown,Norm,Norm,1Fam,1Story,5,5,1948,1950,Gable,CompShg,VinylSd,VinylSd,None,0.0,TA,TA,CBlock,104.0,169.0,789.0,GasA,Ex,Y,SBrkr,789,0,0,789,0.0,0.0,1,0,2,1,TA,5,Typ,0,1948.0,1.0,250.0,Y,0,0,0,0,0,0,0,4,2008,WD ,Partial,115000,0,0,0,0,3,1,5,5,3,0,1,1,5,0,3,,5,3
1300,20,RM,100.0,12000,Pave,Reg,Lvl,AllPub,Inside,Gtl,OldTown,Norm,Norm,1Fam,1Story,5,7,1948,2005,Gable,CompShg,MetalSd,MetalSd,None,0.0,TA,TA,CBlock,144.0,608.0,924.0,GasA,Ex,Y,SBrkr,1122,0,0,1122,1.0,0.0,1,0,2,1,Gd,6,Typ,0,1948.0,2.0,528.0,Y,0,36,0,0,0,0,0,5,2008,WD ,Normal,147000,0,0,1,0,3,1,5,5,3,2,0,1,1,0,3,,5,3
1301,50,RM,75.0,9000,Pave,Reg,Lvl,AllPub,Corner,Gtl,OldTown,Norm,Norm,1Fam,1.5Fin,5,6,1946,1950,Gable,CompShg,MetalSd,MetalSd,None,0.0,TA,TA,CBlock,445.0,0.0,904.0,GasA,Ex,Y,FuseA,904,595,0,1499,0.0,0.0,1,0,3,1,TA,5,Typ,1,1959.0,3.0,869.0,Y,0,20,0,0,0,0,0,6,2008,WD ,Normal,140000,0,0,0,0,3,1,5,5,3,5,6,1,5,1,4,,5,3
1302,20,RM,62.0,7311,Pave,Reg,Lvl,AllPub,Corner,Gtl,OldTown,Norm,Norm,1Fam,1Story,2,5,1946,1950,Gable,CompShg,VinylSd,VinylSd,None,0.0,TA,Gd,BrkTil,0.0,0.0,407.0,GasA,TA,N,FuseA,407,0,0,407,0.0,0.0,1,0,1,1,TA,3,Typ,0,1949.0,1.0,297.0,Y,76,0,120,0,0,0,0,3,2008,WD ,Abnorml,46500,0,0,0,0,3,1,5,5,3,6,6,1,5,0,3,,5,3
1303,20,RM,50.0,6000,Pave,Reg,Lvl,AllPub,Inside,Gtl,OldTown,Norm,Norm,1Fam,1Story,5,6,1957,1957,Hip,CompShg,BrkFace,BrkFace,None,0.0,TA,TA,CBlock,308.0,0.0,928.0,GasA,Gd,Y,FuseA,928,0,0,928,0.0,0.0,1,0,3,1,TA,5,Typ,0,1957.0,1.0,288.0,Y,0,0,0,0,0,0,0,6,2008,WD ,Normal,112500,0,0,0,0,3,1,5,5,3,5,6,1,1,0,3,,5,3
1304,20,RM,50.0,6000,Pave,Reg,Lvl,AllPub,Corner,Gtl,OldTown,Norm,Norm,1Fam,1Story,4,7,1954,2000,Gable,CompShg,MetalSd,MetalSd,None,0.0,TA,TA,CBlock,0.0,0.0,901.0,GasA,Ex,Y,SBrkr,901,0,0,901,0.0,0.0,1,0,2,1,TA,4,Typ,0,1954.0,1.0,281.0,Y,0,0,0,0,0,0,0,8,2008,WD ,Normal,107900,0,0,0,0,3,1,5,5,3,6,6,1,5,0,3,,5,3
1305,20,RM,103.0,12205,Pave,Reg,Lvl,AllPub,Inside,Gtl,OldTown,Norm,Norm,1Fam,1Story,3,1,1949,1992,Gable,CompShg,MetalSd,MetalSd,None,0.0,TA,TA,BrkTil,0.0,0.0,448.0,GasA,Gd,Y,SBrkr,1588,0,0,1588,0.0,0.0,2,0,5,1,TA,6,Maj2,0,0.0,0.0,0.0,N,0,0,0,0,0,0,0,12,2008,WD ,Abnorml,65000,0,0,1,0,3,1,1,1,3,6,6,0,6,0,3,,1,3
1306,75,RM,87.0,18386,Pave,Reg,Lvl,AllPub,Inside,Gtl,OldTown,Norm,Norm,1Fam,2.5Fin,7,9,1880,2002,Gable,CompShg,CemntBd,CmentBd,None,0.0,TA,TA,BrkTil,0.0,0.0,1470.0,GasA,Ex,Y,SBrkr,1675,1818,0,3493,0.0,0.0,3,0,3,1,Gd,10,Typ,1,2003.0,3.0,870.0,Y,302,0,0,0,0,0,0,5,2008,WD ,Normal,295000,0,0,0,0,3,1,5,5,3,6,6,1,1,1,0,,5,3
1307,190,RM,69.0,9142,Pave,Reg,Lvl,AllPub,Inside,Gtl,OldTown,Norm,Norm,2fmCon,2Story,5,5,1900,2006,Gable,CompShg,MetalSd,MetalSd,None,0.0,TA,Fa,BrkTil,0.0,0.0,797.0,GasA,TA,N,FuseA,830,797,0,1627,0.0,0.0,2,0,4,2,TA,10,Typ,0,1950.0,2.0,420.0,N,192,0,60,0,0,0,0,2,2008,WD ,Normal,139500,0,0,0,0,3,1,1,5,3,6,6,1,5,0,3,,1,3
1308,50,RM,100.0,12665,Pave,IR1,Lvl,AllPub,Inside,Gtl,OldTown,Artery,Norm,1Fam,1.5Fin,5,8,1915,1950,Gable,CompShg,Wd Sdng,Wd Sdng,None,0.0,TA,TA,BrkTil,0.0,0.0,876.0,GasA,Gd,Y,SBrkr,876,540,0,1416,0.0,0.0,1,1,4,1,TA,7,Typ,1,1949.0,3.0,720.0,Y,418,0,194,0,0,0,0,6,2008,WD ,Normal,153900,1,0,0,0,3,1,5,5,2,6,6,1,5,1,2,,5,3
1309,75,RM,53.0,5350,Pave,Reg,Lvl,AllPub,Corner,Gtl,OldTown,Artery,Norm,1Fam,2Story,7,8,1920,1965,Gable,CompShg,Wd Sdng,Wd Shng,None,0.0,TA,TA,BrkTil,116.0,0.0,624.0,GasA,Ex,Y,SBrkr,730,720,0,1450,0.0,0.0,1,0,3,1,TA,7,Typ,0,1935.0,1.0,288.0,Y,0,192,0,0,0,0,0,3,2008,WD ,Normal,132000,0,0,1,0,3,1,5,5,3,1,6,1,5,0,3,,5,3
1310,70,RM,34.0,4571,Pave,Reg,Lvl,AllPub,Inside,Gtl,OldTown,Norm,Norm,1Fam,2Story,5,5,1916,1950,Gable,CompShg,AsbShng,AsbShng,None,0.0,TA,TA,BrkTil,0.0,0.0,624.0,GasA,Fa,N,SBrkr,624,720,0,1344,0.0,0.0,1,0,4,1,TA,7,Typ,0,1916.0,3.0,513.0,Y,0,0,96,0,0,0,0,5,2008,COD,Abnorml,98000,1,0,0,0,3,1,5,5,3,6,6,1,5,0,3,,5,3
1311,50,RM,69.0,9143,Pave,Reg,Lvl,AllPub,Corner,Gtl,OldTown,Norm,Norm,1Fam,1.5Fin,5,7,1900,2003,Gable,CompShg,VinylSd,VinylSd,None,0.0,TA,TA,CBlock,0.0,0.0,346.0,GasA,Ex,Y,SBrkr,709,308,0,1017,0.0,0.0,1,0,2,1,TA,5,Typ,0,1961.0,1.0,308.0,N,0,0,139,0,0,0,0,5,2008,WD ,Normal,114000,1,0,0,0,3,1,5,5,3,6,6,1,5,0,3,,5,3
1312,190,RM,60.0,9600,Pave,Reg,Lvl,AllPub,Inside,Gtl,OldTown,Norm,Norm,2fmCon,2Story,5,5,1920,1960,Gable,CompShg,AsbShng,AsbShng,None,0.0,TA,TA,BrkTil,234.0,0.0,973.0,GasA,TA,Y,FuseP,1377,973,0,2350,0.0,0.0,2,0,4,2,TA,10,Typ,0,1930.0,2.0,393.0,Y,0,0,219,0,0,0,0,4,2008,WD ,Normal,130000,1,0,0,0,3,1,5,5,3,5,6,1,0,0,3,,5,3
1313,75,RM,60.0,9600,Pave,Reg,Lvl,AllPub,Inside,Gtl,OldTown,Norm,Norm,1Fam,2.5Unf,6,5,1917,1950,Gable,CompShg,AsbShng,AsbShng,None,0.0,TA,TA,BrkTil,319.0,0.0,735.0,OthW,Fa,N,SBrkr,1134,924,0,2058,0.0,0.0,1,1,3,1,TA,8,Typ,1,1950.0,2.0,396.0,P,0,0,259,0,0,0,0,4,2008,WD ,Normal,129500,1,0,0,0,3,1,2,5,3,5,6,1,5,1,2,,2,3
1314,70,RM,60.0,6000,Pave,Reg,Lvl,AllPub,Corner,Gtl,OldTown,Norm,Norm,1Fam,2Story,5,9,1905,2005,Gable,CompShg,MetalSd,MetalSd,None,0.0,Gd,TA,BrkTil,0.0,0.0,572.0,GasA,Ex,Y,SBrkr,884,656,0,1540,0.0,0.0,1,1,3,1,Gd,7,Typ,0,0.0,0.0,0.0,N,240,77,0,0,0,0,0,2,2008,WD ,Normal,129400,1,0,0,0,3,1,1,5,3,6,6,0,6,0,3,,1,3
1315,70,RM,60.0,9600,Pave,Reg,Lvl,AllPub,Inside,Gtl,OldTown,Norm,Norm,1Fam,2Story,7,9,1928,2005,Gambrel,CompShg,MetalSd,MetalSd,None,0.0,TA,Ex,BrkTil,141.0,0.0,689.0,GasA,Ex,Y,SBrkr,689,689,0,1378,0.0,0.0,2,0,3,1,Gd,7,Typ,1,1928.0,2.0,360.0,N,0,0,116,0,0,0,0,10,2008,WD ,Normal,161000,0,0,0,0,3,1,5,5,3,5,6,1,5,1,2,,5,3
1316,190,RM,60.0,10800,Pave,Reg,Lvl,AllPub,Inside,Gtl,OldTown,Norm,Norm,2fmCon,1.5Fin,6,7,1905,2000,Gable,CompShg,Wd Sdng,Wd Sdng,None,0.0,TA,TA,BrkTil,0.0,0.0,482.0,GasA,Ex,N,SBrkr,1221,691,0,1912,0.0,0.0,2,0,3,2,TA,7,Typ,1,2003.0,2.0,672.0,Y,0,25,212,0,0,0,0,4,2008,WD ,Normal,163000,1,0,0,0,3,1,1,5,3,6,6,1,5,1,5,,1,3
1317,75,RM,35.0,6300,Pave,Reg,Lvl,AllPub,Inside,Gtl,OldTown,Norm,Norm,1Fam,2.5Unf,6,6,1914,2001,Gable,CompShg,Wd Sdng,Wd Shng,None,0.0,TA,TA,CBlock,0.0,0.0,742.0,GasA,Ex,Y,SBrkr,742,742,0,1484,0.0,0.0,2,0,3,1,TA,9,Typ,1,0.0,0.0,0.0,Y,0,291,134,0,0,0,0,6,2008,WD ,Normal,128000,1,0,0,0,3,1,5,5,3,6,6,0,6,1,2,,5,3
1318,70,RM,50.0,5250,Pave,Reg,Lvl,AllPub,Inside,Gtl,OldTown,Norm,Norm,1Fam,2Story,8,5,1872,1987,Gable,CompShg,MetalSd,MetalSd,None,0.0,TA,Gd,BrkTil,259.0,0.0,684.0,OthW,Fa,N,SBrkr,938,1215,205,2358,0.0,0.0,2,0,4,1,TA,8,Typ,0,0.0,0.0,0.0,Y,0,54,20,0,0,0,0,12,2008,WD ,Normal,122000,1,0,0,0,3,1,5,1,3,3,6,0,6,0,3,,5,3
1319,50,RM,68.0,5700,Pave,Reg,Lvl,AllPub,Inside,Gtl,OldTown,Norm,Norm,1Fam,1.5Fin,7,7,1926,1950,Gable,CompShg,Wd Sdng,Wd Sdng,None,0.0,TA,TA,PConc,0.0,0.0,572.0,GasA,TA,Y,SBrkr,572,539,0,1111,0.0,0.0,1,0,2,1,TA,5,Typ,1,1982.0,1.0,288.0,Y,0,0,176,0,0,0,0,8,2008,WD ,Normal,116900,0,0,0,0,3,1,5,5,3,6,6,1,5,1,2,,5,3
1320,75,RM,75.0,13500,Pave,Reg,Lvl,AllPub,Inside,Gtl,OldTown,Artery,PosA,1Fam,2.5Unf,10,9,1893,2000,Gable,CompShg,Wd Sdng,Wd Sdng,None,0.0,Ex,Ex,BrkTil,0.0,0.0,1237.0,GasA,Gd,Y,SBrkr,1521,1254,0,2775,0.0,0.0,3,1,3,1,Gd,9,Typ,1,1988.0,2.0,880.0,Y,105,502,0,0,0,0,0,7,2008,WD ,Normal,325000,0,0,0,0,3,1,5,5,3,6,6,1,5,1,2,,5,3
1321,70,RM,60.0,11340,Pave,Reg,Lvl,AllPub,Inside,Gtl,OldTown,Norm,Norm,1Fam,2Story,2,1,1920,1950,Gable,CompShg,AsbShng,AsbShng,None,0.0,Fa,Fa,BrkTil,0.0,0.0,723.0,GasA,TA,N,SBrkr,723,363,0,1086,0.0,0.0,1,0,2,1,TA,5,Maj1,0,1920.0,2.0,400.0,N,0,24,144,0,0,0,0,11,2008,ConLD,Normal,55000,0,0,0,0,3,1,1,1,3,6,6,1,5,0,3,,1,3
1322,70,RM,60.0,10800,Pave,Reg,Lvl,AllPub,Inside,Gtl,OldTown,Norm,Norm,1Fam,2Story,7,7,1890,1999,Gable,CompShg,Wd Sdng,Wd Shng,None,0.0,TA,TA,BrkTil,0.0,0.0,1313.0,GasW,Gd,Y,SBrkr,1313,1182,0,2495,0.0,0.0,2,0,5,1,TA,10,Typ,1,1950.0,2.0,342.0,Y,0,299,0,0,0,0,0,12,2008,WD ,Normal,184000,0,0,0,0,3,1,5,5,2,6,6,1,5,1,2,,5,3
1323,20,RM,65.0,9750,Pave,Reg,Lvl,AllPub,Inside,Gtl,OldTown,Norm,Norm,1Fam,1Story,5,6,1959,1959,Gable,CompShg,MetalSd,MetalSd,BrkFace,164.0,TA,TA,CBlock,200.0,0.0,984.0,GasA,Gd,Y,SBrkr,984,0,0,984,1.0,0.0,1,0,2,1,Fa,5,Typ,0,1959.0,1.0,308.0,N,0,0,0,0,0,0,0,6,2008,WD ,Normal,110000,0,0,0,0,1,1,5,5,3,5,6,1,5,0,3,,5,1
1324,50,RM,81.0,12150,Pave,Reg,Lvl,AllPub,Inside,Gtl,OldTown,Norm,Norm,1Fam,1.5Fin,5,5,1954,1954,Gable,CompShg,MetalSd,MetalSd,BrkFace,335.0,TA,TA,BrkTil,0.0,0.0,1050.0,GasA,Ex,N,FuseF,1050,745,0,1795,0.0,0.0,2,0,4,1,TA,7,Typ,0,1954.0,1.0,352.0,Y,0,0,0,0,0,0,0,11,2008,WD ,Normal,131500,1,0,0,0,1,1,5,5,3,6,6,1,1,0,3,,5,1
1325,20,RM,70.0,12702,Pave,Reg,Lvl,AllPub,Inside,Gtl,OldTown,Norm,Norm,1Fam,1Story,5,5,1956,1956,Gable,CompShg,BrkFace,BrkFace,None,0.0,TA,TA,PConc,0.0,0.0,0.0,GasA,Gd,Y,FuseA,882,0,0,882,0.0,0.0,1,0,2,1,TA,4,Typ,0,1956.0,1.0,308.0,Y,0,45,0,0,0,0,0,12,2008,WD ,Normal,97000,0,0,0,0,3,0,3,3,4,4,4,1,5,0,3,,3,3
1326,20,RM,52.0,8516,Pave,Reg,Lvl,AllPub,Inside,Gtl,OldTown,Norm,Norm,1Fam,1Story,4,6,1958,2006,Gable,CompShg,MetalSd,MetalSd,None,0.0,TA,TA,CBlock,0.0,0.0,869.0,GasA,TA,Y,SBrkr,1093,0,0,1093,0.0,0.0,1,0,2,1,TA,5,Typ,0,1959.0,1.0,308.0,Y,0,0,0,0,0,0,0,5,2008,WD ,Normal,115500,0,0,0,0,3,1,5,5,3,6,6,1,5,0,3,,5,3
1327,30,RL,55.0,7111,Pave,IR1,Bnk,AllPub,Inside,Gtl,BrkSide,Norm,Norm,1Fam,1Story,5,7,1928,1983,Gable,CompShg,WdShing,Wd Shng,None,0.0,Gd,Gd,BrkTil,406.0,273.0,1008.0,GasA,TA,Y,SBrkr,1143,0,0,1143,0.0,0.0,1,0,2,1,TA,5,Typ,1,1992.0,1.0,288.0,Y,265,0,0,0,0,0,0,7,2008,WD ,Normal,138000,0,0,1,0,3,1,5,5,3,3,1,1,5,1,4,,5,3
1328,50,RM,68.0,7425,Pave,IR1,Bnk,AllPub,Corner,Gtl,BrkSide,RRAn,Artery,1Fam,1.5Fin,7,7,1945,1950,Gable,CompShg,Wd Sdng,Wd Sdng,None,0.0,TA,TA,CBlock,0.0,0.0,672.0,GasA,Gd,Y,SBrkr,1195,473,0,1668,0.0,0.0,1,1,3,1,Gd,8,Typ,0,1945.0,1.0,252.0,Y,210,0,0,0,0,0,0,8,2008,WD ,Abnorml,108000,0,0,0,0,3,1,5,1,3,6,6,1,1,0,3,,5,3
1329,40,RM,50.0,9100,Pave,Reg,Lvl,AllPub,Inside,Gtl,BrkSide,RRAn,Feedr,1Fam,1Story,5,6,1930,1960,Gable,CompShg,VinylSd,VinylSd,None,0.0,TA,TA,BrkTil,0.0,0.0,742.0,GasA,TA,Y,FuseA,779,0,156,935,0.0,0.0,1,0,2,1,TA,4,Typ,0,1988.0,1.0,308.0,P,0,0,0,0,0,0,600,8,2008,WD ,Normal,79500,0,0,0,1,3,1,5,5,3,6,6,1,5,0,3,,5,3
1330,50,RL,68.0,7010,Pave,Reg,Lvl,AllPub,Inside,Gtl,BrkSide,Norm,Norm,1Fam,1.5Fin,5,5,1935,1950,Gable,CompShg,Wd Sdng,Wd Sdng,None,0.0,TA,TA,BrkTil,175.0,0.0,1024.0,GasA,TA,Y,SBrkr,1144,594,0,1738,0.0,0.0,2,0,3,1,TA,6,Typ,1,1950.0,1.0,240.0,P,0,30,0,0,0,0,0,7,2008,WD ,Normal,153000,0,0,0,0,3,1,5,5,3,5,6,1,5,1,2,,5,3
1331,45,RM,50.0,6130,Pave,Reg,Lvl,AllPub,Inside,Gtl,BrkSide,Norm,Norm,1Fam,1.5Unf,5,6,1924,1950,Gable,CompShg,MetalSd,MetalSd,None,0.0,TA,TA,BrkTil,784.0,0.0,784.0,GasA,Gd,Y,SBrkr,784,0,0,784,1.0,0.0,1,0,2,1,Gd,5,Typ,0,0.0,0.0,0.0,Y,0,0,116,0,0,0,0,5,2008,WD ,Normal,109500,0,0,0,0,3,1,5,5,3,0,6,0,6,0,3,,5,3
1332,50,RM,50.0,5000,Pave,Reg,Lvl,AllPub,Inside,Gtl,BrkSide,Feedr,Norm,1Fam,1.5Fin,5,7,1941,2006,Gable,CompShg,Wd Sdng,Wd Sdng,None,0.0,TA,Gd,CBlock,600.0,0.0,672.0,GasA,Ex,Y,SBrkr,832,378,0,1210,0.0,0.0,1,0,3,1,Gd,6,Typ,0,1941.0,1.0,240.0,P,0,0,0,0,0,0,0,5,2008,WD ,Normal,124000,0,0,0,0,3,1,5,5,3,0,6,1,5,0,3,,5,3
1333,70,RM,59.0,5870,Pave,Reg,Lvl,AllPub,Corner,Gtl,BrkSide,Feedr,Feedr,1Fam,2Story,6,9,1900,2000,Gable,CompShg,HdBoard,HdBoard,None,0.0,TA,Gd,BrkTil,0.0,0.0,554.0,GasA,Ex,Y,SBrkr,736,554,0,1290,0.0,0.0,1,1,3,1,TA,6,Typ,0,1926.0,1.0,200.0,Y,38,112,0,0,0,0,400,4,2008,WD ,Normal,106900,0,0,1,1,3,1,5,5,3,6,6,1,5,0,3,,5,3
1334,50,RM,50.0,6000,Pave,Reg,Lvl,AllPub,Inside,Gtl,BrkSide,Norm,Norm,1Fam,1.5Fin,6,7,1940,1989,Gable,CompShg,Wd Sdng,Wd Sdng,None,0.0,TA,TA,CBlock,521.0,0.0,981.0,GasA,Ex,Y,SBrkr,1014,658,0,1672,0.0,0.0,1,1,3,1,Gd,6,Typ,1,1940.0,1.0,240.0,Y,0,11,0,0,0,0,0,7,2008,WD ,Normal,164900,0,0,1,0,3,1,5,5,3,0,6,1,5,1,2,,5,3
1335,30,RM,50.0,6000,Pave,Reg,HLS,AllPub,Inside,Gtl,BrkSide,Norm,Norm,1Fam,1Story,5,7,1924,2003,Gable,CompShg,Wd Sdng,Wd Sdng,None,0.0,TA,Fa,BrkTil,0.0,0.0,949.0,GasA,Ex,Y,SBrkr,949,0,0,949,0.0,0.0,1,0,2,1,TA,5,Typ,1,1924.0,2.0,370.0,Y,0,0,48,0,0,0,0,7,2008,WD ,Normal,119000,0,0,0,0,3,1,5,1,3,6,6,1,5,1,1,,5,3
1336,50,RM,50.0,6000,Pave,Reg,Lvl,AllPub,Corner,Gtl,BrkSide,Norm,Norm,1Fam,1.5Fin,6,7,1929,1950,Gable,CompShg,WdShing,Wd Shng,None,0.0,TA,TA,BrkTil,0.0,0.0,862.0,GasA,TA,Y,SBrkr,950,208,0,1158,0.0,0.0,1,0,3,1,TA,5,Typ,1,1929.0,1.0,208.0,Y,0,0,112,0,0,0,0,7,2008,WD ,Normal,120000,0,0,0,0,3,1,5,5,3,6,6,1,3,1,2,,5,3
1337,50,RM,50.0,6000,Pave,Reg,Lvl,AllPub,Inside,Gtl,BrkSide,Norm,Norm,1Fam,1.5Fin,6,7,1937,2000,Gable,CompShg,Wd Sdng,Wd Sdng,None,0.0,TA,Gd,BrkTil,201.0,162.0,825.0,GasA,Ex,Y,SBrkr,825,672,0,1497,0.0,0.0,2,0,3,1,TA,5,Typ,0,2004.0,1.0,672.0,Y,272,0,0,0,0,0,0,5,2008,WD ,Normal,157000,0,0,1,0,3,1,5,5,3,5,3,1,5,0,3,,5,3
1338,50,RM,50.0,6000,Pave,Reg,Lvl,AllPub,Inside,Gtl,BrkSide,Norm,Norm,1Fam,1.5Fin,6,5,1939,1950,Gable,CompShg,Wd Sdng,Wd Sdng,None,0.0,TA,TA,CBlock,264.0,0.0,739.0,GasA,Ex,Y,SBrkr,874,468,0,1342,0.0,0.0,2,0,2,2,TA,7,Typ,1,1939.0,1.0,240.0,Y,0,0,0,0,0,0,0,4,2008,WD ,Normal,105000,0,0,0,0,3,1,5,5,3,3,6,1,5,1,2,,5,3
1339,45,RM,50.0,5000,Pave,Reg,Bnk,AllPub,Inside,Mod,BrkSide,Norm,Norm,1Fam,1.5Unf,6,7,1926,1950,Gable,CompShg,MetalSd,MetalSd,None,0.0,TA,TA,BrkTil,0.0,0.0,992.0,GasA,Ex,Y,SBrkr,1013,0,0,1013,0.0,0.0,1,0,3,1,TA,6,Typ,0,1926.0,1.0,160.0,Y,0,0,101,0,0,0,0,4,2008,WD ,Normal,113000,0,0,0,0,3,1,5,5,3,6,6,1,5,0,3,,5,3
1340,50,RM,60.0,5520,Pave,IR1,Lvl,AllPub,FR2,Gtl,BrkSide,Feedr,Norm,1Fam,1.5Fin,5,7,1920,1997,Gable,CompShg,AsbShng,AsbShng,None,0.0,TA,Gd,BrkTil,68.0,0.0,565.0,GasA,TA,Y,SBrkr,565,651,0,1216,1.0,0.0,1,0,3,1,TA,6,Typ,1,1920.0,1.0,355.0,Y,0,0,180,0,0,0,0,4,2008,WD ,Normal,115000,0,0,1,0,3,1,5,5,3,0,6,1,3,1,2,,5,3
1341,20,RM,99.0,5940,Pave,IR1,Lvl,AllPub,FR3,Gtl,BrkSide,Feedr,Norm,1Fam,1Story,4,7,1946,1950,Gable,CompShg,MetalSd,CBlock,None,0.0,TA,TA,PConc,0.0,0.0,None,GasA,TA,Y,FuseA,896,0,0,896,0.0,0.0,1,0,2,1,TA,4,Typ,0,1946.0,1.0,280.0,Y,0,0,0,0,0,0,0,4,2008,ConLD,Abnorml,79000,0,0,1,0,3,0,3,3,4,4,4,1,5,0,3,,3,3
1342,50,RM,52.0,6240,Pave,Reg,Lvl,AllPub,Inside,Gtl,BrkSide,Norm,Norm,1Fam,1.5Fin,4,7,1929,1950,Gable,CompShg,MetalSd,MetalSd,None,0.0,TA,TA,PConc,80.0,0.0,704.0,GasA,Ex,Y,SBrkr,624,512,0,1136,0.0,1.0,1,0,2,1,TA,6,Typ,0,1990.0,1.0,336.0,Y,0,365,80,0,0,0,0,8,2008,WD ,Normal,123000,0,0,0,0,3,1,5,5,3,1,6,1,5,0,3,,5,3
1343,30,RM,68.0,6120,Pave,Reg,Lvl,AllPub,Inside,Gtl,BrkSide,Norm,Norm,1Fam,1Story,5,6,1945,1995,Gable,CompShg,Plywood,Plywood,None,0.0,TA,Gd,CBlock,0.0,0.0,0.0,GasA,Gd,N,SBrkr,808,0,0,808,0.0,0.0,1,0,1,1,TA,6,Min2,0,1925.0,1.0,164.0,P,0,48,0,0,0,0,0,6,2008,WD ,Normal,81300,0,0,0,0,3,0,3,3,4,4,4,1,1,0,3,,3,3
1344,50,RM,52.0,6240,Pave,Reg,Lvl,AllPub,Inside,Gtl,BrkSide,Norm,Norm,1Fam,1.5Fin,5,7,1930,1992,Gable,CompShg,MetalSd,MetalSd,None,0.0,TA,TA,PConc,0.0,0.0,1078.0,GasA,TA,Y,SBrkr,1128,445,0,1573,0.0,0.0,2,0,3,1,TA,8,Typ,1,1930.0,2.0,360.0,P,0,0,0,0,0,0,0,6,2008,WD ,Normal,162900,0,0,0,0,3,1,5,5,3,6,6,1,5,1,2,,5,3
1345,50,RM,52.0,6240,Pave,Reg,Lvl,AllPub,Inside,Gtl,BrkSide,Norm,Norm,1Fam,1.5Fin,7,5,1939,1950,Gable,CompShg,Wd Sdng,Wd Sdng,None,0.0,TA,TA,BrkTil,300.0,240.0,989.0,GasA,TA,Y,SBrkr,1245,764,0,2009,0.0,0.0,2,0,4,1,TA,7,Min2,1,1939.0,2.0,400.0,Y,0,20,0,0,0,0,0,1,2008,WD ,Normal,150000,0,0,1,0,3,1,5,5,2,5,3,1,5,1,2,,5,3
1346,70,RM,51.0,6120,Pave,Reg,Lvl,AllPub,Inside,Gtl,OldTown,Artery,Norm,1Fam,2Story,5,5,1923,1950,Gambrel,CompShg,Wd Sdng,Wd Sdng,None,0.0,TA,TA,BrkTil,203.0,0.0,1100.0,GasA,TA,Y,SBrkr,1226,676,0,1902,0.0,0.0,2,0,4,1,TA,7,Typ,0,1960.0,2.0,576.0,Y,0,139,55,0,0,0,0,10,2008,WD ,Normal,123500,0,0,0,0,3,1,5,5,3,3,6,1,5,0,3,,5,3
1347,50,RM,51.0,6120,Pave,Reg,Lvl,AllPub,Inside,Gtl,OldTown,Artery,Norm,1Fam,1.5Fin,7,5,1931,1950,Gable,CompShg,BrkFace,Wd Shng,None,0.0,TA,TA,BrkTil,0.0,0.0,952.0,GasA,Gd,Y,FuseF,1022,752,0,1774,0.0,0.0,2,0,2,2,TA,8,Min1,2,1931.0,2.0,468.0,Y,90,0,205,0,0,0,0,4,2008,WD ,Abnorml,129900,0,0,0,0,3,1,5,5,3,6,6,1,5,1,5,,5,3
1348,70,RM,60.0,6155,Pave,IR1,Lvl,AllPub,FR3,Gtl,BrkSide,RRNn,Feedr,1Fam,2Story,6,8,1920,1999,Gable,CompShg,Wd Sdng,Wd Sdng,None,0.0,TA,TA,BrkTil,0.0,0.0,611.0,GasA,Ex,Y,SBrkr,751,611,0,1362,0.0,0.0,2,0,3,1,TA,6,Typ,0,1920.0,2.0,502.0,Y,0,0,84,0,0,0,0,6,2008,WD ,Normal,128000,0,0,0,0,3,1,1,1,2,6,6,1,5,0,3,,1,3
1349,30,RM,60.0,6324,Pave,IR1,Lvl,AllPub,Inside,Gtl,BrkSide,Feedr,RRNn,1Fam,1Story,4,6,1927,1950,Gable,CompShg,MetalSd,MetalSd,None,0.0,TA,TA,BrkTil,0.0,0.0,520.0,GasA,Fa,N,SBrkr,520,0,0,520,0.0,0.0,1,0,1,1,Fa,4,Typ,0,1920.0,1.0,240.0,Y,49,0,87,0,0,0,0,5,2008,WD ,Normal,68500,0,0,0,0,3,1,5,5,3,6,6,1,5,0,3,,5,3
1350,50,RM,50.0,8635,Pave,Reg,Lvl,AllPub,Inside,Gtl,BrkSide,Norm,Norm,1Fam,1.5Fin,5,5,1948,2001,Gable,CompShg,Wd Sdng,Wd Sdng,None,0.0,TA,TA,CBlock,336.0,41.0,672.0,GasA,TA,Y,SBrkr,1072,213,0,1285,1.0,0.0,1,0,2,1,TA,6,Min1,0,1948.0,1.0,240.0,Y,0,0,0,0,0,0,0,1,2008,WD ,Normal,127000,0,0,1,0,3,1,5,5,3,1,2,1,5,0,3,,5,3
1351,50,RL,64.0,13053,Pave,Reg,Bnk,AllPub,Inside,Gtl,BrkSide,Norm,Norm,1Fam,1.5Fin,6,7,1923,2000,Gambrel,CompShg,Wd Sdng,Wd Sdng,None,0.0,TA,TA,BrkTil,0.0,0.0,833.0,GasA,Gd,Y,SBrkr,1053,795,0,1848,0.0,0.0,1,1,4,1,Gd,8,Typ,1,1922.0,2.0,370.0,N,0,0,0,0,220,0,0,6,2008,WD ,Normal,207000,1,0,0,0,3,1,5,5,3,6,6,1,5,1,2,,5,3
1352,50,RL,60.0,9120,Pave,Reg,Lvl,AllPub,Inside,Gtl,BrkSide,Norm,Norm,1Fam,1.5Fin,7,6,1925,1950,Gable,CompShg,Wd Sdng,Wd Sdng,None,0.0,TA,Gd,PConc,329.0,0.0,1026.0,GasA,Ex,Y,SBrkr,1133,687,0,1820,1.0,0.0,2,0,4,1,TA,8,Typ,0,1925.0,1.0,240.0,N,0,100,0,0,0,0,0,6,2008,WD ,Normal,184000,1,0,1,0,3,1,5,5,3,5,6,1,5,0,3,,5,3
1353,50,RL,60.0,9144,Pave,Reg,Lvl,AllPub,Inside,Gtl,BrkSide,Norm,Norm,1Fam,1.5Fin,6,4,1915,2004,Gable,CompShg,VinylSd,VinylSd,None,0.0,TA,Gd,BrkTil,0.0,0.0,810.0,GasA,Ex,Y,SBrkr,1170,546,0,1716,0.0,0.0,2,0,4,1,Gd,8,Typ,0,1970.0,2.0,672.0,Y,0,195,0,0,0,0,0,3,2008,WD ,Normal,162500,1,0,0,0,3,1,5,5,3,6,6,1,5,0,3,,5,3
1354,50,RL,68.0,9144,Pave,Reg,Lvl,AllPub,Inside,Gtl,BrkSide,Norm,Norm,1Fam,1.5Fin,5,5,1940,1982,Gable,CompShg,MetalSd,MetalSd,None,0.0,TA,TA,CBlock,399.0,0.0,883.0,GasA,Gd,Y,SBrkr,988,517,0,1505,1.0,0.0,1,0,3,1,TA,8,Typ,0,1940.0,1.0,240.0,N,0,0,0,0,0,0,0,7,2008,WD ,Normal,145000,1,0,0,0,3,1,5,5,3,5,6,1,5,0,3,,5,3
1355,30,RL,55.0,10267,Pave,Reg,Lvl,AllPub,Inside,Gtl,BrkSide,RRAn,Norm,1Fam,1Story,6,7,1918,2000,Gable,CompShg,Stucco,Wd Shng,None,0.0,TA,Gd,BrkTil,210.0,606.0,816.0,GasA,Ex,Y,SBrkr,838,0,0,838,1.0,0.0,1,0,2,1,Fa,5,Typ,0,1961.0,1.0,275.0,N,0,0,112,0,0,0,0,5,2008,WD ,Normal,130000,0,0,1,0,3,1,5,2,2,5,0,1,5,0,3,,5,3
1356,60,RM,57.0,8094,Pave,Reg,Lvl,AllPub,Inside,Gtl,OldTown,Norm,Norm,2fmCon,2.5Unf,6,8,1910,1983,Gable,CompShg,Wd Sdng,Wd Sdng,None,0.0,TA,TA,PConc,196.0,0.0,1242.0,GasA,Gd,Y,SBrkr,1242,742,0,1984,0.0,0.0,2,0,5,1,TA,8,Typ,0,1910.0,1.0,360.0,Y,64,0,180,0,0,0,1000,9,2008,WD ,Normal,160000,1,0,1,1,3,1,5,5,2,5,6,1,5,0,3,Unknown,5,3
1357,70,RM,68.0,5100,Pave,Reg,Lvl,AllPub,Inside,Gtl,OldTown,Norm,Norm,1Fam,2Story,8,7,1925,1996,Hip,CompShg,Stucco,Wd Shng,None,0.0,TA,Gd,PConc,0.0,0.0,588.0,GasA,Fa,Y,SBrkr,833,833,0,1666,0.0,0.0,1,0,3,1,Gd,7,Typ,1,1925.0,1.0,228.0,Y,192,63,0,0,0,0,0,6,2008,WD ,Normal,161000,1,0,1,0,3,1,5,5,3,6,6,1,5,1,2,,5,3
1358,50,RM,63.0,4347,Pave,Reg,Lvl,AllPub,Inside,Gtl,OldTown,Norm,Norm,1Fam,1.5Fin,6,8,1910,1950,Gambrel,CompShg,MetalSd,MetalSd,None,0.0,Gd,TA,BrkTil,0.0,0.0,796.0,GasA,Ex,Y,SBrkr,825,784,0,1609,0.0,0.0,1,0,3,1,TA,7,Typ,0,1910.0,1.0,228.0,N,0,182,0,0,0,0,0,6,2008,WD ,Normal,127500,0,0,0,0,3,1,2,2,3,6,6,1,5,0,3,,2,3
1359,30,RM,68.0,6291,Grvl,IR1,Lvl,AllPub,Inside,Gtl,IDOTRR,RRNe,Norm,1Fam,1Story,6,6,1930,1950,Gable,CompShg,Stucco,Wd Shng,None,0.0,Gd,Gd,BrkTil,0.0,0.0,768.0,GasA,TA,Y,SBrkr,768,0,0,768,0.0,0.0,1,0,1,1,TA,4,Typ,0,1930.0,2.0,440.0,N,0,0,84,0,0,0,0,7,2008,WD ,Normal,93850,0,0,0,0,3,1,5,5,3,6,6,1,5,0,3,,5,3
1360,70,RM,60.0,10266,Pave,Reg,Lvl,AllPub,Inside,Gtl,IDOTRR,Norm,Norm,1Fam,2Story,6,6,1952,1952,Gable,CompShg,MetalSd,MetalSd,None,0.0,TA,TA,CBlock,372.0,0.0,768.0,GasA,TA,Y,FuseA,768,768,0,1536,0.0,0.0,1,1,4,1,TA,7,Typ,0,1952.0,1.0,308.0,Y,0,216,80,0,0,0,0,5,2008,COD,Abnorml,136000,0,0,0,0,3,1,5,5,3,5,6,1,5,0,3,,5,3
1361,50,RM,60.0,6876,Pave,Reg,Bnk,AllPub,Inside,Gtl,IDOTRR,Norm,Norm,1Fam,1.5Fin,6,6,1938,1958,Gable,CompShg,Wd Sdng,Wd Sdng,None,0.0,TA,TA,BrkTil,0.0,0.0,1272.0,GasA,TA,Y,SBrkr,1272,0,697,1969,0.0,0.0,2,0,4,1,TA,9,Min1,1,1938.0,2.0,400.0,Y,0,34,0,0,0,0,0,11,2008,COD,Normal,141000,0,0,0,0,3,1,5,5,3,6,6,1,5,1,2,,5,3
1362,50,RM,68.0,10320,Pave,Reg,Lvl,AllPub,Inside,Gtl,IDOTRR,Norm,Norm,1Fam,1.5Fin,5,6,1915,1978,Gable,CompShg,HdBoard,HdBoard,None,0.0,TA,Fa,BrkTil,0.0,0.0,880.0,GasA,Gd,Y,SBrkr,880,428,0,1308,0.0,0.0,2,0,2,1,TA,6,Typ,0,1950.0,2.0,400.0,Y,0,0,117,0,0,0,0,4,2008,WD ,Normal,120000,1,0,0,0,3,1,5,1,3,6,6,1,5,0,3,,5,3
1363,30,RM,60.0,7200,Pave,Reg,Lvl,AllPub,Corner,Gtl,IDOTRR,Norm,Norm,1Fam,1Story,6,7,1925,1992,Gable,CompShg,VinylSd,VinylSd,None,0.0,TA,TA,CBlock,0.0,0.0,1040.0,GasA,Gd,Y,SBrkr,1040,0,0,1040,0.0,0.0,1,0,2,1,TA,5,Typ,0,1993.0,2.0,320.0,Y,0,132,0,0,0,0,0,7,2008,WD ,Normal,127500,0,0,0,0,3,1,5,5,3,6,6,1,5,0,3,,5,3
1364,50,RM,62.0,7006,Pave,Reg,Lvl,AllPub,Inside,Gtl,IDOTRR,Norm,Norm,1Fam,1.5Fin,6,6,1925,1950,Gable,CompShg,Stucco,Stucco,None,0.0,TA,TA,PConc,121.0,0.0,768.0,GasA,TA,Y,SBrkr,788,448,0,1236,1.0,0.0,2,0,3,1,TA,6,Typ,1,1985.0,1.0,384.0,Y,0,0,0,0,0,0,0,8,2008,WD ,Family,127000,0,0,1,0,3,1,5,5,3,5,6,1,5,1,2,,5,3
1365,50,RM,68.0,7920,Pave,IR1,Lvl,AllPub,Inside,Gtl,IDOTRR,Artery,Norm,1Fam,1.5Fin,6,7,1920,1950,Gable,CompShg,MetalSd,MetalSd,None,0.0,TA,Fa,CBlock,0.0,0.0,319.0,GasA,TA,Y,FuseA,1035,371,0,1406,0.0,0.0,1,0,3,1,Fa,6,Typ,0,0.0,0.0,0.0,N,0,144,0,0,0,0,0,3,2008,WD ,Normal,89500,1,0,1,0,3,1,5,5,3,6,6,0,6,0,3,,5,3
1366,20,RM,49.0,8235,Pave,IR1,HLS,AllPub,Inside,Gtl,OldTown,Feedr,RRNn,1Fam,1Story,5,7,1955,1995,Gable,CompShg,MetalSd,MetalSd,None,0.0,TA,Gd,CBlock,180.0,645.0,825.0,GasA,TA,Y,SBrkr,825,0,0,825,1.0,0.0,1,0,2,1,TA,4,Typ,0,1963.0,2.0,720.0,Y,140,50,0,0,0,0,0,6,2008,WD ,Normal,125000,0,0,1,0,3,1,5,5,3,3,5,1,5,0,3,,5,3
1367,50,RM,60.0,5586,Pave,IR1,Bnk,AllPub,Inside,Gtl,OldTown,Feedr,Norm,1Fam,1.5Fin,6,7,1920,1998,Gable,CompShg,MetalSd,MetalSd,None,0.0,TA,TA,BrkTil,0.0,0.0,901.0,GasA,Gd,Y,SBrkr,1088,110,0,1198,0.0,0.0,1,0,4,1,TA,7,Typ,0,0.0,0.0,0.0,N,0,98,0,0,0,0,0,9,2008,ConLD,Abnorml,79900,0,0,1,0,3,1,5,5,3,6,6,0,6,0,3,,5,3
1368,30,RM,60.0,10320,Pave,Reg,Lvl,AllPub,Inside,Gtl,IDOTRR,RRNe,Norm,1Fam,1Story,5,8,1912,1991,Gable,CompShg,Wd Sdng,Wd Sdng,None,0.0,TA,TA,BrkTil,0.0,0.0,451.0,GasA,TA,Y,SBrkr,759,0,0,759,0.0,0.0,1,0,1,1,TA,5,Typ,0,1997.0,2.0,576.0,N,40,0,0,0,0,0,0,8,2008,ConLD,Family,85000,0,0,0,0,3,1,1,5,3,6,6,1,5,0,3,,1,3
1369,190,RM,60.0,10320,Pave,Reg,Lvl,AllPub,Inside,Gtl,IDOTRR,Norm,Norm,2fmCon,2Story,3,3,1915,1950,Gable,CompShg,AsphShn,AsphShn,None,0.0,Fa,Fa,PConc,0.0,0.0,536.0,GasA,Ex,N,FuseF,808,536,0,1344,0.0,0.0,2,0,3,2,TA,8,Typ,0,0.0,0.0,0.0,N,42,0,204,0,0,0,0,5,2008,WD ,Normal,82375,1,0,0,0,3,1,5,1,3,6,6,0,6,0,3,,5,3
1370,50,RM,60.0,10320,Pave,Reg,Lvl,AllPub,Inside,Gtl,IDOTRR,Norm,Norm,1Fam,1.5Fin,6,7,1906,1995,Gable,CompShg,MetalSd,MetalSd,None,0.0,TA,TA,CBlock,0.0,0.0,756.0,GasA,Ex,Y,SBrkr,756,713,0,1469,0.0,0.0,1,0,3,1,TA,7,Typ,0,1906.0,1.0,216.0,Y,57,0,239,0,0,0,0,6,2008,WD ,Normal,135000,1,0,1,0,3,1,5,5,3,6,6,1,5,0,3,,5,3
1371,20,RL,82.0,9488,Pave,Reg,Lvl,AllPub,Inside,Gtl,Sawyer,Feedr,Norm,1Fam,1Story,5,6,1947,1993,Gable,CompShg,VinylSd,VinylSd,None,0.0,Gd,TA,CBlock,0.0,0.0,1046.0,GasA,Gd,N,SBrkr,1054,0,0,1054,0.0,0.0,1,0,3,1,TA,6,Typ,0,1947.0,1.0,240.0,Y,0,60,122,0,0,0,0,9,2008,WD ,Abnorml,124000,0,0,0,0,3,1,5,5,3,6,6,1,5,0,3,,5,3
1372,20,RL,55.0,8250,Pave,Reg,Lvl,AllPub,Inside,Gtl,Sawyer,Feedr,Norm,1Fam,1Story,5,5,1968,1968,Hip,CompShg,HdBoard,HdBoard,None,0.0,TA,TA,CBlock,250.0,492.0,952.0,GasA,Ex,Y,SBrkr,1211,0,0,1211,0.0,0.0,1,0,3,1,TA,5,Typ,1,1968.0,1.0,322.0,Y,0,63,0,0,0,0,0,8,2008,WD ,Normal,134000,0,0,0,0,3,1,5,5,3,1,3,1,1,1,5,,5,3
1373,50,RL,115.0,21286,Pave,Reg,Lvl,AllPub,Inside,Gtl,Sawyer,Norm,Norm,1Fam,1.5Fin,5,5,1948,1950,Gable,CompShg,Wd Sdng,Wd Sdng,None,0.0,TA,TA,CBlock,0.0,0.0,720.0,GasA,TA,Y,SBrkr,720,551,0,1271,0.0,0.0,2,0,4,1,TA,7,Typ,1,1948.0,1.0,312.0,Y,0,0,108,0,0,0,0,8,2008,WD ,Normal,135000,0,0,0,0,3,1,5,5,3,6,6,1,1,1,2,,5,3
1374,50,RL,80.0,17120,Pave,Reg,Lvl,AllPub,Inside,Gtl,ClearCr,Feedr,Norm,1Fam,1.5Fin,4,4,1959,1959,Gable,CompShg,WdShing,Plywood,None,0.0,TA,TA,CBlock,0.0,0.0,0.0,GasA,TA,Y,SBrkr,1120,468,0,1588,0.0,0.0,2,0,4,1,TA,7,Min2,1,1991.0,2.0,680.0,N,0,59,0,0,0,0,0,7,2008,WD ,Normal,134432,0,0,0,0,3,0,3,3,4,4,4,1,5,1,2,,3,3
1375,190,RL,62.0,10106,Pave,Reg,Lvl,AllPub,Inside,Gtl,Edwards,Norm,Norm,2fmCon,1.5Fin,5,7,1940,1999,Gable,CompShg,Wd Sdng,Wd Sdng,None,0.0,TA,Gd,BrkTil,351.0,181.0,644.0,GasA,Gd,Y,SBrkr,808,547,0,1355,1.0,0.0,2,0,4,2,TA,6,Typ,0,0.0,0.0,0.0,Y,140,0,0,0,0,0,0,9,2008,WD ,Normal,127500,0,0,0,0,3,1,5,5,3,0,5,0,6,0,3,,5,3
1376,85,RL,68.0,11235,Pave,Reg,Lvl,AllPub,Corner,Gtl,Sawyer,Feedr,Norm,1Fam,SFoyer,5,6,1963,1963,Gable,CompShg,HdBoard,Wd Sdng,None,0.0,TA,TA,CBlock,784.0,0.0,981.0,GasA,TA,Y,SBrkr,1075,0,0,1075,1.0,0.0,1,0,3,1,Gd,6,Typ,0,1996.0,2.0,440.0,Y,64,0,0,0,64,0,0,5,2008,WD ,Abnorml,148000,0,0,1,0,3,1,2,5,0,0,6,1,5,0,3,,2,3
1377,20,RL,70.0,11200,Pave,Reg,Lvl,AllPub,Inside,Gtl,Sawyer,Norm,Norm,1Fam,1Story,5,5,1965,1965,Hip,CompShg,HdBoard,HdBoard,None,0.0,TA,TA,CBlock,906.0,0.0,1040.0,GasA,Ex,Y,SBrkr,1040,0,0,1040,1.0,0.0,1,0,3,1,TA,5,Typ,0,1965.0,1.0,384.0,Y,0,0,0,0,0,0,0,2,2008,WD ,Normal,129500,0,0,0,0,3,1,5,5,3,5,6,1,5,0,3,,5,3
1378,80,RL,80.0,13014,Pave,Reg,Lvl,AllPub,Inside,Gtl,Sawyer,Norm,Norm,1Fam,SLvl,6,5,1978,1978,Gable,CompShg,HdBoard,Plywood,BrkFace,39.0,TA,TA,CBlock,528.0,0.0,1008.0,GasA,TA,Y,SBrkr,1096,0,0,1096,1.0,0.0,1,0,3,1,TA,6,Typ,1,1978.0,2.0,484.0,Y,168,0,0,0,0,0,0,12,2008,WD ,Normal,157500,0,0,0,0,1,1,5,5,0,0,6,1,1,1,1,,5,1
1379,20,RL,68.0,7162,Pave,IR1,Lvl,AllPub,Inside,Gtl,Sawyer,Norm,Norm,1Fam,1Story,5,7,1966,1966,Gable,CompShg,HdBoard,HdBoard,BrkCmn,41.0,TA,TA,PConc,0.0,0.0,876.0,GasA,TA,Y,SBrkr,904,0,0,904,0.0,0.0,1,0,3,1,TA,6,Typ,0,1966.0,1.0,408.0,Y,0,0,0,0,0,0,0,12,2008,WD ,Abnorml,109900,0,0,1,0,0,1,5,5,3,6,6,1,1,0,3,,5,0
1380,20,RL,68.0,10265,Pave,IR1,Lvl,AllPub,Inside,Gtl,Sawyer,Norm,Norm,1Fam,1Story,5,7,1967,2005,Gable,CompShg,HdBoard,HdBoard,None,0.0,TA,Fa,CBlock,758.0,0.0,992.0,GasA,Ex,Y,SBrkr,992,0,0,992,1.0,0.0,1,0,3,1,Gd,6,Typ,0,1967.0,1.0,294.0,Y,204,0,0,0,0,0,600,7,2008,WD ,Normal,145000,0,0,1,1,3,1,5,5,3,0,6,1,1,0,3,,5,3
1381,20,RL,57.0,9764,Pave,IR1,Lvl,AllPub,FR2,Gtl,Sawyer,Feedr,Norm,1Fam,1Story,5,7,1967,2003,Gable,CompShg,VinylSd,VinylSd,None,0.0,TA,TA,CBlock,702.0,0.0,894.0,GasA,Ex,Y,SBrkr,894,0,0,894,1.0,0.0,1,0,3,1,Gd,5,Typ,0,1967.0,2.0,450.0,Y,0,0,0,0,0,0,0,5,2008,WD ,Normal,130000,0,0,0,0,3,1,5,5,3,1,6,1,1,0,3,,5,3
1382,85,RL,68.0,7703,Pave,IR1,Lvl,AllPub,CulDSac,Gtl,Sawyer,Norm,Norm,1Fam,SFoyer,6,8,1978,1978,Gable,CompShg,HdBoard,HdBoard,BrkCmn,40.0,TA,TA,CBlock,450.0,0.0,450.0,GasA,Ex,Y,SBrkr,1034,0,0,1034,0.0,1.0,1,0,3,1,TA,6,Typ,1,1978.0,2.0,504.0,Y,311,0,0,0,0,0,0,5,2008,WD ,Normal,153000,0,0,1,0,0,1,2,5,1,0,6,1,2,1,4,,2,0
1383,20,RL,68.0,9981,Pave,IR1,Lvl,AllPub,Corner,Gtl,Sawyer,Norm,Norm,1Fam,1Story,5,5,1967,1967,Gable,CompShg,MetalSd,MetalSd,BrkFace,340.0,TA,TA,CBlock,221.0,0.0,1073.0,GasA,Gd,Y,SBrkr,1073,0,0,1073,0.0,0.0,1,0,3,1,TA,6,Typ,0,1967.0,1.0,270.0,Y,0,90,0,0,0,0,0,3,2008,WD ,Normal,120000,0,0,1,0,1,1,5,5,2,1,6,1,1,0,3,,5,1
1384,85,RL,68.0,7400,Pave,IR1,Lvl,AllPub,CulDSac,Gtl,Sawyer,Norm,Norm,1Fam,SFoyer,5,5,1984,1984,Gable,CompShg,VinylSd,VinylSd,None,0.0,TA,TA,PConc,104.0,956.0,1060.0,GasA,TA,Y,SBrkr,1126,0,0,1126,1.0,0.0,1,0,2,1,TA,5,Typ,0,1984.0,2.0,506.0,Y,178,0,0,0,0,0,0,3,2008,WD ,Normal,152000,0,0,0,0,3,1,2,5,0,3,0,1,1,0,3,,2,3
1385,90,RL,60.0,12900,Pave,Reg,Lvl,AllPub,Inside,Gtl,Sawyer,Feedr,Norm,Duplex,SFoyer,4,4,1969,1969,Gable,CompShg,Plywood,Plywood,None,0.0,TA,TA,CBlock,1198.0,0.0,1198.0,GasA,TA,Y,SBrkr,1258,0,0,1258,2.0,0.0,0,2,0,2,TA,6,Typ,0,1969.0,2.0,400.0,Y,120,0,0,0,0,0,0,1,2008,WD ,Alloca,108959,0,0,0,0,3,1,2,5,0,2,6,1,4,0,3,,2,3
1386,190,RL,60.0,12900,Pave,Reg,Lvl,AllPub,Inside,Gtl,Sawyer,Feedr,Norm,2fmCon,1Story,5,4,1920,1950,Gable,CompShg,BrkFace,Stucco,None,0.0,TA,TA,PConc,1300.0,0.0,1300.0,GasA,Fa,Y,SBrkr,1140,0,0,1140,1.0,0.0,1,0,3,1,TA,6,Typ,0,1920.0,2.0,400.0,Y,0,0,190,0,0,0,0,1,2008,WD ,Alloca,95541,0,0,0,0,3,1,5,1,3,1,6,1,4,0,3,,5,3
1387,20,RL,68.0,9000,Pave,Reg,Lvl,AllPub,Inside,Gtl,Sawyer,Norm,Norm,1Fam,1Story,5,3,1959,1959,Gable,CompShg,Wd Sdng,Plywood,None,0.0,TA,TA,CBlock,288.0,0.0,1006.0,GasA,TA,Y,SBrkr,1006,0,0,1006,0.0,0.0,1,0,3,1,TA,5,Typ,0,0.0,0.0,0.0,Y,0,24,0,0,0,0,0,7,2008,WD ,Normal,80000,0,0,0,0,3,1,5,5,3,2,6,0,6,0,3,,5,3
1388,20,RL,68.0,8544,Pave,IR1,Lvl,AllPub,CulDSac,Gtl,Sawyer,Norm,Norm,1Fam,1Story,5,6,1966,2006,Gable,CompShg,HdBoard,HdBoard,None,0.0,TA,TA,CBlock,0.0,0.0,1228.0,GasA,Gd,Y,SBrkr,1228,0,0,1228,0.0,0.0,1,1,3,1,Gd,6,Typ,0,1966.0,1.0,271.0,Y,0,65,0,0,0,0,0,6,2008,WD ,Normal,149350,0,0,1,0,3,1,5,5,3,6,6,1,1,0,3,,5,3
1389,20,RL,94.0,9239,Pave,Reg,Lvl,AllPub,Inside,Gtl,Sawyer,Feedr,Norm,1Fam,1Story,5,8,1963,2003,Gable,CompShg,VinylSd,VinylSd,None,0.0,TA,Gd,CBlock,634.0,0.0,960.0,GasA,Ex,Y,SBrkr,960,0,0,960,1.0,0.0,1,0,3,1,Gd,6,Typ,0,1963.0,1.0,300.0,Y,168,0,0,0,0,0,0,5,2008,WD ,Normal,144900,0,0,0,0,3,1,5,5,3,2,6,1,1,0,3,,5,3
1390,20,RL,88.0,14175,Pave,Reg,Lvl,AllPub,Inside,Gtl,Sawyer,PosA,Norm,1Fam,1Story,6,8,1956,1956,Gable,CompShg,HdBoard,HdBoard,None,0.0,TA,TA,CBlock,776.0,0.0,988.0,GasA,TA,Y,FuseA,1188,0,0,1188,1.0,0.0,1,0,1,1,TA,4,Typ,1,1956.0,2.0,621.0,Y,102,89,231,0,0,0,0,6,2008,WD ,Normal,185000,0,0,0,0,3,1,5,2,1,2,6,1,1,1,5,,5,3
1391,20,RL,68.0,13284,Pave,Reg,Lvl,AllPub,Inside,Gtl,Sawyer,PosN,Norm,1Fam,1Story,5,5,1954,1954,Gable,CompShg,Wd Sdng,Plywood,None,0.0,TA,TA,PConc,1064.0,0.0,1383.0,GasA,TA,Y,SBrkr,1383,0,0,1383,1.0,0.0,1,0,3,1,TA,6,Typ,1,1954.0,1.0,354.0,Y,511,116,0,0,0,0,0,6,2008,WD ,Normal,165000,0,0,1,0,3,1,2,5,2,1,6,1,1,1,2,,2,3
1392,20,RL,68.0,13500,Pave,Reg,Lvl,AllPub,Inside,Gtl,ClearCr,Norm,Norm,1Fam,1Story,6,7,1960,1975,Flat,CompShg,BrkFace,Plywood,None,0.0,TA,TA,CBlock,429.0,1080.0,1602.0,GasA,Gd,Y,SBrkr,1252,0,0,1252,1.0,0.0,1,0,1,1,TA,4,Typ,1,1960.0,2.0,564.0,Y,409,0,0,0,0,0,0,3,2008,WD ,Normal,235000,0,0,0,0,3,1,2,5,1,1,0,1,1,1,2,,2,3
1393,80,RL,85.0,13825,Pave,Reg,Lvl,AllPub,Inside,Gtl,Sawyer,Norm,Norm,1Fam,SLvl,5,6,1958,1987,Gable,CompShg,MetalSd,MetalSd,None,0.0,TA,Gd,CBlock,0.0,0.0,533.0,GasA,TA,Y,SBrkr,1021,580,0,1601,0.0,1.0,1,0,3,1,TA,6,Min2,0,1958.0,1.0,300.0,Y,280,34,0,0,0,0,0,12,2008,WD ,Normal,140000,0,0,0,0,3,1,5,5,3,6,6,1,3,0,3,,5,3
1394,30,RL,60.0,10200,Pave,Reg,Lvl,AllPub,Inside,Gtl,Sawyer,Norm,Norm,1Fam,1Story,5,8,1940,1997,Gable,CompShg,Wd Sdng,Wd Sdng,None,0.0,TA,TA,PConc,0.0,0.0,672.0,GasA,Ex,Y,SBrkr,672,0,0,672,0.0,0.0,1,0,2,1,TA,4,Typ,0,1940.0,1.0,240.0,N,168,0,0,0,0,0,0,8,2008,WD ,Normal,108000,0,0,1,0,3,1,5,5,3,6,6,1,5,0,3,,5,3
1395,190,RL,68.0,10532,Pave,Reg,Lvl,AllPub,Corner,Gtl,ClearCr,Norm,Norm,1Fam,1Story,5,3,1960,1960,Flat,Tar&Grv,Plywood,Plywood,Stone,275.0,TA,TA,CBlock,988.0,0.0,988.0,GasA,Gd,Y,SBrkr,1721,0,0,1721,1.0,0.0,2,0,3,1,TA,7,Mod,2,1960.0,2.0,626.0,Y,50,84,0,0,0,0,0,12,2008,WD ,Abnorml,145000,0,0,0,0,4,1,5,5,2,5,6,1,2,1,5,,5,4
1396,50,RL,63.0,8375,Pave,Reg,Lvl,AllPub,Corner,Gtl,Sawyer,Norm,Norm,1Fam,1.5Fin,5,7,1941,1973,Gable,CompShg,Wd Sdng,Wd Sdng,None,0.0,TA,TA,BrkTil,336.0,0.0,576.0,GasA,Gd,Y,SBrkr,864,486,0,1350,1.0,0.0,1,1,2,1,Gd,6,Min1,0,1973.0,3.0,627.0,N,0,0,0,0,0,0,0,6,2008,WD ,Normal,152400,0,0,1,0,3,1,5,5,3,0,6,1,0,0,3,,5,3
1397,80,RL,68.0,10200,Pave,Reg,Lvl,AllPub,Inside,Gtl,Sawyer,Norm,Norm,1Fam,SLvl,5,8,1970,1970,Hip,CompShg,HdBoard,HdBoard,None,0.0,TA,Gd,PConc,704.0,0.0,864.0,GasA,Ex,Y,SBrkr,904,0,0,904,0.0,0.0,1,0,3,1,Gd,5,Typ,0,1979.0,3.0,912.0,Y,143,0,0,0,0,0,0,6,2008,WD ,Normal,144000,0,0,1,0,3,1,2,5,0,0,6,1,0,0,3,,2,3
1398,120,RL,68.0,2887,Pave,Reg,HLS,AllPub,Inside,Gtl,ClearCr,Norm,Norm,1Fam,1Story,6,5,1996,1997,Gable,CompShg,Wd Sdng,Wd Sdng,None,0.0,TA,TA,PConc,1003.0,0.0,1291.0,GasA,Ex,Y,SBrkr,1291,0,0,1291,1.0,0.0,1,0,2,1,Gd,6,Typ,1,1996.0,2.0,431.0,Y,307,0,0,0,0,0,0,11,2008,WD ,Normal,173000,0,0,0,0,3,1,2,5,2,2,6,1,1,1,2,,2,3
1399,60,RL,83.0,10005,Pave,Reg,Lvl,AllPub,Inside,Gtl,ClearCr,Norm,Norm,1Fam,2Story,7,5,1977,1977,Hip,CompShg,Plywood,Plywood,BrkFace,299.0,TA,TA,CBlock,392.0,0.0,1160.0,GasA,Ex,Y,SBrkr,1156,866,0,2022,0.0,0.0,2,1,4,1,TA,8,Typ,1,1977.0,2.0,505.0,Y,288,117,0,0,0,0,0,3,2008,WD ,Normal,192000,0,0,0,0,1,1,2,5,3,1,6,1,1,1,5,,2,1
1400,20,RL,82.0,20270,Pave,IR1,Lvl,AllPub,CulDSac,Gtl,ClearCr,Norm,Norm,1Fam,1Story,7,6,1979,1979,Gable,CompShg,Plywood,Plywood,None,0.0,TA,TA,CBlock,599.0,0.0,1524.0,GasA,TA,Y,SBrkr,1524,0,0,1524,1.0,0.0,2,0,3,1,TA,7,Typ,2,1979.0,2.0,478.0,Y,140,0,0,0,0,0,0,4,2008,WD ,Normal,245000,0,0,0,0,3,1,2,5,1,2,6,1,1,1,2,,2,3
1401,20,RL,73.0,39104,Pave,IR1,Low,AllPub,CulDSac,Sev,ClearCr,Norm,Norm,1Fam,1Story,7,7,1954,2005,Flat,Membran,Plywood,Plywood,None,0.0,TA,TA,CBlock,226.0,1063.0,1385.0,GasA,Ex,Y,SBrkr,1363,0,0,1363,1.0,0.0,1,0,2,1,TA,5,Mod,2,1954.0,2.0,439.0,Y,81,0,0,0,0,0,0,4,2008,WD ,Normal,241500,0,0,0,0,3,1,2,5,1,3,2,1,1,1,5,,2,3
1402,20,RL,68.0,53227,Pave,IR1,Low,AllPub,CulDSac,Mod,ClearCr,Norm,Norm,1Fam,1Story,4,6,1954,1994,Flat,Tar&Grv,Plywood,Plywood,None,0.0,TA,TA,CBlock,1116.0,0.0,1364.0,GasA,Ex,Y,SBrkr,1663,0,0,1663,1.0,0.0,1,0,2,1,Gd,6,Min1,2,1954.0,2.0,529.0,Y,224,137,0,0,0,0,0,3,2008,WD ,Normal,256000,0,0,0,0,3,1,2,5,1,1,6,1,1,1,2,,2,3
1403,80,RL,124.0,11512,Pave,IR1,Lvl,AllPub,Corner,Gtl,Edwards,Norm,Norm,1Fam,SLvl,6,7,1959,2006,Gable,CompShg,Plywood,Plywood,BrkFace,84.0,TA,TA,CBlock,719.0,0.0,1019.0,GasA,Gd,Y,SBrkr,1357,0,0,1357,1.0,0.0,1,0,2,1,Ex,5,Typ,1,1959.0,1.0,312.0,Y,0,0,0,0,163,0,0,5,2008,WD ,Normal,177000,0,0,1,0,1,1,5,5,0,0,6,1,2,1,2,,5,1
1404,50,RL,50.0,5190,Pave,Reg,Lvl,AllPub,Inside,Gtl,Edwards,Norm,Norm,1Fam,1.5Fin,7,5,1948,1950,Gable,CompShg,BrkFace,Plywood,None,0.0,TA,TA,CBlock,0.0,0.0,570.0,GasA,TA,Y,SBrkr,617,462,0,1079,0.0,0.0,1,0,2,1,TA,5,Typ,1,1948.0,1.0,249.0,Y,135,0,0,0,0,0,0,1,2008,WD ,Normal,125600,0,0,0,0,3,1,5,5,3,6,6,1,1,1,2,,5,3
1405,20,RL,85.0,10452,Pave,IR1,Lvl,AllPub,Inside,Gtl,Edwards,Norm,Norm,1Fam,1Story,6,5,1953,1953,Hip,CompShg,Wd Sdng,Wd Sdng,Stone,216.0,TA,TA,CBlock,500.0,0.0,1094.0,GasA,Ex,Y,SBrkr,1094,0,0,1094,0.0,0.0,1,0,3,1,TA,5,Typ,2,1953.0,2.0,495.0,Y,0,0,0,0,287,0,0,6,2008,WD ,Normal,155000,0,0,0,0,4,1,5,5,2,5,6,1,1,1,2,,5,4
1406,50,RL,75.0,45600,Pave,IR2,Bnk,AllPub,Inside,Gtl,ClearCr,Norm,Norm,1Fam,1.5Fin,6,8,1908,1997,Gable,CompShg,Wd Sdng,Wd Sdng,None,0.0,TA,TA,BrkTil,0.0,0.0,907.0,GasA,TA,Y,SBrkr,1307,1051,0,2358,0.0,0.0,3,0,5,1,TA,10,Typ,1,1908.0,2.0,360.0,Y,486,40,0,0,175,0,0,9,2008,WD ,Normal,240000,0,0,0,0,3,1,5,5,3,6,6,1,5,1,2,,5,3
1407,30,RL,85.0,19550,Pave,Reg,Lvl,AllPub,Inside,Gtl,Edwards,Norm,Norm,1Fam,1Story,5,7,1940,2007,Flat,Tar&Grv,PreCast,PreCast,None,0.0,TA,TA,PConc,1035.0,0.0,1580.0,GasA,Ex,Y,SBrkr,1518,0,0,1518,1.0,0.0,1,0,2,1,Fa,5,Typ,2,0.0,0.0,0.0,Y,0,39,0,0,0,0,0,1,2008,WD ,Normal,260000,0,0,0,0,3,1,5,5,1,0,6,0,6,1,2,,5,3
1408,50,RL,66.0,21780,Pave,Reg,Lvl,AllPub,Inside,Gtl,Edwards,Norm,Norm,1Fam,1.5Fin,6,7,1918,1950,Gable,CompShg,Wd Sdng,Wd Sdng,None,0.0,TA,TA,BrkTil,0.0,0.0,1163.0,GasA,Ex,Y,SBrkr,1163,511,0,1674,0.0,0.0,2,0,4,1,TA,8,Typ,1,1955.0,2.0,396.0,N,72,36,0,0,144,0,0,7,2008,WD ,Normal,185000,0,0,0,0,3,1,2,5,2,6,6,1,5,1,2,,2,3
1409,70,RL,120.0,13728,Pave,Reg,Lvl,AllPub,Corner,Gtl,Edwards,Norm,Norm,1Fam,2Story,6,7,1935,1986,Hip,CompShg,Stucco,Stucco,None,0.0,TA,TA,CBlock,626.0,0.0,1127.0,GasA,Ex,Y,SBrkr,1236,872,0,2108,0.0,0.0,2,0,4,1,Gd,7,Typ,2,1935.0,2.0,540.0,Y,0,0,0,0,90,0,0,7,2008,WD ,Normal,235000,0,0,0,0,3,1,5,5,3,5,6,1,2,1,5,,5,3
1410,20,RL,68.0,9571,Pave,Reg,Lvl,AllPub,Inside,Gtl,Edwards,Norm,Norm,1Fam,1Story,5,6,1956,1956,Hip,CompShg,Wd Sdng,Wd Sdng,None,0.0,TA,TA,CBlock,870.0,0.0,1509.0,GasA,TA,Y,FuseA,1509,0,0,1509,1.0,0.0,1,0,3,1,Gd,6,Typ,1,1956.0,1.0,322.0,Y,158,0,0,0,576,0,0,7,2008,WD ,Normal,159900,0,0,1,0,3,1,5,5,0,5,6,1,1,1,5,,5,3
1411,90,RL,50.0,9350,Pave,Reg,Lvl,AllPub,Inside,Gtl,Edwards,Norm,Norm,Duplex,SFoyer,5,5,1975,1975,Gable,CompShg,HdBoard,HdBoard,None,0.0,TA,TA,PConc,864.0,0.0,864.0,GasA,Fa,N,SBrkr,864,0,0,864,1.0,0.0,1,0,2,1,TA,4,Typ,0,0.0,0.0,0.0,Y,0,0,0,0,0,0,0,4,2008,WD ,Normal,99600,0,0,0,0,3,1,2,5,0,2,6,0,6,0,3,,2,3
1412,60,RL,50.0,9360,Pave,Reg,Lvl,AllPub,Corner,Gtl,Edwards,Norm,Norm,1Fam,2Story,6,8,1962,2001,Gable,CompShg,VinylSd,VinylSd,BrkCmn,216.0,Gd,TA,CBlock,324.0,0.0,621.0,GasA,TA,Y,SBrkr,621,648,0,1269,0.0,0.0,1,1,3,1,TA,7,Typ,0,1962.0,1.0,280.0,Y,0,236,0,0,0,0,0,11,2008,WD ,Normal,134500,0,0,1,0,0,1,5,5,3,5,6,1,5,0,3,,5,0
1413,50,RL,50.0,8405,Pave,Reg,Lvl,AllPub,Inside,Gtl,Edwards,Norm,Norm,1Fam,1.5Fin,5,8,1900,1950,Gable,CompShg,MetalSd,MetalSd,None,0.0,TA,TA,BrkTil,241.0,391.0,861.0,GasA,Ex,Y,SBrkr,961,406,0,1367,1.0,0.0,1,0,4,1,TA,7,Typ,0,1978.0,1.0,384.0,Y,0,130,112,0,0,0,0,4,2008,WD ,Normal,119000,1,0,1,0,3,1,5,2,3,5,1,1,5,0,3,,5,3
1414,190,RL,70.0,7000,Pave,Reg,Lvl,AllPub,Inside,Gtl,Edwards,Norm,Norm,2fmCon,2Story,5,7,1910,1991,Gable,CompShg,MetalSd,MetalSd,None,0.0,TA,TA,CBlock,969.0,0.0,1117.0,GasA,TA,Y,SBrkr,820,527,0,1347,1.0,0.0,1,0,3,1,TA,5,Typ,0,0.0,0.0,0.0,N,85,0,148,0,0,0,0,1,2008,WD ,Normal,107500,0,0,0,0,3,1,2,5,1,2,6,0,6,0,3,,2,3
1415,190,RL,68.0,10880,Pave,Reg,Lvl,AllPub,Inside,Gtl,Edwards,Norm,Norm,2fmCon,1Story,5,5,1950,1950,Gable,CompShg,MetalSd,MetalSd,None,0.0,TA,TA,CBlock,1040.0,0.0,1164.0,GasW,TA,N,SBrkr,1164,0,0,1164,1.0,0.0,1,0,3,1,TA,5,Typ,0,1950.0,1.0,240.0,Y,0,48,0,0,0,0,0,8,2008,ConLD,Normal,125000,0,0,0,0,3,1,5,5,3,0,6,1,5,0,3,,5,3
1416,50,RL,60.0,9600,Pave,Reg,Lvl,AllPub,Corner,Gtl,Edwards,Artery,Norm,1Fam,1.5Fin,6,5,1924,1950,Gable,CompShg,Wd Sdng,Wd Sdng,None,0.0,TA,TA,BrkTil,0.0,0.0,572.0,Grav,Fa,N,FuseF,572,524,0,1096,0.0,0.0,1,0,2,1,TA,5,Typ,0,0.0,0.0,0.0,N,0,8,128,0,0,0,0,4,2008,WD ,Normal,79000,0,0,0,0,3,1,5,5,3,6,6,0,6,0,3,,5,3
1417,50,RL,60.0,9084,Pave,Reg,Lvl,AllPub,Inside,Gtl,Edwards,Artery,Norm,1Fam,1.5Fin,5,6,1941,1950,Gable,CompShg,VinylSd,VinylSd,None,0.0,TA,TA,CBlock,236.0,380.0,616.0,GasA,TA,N,SBrkr,616,495,0,1111,0.0,1.0,1,0,3,1,TA,5,Typ,0,1941.0,1.0,200.0,Y,48,0,0,0,0,0,0,3,2008,ConLw,Normal,95000,0,0,0,0,3,1,5,1,2,3,5,1,5,0,3,,5,3
1418,60,RL,86.0,11839,Pave,Reg,Lvl,AllPub,Inside,Gtl,SawyerW,Norm,Norm,1Fam,2Story,7,5,1990,1990,Hip,CompShg,HdBoard,HdBoard,BrkFace,99.0,TA,TA,PConc,1085.0,0.0,1475.0,GasA,Ex,Y,SBrkr,1532,797,0,2329,1.0,0.0,2,1,4,1,Gd,10,Typ,1,1990.0,2.0,514.0,Y,192,121,0,0,0,0,0,5,2008,WD ,Normal,262280,0,0,0,0,1,1,2,5,3,2,6,1,1,1,0,,2,1
1419,60,RL,68.0,9771,Pave,IR3,Lvl,AllPub,Corner,Gtl,SawyerW,Norm,Norm,1Fam,2Story,6,5,1995,2002,Gable,CompShg,HdBoard,HdBoard,BrkFace,190.0,Gd,TA,PConc,779.0,0.0,1077.0,GasA,Ex,Y,SBrkr,1093,1721,0,2814,0.0,1.0,2,1,4,1,Gd,9,Typ,1,1995.0,2.0,614.0,Y,48,32,0,0,216,0,0,6,2008,WD ,Normal,260000,0,0,1,0,1,1,2,5,3,3,6,1,3,1,5,,2,1
1420,20,RL,80.0,9938,Pave,Reg,Lvl,AllPub,Inside,Gtl,SawyerW,Norm,Norm,1Fam,1Story,7,5,1994,1994,Gable,CompShg,HdBoard,HdBoard,BrkFace,251.0,Gd,TA,PConc,1271.0,0.0,1602.0,GasA,Ex,Y,SBrkr,1626,0,0,1626,1.0,0.0,2,1,3,1,Gd,7,Typ,1,1994.0,2.0,534.0,Y,424,40,0,0,0,0,0,4,2008,WD ,Normal,226500,0,0,0,0,1,1,2,5,3,2,6,1,1,1,5,,2,1
1421,60,RL,68.0,14171,Pave,IR2,Lvl,AllPub,CulDSac,Gtl,SawyerW,Norm,Norm,1Fam,2Story,7,5,1993,1994,Gable,CompShg,VinylSd,VinylSd,None,0.0,Gd,TA,PConc,355.0,0.0,812.0,GasA,Ex,Y,SBrkr,1101,1099,0,2200,0.0,0.0,2,1,4,1,Gd,9,Typ,1,1993.0,2.0,453.0,Y,168,98,0,0,0,0,0,12,2008,WD ,Normal,225000,0,0,0,0,3,1,2,5,3,2,6,1,1,1,5,,2,3
1422,80,RL,85.0,10541,Pave,IR1,Lvl,AllPub,Corner,Gtl,SawyerW,Norm,Norm,1Fam,SLvl,7,5,1996,1996,Gable,CompShg,VinylSd,VinylSd,None,0.0,Gd,TA,PConc,0.0,0.0,672.0,GasA,Ex,Y,SBrkr,1302,735,0,2037,0.0,0.0,2,1,3,1,Gd,8,Typ,1,1996.0,2.0,472.0,Y,100,33,0,0,0,0,0,2,2008,WD ,Normal,229000,0,0,0,0,3,1,2,5,0,6,6,1,1,1,5,,2,3
1423,60,RL,65.0,10616,Pave,IR1,Lvl,AllPub,Inside,Gtl,CollgCr,Norm,Norm,1Fam,2Story,7,5,2007,2007,Gable,CompShg,VinylSd,VinylSd,None,0.0,Gd,TA,PConc,0.0,0.0,628.0,GasA,Ex,Y,SBrkr,628,728,0,1356,0.0,0.0,2,1,3,1,Gd,6,Typ,1,2007.0,2.0,484.0,Y,100,24,0,0,0,0,0,3,2008,New,Partial,177439,0,0,0,0,3,1,2,5,3,6,6,1,3,1,2,,2,3
1424,20,RL,65.0,9345,Pave,IR1,Lvl,AllPub,Inside,Gtl,CollgCr,Norm,Norm,1Fam,1Story,8,5,2007,2007,Gable,CompShg,VinylSd,VinylSd,Stone,156.0,Gd,TA,PConc,0.0,0.0,1615.0,GasA,Ex,Y,SBrkr,1615,0,0,1615,0.0,0.0,2,0,3,1,Gd,7,Typ,1,2007.0,3.0,864.0,Y,168,30,0,0,0,0,0,5,2008,WD ,Normal,248500,0,0,0,0,4,1,2,5,0,6,6,1,1,1,2,,2,4
1425,20,RL,91.0,11778,Pave,Reg,Lvl,AllPub,Inside,Gtl,CollgCr,Norm,Norm,1Fam,1Story,9,5,2008,2008,Hip,CompShg,VinylSd,VinylSd,Stone,554.0,Gd,TA,PConc,2085.0,0.0,2271.0,GasA,Ex,Y,SBrkr,2276,0,0,2276,1.0,0.0,2,0,3,1,Ex,7,Typ,2,2008.0,3.0,1348.0,Y,0,0,70,0,255,0,0,6,2008,WD ,Abnorml,475000,0,0,0,0,4,1,2,5,1,2,6,1,1,1,2,,2,4
1426,20,RL,91.0,11778,Pave,Reg,Lvl,AllPub,Inside,Gtl,CollgCr,PosN,Norm,1Fam,1Story,9,5,2008,2008,Hip,CompShg,VinylSd,VinylSd,Stone,402.0,Ex,TA,PConc,1153.0,0.0,1751.0,GasA,Ex,Y,SBrkr,1766,0,0,1766,1.0,0.0,2,1,3,1,Ex,8,Typ,2,2008.0,3.0,874.0,Y,216,36,0,0,0,0,0,12,2008,New,Partial,395039,0,0,0,0,4,1,0,5,0,2,6,1,1,1,2,,0,4
1427,60,RL,59.0,11228,Pave,IR2,Lvl,AllPub,CulDSac,Gtl,SawyerW,Norm,Norm,1Fam,2Story,7,5,1993,1993,Gable,CompShg,VinylSd,VinylSd,None,0.0,Gd,TA,PConc,50.0,531.0,1080.0,GasA,Ex,Y,SBrkr,1080,1017,0,2097,0.0,1.0,2,1,3,1,Gd,9,Typ,1,1993.0,3.0,678.0,Y,196,187,0,0,0,0,0,12,2008,WD ,Normal,228000,0,0,0,0,3,1,2,5,3,1,2,1,1,1,5,,2,3
1428,80,RL,68.0,11454,Pave,IR2,Lvl,AllPub,Corner,Gtl,SawyerW,Norm,Norm,1Fam,SLvl,8,5,1995,1995,Gable,CompShg,VinylSd,VinylSd,BrkFace,302.0,Gd,TA,PConc,770.0,0.0,1401.0,GasA,Ex,Y,SBrkr,1511,0,0,1511,1.0,0.0,2,0,3,1,Gd,6,Typ,1,1995.0,3.0,811.0,Y,168,42,0,0,0,0,0,2,2008,WD ,Normal,225000,0,0,0,0,1,1,2,5,1,2,6,1,1,1,1,,2,1
1429,20,RL,68.0,11500,Pave,IR1,Bnk,AllPub,CulDSac,Gtl,ClearCr,Norm,Norm,1Fam,1Story,6,6,1966,1966,Flat,Tar&Grv,Plywood,Plywood,None,0.0,TA,TA,CBlock,262.0,723.0,1182.0,GasA,Ex,Y,SBrkr,1643,0,0,1643,1.0,0.0,2,0,2,1,TA,6,Typ,1,1966.0,2.0,438.0,Y,339,0,0,0,0,0,0,3,2008,WD ,Normal,195000,0,0,0,0,3,1,2,2,1,3,0,1,1,1,2,,2,3
1430,60,RL,79.0,12798,Pave,IR1,HLS,AllPub,Inside,Mod,ClearCr,Feedr,Norm,1Fam,2Story,6,5,1997,1997,Gable,CompShg,VinylSd,VinylSd,None,0.0,TA,TA,PConc,462.0,0.0,616.0,GasA,Gd,Y,SBrkr,616,1072,0,1688,1.0,0.0,2,1,4,1,Gd,8,Typ,0,1997.0,2.0,603.0,Y,403,114,185,0,0,0,400,5,2008,WD ,Normal,200000,0,0,0,1,3,1,2,5,1,2,6,1,1,0,3,,2,3
1431,20,RL,65.0,9750,Pave,Reg,Low,AllPub,Inside,Mod,CollgCr,Norm,Norm,1Fam,1Story,5,7,1994,1994,Gable,CompShg,VinylSd,VinylSd,None,0.0,TA,TA,PConc,722.0,0.0,990.0,GasA,Ex,Y,SBrkr,990,0,0,990,1.0,0.0,1,0,3,1,TA,5,Typ,0,1997.0,2.0,528.0,Y,168,0,0,0,0,0,0,8,2008,WD ,Normal,155000,0,0,0,0,3,1,2,5,3,2,6,1,5,0,3,,2,3
1432,20,RL,75.0,9525,Pave,Reg,Lvl,AllPub,Inside,Gtl,CollgCr,Norm,Norm,1Fam,1Story,5,6,1995,2006,Gable,CompShg,VinylSd,VinylSd,None,0.0,TA,TA,PConc,0.0,0.0,1099.0,GasA,Ex,Y,SBrkr,1099,0,0,1099,0.0,0.0,1,1,3,1,Gd,6,Typ,0,1999.0,1.0,352.0,Y,278,0,0,0,0,0,0,6,2008,WD ,Normal,144000,0,0,0,0,3,1,2,5,3,6,6,1,1,0,3,,2,3
1433,20,RL,57.0,9245,Pave,IR2,Lvl,AllPub,Inside,Gtl,CollgCr,Norm,Norm,1Fam,1Story,5,5,1994,1995,Gable,CompShg,VinylSd,VinylSd,None,0.0,TA,TA,PConc,686.0,0.0,990.0,GasA,Ex,Y,SBrkr,990,0,0,990,0.0,1.0,1,0,3,1,TA,5,Typ,0,1996.0,2.0,672.0,Y,0,0,0,0,0,0,0,2,2008,WD ,Normal,145000,0,0,0,0,3,1,2,5,3,2,6,1,5,0,3,,2,3
1434,20,RL,68.0,8696,Pave,IR1,Lvl,AllPub,Inside,Gtl,CollgCr,Norm,Norm,1Fam,1Story,7,5,1997,1998,Gable,CompShg,VinylSd,VinylSd,BrkFace,150.0,TA,TA,PConc,1308.0,0.0,1418.0,GasA,Ex,Y,SBrkr,1418,0,0,1418,1.0,0.0,2,0,3,1,Gd,5,Typ,1,1997.0,2.0,558.0,Y,208,110,0,0,0,0,0,5,2008,WD ,Normal,226001,0,0,0,0,1,1,2,5,1,2,6,1,1,1,5,,2,1
1435,60,RL,68.0,13142,Pave,IR1,Lvl,AllPub,Corner,Gtl,CollgCr,PosN,Norm,1Fam,2Story,6,5,1997,1997,Gable,CompShg,VinylSd,VinylSd,BrkFace,128.0,TA,TA,PConc,688.0,0.0,864.0,GasA,Ex,Y,SBrkr,872,899,0,1771,1.0,0.0,2,1,3,1,Gd,6,Typ,0,1997.0,2.0,600.0,Y,0,96,0,0,0,0,0,7,2008,WD ,Normal,215700,0,0,0,0,1,1,2,5,3,2,6,1,1,0,3,,2,1
1436,60,RL,68.0,8998,Pave,IR1,Lvl,AllPub,Inside,Gtl,CollgCr,Norm,Norm,1Fam,2Story,7,5,2000,2000,Gable,CompShg,VinylSd,VinylSd,BrkFace,120.0,Gd,TA,PConc,527.0,0.0,782.0,GasA,Ex,Y,SBrkr,782,870,0,1652,0.0,0.0,2,1,3,1,Gd,6,Typ,0,2000.0,2.0,532.0,Y,0,70,0,0,0,0,0,6,2008,WD ,Normal,207500,0,0,0,0,1,1,2,5,2,2,6,1,1,0,3,,2,1
1437,60,RL,68.0,9179,Pave,IR1,Lvl,AllPub,Inside,Gtl,CollgCr,Norm,Norm,1Fam,2Story,7,5,1999,1999,Gable,CompShg,VinylSd,VinylSd,BrkFace,158.0,Gd,TA,PConc,633.0,0.0,873.0,GasA,Ex,Y,SBrkr,882,908,0,1790,1.0,0.0,2,1,3,1,Gd,7,Typ,0,1999.0,2.0,588.0,Y,0,88,0,0,0,0,0,6,2008,WD ,Abnorml,193000,0,0,0,0,1,1,2,5,3,2,6,1,1,0,3,,2,1
1438,60,RL,57.0,8924,Pave,IR1,Lvl,AllPub,CulDSac,Gtl,CollgCr,Norm,Norm,1Fam,2Story,7,5,1998,1999,Gable,CompShg,VinylSd,VinylSd,None,0.0,TA,TA,PConc,0.0,0.0,880.0,GasA,Ex,Y,SBrkr,880,844,0,1724,0.0,0.0,2,1,3,1,Gd,8,Typ,0,1998.0,2.0,527.0,Y,120,155,0,0,0,0,0,7,2008,WD ,Normal,188000,0,0,0,0,3,1,2,5,0,6,6,1,1,0,3,,2,3
1439,20,RL,93.0,9382,Pave,IR1,Lvl,AllPub,CulDSac,Gtl,CollgCr,Norm,Norm,1Fam,1Story,7,5,1999,2000,Gable,CompShg,VinylSd,VinylSd,BrkFace,125.0,Gd,TA,PConc,0.0,0.0,1468.0,GasA,Ex,Y,SBrkr,1479,0,0,1479,0.0,0.0,2,0,3,1,Gd,6,Typ,0,1999.0,2.0,577.0,Y,120,25,0,0,0,0,0,7,2008,WD ,Normal,191000,0,0,0,0,1,1,2,5,3,6,6,1,1,0,3,,2,1
1440,20,RL,88.0,12803,Pave,IR1,Lvl,AllPub,Inside,Gtl,CollgCr,Norm,Norm,1Fam,1Story,7,5,2002,2002,Gable,CompShg,VinylSd,VinylSd,BrkFace,99.0,Gd,TA,PConc,922.0,0.0,1494.0,GasA,Ex,Y,SBrkr,1494,0,0,1494,1.0,0.0,2,0,3,1,Gd,6,Typ,1,2002.0,2.0,530.0,Y,192,36,0,0,0,0,0,9,2008,WD ,Normal,221000,0,0,0,0,1,1,2,5,2,2,6,1,1,1,5,,2,1
1441,60,RL,80.0,12435,Pave,Reg,Lvl,AllPub,Inside,Gtl,CollgCr,Norm,Norm,1Fam,2Story,7,5,2001,2001,Gable,CompShg,VinylSd,VinylSd,BrkFace,172.0,Gd,TA,PConc,361.0,0.0,963.0,GasA,Ex,Y,SBrkr,963,829,0,1792,0.0,0.0,2,1,3,1,Gd,7,Typ,1,2001.0,2.0,564.0,Y,0,96,0,245,0,0,0,5,2008,WD ,Normal,231500,0,0,0,0,1,1,2,5,3,2,6,1,1,1,5,,2,1
1442,60,RL,75.0,12192,Pave,IR1,Lvl,AllPub,Inside,Gtl,CollgCr,Norm,Norm,1Fam,2Story,7,5,2000,2001,Gable,CompShg,VinylSd,VinylSd,None,0.0,Gd,TA,PConc,663.0,0.0,928.0,GasA,Ex,Y,SBrkr,928,895,0,1823,1.0,0.0,2,1,3,1,Gd,6,Typ,0,2000.0,2.0,626.0,Y,192,36,0,0,0,0,4500,5,2008,WD ,Normal,235000,0,0,0,1,3,1,2,5,3,2,6,1,1,0,3,,2,3
1443,60,RL,68.0,11250,Pave,IR1,Lvl,AllPub,Inside,Gtl,CollgCr,Norm,Norm,1Fam,2Story,7,5,2001,2002,Gable,CompShg,VinylSd,VinylSd,BrkFace,162.0,Gd,TA,PConc,486.0,0.0,920.0,GasA,Ex,Y,SBrkr,920,866,0,1786,1.0,0.0,2,1,3,1,Gd,6,Typ,1,2001.0,2.0,608.0,Y,0,42,0,0,0,0,0,9,2008,WD ,Normal,223500,0,0,0,0,1,1,2,5,2,2,6,1,1,1,5,,2,1
1444,20,RL,68.0,9200,Pave,IR1,Lvl,AllPub,CulDSac,Gtl,CollgCr,Norm,Norm,1Fam,1Story,5,6,1975,1980,Hip,CompShg,VinylSd,VinylSd,None,0.0,TA,TA,CBlock,280.0,491.0,938.0,GasA,TA,Y,SBrkr,938,0,0,938,1.0,0.0,1,0,3,1,TA,5,Typ,0,1977.0,1.0,308.0,Y,145,0,0,0,0,0,0,7,2008,WD ,Normal,130250,0,0,1,0,3,1,2,5,0,3,1,1,5,0,3,,2,3
1445,80,RL,65.0,8385,Pave,Reg,Lvl,AllPub,Inside,Gtl,CollgCr,Norm,Norm,1Fam,SLvl,5,8,1977,1977,Gable,CompShg,HdBoard,HdBoard,BrkFace,220.0,Gd,TA,CBlock,595.0,0.0,985.0,GasA,TA,Y,SBrkr,985,0,0,985,0.0,0.0,2,0,3,1,TA,6,Typ,0,1977.0,1.0,328.0,Y,210,0,0,0,0,0,0,11,2008,WD ,Normal,149900,0,0,0,0,1,1,2,2,0,2,6,1,1,0,3,,2,1
1446,20,RL,68.0,12250,Pave,IR1,Lvl,AllPub,Inside,Gtl,CollgCr,Norm,Norm,1Fam,1Story,5,6,1978,1978,Gable,CompShg,HdBoard,HdBoard,BrkFace,180.0,TA,TA,CBlock,781.0,0.0,864.0,GasA,Ex,Y,SBrkr,1174,0,0,1174,1.0,0.0,1,0,3,1,TA,5,Typ,0,1978.0,2.0,528.0,Y,211,0,280,0,0,0,0,5,2008,WD ,Normal,158000,0,0,0,0,1,1,2,5,2,0,6,1,1,0,3,,2,1
1447,80,RL,68.0,10970,Pave,IR1,Low,AllPub,Inside,Mod,CollgCr,Norm,Norm,1Fam,SLvl,6,6,1978,1978,Gable,CompShg,Plywood,HdBoard,None,0.0,TA,TA,CBlock,505.0,435.0,940.0,GasA,TA,Y,SBrkr,1026,0,0,1026,1.0,0.0,1,0,3,1,TA,5,Typ,0,1981.0,2.0,576.0,Y,0,0,34,0,0,0,0,10,2008,WD ,Normal,147000,0,0,1,0,3,1,2,2,1,2,3,1,5,0,3,,2,3
1448,20,RL,68.0,9216,Pave,IR1,Lvl,AllPub,Inside,Gtl,CollgCr,Norm,Norm,1Fam,1Story,5,6,1975,1975,Gable,CompShg,HdBoard,HdBoard,BrkFace,176.0,TA,TA,CBlock,294.0,0.0,1076.0,GasA,TA,Y,SBrkr,1076,0,0,1076,0.0,0.0,1,1,3,1,TA,5,Typ,1,1985.0,2.0,576.0,Y,0,0,0,0,0,0,0,9,2008,WD ,Abnorml,143195,0,0,1,0,1,1,5,5,0,0,6,1,5,1,1,,5,1
1449,20,RL,40.0,14330,Pave,IR1,Lvl,AllPub,CulDSac,Gtl,CollgCr,Norm,Norm,1Fam,1Story,5,6,1975,2001,Gable,CompShg,Plywood,Wd Sdng,None,0.0,TA,TA,CBlock,88.0,596.0,864.0,GasA,TA,Y,SBrkr,1558,0,0,1558,1.0,0.0,2,0,2,1,TA,5,Min2,0,1975.0,2.0,440.0,Y,140,0,239,0,227,0,0,8,2008,WD ,Normal,163000,0,0,0,0,3,1,5,5,3,5,0,1,1,0,3,,5,3
1450,20,RL,88.0,7990,Pave,IR1,Lvl,AllPub,Inside,Gtl,CollgCr,Norm,Norm,1Fam,1Story,5,6,1975,1975,Hip,CompShg,HdBoard,HdBoard,None,0.0,TA,TA,CBlock,0.0,0.0,924.0,GasA,TA,Y,SBrkr,924,0,0,924,0.0,0.0,1,0,3,1,TA,5,Typ,0,1981.0,1.0,280.0,Y,0,0,0,0,0,0,0,4,2008,WD ,Normal,110000,0,0,1,0,3,1,2,5,3,6,6,1,5,0,3,,2,3
1451,20,RL,60.0,7180,Pave,IR1,Lvl,AllPub,Inside,Gtl,CollgCr,Norm,Norm,1Fam,1Story,5,7,1972,1972,Hip,CompShg,HdBoard,HdBoard,None,0.0,TA,TA,CBlock,390.0,0.0,864.0,GasA,TA,Y,SBrkr,864,0,0,864,0.0,0.0,1,0,3,1,TA,5,Typ,0,1989.0,1.0,352.0,Y,0,0,0,0,0,0,0,5,2008,WD ,Normal,127000,0,0,0,0,3,1,5,5,0,0,6,1,5,0,3,,5,3
1452,20,RL,60.0,7200,Pave,Reg,Bnk,AllPub,Inside,Gtl,CollgCr,Norm,Norm,1Fam,1Story,5,7,1972,1972,Gable,CompShg,HdBoard,HdBoard,None,0.0,TA,TA,CBlock,632.0,0.0,780.0,GasA,Ex,Y,SBrkr,780,0,0,780,0.0,0.0,1,0,2,1,TA,4,Typ,0,1973.0,1.0,352.0,Y,196,0,0,0,0,0,0,1,2008,WD ,Normal,124900,0,0,1,0,3,1,5,5,0,0,6,1,5,0,3,,5,3
1453,20,RL,75.0,9742,Pave,Reg,Lvl,AllPub,Inside,Gtl,CollgCr,Norm,Norm,1Fam,1Story,8,5,2002,2002,Hip,CompShg,VinylSd,VinylSd,BrkFace,281.0,Gd,TA,PConc,0.0,0.0,1777.0,GasA,Ex,Y,SBrkr,1795,0,0,1795,0.0,0.0,2,0,3,1,Gd,7,Typ,1,2002.0,2.0,534.0,Y,171,159,0,0,0,0,0,9,2008,WD ,Normal,230000,0,0,0,0,1,1,2,5,3,6,6,1,1,1,2,,2,1
1455,60,RL,68.0,10316,Pave,IR1,Lvl,AllPub,Inside,Gtl,CollgCr,Norm,Norm,1Fam,2Story,7,5,2000,2000,Gable,CompShg,VinylSd,VinylSd,None,0.0,Gd,TA,PConc,735.0,0.0,992.0,GasA,Ex,Y,SBrkr,992,873,0,1865,1.0,0.0,2,1,3,1,Gd,7,Typ,1,2000.0,3.0,839.0,Y,0,184,0,0,0,0,0,6,2008,WD ,Normal,235000,0,0,0,0,3,1,2,5,3,2,6,1,1,1,5,,2,3
1456,60,RL,68.0,10400,Pave,Reg,Lvl,AllPub,Inside,Gtl,CollgCr,Norm,Norm,1Fam,2Story,7,5,2001,2001,Gable,CompShg,VinylSd,VinylSd,BrkFace,227.0,Gd,TA,PConc,0.0,0.0,1257.0,GasA,Ex,Y,SBrkr,1290,871,0,2161,0.0,0.0,2,1,3,1,Gd,8,Typ,1,2001.0,2.0,570.0,Y,0,84,0,0,0,0,0,6,2008,WD ,Normal,230500,0,0,0,0,1,1,2,5,3,6,6,1,1,1,5,,2,1
1457,60,RL,73.0,9066,Pave,IR1,Lvl,AllPub,Inside,Gtl,CollgCr,Norm,Norm,1Fam,2Story,8,5,1999,2000,Gable,CompShg,VinylSd,VinylSd,BrkFace,320.0,Gd,TA,PConc,668.0,0.0,1004.0,GasA,Ex,Y,SBrkr,1004,848,0,1852,0.0,0.0,2,1,3,1,Gd,7,Typ,2,1999.0,3.0,660.0,Y,224,106,0,0,0,0,0,12,2008,WD ,Normal,230000,0,0,1,0,1,1,2,5,2,2,6,1,1,1,5,,2,1
1458,60,RL,75.0,11404,Pave,IR1,Lvl,AllPub,Inside,Gtl,CollgCr,Norm,Norm,1Fam,2Story,7,5,1998,1999,Gable,CompShg,VinylSd,VinylSd,BrkFace,202.0,Gd,TA,PConc,252.0,0.0,1153.0,GasA,Ex,Y,SBrkr,1153,878,0,2031,0.0,0.0,2,1,3,1,Gd,8,Typ,1,1998.0,2.0,541.0,Y,192,84,0,0,0,0,0,7,2008,WD ,Normal,222500,0,0,0,0,1,1,2,5,0,0,6,1,1,1,5,,2,1
1459,60,RL,68.0,9240,Pave,Reg,Lvl,AllPub,Inside,Gtl,CollgCr,Norm,Norm,1Fam,2Story,8,5,2001,2002,Gable,CompShg,VinylSd,VinylSd,BrkFace,396.0,Gd,TA,PConc,0.0,0.0,1055.0,GasA,Ex,Y,SBrkr,1055,1208,0,2263,0.0,0.0,2,1,3,1,Gd,7,Typ,1,2001.0,2.0,905.0,Y,0,45,0,0,189,0,0,9,2008,WD ,Normal,287000,0,0,0,0,1,1,2,5,3,6,6,1,3,1,5,,2,1
1460,60,RL,68.0,9720,Pave,IR1,Lvl,AllPub,CulDSac,Gtl,CollgCr,Norm,Norm,1Fam,2Story,9,5,2001,2002,Gable,CompShg,VinylSd,VinylSd,BrkFace,134.0,Gd,TA,PConc,1194.0,0.0,1357.0,GasA,Ex,Y,SBrkr,1366,581,0,1947,1.0,0.0,2,1,3,1,Gd,7,Typ,1,2001.0,3.0,725.0,Y,168,116,0,0,0,0,0,1,2008,WD ,Normal,274000,0,0,0,0,1,1,2,5,2,2,6,1,3,1,5,,2,1
1461,20,RL,68.0,14860,Pave,IR2,Lvl,AllPub,CulDSac,Gtl,CollgCr,Norm,Norm,1Fam,1Story,8,5,2002,2003,Hip,CompShg,VinylSd,VinylSd,BrkFace,240.0,Gd,TA,PConc,1538.0,0.0,1778.0,GasA,Ex,Y,SBrkr,1786,0,0,1786,1.0,0.0,2,0,3,1,Gd,6,Typ,1,2002.0,3.0,715.0,Y,182,35,0,0,0,0,0,6,2008,WD ,Normal,300000,0,0,0,0,1,1,0,5,1,2,6,1,1,1,2,,0,1
1462,60,RL,68.0,11250,Pave,Reg,Lvl,AllPub,Corner,Gtl,CollgCr,Norm,Norm,1Fam,2Story,8,5,2002,2002,Gable,CompShg,CemntBd,CmentBd,None,0.0,Gd,TA,PConc,0.0,0.0,1128.0,GasA,Ex,Y,SBrkr,1149,1141,0,2290,0.0,0.0,2,1,4,1,Gd,9,Typ,1,2002.0,2.0,779.0,Y,0,0,0,0,0,0,0,5,2008,WD ,Normal,255900,0,0,0,0,3,1,2,5,2,6,6,1,1,1,2,,2,3
1463,60,RL,65.0,8158,Pave,Reg,Lvl,AllPub,Inside,Gtl,CollgCr,Norm,Norm,1Fam,2Story,7,5,2003,2003,Gable,CompShg,VinylSd,VinylSd,BrkFace,252.0,Gd,TA,PConc,550.0,0.0,884.0,GasA,Ex,Y,SBrkr,884,884,0,1768,1.0,0.0,2,1,3,1,Gd,8,Typ,0,2003.0,2.0,543.0,Y,0,63,0,0,0,0,0,7,2008,WD ,Normal,224900,0,0,0,0,1,1,2,5,3,2,6,1,1,0,3,,2,1
1464,60,RL,41.0,10905,Pave,IR2,Lvl,AllPub,CulDSac,Gtl,CollgCr,Norm,Norm,1Fam,2Story,7,5,2003,2003,Gable,CompShg,VinylSd,VinylSd,None,0.0,Gd,TA,PConc,0.0,0.0,1129.0,GasA,Ex,Y,SBrkr,1129,1198,0,2327,0.0,0.0,2,1,4,1,Gd,9,Typ,1,2003.0,2.0,596.0,Y,0,57,0,0,0,0,0,8,2008,WD ,Normal,240000,0,0,0,0,3,1,2,5,3,6,6,1,3,1,2,,2,3
1465,60,RL,72.0,7226,Pave,IR1,Lvl,AllPub,CulDSac,Gtl,CollgCr,Norm,Norm,1Fam,2Story,7,5,2003,2003,Gable,CompShg,VinylSd,VinylSd,None,0.0,Gd,TA,PConc,0.0,0.0,798.0,GasA,Ex,Y,SBrkr,798,842,0,1640,0.0,0.0,2,1,3,1,Gd,6,Typ,0,2003.0,2.0,595.0,Y,0,45,0,0,0,0,0,6,2008,WD ,Normal,183000,0,0,0,0,3,1,2,5,3,6,6,1,1,0,3,,2,3
1466,60,RL,96.0,11690,Pave,IR1,Lvl,AllPub,Inside,Gtl,CollgCr,Norm,Norm,1Fam,2Story,8,5,1999,2000,Gable,CompShg,VinylSd,VinylSd,BrkFace,192.0,Gd,TA,PConc,0.0,0.0,850.0,GasA,Ex,Y,SBrkr,886,878,0,1764,0.0,0.0,2,1,3,1,Gd,7,Typ,1,1999.0,2.0,560.0,Y,120,29,0,0,0,0,0,6,2008,WD ,Normal,207000,0,0,0,0,1,1,2,5,0,6,6,1,1,1,5,,2,1
1467,60,RL,70.0,8750,Pave,Reg,Lvl,AllPub,Inside,Gtl,CollgCr,Norm,Norm,1Fam,2Story,7,5,1994,1995,Gable,CompShg,VinylSd,VinylSd,None,0.0,Gd,Gd,PConc,642.0,0.0,915.0,GasA,Ex,Y,SBrkr,933,975,0,1908,1.0,0.0,2,1,4,1,Gd,8,Typ,1,1994.0,2.0,493.0,Y,144,133,0,0,0,0,0,7,2008,WD ,Normal,210000,0,0,0,0,3,1,2,5,3,2,6,1,1,1,5,,2,3
1468,120,RM,37.0,4435,Pave,Reg,Lvl,AllPub,Inside,Gtl,CollgCr,Norm,Norm,TwnhsE,1Story,6,5,2003,2003,Gable,CompShg,VinylSd,VinylSd,BrkFace,170.0,Gd,TA,PConc,686.0,0.0,848.0,GasA,Ex,Y,SBrkr,848,0,0,848,1.0,0.0,1,0,1,1,Gd,3,Typ,0,2003.0,2.0,420.0,Y,140,0,0,0,0,0,0,3,2008,WD ,Normal,136500,0,0,0,0,1,1,2,5,0,2,6,1,1,0,3,,2,1
1469,120,RM,68.0,4426,Pave,Reg,Lvl,AllPub,Inside,Gtl,CollgCr,Norm,Norm,TwnhsE,1Story,6,5,2004,2004,Gable,CompShg,VinylSd,VinylSd,BrkFace,205.0,Gd,TA,PConc,662.0,0.0,848.0,GasA,Ex,Y,SBrkr,848,0,0,848,1.0,0.0,1,0,1,1,Gd,3,Typ,0,2004.0,2.0,420.0,Y,140,0,0,0,0,0,0,2,2008,WD ,Normal,145000,0,0,0,0,1,1,2,5,2,2,6,1,1,0,3,,2,1
1470,20,RL,75.0,13125,Pave,Reg,Lvl,AllPub,Inside,Mod,CollgCr,Norm,Norm,1Fam,1Story,6,5,1997,1998,Gable,CompShg,VinylSd,VinylSd,BrkFace,215.0,TA,TA,PConc,994.0,0.0,1478.0,GasA,Ex,Y,SBrkr,1493,0,0,1493,1.0,0.0,2,0,3,1,Gd,7,Typ,1,1997.0,2.0,508.0,Y,140,39,0,0,0,0,0,4,2008,WD ,Normal,208900,0,0,0,0,1,1,2,5,1,2,6,1,1,1,5,,2,1
1471,90,RM,83.0,10126,Pave,Reg,Lvl,AllPub,Corner,Gtl,CollgCr,Norm,Norm,Duplex,SFoyer,6,5,1997,1998,Gable,CompShg,VinylSd,VinylSd,None,0.0,TA,Gd,PConc,1593.0,162.0,1838.0,GasA,Ex,Y,SBrkr,1838,0,0,1838,2.0,0.0,2,0,2,2,TA,8,Typ,0,1998.0,3.0,721.0,Y,160,67,0,0,0,0,0,7,2008,WD ,Abnorml,185000,0,0,0,0,3,1,2,5,1,2,3,1,1,0,3,,2,3
1472,20,RL,70.0,9135,Pave,Reg,Lvl,AllPub,Inside,Gtl,CollgCr,Norm,Norm,1Fam,1Story,7,5,2002,2003,Gable,CompShg,VinylSd,VinylSd,BrkFace,113.0,Gd,TA,PConc,810.0,0.0,1536.0,GasA,Ex,Y,SBrkr,1536,0,0,1536,1.0,0.0,2,0,3,1,Gd,7,Typ,0,2002.0,2.0,532.0,Y,192,74,0,0,0,0,0,12,2008,WD ,Normal,214000,0,0,0,0,1,1,2,5,0,2,6,1,1,0,3,,2,1
1473,60,RL,65.0,8450,Pave,Reg,Lvl,AllPub,Inside,Gtl,CollgCr,Norm,Norm,1Fam,2Story,7,5,2003,2003,Gable,CompShg,VinylSd,VinylSd,BrkFace,196.0,Gd,TA,PConc,706.0,0.0,856.0,GasA,Ex,Y,SBrkr,856,854,0,1710,1.0,0.0,2,1,3,1,Gd,8,Typ,0,2003.0,2.0,548.0,Y,0,61,0,0,0,0,0,2,2008,WD ,Normal,208500,0,0,0,0,1,1,2,5,3,2,6,1,1,0,3,,2,1
1474,20,RL,75.0,9750,Pave,Reg,Lvl,AllPub,Inside,Gtl,CollgCr,Norm,Norm,1Fam,1Story,7,5,2004,2004,Gable,CompShg,VinylSd,VinylSd,Stone,50.0,Gd,TA,PConc,24.0,0.0,1445.0,GasA,Ex,Y,SBrkr,1445,0,0,1445,0.0,0.0,2,0,3,1,Gd,6,Typ,0,2004.0,2.0,470.0,Y,0,35,0,0,0,0,0,6,2008,WD ,Normal,186500,0,0,0,0,4,1,2,5,2,2,6,1,1,0,3,,2,4
1475,20,RL,65.0,8450,Pave,Reg,Lvl,AllPub,Inside,Gtl,CollgCr,Norm,Norm,1Fam,1Story,7,5,2004,2004,Gable,CompShg,VinylSd,VinylSd,BrkFace,266.0,Gd,TA,PConc,946.0,0.0,1436.0,GasA,Ex,Y,SBrkr,1436,0,0,1436,1.0,0.0,2,0,3,1,Gd,8,Typ,0,2004.0,2.0,484.0,Y,139,98,0,0,0,0,0,4,2008,WD ,Normal,210000,0,0,0,0,1,1,2,5,2,2,6,1,1,0,3,,2,1
1476,60,RL,64.0,8320,Pave,Reg,Lvl,AllPub,Inside,Gtl,CollgCr,Norm,Norm,1Fam,2Story,7,5,2004,2004,Gable,CompShg,VinylSd,VinylSd,None,0.0,Gd,TA,PConc,490.0,0.0,770.0,GasA,Ex,Y,SBrkr,770,812,0,1582,0.0,0.0,2,1,3,1,Gd,6,Typ,0,2004.0,2.0,520.0,Y,0,45,0,0,0,0,0,9,2008,WD ,Normal,185900,0,0,0,0,3,1,2,5,3,2,6,1,1,0,3,,2,3
1477,20,RL,85.0,11049,Pave,Reg,Lvl,AllPub,Corner,Gtl,CollgCr,Norm,Norm,1Fam,1Story,8,5,2007,2007,Gable,CompShg,VinylSd,VinylSd,None,0.0,Gd,TA,PConc,0.0,0.0,1234.0,GasA,Ex,Y,SBrkr,1234,0,0,1234,0.0,0.0,2,0,3,1,Gd,7,Typ,0,2007.0,2.0,484.0,Y,0,30,0,0,0,0,0,1,2008,WD ,Normal,179900,0,0,0,0,3,1,0,5,0,6,6,1,1,0,3,,0,3
1478,20,RL,85.0,11058,Pave,Reg,Lvl,AllPub,Corner,Gtl,CollgCr,Norm,Norm,1Fam,1Story,7,6,2007,2007,Gable,CompShg,VinylSd,VinylSd,Stone,212.0,Gd,TA,PConc,56.0,0.0,1564.0,GasA,Ex,Y,SBrkr,1564,0,0,1564,0.0,0.0,2,0,3,1,Gd,6,Typ,0,2007.0,3.0,814.0,Y,0,24,0,0,0,0,0,2,2008,WD ,Normal,218836,0,0,0,0,4,1,2,5,3,2,6,1,1,0,3,,2,4
1479,20,RL,74.0,9627,Pave,Reg,Lvl,AllPub,Inside,Gtl,CollgCr,Norm,Norm,1Fam,1Story,7,5,2007,2007,Gable,CompShg,VinylSd,VinylSd,None,0.0,Gd,TA,PConc,24.0,0.0,1351.0,GasA,Ex,Y,SBrkr,1361,0,0,1361,0.0,0.0,2,0,3,1,Gd,6,Typ,0,2007.0,2.0,610.0,Y,0,50,0,0,0,0,0,6,2008,WD ,Normal,193000,0,0,0,0,3,1,2,5,0,2,6,1,1,0,3,,2,3
1480,60,RL,63.0,8199,Pave,Reg,Lvl,AllPub,Inside,Gtl,CollgCr,Norm,Norm,1Fam,2Story,7,5,2005,2005,Gable,CompShg,WdShing,Wd Shng,None,0.0,Gd,TA,PConc,648.0,0.0,728.0,GasA,Ex,Y,SBrkr,728,728,0,1456,1.0,0.0,2,1,3,1,Gd,7,Typ,1,2005.0,2.0,410.0,Y,36,18,0,0,0,0,0,10,2008,WD ,Normal,189000,0,0,0,0,3,1,2,5,0,2,6,1,1,1,2,,2,3
1481,120,RM,68.0,4426,Pave,Reg,Lvl,AllPub,Inside,Gtl,CollgCr,Norm,Norm,TwnhsE,1Story,6,5,2004,2004,Gable,CompShg,VinylSd,VinylSd,BrkFace,147.0,Gd,TA,PConc,697.0,0.0,848.0,GasA,Ex,Y,SBrkr,848,0,0,848,1.0,0.0,1,0,1,1,Gd,3,Typ,1,2004.0,2.0,420.0,Y,149,0,0,0,0,0,0,5,2008,WD ,Normal,149300,0,0,0,0,1,1,2,5,0,2,6,1,1,1,5,,2,1
1482,120,RM,68.0,4426,Pave,Reg,Lvl,AllPub,Inside,Gtl,CollgCr,Norm,Norm,TwnhsE,1Story,6,5,2004,2004,Gable,CompShg,VinylSd,VinylSd,BrkFace,147.0,Gd,TA,PConc,697.0,0.0,848.0,GasA,Ex,Y,SBrkr,848,0,0,848,1.0,0.0,1,0,1,1,Gd,3,Typ,1,2004.0,2.0,420.0,Y,149,0,0,0,0,0,0,5,2008,WD ,Normal,141000,0,0,0,0,1,1,2,5,1,2,6,1,1,1,5,,2,1
1483,120,RM,68.0,4438,Pave,Reg,Lvl,AllPub,Inside,Gtl,CollgCr,Norm,Norm,TwnhsE,1Story,6,5,2004,2004,Gable,CompShg,VinylSd,VinylSd,BrkFace,205.0,Gd,TA,PConc,662.0,0.0,848.0,GasA,Ex,Y,SBrkr,848,0,0,848,1.0,0.0,1,0,1,1,Gd,3,Typ,1,2004.0,2.0,420.0,Y,149,0,0,0,0,0,0,1,2008,WD ,Normal,149000,0,0,0,0,1,1,2,5,0,2,6,1,1,1,2,,2,1
1484,120,RM,68.0,4438,Pave,Reg,Lvl,AllPub,Inside,Gtl,CollgCr,Norm,Norm,TwnhsE,1Story,6,5,2004,2004,Gable,CompShg,VinylSd,VinylSd,BrkFace,169.0,Gd,TA,PConc,662.0,0.0,848.0,GasA,Ex,Y,SBrkr,848,0,0,848,1.0,0.0,1,0,1,1,Gd,4,Typ,1,2004.0,2.0,420.0,Y,140,0,0,0,0,0,0,6,2008,ConLD,Normal,144500,0,0,0,0,1,1,2,5,1,2,6,1,1,1,2,,2,1
1485,30,RL,67.0,8777,Pave,Reg,Lvl,AllPub,Inside,Gtl,Edwards,Feedr,Norm,1Fam,1Story,5,7,1910,1950,Gable,CompShg,MetalSd,Wd Sdng,None,0.0,TA,TA,CBlock,0.0,0.0,796.0,GasA,Gd,Y,FuseA,796,0,0,796,0.0,0.0,1,0,2,1,TA,4,Typ,0,0.0,0.0,0.0,P,328,0,164,0,0,0,0,5,2008,WD ,Normal,85000,0,0,1,0,3,1,1,5,3,6,6,0,6,0,3,,1,3
1486,90,RL,67.0,8777,Pave,Reg,Lvl,AllPub,Inside,Gtl,Edwards,Feedr,Norm,Duplex,1.5Fin,5,7,1900,2003,Gable,CompShg,MetalSd,MetalSd,None,0.0,TA,TA,CBlock,1084.0,0.0,1272.0,GasA,Gd,Y,SBrkr,1272,928,0,2200,2.0,0.0,2,2,4,2,TA,9,Typ,0,0.0,0.0,0.0,N,0,70,0,0,0,0,0,9,2008,WD ,Normal,145900,0,0,1,0,3,1,5,5,3,0,6,0,6,0,3,,5,3
1487,20,RL,75.0,9825,Pave,Reg,Lvl,AllPub,Inside,Gtl,Edwards,Norm,Norm,1Fam,1Story,5,5,1966,1966,Hip,CompShg,HdBoard,HdBoard,None,0.0,TA,TA,CBlock,609.0,0.0,1092.0,GasA,TA,Y,SBrkr,1092,0,0,1092,0.0,0.0,1,0,3,1,TA,6,Typ,0,1966.0,1.0,264.0,Y,259,0,0,0,161,0,0,4,2008,COD,Abnorml,123000,0,0,1,0,3,1,5,5,3,5,6,1,1,0,3,,5,3
1488,20,RL,75.0,9937,Pave,Reg,Lvl,AllPub,Inside,Gtl,Edwards,Norm,Norm,1Fam,1Story,5,6,1965,1965,Gable,CompShg,HdBoard,HdBoard,None,0.0,Gd,TA,CBlock,830.0,290.0,1256.0,GasA,Gd,Y,SBrkr,1256,0,0,1256,1.0,0.0,1,1,3,1,TA,6,Typ,0,1965.0,1.0,276.0,Y,736,68,0,0,0,0,0,6,2008,WD ,Normal,147500,0,0,0,0,3,1,5,5,3,1,3,1,1,0,3,,5,3
1489,85,RL,64.0,12102,Pave,Reg,Lvl,AllPub,Inside,Gtl,Edwards,Norm,Norm,1Fam,SFoyer,5,5,1976,1976,Gable,CompShg,HdBoard,Plywood,BrkFace,222.0,TA,TA,CBlock,456.0,0.0,456.0,GasA,Ex,Y,SBrkr,1033,0,0,1033,0.0,1.0,1,0,3,1,TA,6,Typ,0,1976.0,2.0,504.0,Y,224,0,0,0,0,0,0,4,2008,WD ,Family,165000,0,0,0,0,1,1,2,2,1,0,6,1,3,0,3,,2,1
1490,20,RL,65.0,6500,Pave,Reg,Lvl,AllPub,Inside,Gtl,Edwards,Norm,Norm,1Fam,1Story,6,6,1976,1976,Hip,CompShg,HdBoard,Plywood,BrkFace,84.0,TA,TA,CBlock,1033.0,0.0,1127.0,GasA,TA,Y,SBrkr,1127,0,0,1127,0.0,1.0,1,1,3,1,TA,6,Typ,1,1991.0,2.0,480.0,Y,0,0,138,0,0,0,0,5,2008,WD ,Normal,135000,0,0,0,0,1,1,5,0,3,1,6,1,5,1,4,,5,1
1491,30,RL,63.0,13907,Pave,Reg,Lvl,AllPub,Inside,Gtl,Edwards,Norm,Norm,1Fam,1Story,5,6,1940,1969,Gable,CompShg,WdShing,Wd Shng,None,0.0,TA,TA,CBlock,290.0,0.0,996.0,GasA,Ex,Y,SBrkr,996,0,0,996,1.0,0.0,1,0,3,1,TA,6,Typ,1,0.0,0.0,0.0,Y,144,0,0,0,0,0,0,7,2008,WD ,Normal,108000,0,0,0,0,3,1,5,5,3,1,6,0,6,1,2,,5,3
1492,85,RL,90.0,10012,Pave,Reg,Lvl,AllPub,Inside,Gtl,Edwards,Norm,Norm,1Fam,SFoyer,4,5,1972,1972,Gable,CompShg,Plywood,Plywood,None,0.0,TA,TA,CBlock,920.0,180.0,1138.0,GasA,TA,Y,SBrkr,1181,0,0,1181,1.0,0.0,2,0,3,1,TA,6,Typ,0,1974.0,2.0,588.0,Y,0,0,180,0,0,0,0,4,2008,WD ,Normal,137500,0,0,1,0,3,1,2,5,0,1,5,1,5,0,3,,2,3
1493,60,RL,60.0,6931,Pave,Reg,Lvl,AllPub,Inside,Gtl,Edwards,Norm,Norm,1Fam,2Story,7,5,2003,2004,Gable,CompShg,VinylSd,VinylSd,Stone,92.0,Gd,TA,PConc,0.0,0.0,746.0,GasA,Ex,Y,SBrkr,760,896,0,1656,0.0,0.0,2,1,3,1,Gd,7,Typ,1,2003.0,2.0,397.0,Y,178,128,0,0,0,0,0,7,2008,WD ,Normal,165400,0,0,0,0,4,1,2,5,3,6,6,1,3,1,2,,2,4
1494,80,RL,68.0,9638,Pave,IR1,Lvl,AllPub,CulDSac,Gtl,Edwards,Norm,Norm,1Fam,SLvl,6,6,1977,1977,Hip,CompShg,Plywood,Plywood,None,0.0,TA,TA,CBlock,368.0,120.0,1029.0,GasA,TA,Y,SBrkr,1117,0,0,1117,1.0,0.0,1,0,3,1,TA,6,Typ,1,1977.0,2.0,542.0,Y,292,0,0,0,0,0,0,11,2008,WD ,Normal,147000,0,0,0,0,3,1,5,5,0,0,5,1,1,1,1,,5,3
1495,60,RL,72.0,7200,Pave,Reg,Lvl,AllPub,Inside,Gtl,Edwards,Norm,Norm,1Fam,2Story,6,7,1976,2001,Hip,CompShg,Plywood,Plywood,None,0.0,TA,TA,CBlock,288.0,0.0,684.0,GasA,TA,Y,SBrkr,684,714,0,1398,0.0,0.0,1,1,3,1,TA,6,Typ,1,1976.0,2.0,440.0,Y,0,0,0,0,0,0,0,2,2008,WD ,Normal,160500,0,0,1,0,3,1,5,5,0,0,6,1,1,1,5,,5,3
1496,20,RL,60.0,7024,Pave,Reg,Lvl,AllPub,Inside,Gtl,Edwards,Norm,Norm,1Fam,1Story,4,5,2005,2005,Gable,CompShg,VinylSd,VinylSd,None,0.0,TA,TA,PConc,1024.0,0.0,1132.0,GasA,Ex,Y,SBrkr,1132,0,0,1132,1.0,0.0,1,1,2,1,Gd,5,Typ,0,2005.0,2.0,451.0,Y,252,64,0,0,0,0,0,6,2008,WD ,Normal,176000,0,0,0,0,3,1,2,5,3,2,6,1,1,0,3,,2,3
1497,20,RL,123.0,47007,Pave,IR1,Lvl,AllPub,Inside,Gtl,Edwards,Norm,Norm,1Fam,1Story,5,7,1959,1996,Gable,CompShg,Plywood,Plywood,None,0.0,TA,TA,Slab,0.0,0.0,0.0,GasA,TA,Y,SBrkr,3820,0,0,3820,0.0,0.0,3,1,5,1,Ex,11,Typ,2,1959.0,2.0,624.0,Y,0,372,0,0,0,0,0,7,2008,WD ,Normal,284700,0,0,0,0,3,0,3,3,4,4,4,1,1,1,2,,3,3
1498,60,RL,313.0,63887,Pave,IR3,Bnk,AllPub,Corner,Gtl,Edwards,Feedr,Norm,1Fam,2Story,10,5,2008,2008,Hip,ClyTile,Stucco,Stucco,Stone,796.0,Ex,TA,PConc,5644.0,0.0,6110.0,GasA,Ex,Y,SBrkr,4692,950,0,5642,2.0,0.0,2,1,3,1,Ex,12,Typ,3,2008.0,2.0,1418.0,Y,214,292,0,0,0,480,0,1,2008,New,Partial,160000,0,1,0,0,4,1,0,5,1,2,6,1,1,1,2,,0,4
1499,180,RM,35.0,3675,Pave,Reg,Lvl,AllPub,Inside,Gtl,Edwards,Norm,Norm,TwnhsE,SLvl,6,5,2005,2005,Gable,CompShg,VinylSd,VinylSd,BrkFace,80.0,TA,TA,PConc,459.0,0.0,547.0,GasA,Ex,Y,SBrkr,1072,0,0,1072,1.0,0.0,1,0,2,1,TA,5,Typ,0,2005.0,2.0,525.0,Y,0,28,0,0,0,0,0,6,2008,WD ,Normal,148000,0,0,0,0,1,1,2,5,1,2,6,1,2,0,3,,2,1
1500,90,RL,65.0,6040,Pave,Reg,Lvl,AllPub,Inside,Gtl,Edwards,Norm,Norm,Duplex,1Story,4,5,1955,1955,Gable,CompShg,AsbShng,Plywood,None,0.0,TA,TA,PConc,0.0,0.0,0.0,GasA,TA,N,FuseP,1152,0,0,1152,0.0,0.0,2,0,2,2,Fa,6,Typ,0,0.0,0.0,0.0,N,0,0,0,0,0,0,0,6,2008,WD ,AdjLand,82000,0,0,0,0,3,0,3,3,4,4,4,0,6,0,3,,3,3
1501,90,RL,65.0,6012,Pave,Reg,Lvl,AllPub,Corner,Gtl,Edwards,Norm,Norm,Duplex,1Story,4,5,1955,1955,Gable,CompShg,AsbShng,Plywood,None,0.0,TA,Fa,PConc,0.0,0.0,0.0,GasA,TA,N,SBrkr,1152,0,0,1152,0.0,0.0,2,0,2,2,TA,6,Typ,0,0.0,0.0,0.0,N,0,0,0,0,0,0,0,6,2008,WD ,AdjLand,82000,0,0,0,0,3,0,3,3,4,4,4,0,6,0,3,,3,3
1502,90,RL,92.0,12108,Pave,Reg,Lvl,AllPub,Inside,Gtl,Edwards,Norm,Norm,Duplex,1Story,4,4,1955,1955,Gable,CompShg,VinylSd,VinylSd,BrkFace,270.0,TA,TA,CBlock,133.0,0.0,1440.0,GasA,TA,N,FuseF,1440,0,0,1440,0.0,0.0,2,0,4,2,Fa,8,Typ,0,0.0,0.0,0.0,Y,0,0,0,0,0,0,0,9,2008,WD ,Normal,118000,0,0,0,0,1,1,5,5,3,0,6,0,6,0,3,,5,1
1503,90,RL,74.0,6845,Pave,Reg,Lvl,AllPub,Inside,Gtl,Edwards,Norm,Norm,Duplex,1Story,4,5,1955,1955,Gable,CompShg,WdShing,Wd Shng,BrkCmn,58.0,TA,TA,Slab,0.0,0.0,0.0,GasA,TA,N,FuseF,1152,0,0,1152,0.0,0.0,2,0,2,2,TA,6,Typ,0,0.0,0.0,0.0,N,0,0,0,0,0,0,0,7,2008,WD ,Normal,82500,0,0,0,0,0,0,3,3,4,4,4,0,6,0,3,,3,0
1504,190,RL,56.0,6931,Pave,Reg,Lvl,AllPub,Inside,Gtl,Edwards,Norm,Norm,2fmCon,1Story,4,5,1955,1955,Hip,CompShg,Wd Sdng,Wd Sdng,None,0.0,TA,TA,CBlock,784.0,0.0,784.0,GasA,TA,N,FuseP,784,0,0,784,1.0,0.0,1,0,2,1,TA,4,Typ,0,0.0,0.0,0.0,Y,112,0,0,0,0,0,0,5,2008,WD ,Normal,91900,0,0,0,0,3,1,5,5,0,0,6,0,6,0,3,,5,3
1505,50,RL,60.0,12180,Pave,Reg,Lvl,AllPub,Inside,Gtl,Edwards,Norm,Norm,1Fam,1.5Fin,5,7,1938,2007,Gable,CompShg,Wd Sdng,Wd Sdng,None,0.0,TA,TA,PConc,0.0,0.0,585.0,GasA,Gd,Y,FuseF,585,468,0,1053,0.0,0.0,1,1,2,1,Ex,5,Typ,0,0.0,0.0,0.0,N,42,0,0,0,0,0,0,1,2008,WD ,Family,120000,0,0,0,0,3,1,5,5,3,6,6,0,6,0,3,,5,3
1506,50,RL,57.0,8050,Pave,Reg,Lvl,AllPub,Inside,Gtl,Edwards,Norm,Norm,1Fam,1.5Fin,5,8,1947,1993,Gable,CompShg,MetalSd,MetalSd,None,0.0,TA,Gd,Slab,0.0,0.0,0.0,GasA,Gd,Y,SBrkr,929,208,0,1137,0.0,0.0,1,1,4,1,TA,8,Min1,0,0.0,0.0,0.0,Y,0,0,0,0,0,0,0,4,2008,WD ,Normal,96000,0,0,0,0,3,0,3,3,4,4,4,0,6,0,3,,3,3
1507,20,RL,68.0,9520,Pave,Reg,Bnk,AllPub,Inside,Mod,Edwards,Norm,Norm,1Fam,1Story,4,5,1953,1953,Gable,CompShg,MetalSd,MetalSd,Stone,115.0,TA,TA,CBlock,767.0,0.0,911.0,GasA,TA,Y,SBrkr,930,0,0,930,0.0,0.0,1,0,2,1,TA,5,Typ,0,1953.0,1.0,286.0,Y,134,0,0,0,0,0,3000,5,2008,WD ,Normal,99000,0,0,1,1,4,1,2,5,3,5,6,1,1,0,3,,2,4
1508,50,RL,70.0,11767,Pave,Reg,Lvl,AllPub,Inside,Gtl,Edwards,Norm,Norm,1Fam,1.5Fin,5,6,1946,1995,Gable,CompShg,MetalSd,MetalSd,None,0.0,TA,TA,CBlock,352.0,0.0,768.0,GasA,Ex,Y,SBrkr,768,432,0,1200,0.0,0.0,1,0,3,1,TA,6,Typ,0,1946.0,1.0,240.0,Y,0,0,0,0,0,0,0,5,2008,WD ,Normal,130500,0,0,0,0,3,1,5,5,3,1,6,1,5,0,3,,5,3
1509,50,RL,60.0,8172,Pave,Reg,Lvl,AllPub,Inside,Gtl,Edwards,Norm,Norm,1Fam,1.5Fin,4,6,1954,1972,Gable,CompShg,MetalSd,MetalSd,None,0.0,TA,TA,PConc,0.0,0.0,941.0,GasA,Ex,Y,SBrkr,997,473,0,1470,0.0,0.0,2,0,4,1,TA,7,Typ,0,1958.0,1.0,548.0,Y,0,0,0,0,156,0,0,5,2008,WD ,Normal,135000,0,0,0,0,3,1,5,5,3,6,6,1,5,0,3,,5,3
1510,50,RL,59.0,16466,Pave,IR1,Lvl,AllPub,Inside,Gtl,Edwards,Norm,Norm,1Fam,1.5Fin,5,7,1955,1955,Gable,CompShg,MetalSd,MetalSd,None,0.0,TA,Gd,PConc,0.0,0.0,816.0,GasA,TA,Y,SBrkr,872,521,0,1393,0.0,0.0,1,1,3,1,TA,8,Typ,0,1955.0,1.0,300.0,Y,121,0,0,0,265,0,0,4,2008,WD ,Normal,135500,0,0,0,0,3,1,5,5,3,6,6,1,1,0,3,,5,3
1511,80,RL,62.0,7692,Pave,Reg,Bnk,AllPub,Inside,Mod,Edwards,Norm,Norm,1Fam,SLvl,4,6,1954,1954,Gable,CompShg,Wd Sdng,Wd Sdng,None,0.0,TA,TA,CBlock,0.0,0.0,416.0,GasA,Gd,Y,FuseA,1204,0,0,1204,0.0,0.0,1,0,3,1,TA,6,Typ,0,1954.0,1.0,312.0,Y,0,0,0,0,0,0,0,11,2008,WD ,Abnorml,100000,0,0,0,0,3,1,0,5,0,6,6,1,2,0,3,,0,3
1512,30,RL,67.0,5142,Pave,Reg,Lvl,AllPub,Inside,Gtl,Edwards,Norm,Norm,1Fam,1.5Fin,4,7,1923,2008,Gable,CompShg,Wd Sdng,Wd Sdng,None,0.0,TA,TA,PConc,224.0,0.0,949.0,GasA,TA,Y,SBrkr,949,343,0,1292,0.0,0.0,1,1,3,1,Gd,6,Typ,0,1923.0,1.0,205.0,N,0,0,183,0,0,0,0,6,2008,WD ,Normal,108000,0,0,0,0,3,1,5,5,3,0,6,1,5,0,3,,5,3
1513,30,RL,67.0,5604,Pave,Reg,Lvl,AllPub,Inside,Gtl,Edwards,Norm,Norm,1Fam,1Story,5,6,1925,1950,Gable,CompShg,Stucco,Stucco,None,0.0,TA,TA,CBlock,468.0,0.0,864.0,GasA,TA,N,FuseA,864,0,0,864,1.0,0.0,1,0,2,1,TA,5,Typ,0,0.0,0.0,0.0,Y,0,0,96,0,0,0,0,4,2008,WD ,Normal,98000,0,0,0,0,3,1,5,5,3,5,6,0,6,0,3,,5,3
1514,30,RL,45.0,8248,Pave,Reg,Lvl,AllPub,Inside,Gtl,Edwards,Norm,Norm,1Fam,1Story,3,3,1914,1950,Gable,CompShg,Stucco,Stucco,None,0.0,TA,TA,BrkTil,41.0,0.0,864.0,GasA,TA,N,FuseF,864,0,0,864,1.0,0.0,1,0,2,1,TA,5,Typ,0,0.0,0.0,0.0,N,0,0,100,0,0,0,0,9,2008,WD ,Normal,67000,1,0,0,0,3,1,5,5,3,1,6,0,6,0,3,,5,3
1515,190,RL,55.0,5687,Pave,Reg,Bnk,AllPub,Inside,Gtl,SWISU,Norm,Norm,2fmCon,2Story,5,6,1912,2000,Gable,CompShg,VinylSd,VinylSd,None,0.0,TA,Fa,PConc,210.0,0.0,780.0,GasA,Ex,N,SBrkr,936,780,0,1716,1.0,0.0,2,0,6,1,Fa,9,Typ,0,0.0,0.0,0.0,N,0,184,0,0,0,0,0,3,2008,WD ,Normal,135900,1,0,0,0,3,1,5,1,3,5,6,0,6,0,3,,5,3
1516,70,RH,68.0,12155,Pave,IR1,Lvl,AllPub,Inside,Gtl,SWISU,Norm,Norm,1Fam,2Story,6,8,1925,1950,Gable,CompShg,Wd Sdng,Wd Sdng,None,0.0,TA,TA,BrkTil,156.0,0.0,672.0,GasA,TA,N,SBrkr,810,672,0,1482,0.0,0.0,2,0,4,1,Fa,7,Typ,0,1934.0,1.0,400.0,P,0,0,254,0,0,0,0,3,2008,WD ,Normal,140000,0,0,0,0,3,1,5,5,3,1,6,1,5,0,3,,5,3
1517,75,RL,60.0,8400,Pave,Reg,Bnk,AllPub,Inside,Mod,SWISU,Norm,Norm,1Fam,2.5Fin,5,8,1939,1997,Gable,CompShg,Wd Sdng,Wd Sdng,None,0.0,TA,TA,PConc,378.0,0.0,720.0,GasA,Ex,Y,SBrkr,1052,720,420,2192,0.0,0.0,2,1,4,1,Gd,8,Typ,1,1939.0,1.0,240.0,Y,262,24,0,0,0,0,0,7,2008,WD ,Normal,179500,0,0,0,0,3,1,5,5,3,3,6,1,5,1,2,,5,3
1518,50,RL,60.0,8400,Pave,Reg,Bnk,AllPub,Inside,Gtl,SWISU,Norm,Norm,1Fam,1.5Fin,6,5,1925,1950,Gable,CompShg,MetalSd,MetalSd,None,0.0,TA,TA,PConc,423.0,0.0,1181.0,GasA,Fa,Y,SBrkr,1390,304,0,1694,0.0,0.0,2,0,4,1,TA,7,Typ,1,1925.0,2.0,576.0,Y,342,0,128,0,0,0,0,6,2008,WD ,Normal,136500,0,0,0,0,3,1,5,5,3,5,6,1,5,1,2,,5,3
1519,30,RL,60.0,7290,Pave,Reg,Lvl,AllPub,Corner,Gtl,SWISU,Norm,Norm,1Fam,1Story,7,8,1921,1950,Gable,CompShg,WdShing,Wd Shng,BrkFace,174.0,TA,TA,BrkTil,0.0,0.0,1228.0,GasA,Ex,Y,SBrkr,1424,0,0,1424,0.0,0.0,2,0,2,1,TA,7,Typ,1,1921.0,1.0,312.0,Y,0,0,90,0,0,0,0,4,2008,WD ,Normal,168000,0,0,0,0,1,1,5,5,3,6,6,1,1,1,2,,5,1
1520,70,RH,55.0,8525,Pave,Reg,Bnk,AllPub,Inside,Gtl,SWISU,Norm,Norm,1Fam,2Story,5,6,1911,1950,Gable,CompShg,MetalSd,MetalSd,None,0.0,TA,TA,PConc,0.0,0.0,940.0,GasA,TA,N,FuseA,1024,940,0,1964,0.0,0.0,1,1,4,1,TA,7,Typ,0,0.0,0.0,0.0,N,0,192,0,0,0,0,0,11,2008,WD ,Abnorml,130000,0,0,0,0,3,1,5,5,0,6,6,0,6,0,3,,5,3
1521,70,RL,51.0,9842,Pave,Reg,Lvl,AllPub,Inside,Gtl,SWISU,Feedr,Norm,1Fam,2Story,5,6,1921,1998,Gable,CompShg,MetalSd,Wd Sdng,None,0.0,TA,TA,BrkTil,0.0,0.0,612.0,GasA,Ex,Y,SBrkr,990,1611,0,2601,0.0,0.0,3,1,4,1,TA,8,Typ,0,1998.0,2.0,621.0,Y,183,0,301,0,0,0,0,5,2008,WD ,Normal,189000,0,0,0,0,3,1,5,1,3,6,6,1,3,0,3,,5,3
1522,90,RL,64.0,7804,Pave,Reg,Lvl,AllPub,Inside,Gtl,SWISU,Norm,Norm,Duplex,2.5Unf,6,7,1930,1950,Gable,CompShg,Stucco,Stucco,None,0.0,TA,TA,BrkTil,281.0,679.0,960.0,GasA,Ex,Y,SBrkr,960,960,0,1920,2.0,0.0,2,2,4,2,TA,10,Typ,2,1930.0,2.0,480.0,Y,248,0,121,0,0,0,0,7,2008,WD ,Abnorml,161900,0,0,0,0,3,1,5,5,3,0,5,1,5,1,2,,5,3
1523,70,RL,66.0,8969,Pave,Reg,Bnk,AllPub,Inside,Gtl,Crawfor,Norm,Norm,1Fam,2Story,6,6,1926,1950,Gambrel,CompShg,Wd Sdng,Wd Sdng,None,0.0,TA,TA,BrkTil,379.0,0.0,644.0,GasA,Ex,Y,SBrkr,672,644,0,1316,1.0,0.0,1,0,2,1,TA,6,Typ,1,2001.0,1.0,369.0,P,0,0,0,0,192,0,0,7,2008,WD ,Normal,145000,0,0,1,0,3,1,5,5,3,1,6,1,5,1,2,,5,3
1524,70,RL,79.0,11526,Pave,IR1,Bnk,AllPub,Inside,Mod,Crawfor,Norm,Norm,1Fam,2.5Fin,6,7,1922,1994,Gable,CompShg,MetalSd,MetalSd,None,0.0,TA,TA,BrkTil,0.0,0.0,588.0,GasA,Fa,Y,SBrkr,1423,748,384,2555,0.0,0.0,2,0,3,1,TA,11,Min1,1,1993.0,2.0,672.0,Y,431,0,0,0,0,0,0,9,2008,WD ,Normal,191000,0,0,0,0,3,1,0,5,3,6,6,1,5,1,2,,0,3
1525,70,RL,63.0,15576,Pave,Reg,Lvl,AllPub,Inside,Gtl,Crawfor,Norm,Norm,1Fam,2Story,6,7,1915,1976,Gable,CompShg,Wd Sdng,Plywood,None,0.0,TA,TA,BrkTil,0.0,0.0,840.0,GasA,Ex,Y,SBrkr,840,840,0,1680,0.0,0.0,2,0,4,1,TA,8,Typ,0,1960.0,1.0,308.0,Y,0,0,160,0,0,0,0,3,2008,WD ,Normal,177000,0,0,0,0,3,1,2,5,3,6,6,1,1,0,3,,2,3
1526,50,RL,63.0,15564,Pave,Reg,Lvl,AllPub,Inside,Gtl,Crawfor,Norm,Norm,1Fam,1.5Fin,6,6,1914,1995,Gable,CompShg,Wd Sdng,Wd Shng,None,0.0,TA,TA,BrkTil,0.0,0.0,676.0,GasA,Ex,Y,SBrkr,676,588,0,1264,0.0,0.0,1,0,3,1,TA,6,Typ,0,1994.0,2.0,400.0,Y,424,0,0,0,0,0,400,1,2008,WD ,Normal,147500,0,0,0,1,3,1,2,5,3,6,6,1,5,0,3,,2,3
1527,30,RL,52.0,6292,Pave,Reg,Bnk,AllPub,Inside,Gtl,SWISU,Norm,Norm,1Fam,1Story,6,5,1930,1950,Gable,CompShg,Wd Sdng,Wd Sdng,None,0.0,TA,TA,BrkTil,384.0,0.0,768.0,GasA,TA,N,SBrkr,790,0,0,790,0.0,0.0,1,0,2,1,TA,4,Typ,0,1925.0,1.0,160.0,Y,0,141,0,0,0,0,0,4,2008,WD ,Normal,91000,0,0,0,0,3,1,2,5,2,5,6,1,5,0,3,,2,3
1528,70,RL,54.0,7609,Pave,Reg,Lvl,AllPub,Corner,Gtl,Crawfor,Norm,Norm,1Fam,2Story,8,9,1925,1997,Gable,CompShg,Stucco,Stucco,None,0.0,Gd,Gd,PConc,406.0,0.0,798.0,GasA,Ex,Y,SBrkr,798,714,0,1512,1.0,0.0,2,0,3,1,Gd,7,Typ,1,1925.0,1.0,180.0,P,85,16,41,0,0,0,0,6,2008,WD ,Normal,231000,0,0,1,0,3,1,1,5,3,0,6,1,5,1,2,,1,3
1529,50,RL,51.0,10480,Pave,Reg,Lvl,AllPub,Inside,Gtl,SWISU,Norm,Norm,1Fam,1.5Fin,6,5,1936,1950,Gable,CompShg,MetalSd,MetalSd,None,0.0,TA,TA,BrkTil,0.0,0.0,1064.0,GasA,Ex,Y,FuseA,1166,0,473,1639,0.0,0.0,1,0,3,1,TA,6,Maj2,0,1936.0,1.0,240.0,Y,0,0,0,0,0,0,0,3,2008,WD ,Normal,115000,0,0,0,0,3,1,5,5,3,6,6,1,5,0,3,,5,3
1530,70,RL,68.0,9650,Pave,IR1,HLS,AllPub,Corner,Gtl,Crawfor,Norm,Norm,1Fam,2Story,6,3,1923,1950,Hip,CompShg,Wd Sdng,Plywood,None,0.0,TA,TA,BrkTil,0.0,0.0,784.0,GasA,TA,Y,SBrkr,819,784,0,1603,0.0,0.0,1,0,4,1,TA,7,Typ,1,1980.0,2.0,599.0,Y,0,217,0,0,0,0,0,6,2008,WD ,Normal,138000,0,0,0,0,3,1,5,5,3,6,6,1,1,1,2,,5,3
1531,70,RL,60.0,7200,Pave,Reg,HLS,AllPub,Inside,Mod,Crawfor,Norm,Norm,1Fam,2Story,7,6,1931,2000,Gable,CompShg,Stucco,Wd Shng,None,0.0,TA,Fa,BrkTil,0.0,0.0,776.0,GasA,TA,Y,SBrkr,851,651,0,1502,0.0,0.0,1,1,3,1,TA,6,Typ,1,1931.0,1.0,270.0,P,0,0,112,0,0,0,0,2,2008,WD ,Normal,149000,0,0,1,0,3,1,2,5,3,6,6,1,1,1,2,,2,3
1532,70,RL,74.0,11988,Pave,IR1,HLS,AllPub,Inside,Mod,Crawfor,Norm,Norm,1Fam,2Story,6,7,1934,1995,Hip,CompShg,Stucco,Stucco,None,0.0,TA,TA,CBlock,326.0,0.0,715.0,GasA,Fa,Y,FuseA,849,811,0,1660,0.0,0.0,1,1,3,1,TA,6,Typ,1,1939.0,1.0,240.0,Y,0,0,0,0,0,0,0,8,2008,WD ,Normal,188700,0,0,0,0,3,1,5,5,3,3,6,1,5,1,2,,5,3
1533,50,RL,68.0,11700,Pave,IR1,HLS,AllPub,Inside,Mod,Crawfor,Norm,Norm,1Fam,1.5Fin,5,6,1937,1995,Gable,CompShg,WdShing,Wd Shng,None,0.0,TA,TA,CBlock,606.0,0.0,942.0,GasA,Ex,Y,SBrkr,1265,673,0,1938,0.0,0.0,2,0,4,1,Gd,7,Min2,1,1937.0,1.0,240.0,Y,0,40,0,0,0,0,0,7,2008,WD ,Normal,198000,1,0,0,0,3,1,5,5,3,1,6,1,5,1,2,,5,3
1534,50,RL,68.0,9260,Pave,IR1,HLS,AllPub,Inside,Gtl,Crawfor,Feedr,Norm,1Fam,1.5Fin,5,4,1938,1950,Gable,CompShg,Wd Sdng,Wd Sdng,None,0.0,TA,TA,BrkTil,0.0,0.0,884.0,GasA,TA,Y,FuseF,932,442,0,1374,0.0,0.0,1,0,3,1,TA,6,Typ,0,1938.0,1.0,225.0,Y,64,0,0,0,100,0,0,3,2008,WD ,Normal,110000,1,0,0,0,3,1,5,5,3,6,6,1,5,0,3,,5,3
1535,20,RL,79.0,7801,Pave,IR1,Lvl,AllPub,Corner,Gtl,Crawfor,Feedr,Norm,1Fam,1Story,6,5,1951,1951,Hip,CompShg,WdShing,Plywood,BrkFace,88.0,TA,Fa,PConc,500.0,0.0,1091.0,GasA,Fa,N,FuseA,1091,0,0,1091,0.0,1.0,1,0,2,1,TA,5,Typ,1,1951.0,1.0,344.0,Y,66,105,0,0,221,0,0,5,2008,WD ,Normal,104000,0,0,1,0,1,1,5,5,3,5,6,1,1,1,5,,5,1
1536,70,RL,100.0,9670,Pave,IR1,HLS,AllPub,Inside,Mod,Crawfor,Norm,Norm,1Fam,2Story,8,6,1935,1950,Gable,CompShg,BrkFace,Stucco,Stone,40.0,TA,TA,PConc,210.0,0.0,608.0,GasA,TA,Y,SBrkr,983,890,0,1873,0.0,0.0,1,1,4,1,TA,9,Typ,2,1935.0,2.0,786.0,Y,0,0,207,0,0,0,0,6,2008,WD ,Alloca,257076,0,0,0,0,4,1,5,1,3,3,6,1,5,1,2,,5,4
1537,50,RL,68.0,14100,Pave,IR1,Lvl,AllPub,Inside,Mod,Crawfor,Norm,Norm,1Fam,1.5Fin,8,9,1935,1997,Gable,CompShg,Stucco,Stucco,BrkFace,632.0,TA,Gd,CBlock,192.0,0.0,728.0,GasA,Ex,Y,SBrkr,1968,1479,0,3447,0.0,0.0,3,1,4,1,Gd,11,Typ,2,1982.0,3.0,1014.0,Y,314,12,0,0,0,0,0,5,2008,WD ,Normal,381000,0,0,1,0,1,1,5,5,2,5,6,1,3,1,2,,5,1
1538,50,RL,68.0,15660,Pave,IR1,Lvl,AllPub,Corner,Gtl,Crawfor,Norm,Norm,1Fam,1.5Fin,7,9,1939,2006,Gable,CompShg,VinylSd,VinylSd,BrkFace,312.0,Gd,Gd,CBlock,341.0,0.0,798.0,GasA,Ex,Y,SBrkr,1137,817,0,1954,0.0,1.0,1,1,3,1,Gd,8,Typ,2,1939.0,2.0,431.0,Y,0,119,150,0,0,0,0,5,2008,WD ,Normal,311500,0,0,0,0,1,1,5,5,3,1,6,1,1,1,5,,5,1
1539,50,RL,70.0,12392,Pave,Reg,Bnk,AllPub,Inside,Gtl,Crawfor,Norm,Norm,1Fam,1.5Fin,7,9,1950,2000,Gable,CompShg,VinylSd,VinylSd,None,0.0,TA,Gd,CBlock,435.0,0.0,832.0,GasA,Ex,Y,SBrkr,1218,943,0,2161,1.0,0.0,2,1,3,1,Gd,8,Typ,2,1994.0,2.0,506.0,Y,0,96,0,0,0,0,0,4,2008,WD ,Normal,263400,0,0,0,0,3,1,5,2,3,2,6,1,1,1,5,,5,3
1540,20,RL,56.0,26073,Pave,IR1,Lvl,AllPub,CulDSac,Gtl,Crawfor,Norm,Norm,1Fam,1Story,5,5,1956,1956,Gable,CompShg,BrkFace,MetalSd,None,0.0,TA,TA,PConc,1116.0,0.0,1898.0,GasA,Ex,Y,FuseA,1898,0,0,1898,0.0,0.0,2,1,3,1,TA,7,Typ,2,1956.0,2.0,484.0,Y,0,51,224,0,0,0,0,4,2008,WD ,Normal,236500,0,0,1,0,3,1,5,5,3,5,6,1,1,1,5,,5,3
1541,20,RL,68.0,14778,Pave,IR1,Low,AllPub,CulDSac,Gtl,Crawfor,PosN,Norm,1Fam,1Story,6,7,1954,2006,Hip,CompShg,HdBoard,HdBoard,BrkFace,72.0,Gd,TA,CBlock,728.0,0.0,1296.0,GasA,Ex,Y,SBrkr,1640,0,0,1640,1.0,0.0,1,0,3,1,Gd,7,Typ,1,1993.0,2.0,924.0,Y,108,0,0,216,0,0,0,11,2008,WD ,Normal,224000,0,0,0,0,1,1,5,5,3,1,6,1,5,1,2,,5,1
1542,160,RM,24.0,1879,Pave,Reg,Lvl,AllPub,CulDSac,Gtl,Blueste,Norm,Norm,Twnhs,2Story,6,6,1980,1980,Gable,CompShg,MetalSd,MetalSd,None,0.0,TA,TA,CBlock,366.0,0.0,516.0,GasA,TA,Y,SBrkr,516,516,0,1032,0.0,0.0,1,0,2,1,TA,5,Typ,1,1980.0,2.0,462.0,Y,213,0,0,0,0,0,0,12,2008,WD ,Normal,116500,0,0,1,0,3,1,2,5,3,2,6,1,5,1,5,,2,3
1543,160,RM,24.0,1950,Pave,Reg,Lvl,AllPub,Inside,Gtl,Blueste,Norm,Norm,Twnhs,2Story,6,6,1980,1980,Gable,CompShg,MetalSd,MetalSd,None,0.0,TA,Gd,CBlock,81.0,612.0,716.0,GasA,TA,Y,SBrkr,716,840,0,1556,1.0,0.0,2,1,3,1,TA,6,Typ,1,1980.0,2.0,452.0,Y,161,0,0,0,0,0,0,7,2008,COD,Normal,151000,0,0,1,0,3,1,2,5,3,3,2,1,1,1,5,,2,3
1544,30,RM,50.0,7000,Pave,Reg,Lvl,AllPub,Inside,Gtl,IDOTRR,Norm,Norm,1Fam,1Story,6,8,1926,1998,Gable,CompShg,VinylSd,VinylSd,None,0.0,TA,Gd,BrkTil,299.0,40.0,894.0,GasA,TA,Y,SBrkr,919,0,0,919,1.0,0.0,1,0,2,1,TA,5,Typ,0,1926.0,1.0,195.0,P,0,0,116,0,0,0,0,7,2008,WD ,Normal,126000,0,0,1,0,3,1,5,5,3,5,2,1,5,0,3,,5,3
1545,50,RM,60.0,6000,Pave,Reg,Lvl,AllPub,Inside,Gtl,IDOTRR,Norm,Norm,1Fam,1.5Fin,6,8,1940,2006,Gable,CompShg,VinylSd,VinylSd,None,0.0,TA,TA,CBlock,0.0,0.0,720.0,GasA,Gd,Y,SBrkr,760,330,0,1090,0.0,0.0,1,0,3,1,TA,5,Typ,0,1940.0,1.0,240.0,Y,0,0,0,0,0,0,0,7,2008,WD ,Normal,120000,0,0,0,0,3,1,1,5,3,6,6,1,5,0,3,,1,3
1546,30,RM,40.0,3636,Pave,Reg,Lvl,AllPub,Inside,Gtl,IDOTRR,Norm,Norm,1Fam,1Story,4,4,1922,1950,Gable,CompShg,AsbShng,AsbShng,None,0.0,TA,TA,BrkTil,0.0,0.0,796.0,GasA,Fa,N,SBrkr,796,0,0,796,0.0,0.0,1,0,2,1,TA,5,Typ,0,0.0,0.0,0.0,N,0,0,100,0,0,0,0,1,2008,WD ,Normal,55000,0,0,1,0,3,1,5,1,3,6,6,0,6,0,3,,5,3
1547,30,RM,68.0,5890,Pave,Reg,Lvl,AllPub,Corner,Gtl,IDOTRR,Norm,Norm,1Fam,1Story,6,8,1930,2007,Gable,CompShg,Wd Sdng,Wd Sdng,None,0.0,Gd,Gd,BrkTil,538.0,0.0,816.0,GasA,Ex,Y,SBrkr,816,0,0,816,0.0,0.0,1,0,2,1,TA,5,Typ,0,2002.0,1.0,432.0,Y,0,0,96,0,0,0,0,6,2008,WD ,Normal,120500,0,0,0,0,3,1,5,5,0,0,6,1,5,0,3,,5,3
1548,30,RM,71.0,6900,Pave,Reg,Lvl,AllPub,Inside,Gtl,IDOTRR,Norm,Norm,1Fam,1Story,5,6,1940,1955,Gable,CompShg,VinylSd,VinylSd,None,0.0,TA,TA,CBlock,403.0,125.0,740.0,GasA,Ex,Y,SBrkr,778,0,0,778,0.0,0.0,1,0,2,1,TA,4,Typ,1,1966.0,1.0,924.0,Y,0,25,0,0,0,0,0,2,2008,WD ,Normal,120500,0,0,0,0,3,1,5,5,3,0,5,1,5,1,2,,5,3
1549,50,RM,58.0,8155,Pave,Reg,Lvl,AllPub,Inside,Gtl,IDOTRR,Norm,Norm,1Fam,1.5Fin,5,7,1930,1950,Gable,CompShg,Wd Sdng,Wd Sdng,None,0.0,TA,TA,CBlock,0.0,0.0,780.0,GasA,Gd,Y,FuseA,780,420,0,1200,0.0,0.0,1,0,4,1,TA,7,Typ,0,0.0,0.0,0.0,Y,0,0,96,0,0,0,0,7,2008,WD ,Normal,119000,0,0,0,0,3,1,2,5,3,6,6,0,6,0,3,,2,3
1550,80,RM,75.0,6000,Pave,Reg,Lvl,AllPub,Inside,Gtl,IDOTRR,Norm,Norm,1Fam,SLvl,5,5,1967,1967,Hip,CompShg,HdBoard,Plywood,None,0.0,Fa,TA,CBlock,257.0,0.0,624.0,GasA,Ex,Y,SBrkr,1092,564,0,1656,0.0,0.0,1,1,3,1,TA,7,Mod,1,1967.0,1.0,288.0,Y,0,180,0,0,100,0,0,7,2008,WD ,Normal,126000,0,0,1,0,3,1,2,5,2,5,6,1,1,1,4,,2,3
1551,30,RM,60.0,7392,Pave,Reg,Lvl,AllPub,Inside,Gtl,IDOTRR,Norm,Norm,1Fam,1Story,5,7,1930,1995,Gable,CompShg,Wd Sdng,Wd Sdng,None,0.0,TA,TA,BrkTil,0.0,0.0,520.0,GasA,TA,Y,FuseA,912,0,0,912,0.0,0.0,1,0,2,1,TA,5,Typ,0,1934.0,1.0,360.0,Y,0,90,0,0,0,0,0,5,2008,WD ,Normal,99500,0,0,0,0,3,1,5,5,3,6,6,1,5,0,3,,5,3
1552,50,RM,75.0,9000,Pave,Reg,Lvl,AllPub,Inside,Gtl,IDOTRR,Norm,Norm,1Fam,1.5Fin,5,5,1958,1958,Gable,CompShg,WdShing,Wd Shng,BrkFace,162.0,TA,TA,CBlock,330.0,0.0,1151.0,GasA,Gd,Y,FuseA,1151,804,0,1955,0.0,0.0,2,0,4,1,TA,7,Typ,0,1958.0,1.0,356.0,Y,0,0,0,0,0,0,0,1,2008,WD ,Normal,165500,0,0,0,0,1,1,5,5,3,0,6,1,1,0,3,,5,1
1553,20,A (agr),80.0,14584,Pave,Reg,Low,AllPub,Inside,Mod,IDOTRR,Norm,Norm,1Fam,1Story,1,5,1952,1952,Gable,CompShg,AsbShng,VinylSd,None,0.0,Fa,Po,Slab,0.0,0.0,0.0,Wall,Po,N,FuseA,733,0,0,733,0.0,0.0,1,0,2,1,Fa,4,Sal,0,1952.0,2.0,487.0,N,0,0,0,0,0,0,0,2,2008,WD ,Abnorml,13100,0,0,0,0,3,0,3,3,4,4,4,1,1,0,3,,3,3
1554,70,C (all),60.0,5280,Pave,Reg,Lvl,AllPub,Corner,Gtl,IDOTRR,Feedr,Norm,1Fam,2Story,4,7,1895,1950,Gable,CompShg,Wd Sdng,Wd Sdng,None,0.0,TA,TA,Stone,0.0,0.0,173.0,GasA,Ex,N,SBrkr,825,536,0,1361,0.0,0.0,1,0,2,1,TA,6,Typ,0,1895.0,1.0,185.0,Y,0,123,0,0,0,0,0,7,2008,WD ,Normal,89000,0,0,0,0,3,1,4,1,3,6,6,1,5,0,3,,4,3
1555,70,C (all),50.0,8500,Pave,Reg,Lvl,AllPub,Inside,Gtl,IDOTRR,Feedr,Norm,1Fam,2Story,4,4,1920,1950,Gambrel,CompShg,BrkFace,BrkFace,None,0.0,TA,Fa,BrkTil,0.0,0.0,649.0,GasA,TA,N,SBrkr,649,668,0,1317,0.0,0.0,1,0,3,1,TA,6,Typ,0,1920.0,1.0,250.0,N,0,54,172,0,0,0,0,7,2008,WD ,Normal,40000,1,0,1,0,3,1,5,5,3,6,6,1,5,0,3,,5,3
1556,50,C (all),52.0,5150,Pave,Reg,Lvl,AllPub,Corner,Gtl,IDOTRR,Feedr,Norm,1Fam,1.5Fin,4,7,1910,2000,Gable,CompShg,Plywood,Plywood,None,0.0,TA,TA,PConc,0.0,0.0,356.0,GasA,TA,N,FuseA,671,378,0,1049,0.0,0.0,1,0,2,1,TA,5,Typ,0,1910.0,1.0,195.0,N,0,0,0,0,0,0,0,5,2008,WD ,Normal,80900,0,0,0,0,3,1,4,5,3,6,6,1,5,0,3,,4,3
1557,30,C (all),120.0,18000,Grvl,Reg,Low,AllPub,Inside,Gtl,IDOTRR,Norm,Norm,1Fam,1Story,3,4,1935,1950,Gable,CompShg,MetalSd,MetalSd,None,0.0,Fa,TA,CBlock,0.0,0.0,894.0,GasA,TA,Y,SBrkr,894,0,0,894,0.0,0.0,1,0,2,1,TA,6,Typ,0,1994.0,3.0,1248.0,Y,0,20,0,0,0,0,560,8,2008,ConLD,Normal,81000,0,0,0,1,3,1,5,5,3,6,6,1,5,0,3,,5,3
1558,70,C (all),60.0,9000,Grvl,Reg,Bnk,AllPub,Inside,Gtl,IDOTRR,Norm,Norm,1Fam,2Story,4,6,1920,1950,Gable,CompShg,MetalSd,MetalSd,None,0.0,TA,TA,Stone,0.0,0.0,592.0,GasA,Ex,Y,SBrkr,432,432,0,864,0.0,0.0,1,1,3,1,Fa,5,Min2,0,1920.0,1.0,216.0,N,0,30,160,0,0,0,0,6,2008,WD ,Normal,65000,0,0,0,0,3,1,1,1,2,6,6,1,5,0,3,,1,3
1559,120,RM,64.0,5587,Pave,IR1,HLS,AllPub,Inside,Mod,Crawfor,Norm,Norm,TwnhsE,1Story,8,5,2008,2008,Hip,CompShg,CemntBd,CmentBd,Stone,186.0,Ex,TA,PConc,1480.0,0.0,1600.0,GasA,Ex,Y,SBrkr,1652,0,0,1652,1.0,1.0,2,0,2,1,Gd,5,Typ,1,2008.0,2.0,482.0,Y,162,53,0,153,0,0,0,11,2008,New,Partial,392500,0,0,0,0,4,1,0,5,1,2,6,1,1,1,2,,0,4
1560,120,RM,44.0,3843,Pave,IR1,HLS,AllPub,Inside,Mod,Crawfor,Norm,Norm,TwnhsE,1Story,8,5,2007,2008,Hip,CompShg,CemntBd,CmentBd,Stone,186.0,Ex,TA,PConc,1476.0,0.0,1596.0,GasA,Ex,Y,SBrkr,1648,0,0,1648,1.0,1.0,2,0,2,1,Ex,5,Typ,1,2007.0,2.0,525.0,Y,162,53,0,153,0,0,0,8,2008,New,Partial,294464,0,0,0,0,4,1,0,5,1,2,6,1,1,1,2,,0,4
1561,120,RM,44.0,3811,Pave,IR1,HLS,AllPub,Inside,Mod,Crawfor,Norm,Norm,TwnhsE,1Story,7,5,2004,2005,Hip,CompShg,CemntBd,CmentBd,Stone,174.0,Gd,TA,PConc,1474.0,0.0,1594.0,GasA,Ex,Y,SBrkr,1646,0,0,1646,1.0,1.0,2,0,2,1,Ex,5,Typ,1,2004.0,2.0,482.0,Y,128,53,0,0,155,0,0,7,2008,WD ,Normal,250000,0,0,0,0,4,1,0,5,1,2,6,1,1,1,2,,0,4
1562,120,RM,44.0,3842,Pave,IR1,HLS,AllPub,Inside,Mod,Crawfor,Norm,Norm,TwnhsE,1Story,8,5,2004,2005,Hip,CompShg,CemntBd,CmentBd,Stone,174.0,Gd,TA,PConc,1373.0,0.0,1594.0,GasA,Ex,Y,SBrkr,1646,0,0,1646,1.0,1.0,2,0,2,1,Gd,5,Typ,1,2004.0,2.0,482.0,Y,128,53,0,0,155,0,0,1,2008,WD ,Normal,275000,0,0,0,0,4,1,0,5,1,2,6,1,1,1,2,,0,4
1563,20,RL,68.0,23730,Pave,IR2,Lvl,AllPub,Inside,Gtl,Mitchel,Norm,Norm,1Fam,1Story,7,5,1996,1997,Gable,CompShg,MetalSd,MetalSd,BrkFace,668.0,Gd,TA,PConc,700.0,0.0,1840.0,GasA,Ex,Y,SBrkr,2032,0,0,2032,1.0,0.0,3,0,3,1,Gd,7,Typ,0,1996.0,3.0,786.0,Y,0,46,192,0,0,0,0,9,2008,WD ,Normal,300000,0,0,0,0,1,1,0,5,2,2,6,1,1,0,3,,0,1
1564,20,RL,68.0,13265,Pave,IR1,Lvl,AllPub,CulDSac,Gtl,Mitchel,Norm,Norm,1Fam,1Story,8,5,2002,2002,Hip,CompShg,CemntBd,CmentBd,BrkFace,148.0,Gd,TA,PConc,1218.0,0.0,1568.0,GasA,Ex,Y,SBrkr,1689,0,0,1689,1.0,0.0,2,0,3,1,Gd,7,Typ,2,2002.0,3.0,857.0,Y,150,59,0,0,0,0,0,7,2008,WD ,Normal,271000,0,0,0,0,1,1,2,5,3,2,6,1,1,1,2,,2,1
1565,60,RL,68.0,11050,Pave,Reg,Lvl,AllPub,Inside,Gtl,Mitchel,Norm,Norm,1Fam,2Story,7,5,1996,1997,Gable,CompShg,VinylSd,VinylSd,None,0.0,TA,TA,PConc,0.0,0.0,910.0,GasA,Ex,Y,SBrkr,910,910,0,1820,0.0,0.0,2,1,3,1,Gd,8,Typ,1,1996.0,3.0,816.0,Y,318,32,0,0,0,0,0,9,2008,WD ,Normal,213000,0,0,0,0,3,1,2,5,2,6,6,1,1,1,5,,2,3
1566,80,RL,76.0,9880,Pave,Reg,Lvl,AllPub,Inside,Gtl,Mitchel,Norm,Norm,1Fam,SLvl,6,6,1977,1977,Gable,CompShg,Plywood,Plywood,None,0.0,TA,TA,CBlock,522.0,0.0,1096.0,GasA,TA,Y,SBrkr,1118,0,0,1118,1.0,0.0,1,0,3,1,TA,6,Typ,1,1977.0,1.0,358.0,Y,203,0,0,0,0,576,0,7,2008,WD ,Normal,171000,0,1,1,0,3,1,5,5,0,0,6,1,1,1,4,,5,3
1567,20,RL,75.0,10125,Pave,Reg,Lvl,AllPub,Inside,Gtl,Mitchel,Norm,Norm,1Fam,1Story,6,6,1977,1977,Gable,CompShg,Plywood,Plywood,None,0.0,TA,TA,CBlock,641.0,279.0,1196.0,GasA,TA,Y,SBrkr,1279,0,0,1279,0.0,1.0,2,0,3,1,TA,6,Typ,2,1980.0,2.0,473.0,Y,238,83,0,0,0,0,0,2,2008,WD ,Normal,171500,0,0,1,0,3,1,5,5,3,0,3,1,5,1,1,,5,3
1568,90,RL,76.0,10260,Pave,Reg,Lvl,AllPub,Inside,Gtl,Mitchel,Norm,Norm,Duplex,2Story,5,4,1976,1976,Gable,CompShg,Plywood,Plywood,None,0.0,TA,TA,CBlock,0.0,0.0,0.0,GasA,TA,Y,SBrkr,936,936,0,1872,0.0,0.0,2,2,4,2,TA,8,Typ,0,1976.0,2.0,484.0,Y,0,0,0,0,0,0,0,11,2008,WD ,Abnorml,100000,0,0,0,0,3,0,3,3,4,4,4,1,1,0,3,,3,3
1569,20,RL,74.0,9990,Pave,Reg,Lvl,AllPub,Inside,Gtl,Mitchel,Norm,Norm,1Fam,1Story,4,5,1991,1991,Gable,CompShg,HdBoard,HdBoard,None,0.0,TA,TA,PConc,1383.0,0.0,1680.0,GasA,Gd,Y,SBrkr,1689,0,0,1689,1.0,0.0,2,0,3,1,TA,6,Typ,1,1991.0,2.0,432.0,Y,428,120,0,0,0,0,0,7,2008,WD ,Normal,228500,0,0,0,0,3,1,2,5,3,0,6,1,1,1,5,,2,3
1570,190,RL,68.0,164660,Grvl,IR1,HLS,AllPub,Corner,Sev,Timber,Norm,Norm,2fmCon,1.5Fin,5,6,1965,1965,Gable,CompShg,Plywood,Plywood,None,0.0,TA,TA,CBlock,1249.0,147.0,1499.0,GasA,Ex,Y,SBrkr,1619,167,0,1786,2.0,0.0,2,0,3,1,TA,7,Typ,2,1965.0,2.0,529.0,Y,670,0,0,0,0,0,700,8,2008,WD ,Normal,228950,0,0,0,1,3,1,5,5,1,0,1,1,1,1,2,,5,3
1571,120,RL,42.0,4084,Pave,IR1,Lvl,AllPub,Inside,Gtl,Timber,Norm,Norm,TwnhsE,1Story,7,6,1986,1986,Gable,CompShg,VinylSd,VinylSd,BrkFace,340.0,Gd,TA,CBlock,893.0,0.0,1277.0,GasA,Gd,Y,SBrkr,1501,0,0,1501,1.0,0.0,2,0,2,1,Gd,6,Typ,1,1986.0,2.0,512.0,Y,240,0,0,0,0,0,0,7,2008,WD ,Normal,241500,0,0,0,0,1,1,2,5,0,2,6,1,1,1,5,,2,1
1572,20,RL,68.0,15498,Pave,IR1,Lvl,AllPub,Corner,Gtl,Timber,Norm,Norm,1Fam,1Story,8,6,1976,1976,Hip,WdShake,Stone,HdBoard,None,0.0,Gd,TA,CBlock,1165.0,400.0,1565.0,GasA,TA,Y,SBrkr,2898,0,0,2898,1.0,0.0,2,0,2,1,Gd,10,Typ,1,1976.0,2.0,665.0,Y,0,72,174,0,0,0,0,5,2008,COD,Abnorml,287000,0,0,0,0,3,1,2,5,0,0,3,1,1,1,2,,2,3
1573,20,RL,74.0,11563,Pave,IR1,HLS,AllPub,Inside,Gtl,Timber,Norm,Norm,1Fam,1Story,8,5,2006,2007,Hip,CompShg,VinylSd,VinylSd,Stone,258.0,Gd,TA,PConc,1036.0,0.0,1518.0,GasA,Ex,Y,SBrkr,1537,0,0,1537,1.0,0.0,2,0,3,1,Gd,8,Typ,0,2007.0,3.0,788.0,Y,0,26,0,0,0,0,0,4,2008,WD ,Normal,294000,0,0,0,0,4,1,0,5,1,2,6,1,1,0,3,,0,4
1574,20,RL,71.0,9520,Pave,IR1,HLS,AllPub,Inside,Gtl,Timber,Norm,Norm,1Fam,1Story,8,5,2007,2008,Gable,CompShg,VinylSd,VinylSd,Stone,338.0,Gd,TA,PConc,1513.0,0.0,1638.0,GasA,Ex,Y,SBrkr,1646,0,0,1646,1.0,0.0,2,0,3,1,Gd,7,Typ,1,2008.0,3.0,800.0,Y,192,44,0,0,0,0,0,4,2008,New,Partial,293077,0,0,0,0,4,1,2,5,1,2,6,1,1,1,2,,2,4
1575,60,RL,107.0,12852,Pave,IR1,HLS,AllPub,Corner,Gtl,Timber,Norm,Norm,1Fam,2Story,8,5,2007,2007,Gable,CompShg,VinylSd,VinylSd,None,0.0,Gd,TA,PConc,770.0,0.0,920.0,GasA,Ex,Y,SBrkr,920,860,0,1780,1.0,0.0,2,1,3,1,Gd,6,Typ,1,2007.0,2.0,612.0,Y,0,192,0,0,0,0,0,1,2008,New,Partial,264966,0,0,0,0,3,1,2,5,0,2,6,1,1,1,2,,2,3
1576,80,RL,73.0,9802,Pave,Reg,Lvl,AllPub,Inside,Gtl,Timber,Norm,Norm,1Fam,SLvl,5,5,2006,2007,Gable,CompShg,VinylSd,VinylSd,None,0.0,TA,TA,PConc,0.0,0.0,352.0,GasA,Gd,Y,SBrkr,712,730,0,1442,0.0,0.0,2,1,3,1,TA,6,Typ,0,2007.0,2.0,400.0,Y,100,0,0,0,0,0,0,4,2008,WD ,Normal,172500,0,0,0,0,3,1,2,5,3,6,6,1,3,0,3,,2,3
1577,80,RL,73.0,9735,Pave,Reg,Lvl,AllPub,Inside,Gtl,Timber,Norm,Norm,1Fam,SLvl,5,5,2006,2007,Gable,CompShg,VinylSd,VinylSd,None,0.0,TA,TA,PConc,0.0,0.0,384.0,GasA,Gd,Y,SBrkr,754,640,0,1394,0.0,0.0,2,1,3,1,Gd,7,Typ,0,2007.0,2.0,400.0,Y,100,0,0,0,0,0,0,5,2008,WD ,Normal,167500,0,0,0,0,3,1,2,5,3,6,6,1,3,0,3,,2,3
1578,60,RL,81.0,12018,Pave,IR1,HLS,AllPub,Corner,Gtl,Timber,Norm,Norm,1Fam,2Story,7,5,2008,2008,Gable,CompShg,VinylSd,VinylSd,Stone,60.0,Gd,TA,PConc,0.0,0.0,796.0,GasA,Ex,Y,SBrkr,796,816,0,1612,0.0,0.0,2,1,3,1,Gd,6,Typ,0,2008.0,3.0,666.0,Y,0,64,0,0,0,0,0,10,2008,New,Partial,218689,0,0,0,0,4,1,2,5,0,6,6,1,1,0,3,,2,4
1579,20,RL,75.0,12890,Pave,IR1,Lvl,AllPub,Inside,Gtl,Timber,Norm,Norm,1Fam,1Story,6,5,1989,1989,Gable,CompShg,Wd Sdng,Wd Sdng,BrkFace,128.0,TA,TA,CBlock,0.0,0.0,1495.0,GasA,Ex,Y,SBrkr,1495,0,0,1495,0.0,0.0,2,0,3,1,TA,8,Typ,1,1989.0,2.0,438.0,Y,252,0,192,0,0,0,0,7,2008,WD ,Normal,150000,0,0,0,0,1,1,2,5,3,6,6,1,1,1,5,,2,1
1580,20,RL,47.0,12416,Pave,IR1,Lvl,AllPub,Inside,Gtl,Timber,Norm,Norm,1Fam,1Story,6,5,1986,1986,Gable,CompShg,VinylSd,Plywood,Stone,132.0,TA,TA,CBlock,1398.0,208.0,1606.0,GasA,TA,Y,SBrkr,1651,0,0,1651,1.0,0.0,2,0,3,1,TA,7,Min2,1,1986.0,2.0,616.0,Y,192,0,0,0,0,0,0,11,2008,WD ,Normal,184000,0,0,0,0,4,1,2,1,3,0,3,1,1,1,5,,2,4
1581,20,RL,93.0,18265,Pave,Reg,Lvl,AllPub,Corner,Gtl,Timber,Norm,Norm,1Fam,1Story,6,5,1986,1986,Gable,CompShg,Plywood,HdBoard,BrkFace,228.0,Gd,Gd,CBlock,920.0,60.0,1256.0,GasA,Ex,Y,SBrkr,1256,0,0,1256,0.0,0.0,2,0,3,1,Gd,6,Typ,1,1986.0,2.0,578.0,Y,282,0,0,0,0,0,0,3,2008,WD ,Normal,180000,0,0,0,0,1,1,2,2,0,2,5,1,1,1,1,,2,1
1582,80,RL,85.0,10200,Pave,Reg,Lvl,AllPub,Inside,Gtl,Timber,Norm,Norm,1Fam,SLvl,6,5,1988,1989,Gable,CompShg,HdBoard,HdBoard,BrkFace,219.0,Gd,TA,CBlock,783.0,0.0,1461.0,GasA,Ex,Y,SBrkr,1509,0,0,1509,1.0,0.0,2,0,3,1,Gd,5,Typ,1,1988.0,2.0,600.0,Y,224,0,0,0,0,0,0,8,2008,WD ,Abnorml,175000,0,0,0,0,1,1,2,5,0,2,6,1,1,1,1,,2,1
1583,20,RL,82.0,11202,Pave,IR1,Lvl,AllPub,Inside,Gtl,Timber,Norm,Norm,1Fam,1Story,8,5,2003,2003,Hip,CompShg,VinylSd,VinylSd,BrkFace,206.0,Gd,TA,PConc,1029.0,0.0,1432.0,GasA,Ex,Y,SBrkr,1440,0,0,1440,1.0,0.0,2,0,3,1,Gd,7,Typ,1,2003.0,2.0,467.0,Y,185,95,0,0,0,0,0,6,2008,WD ,Normal,232500,0,0,0,0,1,1,0,5,0,2,6,1,1,1,5,,0,1
1584,20,RL,68.0,7915,Pave,IR1,Lvl,AllPub,Inside,Gtl,Timber,Norm,Norm,1Fam,1Story,6,5,1999,2000,Hip,CompShg,VinylSd,VinylSd,None,0.0,Gd,TA,PConc,1223.0,0.0,1666.0,GasA,Ex,Y,SBrkr,1675,0,0,1675,1.0,0.0,2,0,3,1,Gd,6,Typ,0,1999.0,2.0,435.0,Y,165,52,0,0,0,0,0,12,2008,WD ,Normal,195000,0,0,0,0,3,1,0,5,2,2,6,1,1,0,3,,0,3
1585,60,RL,85.0,12244,Pave,Reg,Lvl,AllPub,Inside,Gtl,Timber,Norm,Norm,1Fam,2Story,8,5,2003,2003,Hip,CompShg,VinylSd,VinylSd,Stone,226.0,Gd,TA,PConc,871.0,0.0,1482.0,GasA,Ex,Y,SBrkr,1482,780,0,2262,1.0,0.0,2,1,4,1,Gd,10,Typ,2,2003.0,3.0,749.0,Y,168,0,0,0,0,0,0,8,2008,WD ,Normal,305000,0,0,0,0,4,1,2,5,1,2,6,1,1,1,2,,2,4
1586,20,RL,79.0,11449,Pave,IR1,HLS,AllPub,Inside,Gtl,Timber,Norm,Norm,1Fam,1Story,8,5,2007,2007,Gable,CompShg,VinylSd,VinylSd,None,0.0,Gd,TA,PConc,1011.0,0.0,1884.0,GasA,Ex,Y,SBrkr,1728,0,0,1728,1.0,0.0,2,0,3,1,Gd,7,Typ,1,2007.0,2.0,520.0,Y,0,276,0,0,0,0,0,1,2008,WD ,Normal,298751,0,0,0,0,3,1,2,5,0,2,6,1,1,1,2,,2,3
1587,20,RL,85.0,11447,Pave,IR1,Lvl,AllPub,Inside,Gtl,Timber,Norm,Norm,1Fam,1Story,8,5,2005,2006,Gable,CompShg,VinylSd,VinylSd,BrkFace,674.0,Gd,TA,PConc,1571.0,0.0,1964.0,GasA,Ex,Y,SBrkr,1964,0,0,1964,1.0,0.0,2,1,3,1,Gd,7,Typ,1,2005.0,3.0,892.0,Y,0,265,0,0,0,0,0,6,2008,WD ,Normal,370000,0,0,0,0,1,1,0,5,0,2,6,1,1,1,2,,0,1
1588,90,RM,97.0,8940,Pave,IR1,Lvl,AllPub,Corner,Gtl,Mitchel,Norm,Norm,Duplex,SFoyer,7,5,1997,1998,Gable,CompShg,VinylSd,VinylSd,BrkFace,200.0,TA,Gd,PConc,1309.0,0.0,1344.0,GasA,Ex,Y,SBrkr,1344,0,0,1344,2.0,0.0,2,0,2,2,TA,8,Typ,0,1997.0,4.0,784.0,Y,0,0,0,0,0,0,0,11,2008,WD ,Alloca,209200,0,0,0,0,1,1,2,2,1,2,6,1,1,0,3,,2,1
1589,90,RM,78.0,7060,Pave,Reg,Lvl,AllPub,Inside,Gtl,Mitchel,Norm,Norm,Duplex,SFoyer,7,5,1997,1998,Gable,CompShg,VinylSd,VinylSd,BrkFace,200.0,TA,Gd,PConc,1309.0,0.0,1344.0,GasA,Ex,Y,SBrkr,1344,0,0,1344,2.0,0.0,2,0,2,2,TA,8,Typ,0,1997.0,4.0,784.0,Y,0,0,0,0,0,0,0,11,2008,WD ,Alloca,206300,0,0,0,0,1,1,2,2,1,2,6,1,1,0,3,,2,1
1590,20,RL,77.0,9278,Pave,Reg,Lvl,AllPub,FR2,Gtl,Mitchel,Feedr,Artery,1Fam,1Story,5,5,2007,2008,Gable,CompShg,VinylSd,VinylSd,None,0.0,TA,TA,PConc,0.0,0.0,1092.0,GasA,Ex,Y,SBrkr,1092,0,0,1092,0.0,0.0,1,0,2,1,TA,5,Typ,0,0.0,0.0,0.0,Y,0,52,0,0,0,0,0,2,2008,WD ,Abnorml,146000,0,0,0,0,3,1,2,5,3,6,6,0,6,0,3,,2,3
1591,120,RM,32.0,4500,Pave,Reg,Lvl,AllPub,FR2,Gtl,Mitchel,Norm,Norm,TwnhsE,1Story,6,5,1997,1997,Hip,CompShg,VinylSd,VinylSd,BrkFace,197.0,TA,TA,PConc,864.0,0.0,1189.0,GasA,Ex,Y,SBrkr,1189,0,0,1189,1.0,0.0,2,0,2,1,TA,4,Typ,0,1997.0,2.0,392.0,Y,0,122,0,0,0,0,0,4,2008,WD ,Normal,160500,0,0,0,0,1,1,0,5,3,2,6,1,1,0,3,,0,1
1592,85,RL,150.0,14137,Pave,Reg,Lvl,AllPub,Corner,Gtl,Mitchel,Norm,Norm,1Fam,SFoyer,4,5,1964,1964,Gable,CompShg,HdBoard,HdBoard,BrkFace,98.0,TA,TA,CBlock,865.0,247.0,1200.0,GasA,Gd,Y,SBrkr,1200,0,0,1200,1.0,0.0,1,0,3,1,TA,6,Typ,0,1964.0,3.0,850.0,Y,0,119,0,0,171,0,0,11,2008,ConLD,Normal,173000,0,0,0,0,1,1,2,5,0,0,3,1,0,0,3,,2,1
1593,120,RM,68.0,4224,Pave,Reg,Lvl,AllPub,Inside,Gtl,MeadowV,Norm,Norm,TwnhsE,1Story,5,6,1975,1975,Gable,CompShg,CemntBd,CmentBd,None,0.0,TA,TA,PConc,769.0,0.0,1040.0,GasA,Gd,Y,SBrkr,1040,0,0,1040,0.0,0.0,1,0,3,1,TA,6,Typ,0,1975.0,2.0,499.0,Y,0,100,0,0,0,0,0,6,2008,WD ,Normal,124000,0,0,0,0,3,1,2,5,3,2,6,1,1,0,3,,2,3
1594,160,RM,68.0,2665,Pave,Reg,Lvl,AllPub,Inside,Gtl,MeadowV,Norm,Norm,TwnhsE,2Story,5,6,1976,1976,Gable,CompShg,CemntBd,CmentBd,None,0.0,TA,TA,PConc,0.0,0.0,264.0,GasA,TA,Y,SBrkr,616,688,0,1304,0.0,0.0,1,1,3,1,TA,4,Typ,1,1976.0,1.0,336.0,Y,141,24,0,0,0,0,0,6,2008,WD ,Normal,115000,0,0,0,0,3,1,2,5,2,6,6,1,3,1,2,,2,3
1595,160,RM,41.0,2665,Pave,Reg,Lvl,AllPub,Inside,Gtl,MeadowV,Norm,Norm,TwnhsE,2Story,5,7,1976,1976,Gable,CompShg,CemntBd,CmentBd,None,0.0,TA,TA,PConc,318.0,0.0,550.0,GasA,TA,Y,SBrkr,925,550,0,1475,0.0,0.0,2,0,4,1,TA,6,Typ,1,1976.0,1.0,336.0,Y,92,26,0,0,0,0,0,5,2008,WD ,Normal,129500,0,0,0,0,3,1,2,5,3,0,6,1,1,1,5,,2,3
1596,180,RM,21.0,1974,Pave,Reg,Lvl,AllPub,Inside,Gtl,MeadowV,Norm,Norm,Twnhs,SFoyer,4,7,1973,2006,Gable,CompShg,CemntBd,CmentBd,None,0.0,TA,Gd,CBlock,501.0,0.0,526.0,GasA,Gd,Y,SBrkr,526,462,0,988,1.0,0.0,1,0,2,1,TA,5,Typ,0,1973.0,1.0,297.0,Y,120,101,0,0,0,0,0,6,2008,WD ,Normal,105000,0,0,0,0,3,1,2,5,0,2,6,1,3,0,3,,2,3
1597,180,RM,21.0,1596,Pave,Reg,Lvl,AllPub,Inside,Gtl,MeadowV,Norm,Norm,Twnhs,SLvl,4,6,1973,1973,Gable,CompShg,CemntBd,CmentBd,None,0.0,TA,TA,CBlock,437.0,0.0,462.0,GasA,TA,Y,SBrkr,526,462,0,988,1.0,0.0,1,0,1,1,TA,4,Typ,1,1973.0,1.0,297.0,Y,0,101,0,120,0,0,0,7,2008,WD ,Normal,94900,0,0,1,0,3,1,2,5,1,2,6,1,3,1,4,,2,3
1598,20,RL,68.0,17979,Pave,IR1,Lvl,AllPub,Corner,Gtl,Mitchel,Norm,Norm,1Fam,1Story,5,6,1968,1968,Gable,CompShg,Plywood,Plywood,None,0.0,TA,Gd,CBlock,785.0,0.0,1113.0,GasA,Ex,Y,SBrkr,1160,0,0,1160,1.0,0.0,1,0,3,1,Gd,6,Typ,0,1968.0,1.0,257.0,Y,81,0,0,0,0,0,500,2,2008,WD ,Normal,152500,0,0,1,1,3,1,5,5,3,0,6,1,1,0,3,,5,3
1599,160,RM,21.0,1477,Pave,Reg,Lvl,AllPub,Inside,Gtl,MeadowV,Norm,Norm,Twnhs,2Story,6,9,1970,2007,Gable,CompShg,CemntBd,CmentBd,None,0.0,TA,Gd,CBlock,358.0,0.0,546.0,GasA,Ex,Y,SBrkr,546,546,0,1092,0.0,0.0,2,1,3,1,TA,6,Typ,0,0.0,0.0,0.0,Y,187,0,0,0,0,0,0,3,2008,WD ,Normal,98000,0,0,0,0,3,1,5,5,3,2,6,0,6,0,3,,5,3
1600,180,RM,21.0,1890,Pave,Reg,Lvl,AllPub,Inside,Gtl,MeadowV,Norm,Norm,Twnhs,SFoyer,4,7,1972,1972,Gable,CompShg,CemntBd,CmentBd,None,0.0,TA,Gd,CBlock,495.0,0.0,630.0,GasA,Gd,Y,SBrkr,630,0,0,630,1.0,0.0,1,0,1,1,TA,3,Typ,0,0.0,0.0,0.0,Y,88,0,0,0,0,0,0,6,2008,WD ,Normal,81000,0,0,0,0,3,1,2,5,0,0,6,0,6,0,3,,2,3
1601,20,RL,100.0,21750,Pave,Reg,HLS,AllPub,Inside,Mod,Mitchel,Artery,Norm,1Fam,1Story,5,5,1954,1954,Hip,CompShg,HdBoard,HdBoard,None,0.0,TA,TA,CBlock,0.0,0.0,988.0,GasA,Ex,Y,FuseA,988,0,0,988,0.0,0.0,1,0,2,1,TA,4,Typ,0,1954.0,2.0,520.0,N,0,0,0,0,0,0,0,2,2008,WD ,Normal,113000,0,0,0,0,3,1,5,5,3,6,6,1,1,0,3,,5,3
1602,20,RL,59.0,6490,Pave,Reg,Lvl,AllPub,Inside,Gtl,Mitchel,Norm,Norm,1Fam,1Story,5,7,1983,1983,Gable,CompShg,VinylSd,VinylSd,None,0.0,TA,Gd,CBlock,534.0,0.0,816.0,GasA,Ex,Y,SBrkr,816,0,0,816,0.0,1.0,1,0,2,1,TA,4,Typ,0,1983.0,1.0,264.0,Y,315,0,0,0,0,0,0,4,2008,WD ,Normal,128500,0,0,1,0,3,1,5,5,3,2,6,1,1,0,3,,5,3
1603,20,RL,37.0,6951,Pave,IR1,Lvl,AllPub,CulDSac,Gtl,Mitchel,Norm,Norm,1Fam,1Story,5,5,1984,1985,Gable,CompShg,HdBoard,Plywood,None,0.0,TA,TA,CBlock,658.0,0.0,876.0,GasA,TA,Y,SBrkr,923,0,0,923,1.0,0.0,1,0,3,1,TA,5,Typ,0,1984.0,1.0,264.0,Y,362,0,0,0,0,0,0,10,2008,WD ,Normal,119500,0,0,1,0,3,1,5,5,3,0,6,1,1,0,3,,5,3
1604,20,RL,60.0,6600,Pave,Reg,Lvl,AllPub,Inside,Gtl,Mitchel,Norm,Norm,1Fam,1Story,5,9,1982,2008,Gable,CompShg,VinylSd,VinylSd,None,0.0,Gd,Gd,CBlock,641.0,0.0,816.0,GasA,Ex,Y,SBrkr,816,0,0,816,0.0,1.0,1,0,3,1,Gd,5,Typ,1,1982.0,1.0,264.0,Y,0,0,0,0,0,0,0,10,2008,WD ,Normal,130500,0,0,1,0,3,1,5,5,3,0,6,1,1,1,0,,5,3
1605,20,RL,60.0,6600,Pave,Reg,Lvl,AllPub,Inside,Gtl,Mitchel,Norm,Norm,1Fam,1Story,5,8,1982,2003,Gable,CompShg,HdBoard,HdBoard,None,0.0,TA,Gd,PConc,816.0,0.0,816.0,GasA,Ex,Y,SBrkr,816,0,0,816,1.0,0.0,1,0,2,1,TA,4,Typ,0,1985.0,2.0,816.0,Y,0,0,0,0,0,0,0,6,2008,WD ,Normal,138000,0,0,0,0,3,1,5,2,3,2,6,1,5,0,3,,5,3
1606,20,RL,60.0,6600,Pave,Reg,Lvl,AllPub,Inside,Gtl,Mitchel,Norm,Norm,1Fam,1Story,5,6,1982,2005,Gable,CompShg,HdBoard,Plywood,None,0.0,TA,TA,CBlock,638.0,0.0,845.0,GasA,Gd,Y,SBrkr,845,0,0,845,0.0,0.0,1,0,3,1,Gd,6,Typ,0,1982.0,1.0,264.0,Y,0,0,0,0,0,0,0,7,2008,WD ,Normal,134500,0,0,0,0,3,1,5,5,3,2,6,1,1,0,3,,5,3
1607,50,RL,75.0,12508,Pave,IR1,Lvl,AllPub,Inside,Gtl,Mitchel,Norm,Norm,1Fam,1.5Fin,6,7,1940,1985,Gable,CompShg,VinylSd,VinylSd,None,0.0,TA,TA,CBlock,660.0,0.0,983.0,GasA,Ex,Y,SBrkr,983,767,0,1750,1.0,0.0,2,0,4,1,TA,7,Mod,0,1989.0,1.0,423.0,Y,245,0,156,0,0,0,1300,7,2008,WD ,Normal,160000,0,0,0,1,3,1,2,5,2,0,6,1,1,0,3,,2,3
1608,20,RL,74.0,12395,Pave,Reg,Lvl,AllPub,Corner,Gtl,Mitchel,Norm,Norm,1Fam,1Story,5,6,1984,1984,Gable,CompShg,HdBoard,Plywood,None,0.0,TA,TA,CBlock,647.0,0.0,864.0,GasA,TA,Y,SBrkr,889,0,0,889,0.0,0.0,1,0,3,1,TA,6,Typ,0,1984.0,2.0,484.0,Y,0,0,0,0,0,0,0,4,2008,WD ,Normal,137500,0,0,0,0,3,1,5,5,3,0,6,1,1,0,3,,5,3
1609,60,RL,68.0,11075,Pave,IR1,Lvl,AllPub,Inside,Mod,Mitchel,Norm,Norm,1Fam,2Story,5,4,1969,1969,Gable,CompShg,HdBoard,HdBoard,BrkFace,232.0,TA,TA,CBlock,562.0,193.0,784.0,GasA,Ex,Y,SBrkr,1168,800,0,1968,0.0,1.0,2,1,4,1,TA,7,Min2,1,1969.0,2.0,530.0,Y,305,189,0,0,0,0,400,9,2008,WD ,Normal,172000,0,0,1,1,1,1,5,5,0,0,3,1,1,1,4,,5,1
1610,70,I (all),68.0,56600,Pave,IR1,Low,AllPub,Inside,Gtl,IDOTRR,Norm,Norm,1Fam,2.5Unf,5,1,1900,1950,Hip,CompShg,Wd Sdng,Wd Sdng,None,0.0,TA,TA,BrkTil,0.0,0.0,686.0,GasA,Ex,Y,SBrkr,1150,686,0,1836,0.0,0.0,2,0,4,1,TA,7,Maj1,0,1900.0,1.0,288.0,N,0,0,0,0,0,0,0,1,2008,WD ,Normal,103000,0,0,0,0,3,1,5,5,3,6,6,1,5,0,3,,5,3
1611,20,RL,85.0,10667,Pave,Reg,Lvl,AllPub,Inside,Gtl,NAmes,Norm,Norm,1Fam,1Story,6,6,1971,1971,Gable,CompShg,MetalSd,MetalSd,BrkFace,302.0,TA,TA,CBlock,838.0,0.0,1587.0,GasA,TA,Y,SBrkr,1587,0,0,1587,0.0,0.0,2,0,3,1,TA,7,Typ,1,1971.0,2.0,525.0,Y,0,44,0,0,0,0,0,3,2007,WD ,Normal,167300,0,0,0,0,1,1,5,5,3,1,6,1,1,1,2,,5,1
1612,20,RL,85.0,10628,Pave,Reg,Lvl,AllPub,Inside,Gtl,NAmes,Norm,Norm,1Fam,1Story,7,5,1970,1970,Flat,Tar&Grv,Plywood,Plywood,None,0.0,TA,Gd,CBlock,778.0,0.0,1277.0,GasA,TA,Y,SBrkr,1277,0,0,1277,1.0,0.0,1,0,2,1,TA,5,Typ,1,1970.0,2.0,526.0,Y,0,0,0,0,176,0,0,4,2007,WD ,Normal,167000,0,0,1,0,3,1,5,2,1,2,6,1,1,1,4,,5,3
1613,20,RL,95.0,13651,Pave,IR1,Lvl,AllPub,Inside,Gtl,NAmes,Norm,Norm,1Fam,1Story,7,6,1973,1973,Gable,CompShg,Plywood,Plywood,BrkFace,1115.0,TA,Gd,CBlock,1880.0,0.0,2223.0,GasA,Ex,Y,SBrkr,2223,0,0,2223,1.0,0.0,2,0,3,1,TA,8,Typ,2,1973.0,2.0,516.0,Y,300,0,0,0,0,0,0,2,2007,WD ,Normal,244000,0,0,0,0,1,1,2,5,1,0,6,1,1,1,2,,2,1
1614,20,RL,95.0,15865,Pave,IR1,Lvl,AllPub,Inside,Mod,NAmes,Norm,Norm,1Fam,1Story,8,6,1970,1970,Flat,Tar&Grv,Wd Sdng,Wd Sdng,None,0.0,Gd,Gd,PConc,351.0,823.0,2217.0,GasA,Ex,Y,SBrkr,2217,0,0,2217,1.0,0.0,2,0,4,1,Gd,8,Typ,1,1970.0,2.0,621.0,Y,81,207,0,0,224,0,0,10,2007,WD ,Normal,268000,0,0,0,0,3,1,5,2,1,0,5,1,1,1,5,,5,3
1615,60,RL,68.0,12394,Pave,IR1,Lvl,AllPub,Corner,Gtl,Gilbert,Norm,Norm,1Fam,2Story,7,5,2003,2003,Gable,CompShg,VinylSd,VinylSd,None,0.0,Gd,TA,PConc,0.0,0.0,847.0,GasA,Ex,Y,SBrkr,847,886,0,1733,0.0,0.0,2,1,3,1,Gd,7,Typ,1,2003.0,2.0,433.0,Y,100,48,0,0,0,0,0,10,2007,WD ,Family,225000,0,0,0,0,3,1,2,5,1,6,6,1,3,1,2,,2,3
1616,60,RL,68.0,10364,Pave,IR1,Lvl,AllPub,Inside,Gtl,Gilbert,Norm,Norm,1Fam,2Story,6,5,1995,1996,Gable,CompShg,MetalSd,MetalSd,None,0.0,TA,TA,PConc,0.0,0.0,806.0,GasA,Gd,Y,SBrkr,806,766,0,1572,0.0,0.0,2,1,3,1,TA,7,Typ,1,1995.0,2.0,373.0,Y,0,40,0,0,0,0,0,5,2007,WD ,Normal,168000,0,0,0,0,3,1,2,5,3,6,6,1,3,1,5,,2,3
1617,60,RL,68.0,13869,Pave,IR2,Lvl,AllPub,Corner,Gtl,Gilbert,Norm,Norm,1Fam,2Story,6,6,1997,1997,Gable,CompShg,VinylSd,VinylSd,None,0.0,TA,TA,PConc,182.0,0.0,794.0,GasA,Gd,Y,SBrkr,794,676,0,1470,0.0,1.0,2,0,3,1,TA,6,Typ,0,1997.0,2.0,388.0,Y,0,75,0,0,0,0,0,7,2007,WD ,Normal,177000,0,0,0,0,3,1,2,5,0,2,6,1,1,0,3,,2,3
1618,60,RL,57.0,8773,Pave,IR1,HLS,AllPub,Inside,Gtl,Gilbert,Norm,Norm,1Fam,2Story,6,5,1997,1997,Gable,CompShg,VinylSd,VinylSd,None,0.0,TA,TA,PConc,0.0,0.0,916.0,GasA,Gd,Y,SBrkr,916,684,0,1600,0.0,0.0,2,1,3,1,TA,7,Typ,1,1997.0,2.0,460.0,Y,100,38,0,0,0,0,0,8,2007,WD ,Normal,169000,0,0,0,0,3,1,2,5,0,6,6,1,1,1,5,,2,3
1619,80,RL,56.0,8872,Pave,IR1,HLS,AllPub,Inside,Gtl,Gilbert,Norm,Norm,1Fam,SLvl,6,5,1997,1997,Gable,CompShg,VinylSd,VinylSd,None,0.0,TA,TA,PConc,0.0,0.0,384.0,GasA,Gd,Y,SBrkr,754,630,0,1384,0.0,0.0,2,1,3,1,TA,7,Typ,1,1997.0,2.0,390.0,Y,0,0,0,0,0,0,0,3,2007,WD ,Normal,161500,0,0,0,0,3,1,2,5,3,6,6,1,3,1,5,,2,3
1620,120,RL,41.0,5330,Pave,Reg,Lvl,AllPub,Inside,Gtl,StoneBr,Norm,Norm,TwnhsE,1Story,8,5,2000,2000,Gable,CompShg,CemntBd,CmentBd,None,0.0,Gd,TA,PConc,1196.0,0.0,1494.0,GasA,Ex,Y,SBrkr,1652,0,0,1652,1.0,0.0,2,0,2,1,Ex,6,Typ,0,2000.0,2.0,499.0,Y,96,48,0,0,0,0,0,8,2007,WD ,Normal,251000,0,0,0,0,3,1,2,5,0,2,6,1,1,0,3,,2,3
1621,80,RL,68.0,10147,Pave,IR1,Lvl,AllPub,CulDSac,Gtl,Gilbert,Norm,Norm,1Fam,SLvl,6,5,1994,1994,Gable,CompShg,HdBoard,HdBoard,BrkFace,32.0,TA,TA,PConc,186.0,0.0,392.0,GasA,Gd,Y,SBrkr,924,770,0,1694,0.0,0.0,2,1,3,1,TA,7,Typ,1,1994.0,2.0,398.0,Y,256,64,0,0,0,0,0,3,2007,WD ,Normal,160000,0,0,1,0,1,1,2,5,3,3,6,1,3,1,5,,2,1
1622,60,RL,68.0,8637,Pave,IR1,Lvl,AllPub,Inside,Gtl,Gilbert,Norm,Norm,1Fam,2Story,6,5,1999,2000,Gable,CompShg,VinylSd,VinylSd,None,0.0,TA,TA,PConc,871.0,0.0,923.0,GasA,Gd,Y,SBrkr,947,767,0,1714,1.0,0.0,2,1,3,1,TA,7,Typ,1,2000.0,2.0,451.0,Y,256,48,0,0,0,0,0,4,2007,WD ,Abnorml,180000,0,0,0,0,3,1,2,5,3,0,6,1,1,1,5,,2,3
1623,60,RL,63.0,7875,Pave,Reg,Lvl,AllPub,Inside,Gtl,Gilbert,Norm,Norm,1Fam,2Story,7,5,1996,1996,Gable,CompShg,HdBoard,HdBoard,None,0.0,Gd,TA,PConc,414.0,0.0,691.0,GasA,Gd,Y,SBrkr,691,862,0,1553,0.0,0.0,2,1,3,1,Gd,6,Typ,0,1996.0,2.0,420.0,Y,0,44,0,0,0,0,0,8,2007,WD ,Normal,178750,0,0,0,0,3,1,2,5,3,5,6,1,1,0,3,,2,3
1624,20,RL,63.0,7875,Pave,Reg,Lvl,AllPub,Inside,Gtl,Gilbert,Norm,Norm,1Fam,1Story,7,5,1995,1996,Gable,CompShg,HdBoard,HdBoard,BrkFace,38.0,TA,TA,PConc,0.0,0.0,1237.0,GasA,Gd,Y,SBrkr,1253,0,0,1253,0.0,0.0,2,0,3,1,TA,6,Typ,1,1995.0,2.0,402.0,Y,220,21,0,0,0,0,0,6,2007,WD ,Normal,176000,0,0,0,0,1,1,2,2,3,6,6,1,1,1,5,,2,1
1625,60,RL,60.0,7500,Pave,Reg,Lvl,AllPub,Inside,Gtl,Gilbert,Norm,Norm,1Fam,2Story,6,5,1999,2003,Gable,CompShg,VinylSd,VinylSd,None,0.0,TA,TA,PConc,0.0,0.0,938.0,GasA,Ex,Y,SBrkr,957,1342,0,2299,0.0,0.0,3,1,5,1,TA,7,Typ,1,1999.0,2.0,482.0,Y,188,30,0,0,0,0,0,8,2007,WD ,Normal,204000,0,0,0,0,3,1,2,5,3,6,6,1,1,1,5,,2,3
1626,20,RL,68.0,9556,Pave,IR1,Lvl,AllPub,Corner,Gtl,Gilbert,Norm,Norm,1Fam,1Story,7,5,1992,1993,Gable,CompShg,HdBoard,HdBoard,BrkFace,52.0,TA,TA,PConc,0.0,0.0,1168.0,GasA,Gd,Y,SBrkr,1187,0,0,1187,0.0,0.0,2,0,3,1,Gd,6,Typ,0,1992.0,2.0,420.0,Y,0,21,0,0,0,0,0,8,2007,WD ,Normal,160000,0,0,0,0,1,1,2,5,3,6,6,1,1,0,3,,2,1
1627,80,RL,68.0,10784,Pave,IR1,Lvl,AllPub,FR2,Gtl,Gilbert,Norm,Norm,1Fam,SLvl,7,5,1991,1992,Gable,CompShg,HdBoard,HdBoard,BrkFace,76.0,Gd,TA,PConc,0.0,0.0,384.0,GasA,Gd,Y,SBrkr,802,670,0,1472,0.0,0.0,2,1,3,1,Gd,7,Typ,1,1991.0,2.0,402.0,Y,164,0,0,0,0,0,0,5,2007,WD ,Normal,160000,0,0,0,0,1,1,2,5,3,6,6,1,1,1,5,,2,1
1628,80,RL,68.0,9125,Pave,IR1,Lvl,AllPub,Inside,Gtl,Gilbert,Norm,Norm,1Fam,SLvl,7,5,1992,1992,Gable,CompShg,HdBoard,HdBoard,BrkFace,170.0,TA,TA,PConc,0.0,0.0,384.0,GasA,Gd,Y,SBrkr,812,670,0,1482,0.0,0.0,2,1,3,1,Gd,7,Typ,1,1992.0,2.0,392.0,Y,100,25,0,0,0,0,0,7,2007,WD ,Normal,163900,0,0,0,0,1,1,2,5,3,6,6,1,1,1,5,,2,1
1629,60,RL,68.0,7655,Pave,IR1,Lvl,AllPub,CulDSac,Gtl,Gilbert,Norm,Norm,1Fam,2Story,6,5,1993,1994,Gable,CompShg,HdBoard,HdBoard,None,0.0,TA,TA,PConc,0.0,0.0,903.0,GasA,Gd,Y,SBrkr,910,732,0,1642,0.0,0.0,2,1,3,1,TA,7,Typ,1,1993.0,2.0,392.0,Y,290,84,0,0,0,0,0,7,2007,WD ,Normal,168000,0,0,0,0,3,1,2,5,3,6,6,1,1,1,5,,2,3
1630,20,RL,160.0,18160,Grvl,Reg,Lvl,AllPub,Inside,Gtl,Gilbert,Norm,Norm,1Fam,1Story,6,6,1964,1964,Gable,CompShg,HdBoard,HdBoard,BrkCmn,138.0,TA,TA,CBlock,550.0,0.0,1302.0,GasA,Fa,Y,SBrkr,1128,0,0,1128,1.0,0.0,1,0,3,1,TA,6,Typ,1,1964.0,2.0,480.0,P,0,108,246,0,0,0,0,3,2007,WD ,Alloca,154204,0,0,1,0,0,1,5,5,0,1,6,1,1,1,5,,5,0
1631,120,RL,68.0,3696,Pave,Reg,Lvl,AllPub,Inside,Gtl,StoneBr,Norm,Norm,TwnhsE,1Story,8,5,1986,1986,Gable,CompShg,HdBoard,HdBoard,None,0.0,Gd,TA,CBlock,0.0,0.0,1074.0,GasA,Ex,Y,SBrkr,1088,0,0,1088,0.0,0.0,1,1,2,1,Gd,5,Typ,0,1987.0,2.0,461.0,Y,0,74,137,0,0,0,0,10,2007,WD ,Normal,170000,0,0,0,0,3,1,2,5,3,6,6,1,1,0,3,,2,3
1632,160,RL,68.0,5062,Pave,IR1,Lvl,AllPub,CulDSac,Gtl,StoneBr,Norm,Norm,TwnhsE,2Story,7,5,1984,1984,Gable,CompShg,HdBoard,HdBoard,None,0.0,Gd,TA,CBlock,828.0,182.0,1190.0,GasA,Gd,Y,SBrkr,1190,900,0,2090,1.0,0.0,2,0,3,1,Gd,6,Min1,1,1984.0,2.0,577.0,Y,219,0,0,0,0,0,0,9,2007,WD ,Normal,207500,0,0,0,0,3,1,2,5,2,2,3,1,1,1,5,,2,3
1633,120,RL,38.0,4740,Pave,IR1,Lvl,AllPub,Inside,Gtl,StoneBr,Norm,Norm,TwnhsE,1Story,8,5,1988,1988,Gable,CompShg,CemntBd,CmentBd,None,0.0,Gd,TA,CBlock,248.0,0.0,1166.0,GasA,Gd,Y,SBrkr,1179,0,0,1179,1.0,0.0,2,0,2,1,TA,5,Typ,0,1988.0,2.0,480.0,Y,0,108,0,0,135,0,0,10,2007,WD ,Normal,182000,0,0,0,0,3,1,2,5,1,2,6,1,1,0,3,,2,3
1634,120,RL,35.0,5118,Pave,IR1,HLS,AllPub,Inside,Gtl,StoneBr,Norm,Norm,TwnhsE,1Story,8,5,1990,1990,Gable,CompShg,CemntBd,CmentBd,None,0.0,Gd,TA,PConc,926.0,0.0,1312.0,GasA,Gd,Y,SBrkr,1321,0,0,1321,1.0,0.0,1,0,1,1,Gd,4,Typ,1,1990.0,2.0,484.0,Y,0,64,140,0,0,0,0,8,2007,WD ,Normal,212000,0,0,0,0,3,1,2,5,1,2,6,1,1,1,5,,2,3
1635,20,RL,86.0,14157,Pave,IR1,HLS,AllPub,Corner,Gtl,StoneBr,Norm,Norm,1Fam,1Story,9,5,2005,2006,Hip,CompShg,VinylSd,VinylSd,Stone,200.0,Gd,TA,PConc,1249.0,0.0,1922.0,GasA,Ex,Y,SBrkr,1922,0,0,1922,1.0,0.0,2,0,3,1,Gd,8,Typ,1,2005.0,3.0,676.0,Y,178,51,0,0,0,0,0,7,2007,WD ,Normal,377426,0,0,0,0,4,1,0,5,1,2,6,1,1,1,2,,0,4
1636,60,RL,98.0,12328,Pave,IR1,Lvl,AllPub,Inside,Gtl,StoneBr,Norm,Norm,1Fam,2Story,8,5,2005,2005,Hip,CompShg,VinylSd,VinylSd,Stone,146.0,Gd,TA,PConc,986.0,0.0,1149.0,GasA,Ex,Y,SBrkr,1164,1377,0,2541,1.0,0.0,3,1,4,1,Ex,10,Typ,1,2005.0,3.0,729.0,Y,120,32,0,0,0,0,0,7,2007,WD ,Normal,349265,0,0,0,0,4,1,0,5,2,2,6,1,3,1,2,,0,4
1637,20,RL,52.0,51974,Pave,IR1,Lvl,AllPub,CulDSac,Gtl,StoneBr,PosN,Norm,1Fam,1Story,9,5,2006,2007,Hip,CompShg,VinylSd,VinylSd,BrkFace,710.0,Ex,TA,PConc,1101.0,0.0,2660.0,GasA,Ex,Y,SBrkr,2338,0,0,2338,1.0,0.0,2,1,4,1,Gd,8,Typ,2,2005.0,3.0,1110.0,Y,0,135,0,0,322,0,0,6,2007,New,Partial,591587,0,0,0,0,1,1,0,5,0,2,6,1,1,1,2,,0,1
1638,190,RL,195.0,41600,Pave,IR1,Lvl,AllPub,FR2,Gtl,Gilbert,Norm,Norm,2fmCon,1Story,5,5,1969,1990,Gable,CompShg,HdBoard,HdBoard,None,0.0,TA,TA,CBlock,1047.0,0.0,1100.0,GasW,TA,Y,SBrkr,1424,0,0,1424,1.0,0.0,1,1,3,1,TA,7,Mod,0,1969.0,3.0,828.0,N,144,0,0,0,0,0,0,11,2007,WD ,Normal,155000,0,0,0,0,3,1,2,5,1,0,6,1,0,0,3,,2,3
1639,120,RL,61.0,8035,Pave,IR1,HLS,AllPub,Inside,Gtl,StoneBr,Norm,Norm,TwnhsE,1Story,9,5,2006,2006,Gable,CompShg,MetalSd,MetalSd,BrkFace,165.0,Gd,TA,PConc,797.0,0.0,1612.0,GasA,Ex,Y,SBrkr,1612,0,0,1612,1.0,0.0,2,0,2,1,Ex,6,Typ,1,2006.0,2.0,556.0,Y,0,164,0,0,0,0,0,3,2007,WD ,Normal,319900,0,0,0,0,1,1,0,5,1,2,6,1,1,1,2,,0,1
1640,20,RL,60.0,8089,Pave,Reg,HLS,AllPub,Inside,Gtl,StoneBr,Norm,Norm,1Fam,1Story,8,6,2007,2007,Gable,CompShg,MetalSd,MetalSd,BrkFace,0.0,Gd,TA,PConc,945.0,0.0,1419.0,GasA,Ex,Y,SBrkr,1419,0,0,1419,1.0,0.0,2,0,2,1,Gd,7,Typ,1,2007.0,2.0,567.0,Y,140,0,0,0,0,0,0,10,2007,New,Partial,392000,0,0,0,0,1,1,2,5,0,2,6,1,1,1,2,,2,1
1641,20,RL,85.0,14082,Pave,IR1,HLS,AllPub,Inside,Gtl,StoneBr,Norm,Norm,1Fam,1Story,8,5,2006,2006,Hip,CompShg,VinylSd,VinylSd,BrkFace,945.0,Gd,TA,PConc,1558.0,0.0,2220.0,GasA,Ex,Y,SBrkr,2234,0,0,2234,1.0,0.0,1,1,1,1,Gd,7,Typ,1,2006.0,2.0,724.0,Y,390,80,0,0,0,0,0,1,2007,WD ,Normal,441929,0,0,0,0,1,1,0,2,1,2,6,1,1,1,2,,0,1
1642,20,RL,81.0,13870,Pave,IR1,HLS,AllPub,Inside,Gtl,StoneBr,PosA,PosA,1Fam,1Story,10,5,2006,2007,Hip,CompShg,CemntBd,CmentBd,BrkFace,250.0,Ex,TA,PConc,1152.0,0.0,1742.0,GasA,Ex,Y,SBrkr,2042,0,0,2042,1.0,0.0,2,0,3,1,Ex,8,Typ,1,2007.0,3.0,724.0,Y,240,52,0,0,174,0,0,10,2007,New,Partial,455000,0,0,0,0,1,1,0,5,1,2,6,1,1,1,2,,0,1
1643,20,RL,68.0,12546,Pave,IR1,Lvl,AllPub,Corner,Gtl,NWAmes,Norm,Norm,1Fam,1Story,6,7,1981,1981,Gable,CompShg,MetalSd,MetalSd,BrkFace,310.0,Gd,Gd,CBlock,678.0,0.0,1440.0,GasA,Ex,Y,SBrkr,1440,0,0,1440,0.0,0.0,2,0,3,1,Gd,7,Typ,1,1981.0,2.0,467.0,Y,0,0,99,0,0,0,0,4,2007,WD ,Normal,182900,0,0,0,0,1,1,2,5,3,1,6,1,1,1,5,,2,1
1644,20,RL,68.0,10960,Pave,IR1,Lvl,AllPub,Inside,Gtl,NWAmes,Norm,Norm,1Fam,1Story,6,5,1984,1984,Hip,CompShg,HdBoard,HdBoard,None,0.0,TA,TA,CBlock,256.0,0.0,1284.0,GasA,TA,Y,SBrkr,1284,0,0,1284,1.0,0.0,2,0,3,1,TA,5,Typ,0,1984.0,2.0,480.0,Y,0,0,192,0,0,0,0,4,2007,COD,Abnorml,174000,0,0,0,0,3,1,2,5,3,2,6,1,1,0,3,,2,3
1645,80,RL,78.0,12090,Pave,Reg,Lvl,AllPub,Inside,Gtl,NWAmes,Norm,Norm,1Fam,SLvl,6,7,1984,2003,Hip,CompShg,VinylSd,VinylSd,BrkFace,74.0,TA,TA,CBlock,0.0,0.0,585.0,GasA,Ex,Y,SBrkr,1140,728,0,1868,0.0,0.0,3,1,3,1,TA,7,Typ,1,1984.0,2.0,477.0,Y,268,112,0,0,147,0,0,1,2007,WD ,Abnorml,178000,0,0,0,0,1,1,2,5,3,6,6,1,3,1,5,,2,1
1646,60,RL,78.0,12090,Pave,Reg,Lvl,AllPub,Inside,Gtl,NWAmes,Norm,Norm,1Fam,2Story,7,7,1981,2003,Gable,CompShg,MetalSd,MetalSd,BrkFace,306.0,Gd,TA,CBlock,321.0,0.0,725.0,GasA,Ex,Y,SBrkr,725,754,0,1479,0.0,0.0,2,1,3,1,Gd,6,Typ,1,1981.0,2.0,484.0,Y,167,72,0,0,0,0,0,3,2007,WD ,Normal,176000,0,0,0,0,1,1,2,5,3,0,6,1,1,1,5,,2,1
1647,20,RL,93.0,12299,Pave,Reg,Lvl,AllPub,Inside,Gtl,NWAmes,Norm,Norm,1Fam,1Story,7,6,1978,1985,Gable,CompShg,Plywood,Plywood,Stone,67.0,TA,TA,CBlock,1328.0,0.0,1529.0,GasA,TA,Y,SBrkr,1664,0,0,1664,1.0,0.0,2,0,3,1,Gd,7,Typ,1,1978.0,2.0,663.0,Y,0,0,0,0,0,0,0,9,2007,WD ,Normal,213000,0,0,0,0,4,1,2,5,3,2,6,1,1,1,5,,2,4
1648,60,RL,61.0,11339,Pave,IR1,Lvl,AllPub,Inside,Gtl,NWAmes,PosA,Norm,1Fam,2Story,7,5,1979,1979,Hip,WdShake,HdBoard,Plywood,BrkFace,549.0,TA,TA,CBlock,758.0,0.0,780.0,GasA,TA,Y,SBrkr,1085,845,0,1930,1.0,0.0,2,1,4,1,Gd,9,Typ,1,1979.0,2.0,481.0,Y,192,72,0,0,0,0,0,3,2007,WD ,Normal,192000,0,0,0,0,1,1,2,5,3,0,6,1,1,1,5,,2,1
1649,60,RL,92.0,11952,Pave,Reg,Lvl,AllPub,Inside,Gtl,NWAmes,PosA,Norm,1Fam,2Story,7,6,1977,1977,Mansard,WdShake,WdShing,Plywood,None,0.0,TA,TA,CBlock,0.0,0.0,808.0,GasA,TA,Y,SBrkr,1161,808,0,1969,0.0,0.0,2,1,3,1,TA,8,Typ,1,1977.0,2.0,534.0,Y,0,0,0,0,276,0,0,11,2007,WD ,Normal,190000,0,0,0,0,3,1,2,5,3,6,6,1,1,1,2,,2,3
1650,60,RL,68.0,12046,Pave,IR1,Lvl,AllPub,Inside,Gtl,NWAmes,Norm,Norm,1Fam,2Story,6,6,1976,1976,Gable,CompShg,Plywood,Plywood,BrkFace,298.0,TA,TA,CBlock,156.0,0.0,848.0,GasA,TA,Y,SBrkr,1118,912,0,2030,0.0,0.0,2,1,4,1,Gd,8,Typ,1,1976.0,2.0,551.0,Y,0,224,0,0,0,0,0,6,2007,WD ,Normal,195000,0,0,0,0,1,1,5,5,3,3,6,1,1,1,5,,5,1
1651,80,RL,68.0,10395,Pave,IR1,Lvl,AllPub,FR2,Gtl,NWAmes,Norm,Norm,1Fam,SLvl,6,6,1978,1978,Gable,CompShg,HdBoard,HdBoard,BrkFace,233.0,TA,TA,CBlock,605.0,0.0,1032.0,GasA,TA,Y,SBrkr,1032,0,0,1032,0.0,1.0,2,0,3,1,TA,6,Typ,1,1978.0,2.0,564.0,Y,0,0,0,0,0,0,500,7,2007,WD ,Normal,148000,0,0,1,1,1,1,2,5,0,0,6,1,1,1,5,,2,1
1652,20,RL,79.0,11850,Pave,Reg,Lvl,AllPub,FR2,Gtl,NWAmes,Norm,Norm,1Fam,1Story,6,6,1984,1984,Gable,CompShg,Plywood,Plywood,BrkFace,98.0,TA,TA,CBlock,781.0,0.0,1153.0,GasA,TA,Y,SBrkr,1177,0,0,1177,0.0,0.0,2,0,3,1,Gd,6,Typ,0,1984.0,2.0,495.0,Y,204,103,0,0,0,0,0,8,2007,WD ,Normal,151500,0,0,1,0,1,1,2,5,3,0,6,1,1,0,3,,2,1
1653,60,RL,80.0,11584,Pave,Reg,Lvl,AllPub,Inside,Gtl,NWAmes,Norm,Norm,1Fam,SLvl,7,6,1979,1979,Hip,CompShg,HdBoard,HdBoard,BrkFace,96.0,TA,TA,CBlock,315.0,110.0,539.0,GasA,TA,Y,SBrkr,1040,685,0,1725,0.0,0.0,2,1,3,1,TA,6,Typ,1,1979.0,2.0,550.0,Y,0,88,216,0,0,0,0,11,2007,WD ,Normal,197000,0,0,0,0,1,1,5,5,3,2,5,1,1,1,5,,5,1
1654,20,RL,80.0,10400,Pave,Reg,Lvl,AllPub,Inside,Gtl,NWAmes,Norm,Norm,1Fam,1Story,6,5,1979,1999,Gable,CompShg,MetalSd,MetalSd,BrkFace,253.0,TA,TA,CBlock,903.0,0.0,1259.0,GasA,Ex,Y,SBrkr,1353,0,0,1353,1.0,0.0,2,0,2,1,TA,5,Typ,1,1979.0,2.0,478.0,Y,240,141,0,0,0,0,0,8,2007,WD ,Normal,192350,0,0,0,0,1,1,2,5,3,2,6,1,1,1,5,,2,1
1655,60,RL,80.0,10793,Pave,Reg,Lvl,AllPub,Inside,Gtl,NWAmes,RRAn,Norm,1Fam,2Story,5,5,1969,1969,Mansard,CompShg,WdShing,HdBoard,BrkFace,263.0,TA,TA,CBlock,493.0,287.0,780.0,GasA,Ex,Y,SBrkr,780,840,0,1620,0.0,0.0,2,1,4,1,TA,7,Min1,0,1969.0,2.0,462.0,Y,208,0,0,0,0,0,0,4,2007,WD ,Normal,152000,0,0,1,0,1,1,5,5,3,5,1,1,1,0,3,,5,1
1656,20,RL,128.0,13001,Pave,IR1,Lvl,AllPub,Inside,Gtl,NWAmes,PosN,Norm,1Fam,1Story,6,5,1971,1971,Hip,CompShg,HdBoard,HdBoard,BrkFace,176.0,TA,TA,CBlock,492.0,121.0,1625.0,GasA,TA,Y,SBrkr,1220,0,0,1220,0.0,1.0,2,0,2,1,TA,6,Typ,1,1971.0,2.0,944.0,Y,0,0,249,0,0,0,0,9,2007,WD ,Normal,170000,0,0,0,0,1,1,5,5,2,0,1,1,1,1,5,,5,1
1657,20,RL,70.0,12243,Pave,IR1,Lvl,AllPub,Inside,Gtl,NWAmes,Norm,Norm,1Fam,1Story,5,6,1971,1971,Gable,CompShg,Plywood,Plywood,None,0.0,TA,TA,CBlock,998.0,0.0,1484.0,GasA,Gd,Y,SBrkr,1484,0,0,1484,0.0,0.0,2,0,3,1,TA,7,Typ,1,1971.0,2.0,487.0,Y,224,0,0,0,180,0,0,2,2007,WD ,Normal,175000,0,0,0,0,3,1,2,5,0,0,6,1,1,1,5,,2,3
1658,60,RL,90.0,11700,Pave,Reg,Lvl,AllPub,Inside,Gtl,NWAmes,Norm,Norm,1Fam,2Story,6,6,1968,1968,Mansard,CompShg,HdBoard,AsphShn,BrkFace,365.0,Gd,TA,CBlock,384.0,175.0,702.0,GasA,Gd,Y,SBrkr,1041,702,0,1743,0.0,1.0,1,2,3,1,TA,7,Typ,1,1968.0,2.0,539.0,Y,224,0,0,0,0,0,0,6,2007,WD ,Normal,175000,0,0,0,0,1,1,5,5,3,0,5,1,1,1,2,,5,1
1659,60,RL,68.0,12384,Pave,Reg,Lvl,AllPub,CulDSac,Gtl,NWAmes,Norm,Norm,1Fam,2Story,7,7,1976,1976,Gable,CompShg,Plywood,Plywood,BrkFace,233.0,TA,TA,CBlock,0.0,0.0,793.0,GasA,TA,Y,SBrkr,1142,793,0,1935,0.0,0.0,2,1,3,1,TA,7,Typ,1,1976.0,2.0,550.0,Y,0,113,252,0,0,0,0,11,2007,WD ,Normal,197900,0,0,0,0,1,1,2,5,3,6,6,1,1,1,5,,2,1
1660,80,RL,64.0,8991,Pave,IR1,Lvl,AllPub,CulDSac,Gtl,NWAmes,PosN,Norm,1Fam,SLvl,7,6,1976,1976,Gable,CompShg,Plywood,Plywood,Stone,130.0,TA,TA,CBlock,624.0,604.0,1228.0,GasA,TA,Y,SBrkr,1324,0,0,1324,0.0,1.0,2,0,3,1,Gd,5,Typ,1,1976.0,2.0,585.0,Y,407,36,0,0,0,0,0,2,2007,WD ,Normal,174000,0,0,0,0,4,1,2,5,1,2,5,1,1,1,1,,2,4
1661,60,RL,80.0,8000,Pave,Reg,Lvl,AllPub,Inside,Gtl,NWAmes,PosN,Norm,1Fam,2Story,6,6,1974,1974,Gable,CompShg,HdBoard,HdBoard,None,0.0,TA,TA,CBlock,931.0,153.0,1084.0,GasA,TA,Y,SBrkr,1084,793,0,1877,1.0,0.0,2,1,4,1,TA,8,Typ,1,1974.0,2.0,488.0,Y,0,96,0,0,0,0,0,11,2007,WD ,Normal,178900,0,0,0,0,3,1,5,5,3,0,3,1,1,1,5,,5,3
1662,80,RL,70.0,10500,Pave,Reg,Lvl,AllPub,FR2,Gtl,NAmes,Norm,Norm,1Fam,SLvl,5,7,1971,2005,Gambrel,CompShg,MetalSd,AsphShn,BrkFace,82.0,TA,TA,CBlock,349.0,0.0,372.0,GasA,TA,Y,SBrkr,576,533,0,1109,0.0,1.0,1,0,3,1,TA,5,Typ,0,1971.0,1.0,288.0,Y,35,0,0,0,0,0,0,12,2007,WD ,Normal,139000,0,0,1,0,1,1,5,5,0,0,6,1,3,0,3,,5,1
1663,20,RL,68.0,10530,Pave,IR1,Lvl,AllPub,Corner,Gtl,NAmes,Norm,Norm,1Fam,1Story,6,5,1971,1971,Hip,CompShg,Plywood,Plywood,None,0.0,TA,TA,CBlock,282.0,35.0,981.0,GasA,TA,Y,SBrkr,981,0,0,981,1.0,0.0,1,1,3,1,TA,5,Typ,0,1979.0,2.0,576.0,Y,0,312,40,0,0,0,0,3,2007,WD ,Normal,143250,0,0,0,0,3,1,5,5,3,0,3,1,5,0,3,,5,3
1664,60,RL,68.0,7472,Pave,IR1,Lvl,AllPub,CulDSac,Gtl,NAmes,Norm,Norm,1Fam,2Story,7,9,1972,2004,Gable,CompShg,HdBoard,HdBoard,BrkFace,138.0,TA,TA,CBlock,626.0,0.0,725.0,GasA,Gd,Y,SBrkr,725,754,0,1479,1.0,0.0,1,1,4,1,Gd,7,Typ,0,1972.0,2.0,484.0,Y,0,32,0,0,0,0,0,6,2007,WD ,Normal,184000,0,0,0,0,1,1,5,5,3,0,6,1,1,0,3,,5,1
1665,20,RL,63.0,9457,Pave,Reg,Lvl,AllPub,Inside,Gtl,NAmes,Norm,Norm,1Fam,1Story,5,6,1970,1990,Gable,CompShg,MetalSd,MetalSd,None,0.0,TA,TA,CBlock,566.0,0.0,925.0,GasA,TA,Y,SBrkr,1422,0,0,1422,1.0,0.0,1,0,3,1,TA,7,Min2,0,1988.0,2.0,576.0,Y,252,0,0,0,0,0,0,9,2007,WD ,Normal,155000,0,0,1,0,3,1,5,5,3,0,6,1,5,0,3,,5,3
1666,20,RL,66.0,7920,Pave,Reg,Lvl,AllPub,Inside,Gtl,NAmes,Norm,Norm,1Fam,1Story,5,5,1970,2002,Gable,CompShg,HdBoard,HdBoard,BrkFace,32.0,TA,TA,CBlock,81.0,619.0,914.0,GasA,Ex,Y,SBrkr,914,0,0,914,0.0,0.0,1,0,3,1,Ex,5,Typ,0,1970.0,1.0,368.0,Y,120,0,0,0,0,0,0,10,2007,WD ,Normal,133000,0,0,0,0,1,1,5,5,3,0,2,1,1,0,3,,5,1
1667,20,RL,61.0,9758,Pave,IR1,Lvl,AllPub,Inside,Gtl,NAmes,Norm,Norm,1Fam,1Story,5,5,1971,1971,Gable,CompShg,HdBoard,MetalSd,None,0.0,TA,TA,CBlock,412.0,287.0,950.0,GasA,TA,Y,SBrkr,950,0,0,950,0.0,0.0,1,0,3,1,TA,5,Typ,0,1981.0,1.0,280.0,Y,0,0,0,0,0,0,0,7,2007,WD ,Normal,119500,0,0,0,0,3,1,5,5,3,1,3,1,5,0,3,,5,3
1668,20,RL,70.0,8294,Pave,Reg,Lvl,AllPub,Inside,Gtl,NAmes,Norm,Norm,1Fam,1Story,4,5,1971,1971,Gable,CompShg,MetalSd,MetalSd,None,0.0,TA,TA,CBlock,0.0,0.0,858.0,GasA,TA,Y,SBrkr,872,0,0,872,0.0,0.0,1,0,3,1,TA,5,Typ,0,1974.0,4.0,480.0,Y,0,0,0,0,0,0,0,6,2007,WD ,Normal,123000,0,0,1,0,3,1,5,5,3,6,6,1,5,0,3,,5,3
1669,20,RL,68.0,7340,Pave,IR1,Lvl,AllPub,Inside,Gtl,NAmes,Norm,Norm,1Fam,1Story,4,6,1971,1971,Gable,CompShg,HdBoard,HdBoard,None,0.0,TA,TA,CBlock,322.0,0.0,858.0,GasA,TA,Y,SBrkr,858,0,0,858,0.0,0.0,1,0,2,1,TA,4,Typ,0,1979.0,1.0,684.0,Y,0,0,0,0,0,0,0,6,2007,WD ,Normal,110000,0,0,0,0,3,1,5,5,3,0,6,1,5,0,3,,5,3
1670,20,RL,68.0,17199,Pave,Reg,Lvl,AllPub,FR2,Gtl,NAmes,Norm,Norm,1Fam,1Story,4,7,1961,1961,Gable,CompShg,MetalSd,MetalSd,None,0.0,TA,Gd,BrkTil,314.0,0.0,914.0,GasA,Ex,Y,SBrkr,914,0,0,914,0.0,0.0,1,0,2,1,TA,4,Typ,0,1961.0,1.0,270.0,Y,140,0,0,0,0,0,0,7,2007,WD ,Normal,128000,0,0,1,0,3,1,5,5,3,0,6,1,2,0,3,,5,3
1671,20,RL,60.0,9000,Pave,Reg,Lvl,AllPub,FR2,Gtl,NAmes,Norm,Norm,1Fam,1Story,4,6,1971,1971,Gable,CompShg,HdBoard,HdBoard,None,0.0,TA,TA,PConc,616.0,0.0,864.0,GasA,TA,Y,SBrkr,864,0,0,864,0.0,0.0,1,0,3,1,TA,5,Typ,0,1974.0,2.0,528.0,Y,0,0,0,0,0,0,0,5,2007,WD ,Normal,120500,0,0,1,0,3,1,5,5,3,0,6,1,5,0,3,,5,3
1672,120,RH,34.0,4058,Pave,Reg,Lvl,AllPub,Inside,Gtl,NAmes,Norm,Norm,TwnhsE,SFoyer,7,5,1998,1998,Gable,CompShg,MetalSd,MetalSd,BrkFace,182.0,TA,TA,PConc,584.0,139.0,723.0,GasA,Ex,Y,SBrkr,767,0,0,767,1.0,0.0,1,0,1,1,TA,4,Typ,0,1998.0,1.0,367.0,Y,120,40,0,0,0,0,0,6,2007,WD ,Normal,133000,0,0,0,0,1,1,2,5,0,2,3,1,1,0,3,,2,1
1673,120,RH,33.0,4113,Pave,IR1,Lvl,AllPub,Inside,Gtl,NAmes,Norm,Norm,TwnhsE,1Story,6,5,2001,2001,Gable,CompShg,MetalSd,MetalSd,None,0.0,Gd,TA,PConc,0.0,0.0,1337.0,GasA,Ex,Y,SBrkr,1337,0,0,1337,0.0,0.0,2,0,2,1,Gd,5,Typ,1,2001.0,2.0,511.0,Y,136,68,0,0,0,0,0,7,2007,WD ,Normal,155000,0,0,0,0,3,1,2,5,2,6,6,1,1,1,5,,2,3
1674,120,RH,26.0,10943,Pave,IR2,Lvl,AllPub,FR2,Gtl,NAmes,Norm,Norm,TwnhsE,1Story,6,5,1997,1998,Gable,CompShg,MetalSd,MetalSd,None,0.0,Gd,TA,PConc,930.0,0.0,1405.0,GasA,Ex,Y,SBrkr,1337,0,0,1337,1.0,0.0,2,0,2,1,Gd,5,Typ,1,1997.0,2.0,522.0,Y,0,68,0,0,0,0,0,10,2007,WD ,Normal,177000,0,0,0,0,3,1,2,5,3,2,6,1,1,1,5,,2,3
1675,160,RM,21.0,2205,Pave,Reg,Lvl,AllPub,Inside,Gtl,BrDale,Norm,Norm,Twnhs,2Story,6,6,1973,1973,Gable,CompShg,HdBoard,HdBoard,BrkFace,567.0,TA,TA,CBlock,312.0,0.0,525.0,GasA,TA,Y,SBrkr,525,567,0,1092,0.0,0.0,1,1,3,1,TA,6,Typ,0,1973.0,1.0,264.0,Y,144,0,0,0,0,0,0,2,2007,WD ,Normal,113500,0,0,0,0,1,1,5,5,3,0,6,1,5,0,3,,5,1
1676,160,RM,21.0,1890,Pave,Reg,Lvl,AllPub,Inside,Gtl,BrDale,Norm,Norm,Twnhs,2Story,6,5,1973,1973,Gable,CompShg,HdBoard,HdBoard,BrkFace,285.0,TA,TA,CBlock,356.0,0.0,672.0,GasA,TA,Y,SBrkr,672,546,0,1218,0.0,0.0,1,1,3,1,TA,7,Typ,0,1973.0,1.0,264.0,Y,144,28,0,0,0,0,0,5,2007,WD ,Normal,113000,0,0,0,0,1,1,5,5,3,1,6,1,5,0,3,,5,1
1677,160,RM,21.0,2058,Pave,Reg,Lvl,AllPub,Inside,Gtl,BrDale,Norm,Norm,Twnhs,2Story,6,5,1973,1973,Gable,CompShg,HdBoard,HdBoard,BrkFace,265.0,TA,TA,CBlock,0.0,0.0,672.0,GasA,Ex,Y,SBrkr,672,546,0,1218,0.0,0.0,1,1,4,1,Ex,7,Typ,0,1973.0,1.0,264.0,Y,0,28,0,0,0,0,0,12,2007,WD ,Normal,113700,0,0,0,0,1,1,5,5,3,6,6,1,5,0,3,,5,1
1678,160,RM,24.0,2016,Pave,Reg,Lvl,AllPub,Inside,Gtl,BrDale,Norm,Norm,TwnhsE,2Story,5,5,1970,1970,Gable,CompShg,HdBoard,HdBoard,BrkFace,304.0,TA,TA,CBlock,0.0,0.0,630.0,GasA,TA,Y,SBrkr,630,672,0,1302,0.0,0.0,2,1,3,1,TA,6,Typ,0,1970.0,2.0,440.0,Y,0,0,0,0,0,0,0,4,2007,WD ,Normal,106000,0,0,0,0,1,1,5,5,3,6,6,1,5,0,3,,5,1
1679,160,RM,24.0,1920,Pave,Reg,Lvl,AllPub,Inside,Gtl,BrDale,Norm,Norm,TwnhsE,2Story,5,5,1971,1971,Gable,CompShg,HdBoard,HdBoard,BrkFace,376.0,TA,TA,CBlock,471.0,0.0,765.0,GasA,Ex,Y,SBrkr,765,600,0,1365,1.0,0.0,1,1,2,1,TA,6,Min1,0,1971.0,2.0,440.0,Y,240,36,0,0,0,0,0,8,2007,WD ,Normal,122500,0,0,0,0,1,1,5,5,3,0,6,1,5,0,3,,5,1
1680,120,RL,68.0,4928,Pave,IR1,Lvl,AllPub,Inside,Gtl,NPkVill,Norm,Norm,TwnhsE,1Story,6,5,1976,1976,Gable,CompShg,Plywood,Plywood,None,0.0,TA,TA,CBlock,120.0,0.0,1078.0,GasA,TA,Y,SBrkr,958,0,0,958,0.0,0.0,2,0,2,1,TA,5,Typ,1,1977.0,2.0,440.0,Y,0,205,0,0,0,0,0,2,2007,WD ,Normal,128000,0,0,0,0,3,1,2,5,3,0,6,1,1,1,5,,2,3
1681,160,RL,24.0,2308,Pave,Reg,Lvl,AllPub,Corner,Gtl,NPkVill,Norm,Norm,TwnhsE,2Story,6,6,1976,1976,Gable,CompShg,Plywood,Brk Cmn,None,0.0,TA,TA,CBlock,556.0,0.0,804.0,GasA,TA,Y,SBrkr,804,744,0,1548,1.0,0.0,2,1,3,1,Gd,7,Typ,1,1976.0,2.0,440.0,Y,48,0,0,0,0,0,0,7,2007,WD ,Normal,155000,0,0,0,0,3,1,2,5,3,0,6,1,5,1,5,,2,3
1682,120,RL,24.0,2304,Pave,Reg,Lvl,AllPub,Inside,Gtl,NPkVill,Norm,Norm,Twnhs,1Story,7,7,1978,1978,Gable,CompShg,Plywood,Brk Cmn,None,0.0,TA,TA,CBlock,632.0,6.0,1061.0,GasA,TA,Y,SBrkr,1055,0,0,1055,0.0,0.0,2,0,2,1,TA,4,Typ,0,1978.0,1.0,319.0,Y,108,32,0,0,0,0,0,4,2007,WD ,Normal,142500,0,0,0,0,3,1,2,5,3,2,6,1,1,0,3,,2,3
1683,20,RL,65.0,7150,Pave,Reg,Lvl,AllPub,Inside,Gtl,NAmes,Norm,Norm,1Fam,1Story,5,6,1966,1966,Hip,CompShg,HdBoard,HdBoard,BrkFace,52.0,TA,TA,CBlock,725.0,0.0,988.0,GasA,TA,Y,SBrkr,988,0,0,988,1.0,0.0,1,0,3,1,TA,5,Typ,0,1974.0,1.0,360.0,Y,0,0,0,0,0,0,0,11,2007,WD ,Normal,129250,0,0,0,0,1,1,5,5,3,1,6,1,5,0,3,,5,1
1684,20,RL,96.0,12469,Pave,Reg,Lvl,AllPub,FR2,Gtl,NridgHt,Norm,Norm,1Fam,1Story,9,5,2006,2007,Hip,CompShg,VinylSd,VinylSd,Stone,378.0,Ex,TA,PConc,1151.0,0.0,1790.0,GasA,Ex,Y,SBrkr,1816,0,0,1816,1.0,0.0,2,0,3,1,Ex,7,Typ,1,2007.0,3.0,730.0,Y,186,36,0,0,0,0,0,8,2007,New,Partial,356000,0,0,0,0,4,1,0,5,1,2,6,1,1,1,2,,0,4
1685,20,RL,90.0,11694,Pave,Reg,Lvl,AllPub,Inside,Gtl,NridgHt,Norm,Norm,1Fam,1Story,9,5,2007,2007,Hip,CompShg,CemntBd,CmentBd,BrkFace,452.0,Ex,TA,PConc,48.0,0.0,1822.0,GasA,Ex,Y,SBrkr,1828,0,0,1828,0.0,0.0,2,0,3,1,Gd,9,Typ,1,2007.0,3.0,774.0,Y,0,108,0,0,260,0,0,7,2007,New,Partial,314813,0,0,0,0,1,1,0,5,0,2,6,1,1,1,2,,0,1
1686,20,RL,93.0,12030,Pave,Reg,Lvl,AllPub,Inside,Gtl,NridgHt,Norm,Norm,1Fam,1Story,8,5,2007,2007,Hip,CompShg,VinylSd,VinylSd,BrkFace,254.0,Ex,TA,PConc,0.0,0.0,1694.0,GasA,Ex,Y,SBrkr,1694,0,0,1694,0.0,0.0,2,0,3,1,Gd,7,Typ,0,2007.0,3.0,818.0,Y,168,228,0,0,0,0,0,12,2007,New,Partial,318000,0,0,0,0,1,1,0,5,3,6,6,1,1,0,3,,0,1
1687,20,RL,91.0,11825,Pave,Reg,Lvl,AllPub,Inside,Gtl,NridgHt,Norm,Norm,1Fam,1Story,8,5,2006,2007,Gable,CompShg,CemntBd,CmentBd,Stone,302.0,Gd,TA,PConc,0.0,0.0,1694.0,GasA,Ex,Y,SBrkr,1694,0,0,1694,0.0,0.0,2,0,3,1,Gd,7,Typ,1,2006.0,3.0,856.0,Y,0,112,0,0,0,0,0,6,2007,New,Partial,322400,0,0,0,0,4,1,0,5,2,6,6,1,1,1,2,,0,4
1688,20,RL,93.0,12085,Pave,Reg,Lvl,AllPub,Inside,Gtl,NridgHt,Norm,Norm,1Fam,1Story,8,5,2007,2007,Hip,CompShg,VinylSd,VinylSd,Stone,328.0,Gd,TA,PConc,1004.0,0.0,1734.0,GasA,Ex,Y,SBrkr,1734,0,0,1734,1.0,0.0,2,0,3,1,Ex,7,Typ,1,2007.0,3.0,928.0,Y,0,0,0,0,0,0,0,11,2007,New,Partial,318000,0,0,0,0,4,1,0,5,3,2,6,1,1,1,2,,0,4
1689,20,RL,110.0,14333,Pave,Reg,Lvl,AllPub,Corner,Gtl,NridgHt,Norm,Norm,1Fam,1Story,8,5,2007,2007,Gable,CompShg,VinylSd,VinylSd,None,0.0,Gd,TA,PConc,1518.0,0.0,2108.0,GasA,Ex,Y,SBrkr,2122,0,0,2122,1.0,0.0,2,1,2,1,Gd,7,Typ,1,2007.0,3.0,938.0,Y,130,142,0,0,0,0,0,11,2007,New,Partial,345474,0,0,0,0,3,1,2,5,1,2,6,1,1,1,0,,2,3
1690,20,RL,107.0,14450,Pave,Reg,Lvl,AllPub,Inside,Gtl,NridgHt,Norm,Norm,1Fam,1Story,9,5,2006,2007,Gable,CompShg,CemntBd,CmentBd,BrkFace,315.0,Ex,TA,PConc,0.0,0.0,2121.0,GasA,Ex,Y,SBrkr,2121,0,0,2121,0.0,0.0,2,1,3,1,Ex,8,Typ,1,2007.0,3.0,732.0,Y,124,98,0,0,142,0,0,5,2007,New,Partial,415298,0,0,0,0,1,1,0,5,1,6,6,1,1,1,0,,0,1
1691,60,RL,107.0,13641,Pave,Reg,Lvl,AllPub,Inside,Gtl,NridgHt,Norm,Norm,1Fam,2Story,9,5,2007,2007,Hip,CompShg,CemntBd,CmentBd,BrkFace,456.0,Ex,TA,PConc,1304.0,0.0,1934.0,GasA,Ex,Y,SBrkr,1943,713,0,2656,1.0,0.0,2,1,3,1,Ex,8,Typ,1,2007.0,3.0,1040.0,Y,268,58,0,0,0,0,0,12,2007,New,Partial,492000,0,0,0,0,1,1,0,5,1,2,6,1,1,1,2,,0,1
1692,60,RL,110.0,13440,Pave,Reg,Lvl,AllPub,Inside,Gtl,NridgHt,Norm,Norm,1Fam,2Story,8,5,2006,2007,Hip,CompShg,VinylSd,VinylSd,BrkFace,190.0,Gd,TA,PConc,0.0,0.0,1108.0,GasA,Ex,Y,SBrkr,1148,1402,0,2550,0.0,0.0,2,1,4,1,Ex,11,Typ,1,2006.0,3.0,670.0,Y,120,39,0,0,0,0,0,3,2007,New,Partial,338931,0,0,0,0,1,1,0,5,3,6,6,1,3,1,2,,0,1
1693,20,RL,105.0,15431,Pave,Reg,Lvl,AllPub,Inside,Gtl,NridgHt,Norm,Norm,1Fam,1Story,10,5,2005,2006,Hip,CompShg,VinylSd,VinylSd,BrkFace,400.0,Ex,TA,PConc,1430.0,0.0,1994.0,GasA,Ex,Y,SBrkr,2046,0,0,2046,1.0,0.0,2,1,2,1,Ex,7,Typ,2,2005.0,3.0,878.0,Y,188,65,0,0,175,0,0,8,2007,WD ,Normal,450000,0,0,0,0,1,1,0,5,1,2,6,1,1,1,2,,0,1
1694,60,RL,109.0,14154,Pave,Reg,Lvl,AllPub,Corner,Gtl,NridgHt,Norm,Norm,1Fam,2Story,7,5,2006,2006,Gable,CompShg,VinylSd,VinylSd,BrkFace,350.0,Gd,TA,PConc,0.0,0.0,1063.0,GasA,Ex,Y,SBrkr,1071,1101,0,2172,0.0,0.0,2,1,3,1,Gd,9,Typ,1,2006.0,3.0,947.0,Y,192,62,0,0,0,0,0,8,2007,New,Partial,280000,0,0,0,0,1,1,0,2,3,6,6,1,1,1,2,,0,1
1695,20,RL,107.0,13891,Pave,Reg,Lvl,AllPub,Inside,Gtl,NridgHt,Norm,Norm,1Fam,1Story,9,5,2007,2007,Hip,CompShg,VinylSd,VinylSd,Stone,456.0,Ex,TA,PConc,1812.0,0.0,2552.0,GasA,Ex,Y,SBrkr,2552,0,0,2552,1.0,0.0,2,0,3,1,Ex,8,Typ,2,2007.0,3.0,932.0,Y,130,28,0,0,0,0,0,10,2007,New,Partial,479069,0,0,0,0,4,1,0,5,1,2,6,1,1,1,0,,0,4
1696,20,RL,110.0,14226,Pave,Reg,Lvl,AllPub,Corner,Gtl,NridgHt,Norm,Norm,1Fam,1Story,8,5,2006,2006,Hip,CompShg,VinylSd,VinylSd,BrkFace,375.0,Gd,TA,PConc,0.0,0.0,1935.0,GasA,Gd,Y,SBrkr,1973,0,0,1973,0.0,0.0,2,0,3,1,Gd,9,Typ,1,2006.0,3.0,895.0,Y,315,45,0,0,0,0,0,7,2007,New,Partial,395000,0,0,0,0,1,1,2,5,0,6,6,1,1,1,2,,2,1
1697,60,RL,105.0,13693,Pave,Reg,Lvl,AllPub,Inside,Gtl,NridgHt,Norm,Norm,1Fam,2Story,9,5,2006,2006,Hip,CompShg,VinylSd,VinylSd,BrkFace,772.0,Ex,TA,PConc,0.0,0.0,2153.0,GasA,Ex,Y,SBrkr,2069,574,0,2643,0.0,0.0,2,1,3,1,Ex,9,Typ,1,2006.0,3.0,694.0,Y,414,84,0,0,0,0,0,3,2007,WD ,Normal,380000,0,0,0,0,1,1,2,5,0,6,6,1,3,1,2,,2,1
1698,20,RL,98.0,11428,Pave,IR1,Lvl,AllPub,Inside,Gtl,NridgHt,Norm,Norm,1Fam,1Story,8,5,2006,2006,Gable,CompShg,VinylSd,VinylSd,Stone,248.0,Gd,TA,PConc,0.0,0.0,1626.0,GasA,Ex,Y,SBrkr,1634,0,0,1634,0.0,0.0,2,0,3,1,Gd,7,Typ,1,2006.0,3.0,866.0,Y,0,44,0,0,0,0,0,5,2007,WD ,Normal,250000,0,0,0,0,4,1,2,5,3,6,6,1,1,1,2,,2,4
1699,20,RL,110.0,14977,Pave,IR1,Lvl,AllPub,Inside,Gtl,NridgHt,Norm,Norm,1Fam,1Story,8,5,2006,2007,Gable,CompShg,VinylSd,VinylSd,BrkFace,304.0,Gd,TA,PConc,1350.0,0.0,1976.0,GasA,Ex,Y,SBrkr,1976,0,0,1976,1.0,0.0,2,0,2,1,Gd,7,Typ,1,2006.0,3.0,908.0,Y,250,63,0,0,0,0,0,7,2007,New,Partial,440000,0,0,0,0,1,1,0,5,1,2,6,1,1,1,0,,0,1
1700,60,RL,118.0,13654,Pave,IR1,Lvl,AllPub,CulDSac,Gtl,NridgHt,Norm,Norm,1Fam,2Story,9,5,2005,2006,Gable,CompShg,MetalSd,MetalSd,BrkFace,365.0,Gd,TA,PConc,0.0,0.0,1704.0,GasA,Ex,Y,SBrkr,1722,1036,0,2758,0.0,0.0,2,1,4,1,Ex,9,Typ,1,2005.0,3.0,814.0,Y,282,55,0,0,0,0,0,5,2007,WD ,Normal,418000,0,0,0,0,1,1,0,5,1,6,6,1,3,1,0,,0,1
1701,20,RL,59.0,17169,Pave,IR2,Lvl,AllPub,CulDSac,Gtl,NridgHt,Norm,Norm,1Fam,1Story,10,5,2007,2007,Hip,CompShg,CemntBd,CmentBd,BrkFace,970.0,Ex,TA,PConc,1684.0,0.0,2320.0,GasA,Ex,Y,SBrkr,2290,0,0,2290,2.0,0.0,2,1,2,1,Ex,7,Typ,1,2007.0,3.0,1174.0,Y,192,30,0,0,0,0,0,8,2007,New,Partial,500067,0,0,0,0,1,1,0,5,0,2,6,1,1,1,2,,0,1
1702,60,RL,134.0,16659,Pave,IR1,Lvl,AllPub,Corner,Gtl,NridgHt,Norm,Norm,1Fam,2Story,8,5,2007,2008,Gable,CompShg,VinylSd,VinylSd,None,0.0,Gd,TA,PConc,0.0,0.0,1582.0,GasA,Ex,Y,SBrkr,1582,570,0,2152,0.0,0.0,2,1,3,1,Gd,7,Typ,1,2007.0,2.0,728.0,Y,0,368,0,0,0,0,0,6,2007,New,Partial,260116,0,0,0,0,3,1,2,5,3,6,6,1,5,1,2,,2,3
1703,60,RL,76.0,9591,Pave,Reg,Lvl,AllPub,Inside,Gtl,NridgHt,Norm,Norm,1Fam,2Story,8,5,2004,2005,Gable,CompShg,VinylSd,VinylSd,BrkFace,344.0,Gd,TA,PConc,0.0,0.0,1143.0,GasA,Ex,Y,SBrkr,1143,1330,0,2473,0.0,0.0,2,1,4,1,Gd,9,Typ,1,2004.0,3.0,852.0,Y,192,151,0,0,0,0,0,10,2007,WD ,Normal,317000,0,0,0,0,1,1,0,5,0,6,6,1,3,1,2,,0,1
1704,60,RL,82.0,9709,Pave,IR1,Lvl,AllPub,Inside,Gtl,NridgHt,Norm,Norm,1Fam,2Story,8,5,2007,2007,Gable,CompShg,VinylSd,VinylSd,Stone,120.0,Ex,TA,PConc,778.0,0.0,918.0,GasA,Ex,Y,SBrkr,958,1142,0,2100,1.0,0.0,2,1,3,1,Ex,8,Typ,2,2007.0,3.0,786.0,Y,172,104,0,0,0,0,0,9,2007,New,Partial,319500,0,0,0,0,4,1,0,5,1,2,6,1,3,1,2,,0,4
1705,60,RL,86.0,10562,Pave,Reg,Lvl,AllPub,Inside,Gtl,NridgHt,Norm,Norm,1Fam,2Story,8,5,2007,2007,Gable,CompShg,VinylSd,VinylSd,Stone,300.0,Gd,TA,PConc,1288.0,0.0,1582.0,GasA,Ex,Y,SBrkr,1610,551,0,2161,1.0,0.0,1,1,3,1,Ex,8,Typ,1,2007.0,3.0,789.0,Y,178,120,0,0,0,0,0,11,2007,New,Partial,325624,0,0,0,0,4,1,0,5,3,2,6,1,1,1,2,,0,4
1706,20,RL,94.0,13615,Pave,IR1,HLS,AllPub,Corner,Mod,NridgHt,Norm,Norm,1Fam,1Story,9,5,2006,2006,Hip,CompShg,MetalSd,MetalSd,Stone,510.0,Ex,TA,PConc,0.0,0.0,1802.0,GasA,Ex,Y,SBrkr,1802,0,0,1802,0.0,0.0,2,1,3,1,Ex,7,Typ,1,2006.0,3.0,843.0,Y,158,105,0,0,0,0,0,6,2007,WD ,Normal,372000,0,0,0,0,4,1,0,5,1,6,6,1,1,1,2,,0,4
1707,60,RL,99.0,13069,Pave,IR1,Lvl,AllPub,Inside,Gtl,NridgHt,Norm,Norm,1Fam,2Story,8,5,2004,2004,Gable,CompShg,VinylSd,VinylSd,BrkFace,502.0,Gd,TA,PConc,0.0,0.0,1706.0,GasA,Ex,Y,SBrkr,1718,1238,0,2956,0.0,0.0,2,1,5,1,Ex,11,Typ,1,2004.0,3.0,916.0,Y,194,50,0,0,0,0,0,8,2007,WD ,Normal,342000,0,0,0,0,1,1,2,5,0,6,6,1,3,1,0,,2,1
1708,60,RL,99.0,12099,Pave,IR1,Lvl,AllPub,Inside,Gtl,NridgHt,Norm,Norm,1Fam,2Story,8,5,2004,2004,Gable,CompShg,VinylSd,VinylSd,BrkFace,388.0,Gd,TA,PConc,970.0,0.0,1136.0,GasA,Ex,Y,SBrkr,1136,1332,0,2468,1.0,0.0,2,1,4,1,Gd,10,Typ,1,2004.0,3.0,872.0,Y,184,154,0,0,0,0,0,6,2007,WD ,Normal,354000,0,0,0,0,1,1,0,5,0,2,6,1,3,1,2,,0,1
1709,60,RL,110.0,14277,Pave,Reg,Lvl,AllPub,Inside,Gtl,NridgHt,Norm,Norm,1Fam,2Story,8,5,2003,2003,Gable,CompShg,VinylSd,VinylSd,BrkFace,280.0,Gd,TA,PConc,938.0,0.0,1317.0,GasA,Ex,Y,SBrkr,1217,1168,0,2385,1.0,0.0,2,1,3,1,Gd,7,Typ,1,2003.0,3.0,818.0,Y,192,228,0,0,0,0,0,1,2007,WD ,Normal,350000,0,0,0,0,1,1,0,5,2,2,6,1,1,1,2,,0,1
1710,60,RL,93.0,11999,Pave,Reg,Lvl,AllPub,Inside,Gtl,NridgHt,Norm,Norm,1Fam,2Story,8,5,2003,2004,Hip,CompShg,VinylSd,VinylSd,BrkFace,340.0,Gd,TA,PConc,0.0,0.0,1181.0,GasA,Ex,Y,SBrkr,1234,1140,0,2374,0.0,0.0,2,1,4,1,Ex,10,Typ,1,2003.0,3.0,656.0,Y,104,100,0,0,0,0,0,5,2007,WD ,Normal,285000,0,0,0,0,1,1,2,5,3,6,6,1,3,1,2,,2,1
1711,60,RL,68.0,12568,Pave,Reg,Lvl,AllPub,Inside,Gtl,NridgHt,Norm,Norm,1Fam,2Story,8,5,2007,2007,Hip,CompShg,VinylSd,VinylSd,Stone,246.0,Gd,TA,PConc,669.0,0.0,895.0,GasA,Ex,Y,SBrkr,895,923,0,1818,1.0,0.0,2,1,3,1,Ex,8,Typ,1,2007.0,3.0,774.0,Y,196,104,0,0,0,0,0,8,2007,New,Partial,281500,0,0,0,0,4,1,0,5,0,2,6,1,1,1,2,,0,4
1712,20,RL,70.0,9926,Pave,IR1,Lvl,AllPub,Inside,Gtl,NridgHt,Norm,Norm,1Fam,1Story,7,5,2005,2006,Gable,CompShg,VinylSd,VinylSd,BrkFace,210.0,Gd,TA,PConc,1178.0,0.0,1614.0,GasA,Ex,Y,SBrkr,1614,0,0,1614,1.0,0.0,2,0,3,1,Gd,7,Typ,0,2005.0,3.0,878.0,Y,100,38,0,0,0,0,0,5,2007,WD ,Normal,245700,0,0,0,0,1,1,2,5,2,2,6,1,1,0,3,,2,1
1713,20,RL,71.0,9254,Pave,IR1,Lvl,AllPub,Inside,Gtl,NridgHt,Norm,Norm,1Fam,1Story,8,5,2005,2005,Gable,CompShg,VinylSd,VinylSd,BrkFace,210.0,Gd,TA,PConc,119.0,0.0,1721.0,GasA,Ex,Y,SBrkr,1721,0,0,1721,1.0,0.0,2,0,3,1,Gd,7,Typ,0,2005.0,2.0,554.0,Y,168,27,0,0,0,0,0,1,2007,WD ,Normal,232698,0,0,0,0,1,1,2,5,3,2,6,1,1,0,3,,2,1
1714,60,RL,92.0,10732,Pave,IR1,Lvl,AllPub,Corner,Gtl,NridgHt,Norm,Norm,1Fam,2Story,8,5,2006,2007,Gable,CompShg,VinylSd,VinylSd,None,0.0,Gd,TA,PConc,0.0,0.0,1298.0,GasA,Ex,Y,SBrkr,1298,530,0,1828,0.0,0.0,2,1,3,1,Gd,7,Typ,0,2006.0,3.0,876.0,Y,0,40,0,0,0,0,0,2,2007,New,Partial,250000,0,0,0,0,3,1,2,5,3,6,6,1,3,0,3,,2,3
1715,120,RL,61.0,7577,Pave,IR1,Lvl,AllPub,Corner,Gtl,NridgHt,Norm,Norm,TwnhsE,1Story,6,5,2005,2006,Gable,CompShg,VinylSd,VinylSd,Stone,256.0,Gd,TA,PConc,20.0,0.0,1362.0,GasA,Ex,Y,SBrkr,1362,0,0,1362,0.0,0.0,2,0,2,1,Gd,6,Typ,1,2005.0,2.0,460.0,Y,192,28,0,0,0,0,0,6,2007,WD ,Normal,194700,0,0,0,0,4,1,2,5,0,0,6,1,1,1,2,,2,4
1716,120,RL,34.0,3901,Pave,Reg,Lvl,AllPub,Inside,Gtl,NridgHt,Norm,Norm,Twnhs,1Story,6,5,2005,2006,Gable,CompShg,VinylSd,VinylSd,Stone,182.0,Gd,TA,PConc,866.0,0.0,1302.0,GasA,Ex,Y,SBrkr,1302,0,0,1302,1.0,0.0,1,1,1,1,Gd,5,Typ,1,2005.0,2.0,631.0,Y,110,50,0,0,0,0,0,8,2007,New,Partial,204000,0,0,0,0,4,1,2,5,0,0,6,1,1,1,2,,2,4
1717,120,RL,34.0,3903,Pave,Reg,Lvl,AllPub,Inside,Gtl,NridgHt,Norm,Norm,Twnhs,1Story,6,5,2005,2006,Gable,CompShg,VinylSd,VinylSd,Stone,182.0,Gd,TA,PConc,1030.0,0.0,1302.0,GasA,Ex,Y,SBrkr,1302,0,0,1302,1.0,0.0,1,1,1,1,Gd,5,Typ,1,2005.0,2.0,631.0,Y,110,50,0,0,0,0,0,5,2007,WD ,Normal,200000,0,0,0,0,4,1,2,5,0,0,6,1,1,1,2,,2,4
1718,120,RL,41.0,6289,Pave,IR1,Lvl,AllPub,Inside,Gtl,NridgHt,Norm,Norm,TwnhsE,1Story,6,5,2005,2006,Gable,CompShg,VinylSd,VinylSd,Stone,256.0,Gd,TA,PConc,762.0,0.0,1362.0,GasA,Ex,Y,SBrkr,1362,0,0,1362,1.0,0.0,2,0,2,1,Gd,6,Typ,1,2005.0,2.0,460.0,Y,192,28,0,0,0,0,0,6,2007,WD ,Normal,207000,0,0,0,0,4,1,2,5,0,0,6,1,1,1,2,,2,4
1719,120,RL,34.0,4590,Pave,Reg,Lvl,AllPub,Inside,Gtl,NridgHt,Norm,Norm,Twnhs,1Story,8,5,2006,2006,Gable,CompShg,VinylSd,VinylSd,Stone,108.0,Gd,TA,PConc,24.0,0.0,1554.0,GasA,Ex,Y,SBrkr,1554,0,0,1554,0.0,0.0,2,0,2,1,Gd,6,Typ,1,2006.0,2.0,627.0,Y,156,73,0,0,0,0,0,8,2007,WD ,Normal,209500,0,0,0,0,4,1,2,2,2,2,6,1,1,1,2,,2,4
1720,120,RL,34.0,4590,Pave,Reg,Lvl,AllPub,Inside,Gtl,NridgHt,Norm,Norm,Twnhs,1Story,8,5,2006,2006,Gable,CompShg,VinylSd,VinylSd,Stone,108.0,Gd,TA,PConc,24.0,0.0,1554.0,GasA,Ex,Y,SBrkr,1554,0,0,1554,0.0,0.0,2,0,2,1,Gd,6,Typ,1,2006.0,2.0,627.0,Y,156,73,0,0,0,0,0,5,2007,CWD,Normal,209500,0,0,0,0,4,1,2,2,2,2,6,1,1,1,2,,2,4
1721,120,RL,44.0,6442,Pave,IR1,Lvl,AllPub,Inside,Gtl,NridgHt,Norm,Norm,TwnhsE,1Story,8,5,2006,2006,Gable,CompShg,VinylSd,VinylSd,Stone,178.0,Gd,TA,PConc,24.0,0.0,1370.0,GasA,Ex,Y,SBrkr,1370,0,0,1370,0.0,0.0,2,0,2,1,Gd,6,Typ,1,2006.0,2.0,484.0,Y,120,49,0,0,0,0,0,10,2007,WD ,Normal,202500,0,0,0,0,4,1,2,2,2,2,6,1,1,1,2,,2,4
1722,120,RL,48.0,7841,Pave,IR1,Lvl,AllPub,Inside,Gtl,NridgHt,Norm,Norm,TwnhsE,1Story,9,5,2005,2005,Hip,CompShg,MetalSd,MetalSd,BrkFace,394.0,Ex,TA,PConc,848.0,0.0,1577.0,GasA,Ex,Y,SBrkr,1577,0,0,1577,1.0,0.0,2,0,2,1,Ex,6,Typ,1,2005.0,2.0,564.0,Y,203,39,0,0,0,0,0,5,2007,WD ,Normal,280000,0,0,0,0,1,1,0,5,3,2,6,1,1,1,2,,0,1
1723,120,RL,60.0,7313,Pave,Reg,Lvl,AllPub,Inside,Gtl,NridgHt,Norm,Norm,TwnhsE,1Story,9,5,2005,2005,Hip,CompShg,MetalSd,MetalSd,BrkFace,246.0,Ex,TA,PConc,1153.0,0.0,1561.0,GasA,Ex,Y,SBrkr,1561,0,0,1561,1.0,0.0,2,0,2,1,Ex,6,Typ,1,2005.0,2.0,556.0,Y,203,47,0,0,0,0,0,8,2007,WD ,Normal,277500,0,0,0,0,1,1,0,5,3,2,6,1,1,1,2,,0,1
1724,120,RL,68.0,7820,Pave,IR1,Lvl,AllPub,Inside,Gtl,NridgHt,Norm,Norm,TwnhsE,1Story,9,5,2007,2007,Hip,CompShg,MetalSd,MetalSd,BrkFace,362.0,Ex,TA,PConc,0.0,0.0,1869.0,GasA,Ex,Y,SBrkr,1869,0,0,1869,0.0,0.0,2,0,2,1,Ex,6,Typ,1,2007.0,2.0,617.0,Y,210,54,0,0,0,0,0,12,2007,New,Partial,318061,0,0,0,0,1,1,0,5,3,6,6,1,1,1,2,,0,1
1725,120,RL,48.0,6240,Pave,Reg,Lvl,AllPub,Inside,Gtl,NridgHt,Norm,Norm,TwnhsE,1Story,8,5,2006,2006,Hip,CompShg,MetalSd,MetalSd,BrkFace,176.0,Gd,TA,PConc,24.0,0.0,1324.0,GasA,Ex,Y,SBrkr,1324,0,0,1324,0.0,0.0,2,0,2,1,Gd,6,Typ,1,2006.0,2.0,550.0,Y,0,38,0,0,0,0,0,9,2007,New,Partial,221370,0,0,0,0,1,1,2,5,3,2,6,1,1,1,2,,2,1
1726,120,RL,48.0,3242,Pave,Reg,Lvl,AllPub,Inside,Gtl,NridgHt,Norm,Norm,TwnhsE,1Story,7,5,2003,2003,Gable,CompShg,VinylSd,Wd Shng,Stone,235.0,Gd,TA,PConc,1000.0,0.0,1405.0,GasA,Ex,Y,SBrkr,1405,0,0,1405,1.0,0.0,2,0,2,1,Gd,6,Typ,1,2003.0,2.0,478.0,Y,136,36,0,0,0,0,0,3,2007,WD ,Normal,200000,0,0,0,0,4,1,2,5,3,2,6,1,1,1,2,,2,4
1728,60,RL,65.0,10237,Pave,Reg,Lvl,AllPub,Inside,Gtl,Gilbert,RRAn,Norm,1Fam,2Story,6,5,2005,2006,Gable,CompShg,VinylSd,VinylSd,None,0.0,Gd,TA,PConc,0.0,0.0,768.0,GasA,Ex,Y,SBrkr,768,768,0,1536,0.0,0.0,2,1,3,1,Gd,6,Typ,1,2005.0,2.0,400.0,Y,100,38,0,0,0,0,0,6,2007,WD ,Normal,176000,0,0,0,0,3,1,2,5,3,6,6,1,1,1,2,,2,3
1729,60,RL,65.0,10237,Pave,Reg,Lvl,AllPub,Inside,Gtl,Gilbert,RRAn,Norm,1Fam,2Story,6,5,2005,2007,Gable,CompShg,VinylSd,VinylSd,None,0.0,Gd,TA,PConc,0.0,0.0,783.0,GasA,Ex,Y,SBrkr,783,701,0,1484,0.0,0.0,2,1,3,1,Gd,8,Typ,1,2005.0,2.0,393.0,Y,0,72,0,0,0,0,0,7,2007,New,Partial,178900,0,0,0,0,3,1,2,5,3,6,6,1,1,1,2,,2,3
1730,60,RL,58.0,13204,Pave,IR1,Lvl,AllPub,Inside,Gtl,Gilbert,RRAn,Norm,1Fam,2Story,7,5,2006,2007,Gable,CompShg,VinylSd,VinylSd,Stone,44.0,TA,TA,PConc,0.0,0.0,608.0,GasA,Ex,Y,SBrkr,608,850,0,1458,0.0,0.0,2,0,3,1,Gd,6,Typ,0,2007.0,2.0,454.0,Y,100,33,0,0,0,0,0,5,2007,New,Partial,168165,0,0,0,0,4,1,2,5,3,6,6,1,3,0,3,,2,4
1731,60,RL,62.0,8857,Pave,IR1,Lvl,AllPub,Inside,Gtl,Gilbert,Norm,Norm,1Fam,2Story,6,5,2006,2006,Gable,CompShg,VinylSd,VinylSd,None,0.0,Gd,TA,PConc,0.0,0.0,738.0,GasA,Ex,Y,SBrkr,738,757,0,1495,0.0,0.0,2,1,3,1,Gd,7,Typ,1,2006.0,2.0,440.0,Y,100,30,0,0,0,0,0,3,2007,New,Partial,171925,0,0,0,0,3,1,2,5,3,6,6,1,1,1,2,,2,3
1732,60,RL,63.0,9729,Pave,IR1,Lvl,AllPub,Inside,Gtl,Gilbert,Norm,Norm,1Fam,2Story,6,5,2006,2007,Gable,CompShg,VinylSd,VinylSd,None,0.0,Gd,TA,PConc,0.0,0.0,698.0,GasA,Ex,Y,SBrkr,698,1048,0,1746,1.0,0.0,2,1,3,1,Gd,6,Typ,1,2007.0,3.0,350.0,Y,0,34,0,0,0,0,0,6,2007,New,Partial,198444,0,0,0,0,3,1,2,5,3,6,6,1,3,1,2,,2,3
1733,20,RL,88.0,12216,Pave,IR1,Lvl,AllPub,Corner,Gtl,Gilbert,Norm,Norm,1Fam,1Story,6,5,2005,2005,Gable,CompShg,VinylSd,VinylSd,None,0.0,TA,TA,PConc,918.0,0.0,1326.0,GasA,Ex,Y,SBrkr,1326,0,0,1326,1.0,0.0,2,0,3,1,Gd,6,Typ,0,2005.0,2.0,388.0,Y,120,23,0,0,0,0,2000,6,2007,WD ,Normal,203000,0,0,0,1,3,1,2,5,0,2,6,1,1,0,3,,2,3
1734,60,RL,65.0,9018,Pave,IR1,Lvl,AllPub,Inside,Gtl,Gilbert,Norm,Norm,1Fam,2Story,7,5,2007,2007,Hip,CompShg,VinylSd,VinylSd,None,0.0,Gd,TA,PConc,0.0,0.0,728.0,GasA,Ex,Y,SBrkr,728,728,0,1456,0.0,0.0,2,1,3,1,Gd,8,Typ,1,2007.0,2.0,400.0,Y,100,24,0,0,0,0,0,7,2007,New,Partial,179540,0,0,0,0,3,1,2,5,0,6,6,1,1,1,2,,2,3
1735,20,RL,73.0,8993,Pave,IR1,Lvl,AllPub,Inside,Gtl,Gilbert,Norm,Norm,1Fam,1Story,7,5,2007,2007,Gable,CompShg,VinylSd,VinylSd,None,0.0,Gd,TA,PConc,0.0,0.0,1302.0,GasA,Ex,Y,SBrkr,1302,0,0,1302,0.0,0.0,2,0,3,1,Gd,6,Typ,0,2007.0,2.0,436.0,Y,0,22,0,0,0,0,0,8,2007,New,Partial,176485,0,0,0,0,3,1,2,5,0,6,6,1,1,0,3,,2,3
1736,20,RL,73.0,8899,Pave,IR1,Lvl,AllPub,Inside,Gtl,Gilbert,Norm,Norm,1Fam,1Story,7,5,2007,2007,Gable,CompShg,VinylSd,VinylSd,None,0.0,Gd,TA,PConc,24.0,0.0,1340.0,GasA,Ex,Y,SBrkr,1340,0,0,1340,0.0,0.0,2,0,3,1,Gd,6,Typ,0,2007.0,2.0,396.0,Y,100,30,0,0,0,0,0,8,2007,New,Partial,181134,0,0,0,0,3,1,2,5,0,2,6,1,1,0,3,,2,3
1737,60,RL,73.0,8499,Pave,IR1,Lvl,AllPub,Inside,Gtl,Gilbert,Norm,Norm,1Fam,2Story,6,5,2006,2007,Gable,CompShg,VinylSd,VinylSd,None,0.0,TA,TA,PConc,0.0,0.0,616.0,GasA,Ex,Y,SBrkr,616,796,0,1412,0.0,0.0,2,1,3,1,Gd,6,Typ,1,2007.0,2.0,432.0,Y,0,36,0,0,0,0,0,3,2007,New,Partial,156932,0,0,0,0,3,1,2,5,3,6,6,1,3,1,2,,2,3
1738,60,RL,72.0,8229,Pave,IR1,Lvl,AllPub,Inside,Gtl,Gilbert,Norm,Norm,1Fam,2Story,6,5,2007,2007,Gable,CompShg,VinylSd,VinylSd,Stone,22.0,Gd,TA,PConc,0.0,0.0,752.0,GasA,Ex,Y,SBrkr,752,752,0,1504,0.0,0.0,2,1,3,1,Gd,6,Typ,0,2007.0,2.0,440.0,Y,100,32,0,0,0,0,0,12,2007,New,Partial,166000,0,0,0,0,4,1,2,5,0,6,6,1,1,0,3,,2,4
1739,60,RL,64.0,7713,Pave,Reg,Lvl,AllPub,Inside,Gtl,Gilbert,Norm,Norm,1Fam,2Story,7,5,2007,2007,Gable,CompShg,VinylSd,VinylSd,Stone,16.0,Gd,TA,PConc,0.0,0.0,728.0,GasA,Ex,Y,SBrkr,728,728,0,1456,0.0,0.0,2,1,3,1,Gd,7,Typ,0,2007.0,2.0,400.0,Y,100,24,0,0,0,0,0,7,2007,New,Partial,177594,0,0,0,0,4,1,2,5,3,6,6,1,1,0,3,,2,4
1740,20,RL,64.0,7697,Pave,Reg,Lvl,AllPub,Inside,Gtl,Gilbert,Norm,Norm,1Fam,1Story,7,6,2007,2007,Gable,CompShg,VinylSd,VinylSd,BrkFace,0.0,Gd,TA,PConc,0.0,0.0,1246.0,GasA,Ex,Y,SBrkr,1258,0,0,1258,0.0,0.0,2,0,3,1,Gd,6,Typ,0,2007.0,2.0,462.0,Y,0,0,0,0,0,0,0,8,2007,New,Partial,173500,0,0,0,0,1,1,2,5,3,6,6,1,1,0,3,,2,1
1741,120,RL,53.0,3922,Pave,Reg,Lvl,AllPub,Inside,Gtl,Blmngtn,Norm,Norm,TwnhsE,1Story,7,5,2006,2007,Gable,CompShg,WdShing,Wd Shng,BrkFace,72.0,Gd,TA,PConc,0.0,0.0,1258.0,GasA,Ex,Y,SBrkr,1258,0,0,1258,0.0,0.0,2,0,2,1,Gd,6,Typ,1,2007.0,3.0,648.0,Y,144,16,0,0,0,0,0,6,2007,New,Partial,172500,0,0,0,0,1,1,0,5,0,6,6,1,1,1,2,,0,1
1742,120,RL,53.0,3922,Pave,Reg,Lvl,AllPub,Inside,Gtl,Blmngtn,Norm,Norm,TwnhsE,1Story,7,5,2006,2007,Gable,CompShg,VinylSd,VinylSd,BrkFace,72.0,Gd,TA,PConc,0.0,0.0,1258.0,GasA,Ex,Y,SBrkr,1402,0,0,1402,0.0,2.0,0,2,2,1,Gd,7,Typ,1,2006.0,3.0,648.0,Y,120,16,0,0,0,0,0,2,2007,New,Partial,194201,0,0,0,0,1,1,0,5,0,6,6,1,1,1,2,,0,1
1743,120,RL,68.0,3621,Pave,Reg,Lvl,AllPub,Inside,Gtl,Blmngtn,Norm,Norm,TwnhsE,1Story,8,5,2003,2003,Hip,CompShg,VinylSd,VinylSd,BrkFace,72.0,Gd,TA,PConc,1084.0,0.0,1406.0,GasA,Ex,Y,SBrkr,1589,0,0,1589,1.0,0.0,2,0,2,1,Gd,7,Typ,1,2003.0,3.0,630.0,Y,143,20,0,0,0,0,0,11,2007,WD ,Normal,226500,0,0,0,0,1,1,2,5,1,2,6,1,1,1,5,,2,1
1744,20,RL,53.0,3710,Pave,Reg,Lvl,AllPub,Inside,Gtl,Blmngtn,Norm,Norm,1Fam,1Story,7,5,2007,2007,Gable,CompShg,VinylSd,VinylSd,BrkFace,16.0,Gd,TA,PConc,0.0,0.0,1266.0,GasA,Ex,Y,SBrkr,1266,0,0,1266,0.0,0.0,2,0,2,1,Gd,6,Typ,1,2007.0,2.0,388.0,Y,100,16,0,0,0,0,0,8,2007,New,Partial,185485,0,0,0,0,1,1,2,5,0,6,6,1,1,1,2,,2,1
1745,20,RL,182.0,14572,Pave,IR3,Lvl,AllPub,Corner,Gtl,Gilbert,Norm,Norm,1Fam,1Story,7,5,2004,2004,Hip,CompShg,VinylSd,VinylSd,None,0.0,Gd,TA,PConc,1300.0,0.0,1530.0,GasA,Ex,Y,SBrkr,1530,0,0,1530,1.0,0.0,2,0,3,1,Gd,7,Typ,1,2004.0,3.0,630.0,Y,144,36,0,0,0,0,0,11,2007,WD ,Family,259000,0,0,0,0,3,1,2,5,0,2,6,1,1,1,2,,2,3
1746,80,RL,65.0,16219,Pave,IR2,Lvl,AllPub,Inside,Gtl,Gilbert,Norm,Norm,1Fam,SLvl,7,5,2004,2005,Gable,CompShg,VinylSd,VinylSd,None,0.0,Gd,TA,PConc,779.0,0.0,835.0,GasA,Ex,Y,SBrkr,1119,0,0,1119,1.0,0.0,2,0,2,1,Gd,5,Typ,0,2004.0,2.0,437.0,Y,100,24,0,0,0,0,0,4,2007,WD ,Normal,188500,0,0,0,0,3,1,2,5,1,2,6,1,1,0,3,,2,3
1747,80,RL,87.0,11084,Pave,IR1,Lvl,AllPub,Corner,Gtl,Gilbert,Norm,Norm,1Fam,SLvl,7,5,2004,2004,Gable,CompShg,VinylSd,VinylSd,None,0.0,Gd,TA,PConc,192.0,0.0,384.0,GasA,Ex,Y,SBrkr,744,630,0,1374,1.0,0.0,2,1,3,1,Gd,8,Typ,1,2004.0,2.0,400.0,Y,100,0,0,0,0,0,0,6,2007,WD ,Family,175000,0,0,0,0,3,1,2,5,3,2,6,1,3,1,2,,2,3
1748,60,RL,59.0,11796,Pave,IR1,Lvl,AllPub,Inside,Gtl,Gilbert,Norm,Norm,1Fam,2Story,7,5,2004,2005,Gable,CompShg,VinylSd,VinylSd,None,0.0,Gd,TA,PConc,0.0,0.0,847.0,GasA,Ex,Y,SBrkr,847,1112,0,1959,0.0,0.0,2,1,4,1,Gd,8,Typ,1,2004.0,2.0,434.0,Y,100,48,0,0,0,0,0,7,2007,WD ,Normal,215000,0,0,0,0,3,1,2,5,0,6,6,1,3,1,2,,2,3
1749,20,RL,59.0,10936,Pave,IR1,Lvl,AllPub,Inside,Gtl,Gilbert,Norm,Norm,1Fam,1Story,7,5,2006,2006,Gable,CompShg,VinylSd,VinylSd,None,0.0,Gd,TA,PConc,0.0,0.0,1510.0,GasA,Ex,Y,SBrkr,1525,0,0,1525,0.0,0.0,2,1,3,1,Gd,6,Typ,1,2006.0,2.0,534.0,Y,100,18,0,0,0,0,0,4,2007,New,Partial,206580,0,0,0,0,3,1,2,5,0,6,6,1,1,1,2,,2,3
1750,60,RL,62.0,8244,Pave,IR1,Lvl,AllPub,Inside,Gtl,Gilbert,Norm,Norm,1Fam,2Story,7,5,2004,2004,Gable,CompShg,VinylSd,VinylSd,None,0.0,Gd,TA,PConc,0.0,0.0,840.0,GasA,Ex,Y,SBrkr,840,880,0,1720,0.0,0.0,2,1,3,1,Gd,7,Typ,1,2004.0,2.0,440.0,Y,100,48,0,0,0,0,0,5,2007,WD ,Normal,183500,0,0,0,0,3,1,2,5,3,6,6,1,1,1,2,,2,3
1752,60,RL,63.0,7875,Pave,Reg,Lvl,AllPub,Inside,Gtl,Gilbert,Norm,Norm,1Fam,2Story,7,5,2003,2003,Gable,CompShg,VinylSd,VinylSd,BrkFace,16.0,Gd,TA,PConc,0.0,0.0,847.0,GasA,Ex,Y,SBrkr,847,1101,0,1948,0.0,0.0,2,1,4,1,Gd,8,Typ,1,2003.0,2.0,434.0,Y,0,48,0,0,0,0,0,7,2007,WD ,Normal,211000,0,0,0,0,1,1,2,5,3,6,6,1,3,1,2,,2,1
1753,60,RL,68.0,8063,Pave,Reg,Lvl,AllPub,Inside,Gtl,Gilbert,Norm,Norm,1Fam,2Story,6,5,2000,2000,Gable,CompShg,VinylSd,VinylSd,None,0.0,TA,TA,PConc,0.0,0.0,924.0,GasA,Ex,Y,SBrkr,948,742,0,1690,0.0,0.0,2,1,3,1,TA,7,Typ,1,2000.0,2.0,463.0,Y,100,48,0,0,0,0,0,11,2007,WD ,Abnorml,181000,0,0,0,0,3,1,2,5,3,6,6,1,1,1,5,,2,3
1754,60,RL,68.0,8740,Pave,IR1,Lvl,AllPub,Inside,Gtl,Gilbert,Norm,Norm,1Fam,2Story,7,5,2002,2002,Gable,CompShg,VinylSd,VinylSd,None,0.0,Gd,TA,PConc,574.0,0.0,854.0,GasA,Ex,Y,SBrkr,864,1131,0,1995,0.0,0.0,2,1,4,1,Gd,8,Typ,1,2002.0,2.0,435.0,Y,264,48,0,0,0,0,0,7,2007,WD ,Normal,219500,0,0,0,0,3,1,2,5,3,2,6,1,3,1,2,,2,3
1755,60,RL,62.0,7917,Pave,Reg,Lvl,AllPub,Inside,Gtl,Gilbert,Norm,Norm,1Fam,2Story,6,5,1999,2000,Gable,CompShg,VinylSd,VinylSd,None,0.0,TA,TA,PConc,0.0,0.0,953.0,GasA,Ex,Y,SBrkr,953,694,0,1647,0.0,0.0,2,1,3,1,TA,7,Typ,1,1999.0,2.0,460.0,Y,0,40,0,0,0,0,0,8,2007,WD ,Normal,175000,0,0,0,0,3,1,2,5,3,6,6,1,1,1,5,,2,3
1756,80,RL,76.0,9967,Pave,IR1,Lvl,AllPub,Inside,Gtl,Gilbert,Norm,Norm,1Fam,SLvl,7,5,2000,2000,Gable,CompShg,VinylSd,VinylSd,None,0.0,TA,TA,PConc,0.0,0.0,384.0,GasA,Ex,Y,SBrkr,774,656,0,1430,0.0,0.0,2,1,3,1,TA,8,Typ,1,2000.0,2.0,400.0,Y,100,0,0,0,0,0,0,12,2007,WD ,Normal,170000,0,0,0,0,3,1,2,5,3,6,6,1,3,1,5,,2,3
1757,60,RL,68.0,7750,Pave,Reg,Lvl,AllPub,Inside,Gtl,Gilbert,RRAn,Norm,1Fam,2Story,7,5,2003,2003,Gable,CompShg,VinylSd,VinylSd,None,0.0,Gd,TA,PConc,0.0,0.0,660.0,GasA,Ex,Y,SBrkr,660,660,0,1320,0.0,0.0,2,1,3,1,Gd,6,Typ,0,2003.0,2.0,400.0,Y,0,48,0,0,0,0,0,8,2007,WD ,Normal,162000,0,0,0,0,3,1,2,5,3,6,6,1,1,0,3,,2,3
1758,60,RL,58.0,9487,Pave,IR1,Lvl,AllPub,Inside,Gtl,Gilbert,Norm,Norm,1Fam,2Story,6,5,2000,2000,Gable,CompShg,VinylSd,VinylSd,None,0.0,TA,TA,PConc,520.0,0.0,915.0,GasA,Ex,Y,SBrkr,940,750,0,1690,1.0,0.0,2,1,3,1,TA,7,Typ,1,2000.0,2.0,442.0,Y,0,50,0,0,0,0,0,6,2007,WD ,Normal,187000,0,0,0,0,3,1,2,5,3,2,6,1,1,1,5,,2,3
1759,60,RL,59.0,9649,Pave,IR1,Lvl,AllPub,Inside,Gtl,Gilbert,Norm,Norm,1Fam,2Story,6,5,1999,2000,Gable,CompShg,VinylSd,VinylSd,None,0.0,TA,TA,PConc,0.0,0.0,941.0,GasA,Ex,Y,SBrkr,961,683,0,1644,0.0,0.0,2,1,3,1,TA,7,Typ,1,1999.0,2.0,460.0,Y,460,42,0,0,0,0,0,5,2007,WD ,Normal,185000,0,0,0,0,3,1,2,5,3,6,6,1,1,1,5,,2,3
1760,60,RL,160.0,15623,Pave,IR1,Lvl,AllPub,Corner,Gtl,NoRidge,Norm,Norm,1Fam,2Story,10,5,1996,1996,Hip,CompShg,Wd Sdng,ImStucc,None,0.0,Gd,TA,PConc,2096.0,0.0,2396.0,GasA,Ex,Y,SBrkr,2411,2065,0,4476,1.0,0.0,3,1,4,1,Ex,10,Typ,2,1996.0,3.0,813.0,Y,171,78,0,0,0,555,0,7,2007,WD ,Abnorml,745000,0,1,1,0,3,1,0,5,0,2,6,1,1,1,5,,0,3
1761,60,RL,100.0,12191,Pave,IR1,Lvl,AllPub,Inside,Gtl,NoRidge,Norm,Norm,1Fam,2Story,8,5,1997,1998,Hip,CompShg,VinylSd,VinylSd,BrkFace,515.0,Gd,TA,PConc,1181.0,0.0,1779.0,GasA,Ex,Y,SBrkr,1779,772,0,2551,1.0,0.0,2,1,4,1,Gd,8,Typ,2,1998.0,3.0,925.0,Y,76,61,0,0,0,0,0,6,2007,WD ,Normal,384500,0,0,0,0,1,1,2,5,0,2,6,1,1,1,5,,2,1
1762,60,RL,68.0,11000,Pave,Reg,Lvl,AllPub,FR2,Gtl,NoRidge,Norm,Norm,1Fam,2Story,8,5,2000,2000,Gable,CompShg,VinylSd,VinylSd,BrkFace,72.0,Gd,TA,PConc,0.0,0.0,969.0,GasA,Ex,Y,SBrkr,997,1288,0,2285,0.0,0.0,2,1,4,1,Gd,8,Typ,1,2000.0,3.0,648.0,Y,0,56,0,0,0,0,0,6,2007,WD ,Normal,248000,0,0,0,0,1,1,2,5,3,6,6,1,3,1,5,,2,1
1763,20,RL,68.0,11400,Pave,Reg,Lvl,AllPub,Inside,Gtl,NoRidge,Norm,Norm,1Fam,1Story,10,5,2001,2002,Hip,CompShg,VinylSd,VinylSd,BrkFace,705.0,Ex,TA,PConc,1282.0,0.0,2633.0,GasA,Ex,Y,SBrkr,2633,0,0,2633,1.0,0.0,2,1,2,1,Ex,8,Typ,2,2001.0,3.0,804.0,Y,314,140,0,0,0,0,0,3,2007,WD ,Normal,466500,0,0,0,0,1,1,0,5,1,2,6,1,1,1,2,,0,1
1764,60,RL,89.0,10557,Pave,IR1,Lvl,AllPub,Inside,Gtl,NoRidge,Norm,Norm,1Fam,2Story,9,5,1998,1998,Gable,CompShg,MetalSd,MetalSd,BrkFace,422.0,Gd,TA,PConc,672.0,0.0,1408.0,GasA,Ex,Y,SBrkr,1671,1407,0,3078,1.0,0.0,2,1,4,1,Gd,9,Typ,1,1998.0,3.0,806.0,Y,108,87,0,0,0,0,0,7,2007,WD ,Normal,410000,0,0,0,0,1,1,0,5,1,2,6,1,1,1,5,,0,1
1765,60,RL,74.0,11002,Pave,IR1,Lvl,AllPub,Inside,Gtl,NoRidge,Norm,Norm,1Fam,2Story,8,5,1998,1999,Gable,CompShg,VinylSd,VinylSd,None,0.0,Gd,TA,PConc,1048.0,0.0,1389.0,GasA,Ex,Y,SBrkr,1411,1171,0,2582,1.0,0.0,2,1,4,1,Gd,9,Typ,1,1998.0,3.0,758.0,Y,286,60,0,0,0,0,0,1,2007,WD ,Normal,322500,0,0,0,0,3,1,2,5,3,2,6,1,1,1,5,,2,3
1766,60,RL,83.0,10790,Pave,Reg,Lvl,AllPub,Inside,Gtl,NoRidge,Norm,Norm,1Fam,2Story,7,5,1998,1998,Gable,CompShg,VinylSd,VinylSd,BrkFace,275.0,Gd,TA,PConc,0.0,0.0,1066.0,GasA,Ex,Y,SBrkr,1108,1277,0,2385,0.0,0.0,2,1,4,1,Gd,8,Typ,1,1998.0,3.0,600.0,Y,120,38,0,0,0,0,0,5,2007,WD ,Normal,252000,0,0,0,0,1,1,2,5,3,6,6,1,3,1,5,,2,1
1767,60,RL,104.0,21535,Pave,IR1,Lvl,AllPub,Corner,Gtl,NoRidge,Norm,Norm,1Fam,2Story,10,6,1994,1995,Gable,WdShngl,HdBoard,HdBoard,BrkFace,1170.0,Ex,TA,PConc,1455.0,0.0,2444.0,GasA,Ex,Y,SBrkr,2444,1872,0,4316,0.0,1.0,3,1,4,1,Ex,10,Typ,2,1994.0,3.0,832.0,Y,382,50,0,0,0,0,0,1,2007,WD ,Normal,755000,0,0,0,0,1,1,0,5,1,2,6,1,1,1,0,,0,1
1768,60,RL,92.0,9920,Pave,IR1,Lvl,AllPub,CulDSac,Gtl,NoRidge,Norm,Norm,1Fam,2Story,7,5,1996,1997,Gable,CompShg,MetalSd,MetalSd,None,0.0,Gd,TA,PConc,862.0,0.0,1117.0,GasA,Ex,Y,SBrkr,1127,886,0,2013,1.0,0.0,2,1,3,1,TA,8,Typ,1,1997.0,2.0,455.0,Y,180,130,0,0,0,0,0,6,2007,WD ,Normal,269790,0,0,0,0,3,1,2,5,0,2,6,1,1,1,5,,2,3
1769,60,RL,95.0,11787,Pave,IR1,Lvl,AllPub,Inside,Gtl,NoRidge,Norm,Norm,1Fam,2Story,7,5,1996,1997,Gable,CompShg,VinylSd,VinylSd,BrkFace,594.0,Gd,TA,PConc,719.0,0.0,1379.0,GasA,Ex,Y,SBrkr,1383,1015,0,2398,1.0,0.0,2,1,3,1,Gd,8,Typ,1,1996.0,3.0,834.0,Y,239,60,0,0,0,0,0,8,2007,WD ,Normal,315750,0,0,0,0,1,1,2,5,3,2,6,1,1,1,5,,2,1
1770,60,RL,82.0,9950,Pave,IR1,Lvl,AllPub,Inside,Gtl,NoRidge,Norm,Norm,1Fam,2Story,7,5,1995,1995,Gable,CompShg,VinylSd,VinylSd,BrkFace,290.0,Gd,TA,PConc,565.0,0.0,1203.0,GasA,Ex,Y,SBrkr,1214,1306,0,2520,0.0,0.0,2,1,4,1,Gd,9,Typ,1,1995.0,3.0,721.0,Y,224,114,0,0,0,0,0,6,2007,WD ,Abnorml,290000,0,0,0,0,1,1,2,5,3,2,6,1,1,1,5,,2,1
1771,60,RL,65.0,12257,Pave,IR1,Lvl,AllPub,Inside,Gtl,NoRidge,Norm,Norm,1Fam,2Story,8,5,1995,1995,Gable,CompShg,VinylSd,VinylSd,BrkFace,513.0,Gd,TA,PConc,56.0,64.0,1318.0,GasA,Ex,Y,SBrkr,1328,1203,0,2531,0.0,0.0,2,1,4,1,Gd,9,Typ,1,1995.0,3.0,752.0,Y,222,98,0,0,0,0,0,11,2007,WD ,Normal,290000,0,0,0,0,1,1,2,5,0,3,0,1,1,1,5,,2,1
1772,20,RL,68.0,12692,Pave,IR1,Lvl,AllPub,Inside,Gtl,NoRidge,Norm,Norm,1Fam,1Story,8,5,1992,1993,Hip,CompShg,BrkFace,BrkFace,None,0.0,Gd,TA,PConc,1231.0,0.0,3200.0,GasA,Ex,Y,SBrkr,3228,0,0,3228,1.0,0.0,3,0,4,1,Gd,10,Typ,1,1992.0,2.0,546.0,Y,264,75,291,0,0,0,0,5,2007,WD ,Normal,430000,0,0,0,0,3,1,2,5,3,2,6,1,1,1,2,,2,3
1773,60,RL,88.0,11762,Pave,Reg,Lvl,AllPub,Inside,Gtl,NoRidge,Norm,Norm,1Fam,2Story,8,5,1992,1993,Gable,CompShg,VinylSd,VinylSd,BrkFace,309.0,Gd,TA,PConc,335.0,0.0,1105.0,GasA,Ex,Y,SBrkr,1105,1097,0,2202,1.0,0.0,2,1,4,1,Gd,9,Typ,1,1992.0,2.0,517.0,Y,0,65,0,0,144,0,0,9,2007,WD ,Normal,263000,0,0,0,0,1,1,0,5,3,2,6,1,1,1,5,,0,1
1774,60,RL,82.0,9044,Pave,IR1,Lvl,AllPub,Inside,Gtl,NoRidge,Norm,Norm,1Fam,2Story,8,5,1996,1997,Gable,CompShg,VinylSd,VinylSd,BrkFace,526.0,Gd,Gd,PConc,1225.0,0.0,1325.0,GasA,Ex,Y,SBrkr,1335,1203,0,2538,0.0,0.0,2,1,4,1,Gd,8,Typ,1,1996.0,3.0,933.0,Y,198,92,0,0,0,0,0,5,2007,WD ,Normal,330000,0,0,0,0,1,1,2,5,3,2,6,1,1,1,5,,2,1
1775,20,RL,75.0,9910,Pave,Reg,Lvl,AllPub,Inside,Gtl,Somerst,Feedr,Norm,1Fam,1Story,7,6,2007,2007,Gable,CompShg,VinylSd,VinylSd,None,0.0,Gd,TA,PConc,0.0,0.0,1369.0,GasA,Ex,Y,SBrkr,1369,0,0,1369,0.0,0.0,2,0,3,1,Gd,5,Typ,0,2007.0,2.0,605.0,Y,0,203,0,0,0,0,0,9,2007,New,Partial,213133,0,0,0,0,3,1,2,5,3,6,6,1,1,0,3,,2,3
1776,20,RL,91.0,11830,Pave,Reg,Lvl,AllPub,Inside,Gtl,Somerst,Feedr,Norm,1Fam,1Story,8,5,2007,2007,Gable,CompShg,VinylSd,VinylSd,BrkFace,164.0,Gd,TA,PConc,1220.0,0.0,1542.0,GasA,Ex,Y,SBrkr,1542,0,0,1542,1.0,0.0,2,0,3,1,Gd,6,Typ,1,2007.0,3.0,852.0,Y,168,110,0,0,0,0,0,7,2007,New,Partial,260261,0,0,0,0,1,1,2,5,3,2,6,1,1,1,2,,2,1
1777,20,RL,84.0,11670,Pave,IR1,Lvl,AllPub,Corner,Gtl,Somerst,RRNn,Norm,1Fam,1Story,9,5,2006,2006,Hip,CompShg,VinylSd,ImStucc,Stone,302.0,Ex,TA,PConc,0.0,0.0,1905.0,GasA,Ex,Y,SBrkr,1905,0,0,1905,0.0,0.0,2,0,3,1,Ex,8,Typ,1,2006.0,3.0,788.0,Y,0,191,0,0,0,0,0,3,2007,WD ,Normal,320000,0,0,0,0,4,1,0,2,3,6,6,1,1,1,2,,0,4
1778,20,RL,49.0,15256,Pave,IR1,Lvl,AllPub,CulDSac,Gtl,Somerst,RRAn,Norm,1Fam,1Story,8,5,2007,2007,Gable,CompShg,VinylSd,VinylSd,Stone,84.0,Gd,TA,PConc,929.0,0.0,1485.0,GasA,Ex,Y,SBrkr,1464,0,0,1464,1.0,0.0,2,0,3,1,Gd,6,Typ,0,2007.0,3.0,754.0,Y,168,160,0,0,0,0,0,8,2007,WD ,Normal,282922,0,0,0,0,4,1,2,5,1,2,6,1,1,0,3,,2,4
1779,20,RL,76.0,10612,Pave,Reg,Lvl,AllPub,Inside,Gtl,Somerst,Norm,Norm,1Fam,1Story,8,5,2006,2006,Gable,CompShg,VinylSd,VinylSd,BrkFace,248.0,Gd,TA,PConc,28.0,0.0,1524.0,GasA,Gd,Y,SBrkr,1534,0,0,1534,0.0,0.0,2,0,3,1,Gd,7,Typ,1,2006.0,2.0,484.0,Y,168,46,0,0,0,0,0,1,2007,WD ,Family,215000,0,0,0,0,1,1,2,5,2,2,6,1,1,1,2,,2,1
1780,20,RL,98.0,12291,Pave,IR1,Lvl,AllPub,Inside,Gtl,Somerst,Norm,Norm,1Fam,1Story,10,5,2007,2007,Hip,CompShg,CemntBd,CmentBd,BrkFace,754.0,Ex,TA,PConc,1572.0,0.0,1966.0,GasA,Ex,Y,SBrkr,1966,0,0,1966,1.0,0.0,2,0,1,1,Ex,6,Typ,1,2007.0,3.0,1092.0,Y,76,52,0,0,0,0,0,10,2007,New,Partial,419005,0,0,0,0,1,1,0,5,0,2,6,1,1,1,2,,0,1
1781,20,RL,116.0,13501,Pave,IR1,Lvl,AllPub,Corner,Gtl,Somerst,Norm,Norm,1Fam,1Story,8,5,2006,2006,Gable,CompShg,VinylSd,VinylSd,Stone,208.0,Gd,TA,PConc,63.0,0.0,1623.0,GasA,Ex,Y,SBrkr,1636,0,0,1636,1.0,0.0,2,0,3,1,Gd,8,Typ,1,2006.0,3.0,865.0,Y,0,60,0,0,0,0,0,6,2007,WD ,Normal,255000,0,0,0,0,4,1,2,5,3,2,6,1,1,1,2,,2,4
1782,20,RL,75.0,9986,Pave,Reg,Lvl,AllPub,Inside,Gtl,Somerst,Norm,Norm,1Fam,1Story,8,5,2006,2007,Gable,CompShg,VinylSd,VinylSd,BrkFace,428.0,Gd,TA,PConc,0.0,0.0,1795.0,GasA,Ex,Y,SBrkr,1795,0,0,1795,0.0,0.0,2,0,2,1,Gd,7,Typ,1,2007.0,3.0,895.0,Y,0,49,0,0,0,0,0,2,2007,New,Partial,147000,0,0,0,0,1,1,0,5,0,6,6,1,1,1,2,,0,1
1784,20,RL,79.0,9416,Pave,Reg,Lvl,AllPub,Inside,Gtl,Somerst,Norm,Norm,1Fam,1Story,7,5,2007,2007,Hip,CompShg,CemntBd,CmentBd,Stone,205.0,Ex,TA,PConc,1126.0,0.0,1726.0,GasA,Ex,Y,SBrkr,1726,0,0,1726,1.0,0.0,2,0,3,1,Ex,8,Typ,1,2007.0,3.0,786.0,Y,171,138,0,0,266,0,0,9,2007,New,Partial,311872,0,0,0,0,4,1,0,5,3,2,6,1,1,1,2,,0,4
1785,20,RL,83.0,9849,Pave,Reg,Lvl,AllPub,Inside,Gtl,Somerst,Norm,Norm,1Fam,1Story,7,6,2007,2007,Hip,CompShg,VinylSd,VinylSd,Stone,0.0,Gd,TA,PConc,0.0,0.0,1689.0,GasA,Ex,Y,SBrkr,1689,0,0,1689,0.0,0.0,2,0,3,1,Gd,7,Typ,0,2007.0,3.0,954.0,Y,0,56,0,0,0,0,0,6,2007,New,Partial,248328,0,0,0,0,4,1,2,5,0,6,6,1,1,0,3,,2,4
1786,20,RL,85.0,10000,Pave,Reg,Lvl,AllPub,Inside,Gtl,Somerst,Norm,Norm,1Fam,1Story,8,5,2006,2006,Hip,CompShg,VinylSd,VinylSd,Stone,410.0,Gd,TA,PConc,0.0,0.0,1588.0,GasA,Ex,Y,SBrkr,1588,0,0,1588,0.0,0.0,2,0,3,1,Gd,7,Typ,1,2006.0,3.0,825.0,Y,144,45,0,0,0,0,0,12,2007,WD ,Normal,227000,0,0,0,0,4,1,2,2,0,6,6,1,1,1,2,,2,4
1787,20,RL,74.0,8847,Pave,Reg,Lvl,AllPub,Inside,Gtl,Somerst,Norm,Norm,1Fam,1Story,8,5,2005,2005,Gable,CompShg,VinylSd,VinylSd,BrkFace,148.0,Gd,TA,PConc,769.0,0.0,1538.0,GasA,Ex,Y,SBrkr,1538,0,0,1538,1.0,0.0,2,0,3,1,Gd,7,Typ,0,2005.0,2.0,484.0,Y,146,40,0,0,0,0,0,12,2007,WD ,Normal,260000,0,0,0,0,1,1,2,5,0,2,6,1,1,0,3,,2,1
1788,20,RL,76.0,9158,Pave,Reg,Lvl,AllPub,Inside,Gtl,Somerst,Norm,Norm,1Fam,1Story,8,5,2007,2007,Gable,CompShg,CemntBd,CmentBd,Stone,140.0,Gd,TA,PConc,0.0,0.0,1496.0,GasA,Ex,Y,SBrkr,1496,0,0,1496,0.0,0.0,2,0,3,1,Gd,7,Typ,0,2007.0,2.0,474.0,Y,168,130,0,0,0,0,0,6,2007,New,Partial,225000,0,0,0,0,4,1,2,5,0,6,6,1,1,0,3,,2,4
1789,20,RL,70.0,8251,Pave,Reg,Lvl,AllPub,Inside,Gtl,Somerst,Norm,Norm,1Fam,1Story,7,5,2005,2006,Gable,CompShg,VinylSd,VinylSd,BrkFace,143.0,Gd,TA,PConc,778.0,0.0,1494.0,GasA,Ex,Y,SBrkr,1506,0,0,1506,1.0,0.0,2,0,3,1,Gd,7,Typ,1,2005.0,2.0,672.0,Y,192,35,0,0,0,0,0,4,2007,WD ,Normal,249000,0,0,0,0,1,1,2,2,0,2,6,1,1,1,2,,2,1
1790,20,RL,75.0,10084,Pave,Reg,Lvl,AllPub,Inside,Gtl,Somerst,Norm,Norm,1Fam,1Story,8,5,2004,2005,Gable,CompShg,VinylSd,VinylSd,Stone,186.0,Gd,TA,PConc,1369.0,0.0,1686.0,GasA,Ex,Y,SBrkr,1694,0,0,1694,1.0,0.0,2,0,3,1,Gd,7,Typ,1,2004.0,2.0,636.0,Y,255,57,0,0,0,0,0,8,2007,WD ,Normal,307000,0,0,0,0,4,1,0,5,0,2,6,1,1,1,2,,0,4
1791,60,RL,70.0,9605,Pave,Reg,Lvl,AllPub,Inside,Gtl,Somerst,Norm,Norm,1Fam,2Story,7,5,2006,2006,Gable,CompShg,VinylSd,VinylSd,None,0.0,Gd,TA,PConc,0.0,0.0,982.0,GasA,Ex,Y,SBrkr,982,995,0,1977,0.0,0.0,2,1,3,1,Gd,7,Typ,0,2006.0,3.0,574.0,Y,240,53,0,0,0,0,0,7,2007,WD ,Family,250000,0,0,0,0,3,1,2,5,3,6,6,1,1,0,3,,2,3
1792,60,RL,75.0,8778,Pave,Reg,Lvl,AllPub,Inside,Gtl,Somerst,Norm,Norm,1Fam,2Story,8,5,2006,2006,Gable,CompShg,VinylSd,VinylSd,None,0.0,Gd,TA,PConc,0.0,0.0,1302.0,GasA,Ex,Y,SBrkr,1302,528,0,1830,0.0,0.0,2,1,3,1,Gd,7,Typ,0,2006.0,3.0,859.0,Y,0,40,0,0,0,0,0,3,2007,WD ,Normal,221300,0,0,0,0,3,1,2,5,3,6,6,1,3,0,3,,2,3
1793,20,FV,72.0,8640,Pave,Reg,Lvl,AllPub,Inside,Gtl,Somerst,Norm,Norm,1Fam,1Story,8,5,2007,2007,Gable,CompShg,VinylSd,VinylSd,None,0.0,Gd,TA,PConc,24.0,0.0,1338.0,GasA,Ex,Y,SBrkr,1338,0,0,1338,0.0,0.0,2,0,3,1,Gd,6,Typ,0,2007.0,2.0,598.0,Y,0,141,0,0,0,0,0,11,2007,New,Partial,208900,0,0,0,0,3,1,2,5,3,2,6,1,1,0,3,,2,3
1794,20,FV,75.0,9000,Pave,Reg,Lvl,AllPub,Inside,Gtl,Somerst,Norm,Norm,1Fam,1Story,7,5,2006,2007,Gable,CompShg,VinylSd,VinylSd,None,0.0,Gd,TA,PConc,0.0,0.0,1335.0,GasA,Ex,Y,SBrkr,1335,0,0,1335,0.0,0.0,2,0,3,1,Gd,6,Typ,0,2007.0,2.0,575.0,Y,0,210,0,0,0,0,0,6,2007,New,Partial,210400,0,0,0,0,3,1,2,5,3,6,6,1,1,0,3,,2,3
1795,60,FV,72.0,8640,Pave,Reg,Lvl,AllPub,Inside,Gtl,Somerst,Norm,Norm,1Fam,2Story,8,5,2007,2007,Gable,CompShg,VinylSd,VinylSd,None,0.0,Gd,TA,PConc,350.0,0.0,896.0,GasA,Ex,Y,SBrkr,896,896,0,1792,0.0,0.0,2,1,3,1,Gd,8,Typ,0,2007.0,2.0,590.0,Y,184,96,0,0,0,0,0,11,2007,New,Partial,255000,0,0,0,0,3,1,2,5,0,2,6,1,1,0,3,,2,3
1796,60,FV,81.0,10411,Pave,Reg,Lvl,AllPub,Corner,Gtl,Somerst,Norm,Norm,1Fam,2Story,5,5,2007,2007,Gable,CompShg,VinylSd,VinylSd,None,0.0,Gd,TA,CBlock,0.0,0.0,725.0,GasA,Ex,Y,SBrkr,725,863,0,1588,0.0,0.0,3,0,3,1,Gd,8,Typ,0,2007.0,2.0,561.0,Y,0,0,0,0,0,0,0,7,2007,New,Partial,212109,0,0,0,0,3,1,2,5,4,6,6,1,1,0,3,,2,3
1797,60,FV,75.0,9000,Pave,Reg,Lvl,AllPub,Inside,Gtl,Somerst,Norm,Norm,1Fam,2Story,8,5,2006,2006,Gable,CompShg,VinylSd,VinylSd,None,0.0,Gd,TA,PConc,0.0,0.0,1088.0,GasA,Ex,Y,SBrkr,1088,871,0,1959,0.0,0.0,2,1,3,1,Gd,8,Typ,1,2006.0,3.0,1025.0,Y,208,46,0,0,0,0,0,12,2007,WD ,Normal,270000,0,0,0,0,3,1,2,5,0,6,6,1,1,1,2,,2,3
1798,60,FV,75.0,9000,Pave,Reg,Lvl,AllPub,Inside,Gtl,Somerst,Norm,Norm,1Fam,2Story,8,5,2007,2007,Gable,CompShg,CemntBd,CmentBd,None,0.0,Gd,TA,PConc,64.0,0.0,1184.0,GasA,Ex,Y,SBrkr,1184,1426,0,2610,0.0,0.0,2,1,4,1,Ex,11,Typ,1,2007.0,2.0,550.0,Y,208,364,0,0,0,0,0,8,2007,New,Partial,303477,0,0,0,0,3,1,2,5,0,2,6,1,3,1,2,,2,3
1800,20,FV,84.0,11096,Pave,Reg,Lvl,AllPub,Inside,Gtl,Somerst,Norm,Norm,1Fam,1Story,8,5,2006,2006,Gable,CompShg,VinylSd,VinylSd,None,0.0,Gd,TA,PConc,24.0,0.0,1656.0,GasA,Ex,Y,SBrkr,1656,0,0,1656,0.0,0.0,2,0,3,1,Gd,7,Typ,0,2006.0,3.0,826.0,Y,0,146,0,0,0,0,0,7,2007,WD ,Normal,249700,0,0,0,0,3,1,2,5,0,2,6,1,1,0,3,,2,3
1801,60,FV,84.0,10207,Pave,Reg,Lvl,AllPub,Inside,Gtl,Somerst,Norm,Norm,1Fam,2Story,7,6,2007,2007,Gable,CompShg,VinylSd,VinylSd,None,0.0,Gd,TA,PConc,0.0,0.0,874.0,GasA,Ex,Y,SBrkr,874,887,0,1761,0.0,0.0,3,0,3,1,Gd,7,Typ,0,2007.0,2.0,578.0,Y,144,105,0,0,0,0,0,8,2007,New,Partial,227875,0,0,0,0,3,1,2,5,3,6,6,1,1,0,3,,2,3
1802,20,FV,84.0,10440,Pave,Reg,Lvl,AllPub,Corner,Gtl,Somerst,Norm,Norm,1Fam,1Story,8,5,2007,2007,Gable,CompShg,CemntBd,CmentBd,None,0.0,Ex,TA,PConc,0.0,0.0,1574.0,GasA,Ex,Y,SBrkr,1584,0,0,1584,0.0,0.0,2,0,2,1,Ex,6,Typ,1,2007.0,2.0,594.0,Y,0,256,0,0,0,0,0,5,2007,New,Partial,261329,0,0,0,0,3,1,2,5,2,6,6,1,1,1,2,,2,3
1803,20,FV,100.0,11824,Pave,IR1,Lvl,AllPub,Corner,Gtl,Somerst,Norm,Norm,1Fam,1Story,8,5,2006,2006,Gable,CompShg,VinylSd,VinylSd,BrkFace,298.0,Gd,TA,PConc,0.0,0.0,1685.0,GasA,Ex,Y,SBrkr,1685,0,0,1685,0.0,0.0,2,0,2,1,Gd,5,Typ,1,2006.0,3.0,658.0,Y,112,63,0,0,0,0,0,4,2007,WD ,Normal,253000,0,0,0,0,1,1,2,5,0,6,6,1,1,1,2,,2,1
1804,60,FV,85.0,10625,Pave,Reg,Lvl,AllPub,Inside,Gtl,Somerst,Norm,Norm,1Fam,2Story,6,5,2004,2004,Gable,CompShg,VinylSd,VinylSd,BrkFace,353.0,Gd,TA,PConc,0.0,0.0,1158.0,GasA,Ex,Y,SBrkr,1158,1285,0,2443,0.0,0.0,2,1,4,1,Gd,9,Min2,1,2004.0,3.0,744.0,Y,193,127,0,0,0,0,0,6,2007,WD ,Normal,265000,0,0,0,0,1,1,2,5,0,6,6,1,3,1,2,,2,1
1805,60,FV,102.0,11143,Pave,IR1,Lvl,AllPub,Corner,Gtl,Somerst,Norm,Norm,1Fam,2Story,8,5,2004,2005,Gable,CompShg,CemntBd,CmentBd,None,0.0,Gd,TA,PConc,0.0,0.0,1580.0,GasA,Ex,Y,SBrkr,1580,886,0,2466,0.0,0.0,3,0,4,1,Gd,8,Typ,1,2004.0,2.0,610.0,Y,159,214,0,0,0,0,0,12,2007,WD ,Normal,340000,0,0,0,0,3,1,2,5,3,6,6,1,1,1,2,,2,3
1806,20,RL,63.0,7500,Pave,Reg,Lvl,AllPub,Inside,Gtl,SawyerW,Norm,Norm,1Fam,1Story,6,5,2006,2007,Gable,CompShg,VinylSd,VinylSd,None,0.0,TA,TA,PConc,0.0,0.0,1100.0,GasA,Ex,Y,SBrkr,1100,0,0,1100,0.0,0.0,1,1,3,1,TA,6,Typ,0,0.0,0.0,0.0,Y,0,136,0,0,0,0,0,6,2007,New,Partial,146000,0,0,0,0,3,1,2,5,3,6,6,0,6,0,3,,2,3
1807,20,RL,63.0,7500,Pave,Reg,Lvl,AllPub,Inside,Gtl,SawyerW,Norm,Norm,1Fam,1Story,7,5,2006,2006,Gable,CompShg,VinylSd,VinylSd,None,0.0,Gd,TA,PConc,0.0,0.0,1143.0,GasA,Ex,Y,SBrkr,1143,0,0,1143,0.0,0.0,1,1,3,1,Gd,5,Typ,0,0.0,0.0,0.0,Y,0,55,0,0,0,0,0,10,2007,WD ,Normal,147000,0,0,0,0,3,1,2,2,3,6,6,0,6,0,3,,2,3
1808,20,RL,60.0,12450,Pave,Reg,Lvl,AllPub,Inside,Gtl,SawyerW,RRAe,Norm,1Fam,1Story,5,5,2003,2004,Gable,CompShg,VinylSd,VinylSd,BrkFace,126.0,Gd,TA,PConc,729.0,0.0,1094.0,GasA,Ex,Y,SBrkr,1094,0,0,1094,1.0,0.0,1,0,3,1,Gd,6,Typ,0,2004.0,2.0,576.0,Y,0,0,0,0,0,0,0,5,2007,WD ,Normal,149000,0,0,0,0,1,1,2,5,3,2,6,1,5,0,3,,2,1
1809,20,RL,65.0,7441,Pave,IR1,Lvl,AllPub,Inside,Gtl,SawyerW,Norm,Norm,1Fam,1Story,7,5,2006,2006,Gable,CompShg,VinylSd,VinylSd,BrkFace,170.0,Gd,TA,PConc,0.0,0.0,1461.0,GasA,Ex,Y,SBrkr,1486,0,0,1486,0.0,0.0,2,0,3,1,Gd,7,Typ,0,2006.0,2.0,566.0,Y,0,32,0,0,0,0,0,6,2007,WD ,Normal,181000,0,0,0,0,1,1,2,5,3,6,6,1,1,0,3,,2,1
1810,60,RL,70.0,8462,Pave,IR1,Lvl,AllPub,Inside,Gtl,SawyerW,Norm,Norm,1Fam,2Story,6,5,1994,1994,Gable,CompShg,HdBoard,HdBoard,BrkFace,105.0,Gd,Gd,PConc,814.0,0.0,928.0,GasA,Ex,Y,SBrkr,936,785,0,1721,0.0,1.0,2,1,3,1,Gd,7,Typ,0,1994.0,2.0,471.0,Y,300,87,0,0,0,0,0,7,2007,WD ,Normal,201000,0,0,0,0,1,1,2,2,3,2,6,1,1,0,3,,2,1
1811,60,RL,68.0,11613,Pave,IR2,Lvl,AllPub,Corner,Gtl,SawyerW,Norm,Norm,1Fam,2Story,6,5,1993,1997,Gable,CompShg,VinylSd,VinylSd,None,0.0,Gd,TA,PConc,480.0,0.0,864.0,GasA,Ex,Y,SBrkr,920,900,0,1820,0.0,0.0,2,1,3,1,Gd,7,Typ,0,1993.0,2.0,492.0,Y,144,85,0,0,0,0,0,5,2007,WD ,Normal,191750,0,0,1,0,3,1,2,5,3,0,6,1,1,0,3,,2,3
1812,20,RL,65.0,8450,Pave,Reg,Lvl,AllPub,Inside,Gtl,SawyerW,Norm,Norm,1Fam,1Story,7,5,2000,2001,Gable,CompShg,VinylSd,VinylSd,BrkFace,108.0,TA,TA,PConc,0.0,0.0,1349.0,GasA,Ex,Y,SBrkr,1349,0,0,1349,0.0,0.0,2,0,3,1,TA,6,Typ,0,2000.0,2.0,539.0,Y,120,55,0,0,0,0,0,12,2007,WD ,Normal,179000,0,0,1,0,1,1,2,5,3,6,6,1,1,0,3,,2,1
1813,20,RL,68.0,16196,Pave,IR3,Low,AllPub,Inside,Gtl,SawyerW,Norm,Norm,1Fam,1Story,7,5,1998,1998,Gable,CompShg,VinylSd,VinylSd,None,0.0,Gd,TA,PConc,1443.0,0.0,1482.0,GasA,Ex,Y,SBrkr,1494,0,0,1494,1.0,0.0,2,0,3,1,Gd,5,Typ,1,1998.0,2.0,514.0,Y,402,25,0,0,0,0,0,8,2007,WD ,Normal,215000,0,0,0,0,3,1,2,5,1,2,6,1,1,1,1,,2,3
1814,120,RL,50.0,8012,Pave,Reg,Lvl,AllPub,Inside,Gtl,SawyerW,Norm,Norm,TwnhsE,1Story,6,5,1992,1992,Gable,CompShg,Plywood,ImStucc,None,0.0,Gd,TA,PConc,430.0,0.0,1575.0,GasA,Gd,Y,SBrkr,1575,0,0,1575,1.0,0.0,2,0,2,1,Gd,5,Typ,0,1992.0,2.0,529.0,Y,0,0,52,0,0,0,0,7,2007,WD ,Normal,179200,0,0,0,0,3,1,2,5,3,2,6,1,1,0,3,,2,3
1815,160,RL,50.0,8012,Pave,Reg,Lvl,AllPub,Inside,Gtl,SawyerW,Norm,Norm,TwnhsE,2Story,6,5,1980,1980,Gable,CompShg,Plywood,Plywood,None,0.0,TA,TA,CBlock,0.0,0.0,630.0,GasA,Ex,Y,SBrkr,630,636,0,1266,0.0,0.0,1,1,2,1,TA,5,Typ,2,1980.0,1.0,283.0,Y,340,0,0,0,0,0,0,7,2007,WD ,Normal,128000,0,0,1,0,3,1,5,5,3,6,6,1,1,1,5,,5,3
1816,85,RL,68.0,9180,Pave,IR1,Lvl,AllPub,CulDSac,Gtl,SawyerW,Norm,Norm,1Fam,SFoyer,5,7,1983,1983,Gable,CompShg,HdBoard,HdBoard,None,0.0,TA,TA,CBlock,747.0,93.0,840.0,GasA,Gd,Y,SBrkr,884,0,0,884,1.0,0.0,1,0,2,1,Gd,5,Typ,0,1983.0,2.0,504.0,Y,240,0,0,0,0,0,0,12,2007,WD ,Normal,144000,0,0,1,0,3,1,2,5,0,0,3,1,1,0,3,,2,3
1817,90,RH,60.0,8400,Pave,Reg,Lvl,AllPub,Inside,Gtl,SawyerW,Feedr,Norm,Duplex,1Story,5,5,1977,1977,Gable,CompShg,Plywood,Plywood,BrkFace,320.0,TA,TA,Slab,0.0,0.0,0.0,GasA,TA,Y,SBrkr,2020,0,0,2020,0.0,0.0,2,0,4,2,TA,10,Typ,2,1977.0,2.0,630.0,Y,0,0,0,0,0,0,0,10,2007,WD ,Normal,144000,0,0,0,0,1,0,3,3,4,4,4,1,5,1,5,,3,1
1818,20,RL,64.0,6285,Pave,Reg,Lvl,AllPub,Inside,Gtl,Sawyer,Norm,Norm,1Fam,1Story,5,5,1977,1977,Gable,CompShg,Plywood,Plywood,None,0.0,TA,TA,CBlock,138.0,351.0,894.0,GasA,TA,Y,SBrkr,894,0,0,894,1.0,0.0,1,0,2,1,TA,5,Typ,0,1979.0,1.0,308.0,Y,192,0,0,0,0,0,0,3,2007,WD ,Normal,120750,0,0,0,0,3,1,2,5,3,3,5,1,5,0,3,,2,3
1819,20,RL,80.0,8480,Pave,Reg,Lvl,AllPub,Corner,Gtl,Sawyer,Norm,Norm,1Fam,1Story,5,6,1963,1963,Hip,CompShg,HdBoard,HdBoard,None,0.0,TA,TA,CBlock,630.0,0.0,970.0,GasA,TA,Y,SBrkr,970,0,0,970,1.0,0.0,1,0,2,1,TA,5,Typ,0,1996.0,2.0,624.0,Y,0,24,0,0,192,0,0,7,2007,WD ,Normal,132500,0,0,0,0,3,1,5,5,3,2,6,1,5,0,3,,5,3
1820,20,RL,70.0,7420,Pave,Reg,Lvl,AllPub,Inside,Gtl,Sawyer,Norm,Norm,1Fam,1Story,5,5,1962,1962,Hip,CompShg,MetalSd,MetalSd,None,0.0,TA,TA,CBlock,417.0,0.0,1057.0,GasA,TA,Y,SBrkr,1057,0,0,1057,0.0,0.0,1,0,3,1,TA,6,Typ,0,1977.0,2.0,576.0,Y,0,0,0,0,0,0,0,4,2007,WD ,Normal,132000,0,0,0,0,3,1,5,5,3,5,6,1,5,0,3,,5,3
1821,20,RL,68.0,7758,Pave,IR1,Lvl,AllPub,Corner,Gtl,Sawyer,Norm,Norm,1Fam,1Story,5,7,1962,2001,Gable,CompShg,HdBoard,Plywood,None,0.0,TA,Gd,CBlock,588.0,0.0,999.0,GasA,Gd,Y,SBrkr,999,0,0,999,1.0,0.0,1,0,3,1,Gd,6,Typ,0,1963.0,1.0,264.0,Y,0,132,0,0,0,0,0,3,2007,WD ,Normal,132500,0,0,0,0,3,1,5,5,3,0,6,1,5,0,3,,5,3
1822,20,RL,85.0,6970,Pave,Reg,Lvl,AllPub,Corner,Gtl,Sawyer,Feedr,Norm,1Fam,1Story,4,5,1961,1961,Gable,CompShg,VinylSd,VinylSd,None,0.0,TA,TA,CBlock,932.0,0.0,1040.0,GasA,TA,Y,SBrkr,1120,0,0,1120,1.0,0.0,1,1,3,1,Fa,5,Typ,0,1961.0,2.0,544.0,Y,168,0,0,0,0,0,400,5,2007,WD ,Normal,129000,0,0,0,1,3,1,5,5,3,0,6,1,1,0,3,,5,3
1823,20,RL,40.0,13673,Pave,IR1,Lvl,AllPub,CulDSac,Gtl,Sawyer,RRAe,Norm,1Fam,1Story,5,5,1962,1962,Gable,CompShg,HdBoard,HdBoard,None,0.0,TA,Gd,CBlock,0.0,0.0,1140.0,GasA,TA,Y,SBrkr,1696,0,0,1696,0.0,0.0,1,1,3,1,TA,8,Min2,1,1962.0,1.0,349.0,Y,0,30,0,0,0,0,0,3,2007,WD ,Normal,143900,0,0,0,0,3,1,5,5,3,6,6,1,1,1,5,,5,3
1824,20,RL,84.0,7476,Pave,Reg,Lvl,AllPub,Corner,Gtl,Sawyer,Norm,Norm,1Fam,1Story,5,7,1968,1968,Gable,CompShg,HdBoard,HdBoard,None,0.0,TA,TA,CBlock,812.0,0.0,1040.0,GasA,TA,Y,SBrkr,1040,0,0,1040,1.0,0.0,1,1,3,1,TA,5,Typ,0,1991.0,2.0,686.0,Y,188,0,0,0,0,0,0,6,2007,WD ,Normal,145000,0,0,0,0,3,1,5,5,3,5,6,1,5,0,3,,5,3
1825,20,RL,68.0,9945,Pave,IR1,Lvl,AllPub,Inside,Gtl,Sawyer,Norm,Norm,1Fam,1Story,5,5,1961,1961,Hip,CompShg,Wd Sdng,Wd Sdng,BrkFace,57.0,TA,TA,CBlock,827.0,0.0,988.0,GasA,TA,Y,SBrkr,988,0,0,988,1.0,0.0,1,0,3,1,TA,5,Typ,0,1963.0,2.0,572.0,Y,0,0,0,0,0,0,0,10,2007,WD ,Normal,128500,0,0,0,0,1,1,5,5,3,5,6,1,5,0,3,,5,1
1826,20,RL,68.0,6173,Pave,IR1,Lvl,AllPub,Inside,Gtl,Sawyer,Norm,Norm,1Fam,1Story,5,6,1967,1967,Gable,CompShg,HdBoard,Wd Sdng,BrkFace,75.0,TA,TA,CBlock,599.0,0.0,876.0,GasA,TA,Y,SBrkr,902,0,0,902,0.0,0.0,1,0,3,1,TA,6,Typ,0,1967.0,1.0,288.0,Y,0,0,0,0,0,0,0,8,2007,WD ,Normal,125500,0,0,1,0,1,1,5,5,3,2,6,1,1,0,3,,5,1
1827,60,RL,68.0,19522,Pave,IR1,Bnk,AllPub,Inside,Gtl,Veenker,Norm,Norm,1Fam,2Story,7,5,1990,1990,Gable,CompShg,HdBoard,HdBoard,BrkFace,272.0,Gd,TA,PConc,727.0,0.0,1223.0,GasA,Gd,Y,SBrkr,1271,1232,0,2503,1.0,0.0,2,1,3,1,Gd,7,Typ,1,1990.0,2.0,564.0,Y,0,99,0,0,182,0,0,2,2007,WD ,Normal,300000,0,0,0,0,1,1,2,5,3,2,6,1,1,1,5,,2,1
1828,60,RL,68.0,17542,Pave,IR1,Lvl,AllPub,Inside,Gtl,Veenker,Norm,Norm,1Fam,2Story,7,7,1974,2003,Gable,CompShg,Wd Sdng,Wd Sdng,None,0.0,Gd,TA,CBlock,125.0,1031.0,1192.0,GasA,TA,Y,SBrkr,1516,651,0,2167,1.0,0.0,2,1,3,1,Gd,9,Typ,2,1974.0,2.0,518.0,Y,220,47,0,0,0,0,0,7,2007,WD ,Normal,294000,0,0,1,0,3,1,5,5,1,3,0,1,1,1,2,,5,3
1829,20,RL,44.0,10751,Pave,IR1,Lvl,AllPub,CulDSac,Gtl,Sawyer,RRAe,Norm,1Fam,1Story,5,5,1974,1974,Gable,CompShg,Plywood,Plywood,BrkFace,44.0,TA,TA,CBlock,787.0,0.0,1037.0,GasA,TA,Y,SBrkr,1037,0,0,1037,1.0,0.0,1,0,2,1,TA,5,Typ,0,1974.0,2.0,431.0,Y,136,47,0,0,0,0,0,8,2007,WD ,Normal,129000,0,0,0,0,1,1,1,5,1,0,6,1,1,0,3,,1,1
1830,85,RL,68.0,16647,Pave,IR1,Lvl,AllPub,CulDSac,Gtl,Sawyer,RRAe,Norm,1Fam,SFoyer,5,5,1975,1981,Gable,CompShg,HdBoard,HdBoard,None,0.0,TA,TA,CBlock,1390.0,0.0,1390.0,GasA,TA,Y,SBrkr,1701,0,0,1701,1.0,0.0,2,0,3,1,TA,6,Min2,2,1975.0,2.0,611.0,Y,0,0,0,0,0,0,0,1,2007,WD ,Normal,171000,0,0,0,0,3,1,2,5,1,0,6,1,2,1,5,,2,3
1831,20,RL,43.0,12712,Pave,IR1,Lvl,AllPub,CulDSac,Gtl,Sawyer,RRAe,Norm,1Fam,1Story,6,7,1973,2006,Gable,CompShg,CemntBd,CmentBd,None,0.0,TA,TA,CBlock,968.0,0.0,1044.0,GasA,TA,Y,SBrkr,1055,0,0,1055,1.0,0.0,1,0,2,1,Gd,5,Typ,1,1973.0,2.0,542.0,Y,455,0,0,0,0,0,0,1,2007,WD ,Abnorml,147000,0,0,0,0,3,1,2,5,2,0,6,1,1,1,5,,2,3
1832,60,RL,68.0,9572,Pave,IR1,Lvl,AllPub,Inside,Gtl,NoRidge,Norm,Norm,1Fam,2Story,8,5,1990,1990,Gable,CompShg,Wd Sdng,Wd Sdng,BrkFace,336.0,Gd,TA,PConc,482.0,0.0,1453.0,GasA,Ex,Y,SBrkr,1453,1357,0,2810,0.0,0.0,2,1,4,1,Gd,9,Typ,1,1990.0,2.0,750.0,Y,500,0,0,0,0,0,0,6,2007,WD ,Normal,302000,0,0,0,0,1,1,0,5,3,2,6,1,1,1,0,,0,1
1833,50,RL,85.0,10678,Pave,Reg,Lvl,AllPub,Inside,Gtl,NoRidge,Norm,Norm,1Fam,1.5Fin,8,5,1992,2000,Hip,CompShg,HdBoard,HdBoard,BrkFace,337.0,Gd,TA,PConc,700.0,0.0,1683.0,GasA,Ex,Y,SBrkr,2129,743,0,2872,0.0,0.0,2,1,4,1,Gd,9,Typ,1,1992.0,2.0,541.0,Y,0,33,0,0,0,0,0,4,2007,WD ,Normal,285000,0,0,0,0,1,1,2,5,3,2,6,1,1,1,5,,2,1
1834,120,FV,45.0,4379,Pave,IR1,Lvl,AllPub,FR2,Gtl,Somerst,Norm,Norm,TwnhsE,1Story,8,5,2004,2004,Gable,CompShg,MetalSd,MetalSd,None,0.0,Gd,TA,PConc,851.0,0.0,1378.0,GasA,Ex,Y,SBrkr,1378,0,0,1378,1.0,0.0,2,0,2,1,Gd,6,Typ,1,2004.0,2.0,540.0,Y,160,56,0,0,0,0,0,7,2007,WD ,Normal,214000,0,0,0,0,3,1,2,5,0,2,6,1,1,1,2,,2,3
1835,120,FV,80.0,3523,Pave,IR1,Lvl,AllPub,Inside,Gtl,Somerst,Norm,Norm,TwnhsE,1Story,8,5,2006,2007,Gable,CompShg,VinylSd,VinylSd,Stone,30.0,Gd,TA,PConc,60.0,0.0,1141.0,GasA,Ex,Y,SBrkr,1151,0,0,1151,1.0,0.0,2,0,2,1,Gd,5,Typ,0,2006.0,2.0,484.0,Y,0,60,0,0,0,0,0,2,2007,New,Partial,166000,1,0,0,0,4,1,2,5,3,2,6,1,1,0,3,,2,4
1836,120,FV,32.0,3784,Pave,IR1,Lvl,AllPub,Inside,Gtl,Somerst,Norm,Norm,TwnhsE,1Story,8,5,2006,2007,Gable,CompShg,VinylSd,VinylSd,Stone,36.0,Gd,TA,PConc,60.0,0.0,1511.0,GasA,Ex,Y,SBrkr,1565,0,0,1565,1.0,0.0,2,0,2,1,Gd,5,Typ,0,2006.0,2.0,476.0,Y,0,120,0,0,0,0,0,2,2007,New,Partial,193800,1,0,0,0,4,1,2,5,3,2,6,1,1,0,3,,2,4
1837,120,FV,47.0,4230,Pave,Reg,Lvl,AllPub,Corner,Gtl,Somerst,Norm,Norm,TwnhsE,1Story,7,5,2006,2007,Gable,CompShg,VinylSd,VinylSd,None,0.0,Gd,TA,PConc,0.0,0.0,1352.0,GasA,Ex,Y,SBrkr,1352,0,0,1352,0.0,0.0,2,0,2,1,Gd,5,Typ,1,2006.0,2.0,466.0,Y,0,241,0,0,0,0,0,4,2007,New,Partial,208900,1,0,0,0,3,1,0,2,3,6,6,1,1,1,2,,0,3
1838,120,FV,40.0,3606,Pave,Reg,Lvl,AllPub,Inside,Gtl,Somerst,Norm,Norm,TwnhsE,1Story,7,5,2006,2007,Gable,CompShg,VinylSd,VinylSd,None,0.0,Gd,TA,PConc,937.0,0.0,1352.0,GasA,Ex,Y,SBrkr,1352,0,0,1352,1.0,0.0,2,0,2,1,Gd,5,Typ,1,2006.0,2.0,466.0,Y,0,241,0,0,0,0,0,8,2007,New,Partial,194000,1,0,0,0,3,1,0,2,3,2,6,1,1,1,2,,0,3
1841,160,FV,35.0,4251,Pave,IR1,Lvl,AllPub,Inside,Gtl,Somerst,Norm,Norm,TwnhsE,2Story,7,5,2006,2007,Gable,CompShg,MetalSd,MetalSd,None,0.0,Gd,TA,PConc,0.0,0.0,625.0,GasA,Ex,Y,SBrkr,625,625,0,1250,0.0,0.0,2,1,2,1,Gd,5,Typ,0,2006.0,2.0,528.0,Y,0,54,0,0,0,0,0,6,2007,New,Partial,164700,1,0,0,0,3,1,2,5,3,6,6,1,5,0,3,,2,3
1842,160,FV,24.0,2280,Pave,Reg,Lvl,AllPub,Inside,Gtl,Somerst,Norm,Norm,Twnhs,2Story,6,5,1999,1999,Gable,CompShg,MetalSd,MetalSd,BrkFace,342.0,TA,TA,PConc,565.0,0.0,744.0,GasA,Gd,Y,SBrkr,757,744,0,1501,1.0,0.0,2,1,3,1,TA,6,Typ,1,1999.0,2.0,440.0,Y,0,0,0,0,0,0,0,9,2007,WD ,Normal,176500,1,0,0,0,1,1,2,5,3,2,6,1,5,1,5,,2,1
1843,160,FV,34.0,3230,Pave,Reg,Lvl,AllPub,Corner,Gtl,Somerst,Norm,Norm,TwnhsE,2Story,6,5,1999,1999,Gable,CompShg,MetalSd,MetalSd,BrkFace,1129.0,TA,TA,PConc,419.0,0.0,729.0,GasA,Gd,Y,SBrkr,729,729,0,1458,0.0,0.0,2,1,2,1,TA,5,Typ,1,1999.0,2.0,440.0,Y,0,32,0,0,0,0,0,6,2007,WD ,Normal,176000,1,0,0,0,1,1,2,5,3,2,6,1,5,1,1,,2,1
1844,160,FV,68.0,2117,Pave,Reg,Lvl,AllPub,Inside,Gtl,Somerst,Norm,Norm,TwnhsE,2Story,6,5,2000,2000,Gable,CompShg,MetalSd,MetalSd,BrkFace,513.0,Gd,TA,PConc,420.0,0.0,756.0,GasA,Ex,Y,SBrkr,756,756,0,1512,0.0,0.0,2,1,2,1,Gd,4,Typ,1,2000.0,2.0,440.0,Y,0,32,0,0,0,0,0,6,2007,WD ,Normal,168500,0,0,0,0,1,1,2,5,3,2,6,1,5,1,5,,2,1
1845,160,FV,24.0,2117,Pave,Reg,Lvl,AllPub,Inside,Gtl,Somerst,Norm,Norm,Twnhs,2Story,6,5,2000,2000,Gable,CompShg,MetalSd,MetalSd,BrkFace,216.0,Gd,TA,PConc,417.0,0.0,756.0,GasA,Ex,Y,SBrkr,769,804,0,1573,0.0,0.0,2,1,3,1,Gd,4,Typ,0,2000.0,2.0,440.0,Y,0,32,0,0,0,0,0,9,2007,WD ,Normal,177000,0,0,0,0,1,1,2,5,3,2,6,1,5,0,3,,2,1
1846,160,FV,68.0,2117,Pave,Reg,Lvl,AllPub,Inside,Gtl,Somerst,Norm,Norm,Twnhs,2Story,6,5,2000,2000,Gable,CompShg,MetalSd,MetalSd,BrkFace,456.0,Gd,TA,PConc,436.0,0.0,756.0,GasA,Ex,Y,SBrkr,769,756,0,1525,0.0,0.0,2,1,3,1,Gd,5,Typ,1,2000.0,2.0,440.0,Y,0,0,0,0,0,0,0,6,2007,WD ,Normal,177000,0,0,0,0,1,1,2,5,3,2,6,1,5,1,5,,2,1
1847,160,FV,68.0,5105,Pave,IR2,Lvl,AllPub,FR2,Gtl,Somerst,Norm,Norm,TwnhsE,2Story,7,5,2004,2004,Gable,CompShg,MetalSd,MetalSd,None,0.0,Gd,TA,PConc,239.0,0.0,551.0,GasA,Ex,Y,SBrkr,551,551,0,1102,0.0,0.0,2,1,2,1,Gd,4,Typ,0,2004.0,2.0,480.0,Y,0,60,0,0,0,0,0,3,2007,WD ,Normal,148800,0,0,0,0,3,1,2,5,3,2,6,1,5,0,3,,2,3
1848,160,FV,24.0,2645,Pave,Reg,Lvl,AllPub,Inside,Gtl,Somerst,Norm,Norm,Twnhs,2Story,8,5,1999,2000,Gable,CompShg,MetalSd,MetalSd,BrkFace,456.0,Gd,TA,PConc,0.0,0.0,776.0,GasA,Ex,Y,SBrkr,764,677,0,1441,0.0,0.0,2,1,2,1,Gd,5,Typ,0,1999.0,2.0,492.0,Y,206,0,0,0,0,0,0,11,2007,WD ,Normal,174000,1,0,0,0,1,1,2,5,3,6,6,1,5,0,3,,2,1
1849,60,FV,66.0,7399,Pave,IR1,Lvl,AllPub,Inside,Gtl,Somerst,Norm,Norm,1Fam,2Story,7,5,1997,1998,Hip,CompShg,VinylSd,VinylSd,BrkFace,1600.0,Gd,TA,PConc,649.0,0.0,975.0,GasA,Ex,Y,SBrkr,975,975,0,1950,0.0,0.0,2,1,3,1,Gd,7,Typ,1,1997.0,2.0,576.0,Y,0,10,0,0,198,0,0,6,2007,WD ,Normal,239000,1,0,0,0,1,1,2,5,3,1,6,1,5,1,5,,2,1
1850,20,FV,73.0,7321,Pave,IR1,Lvl,AllPub,Inside,Gtl,Somerst,Norm,Norm,1Fam,1Story,7,5,1999,2000,Gable,CompShg,CemntBd,CmentBd,None,0.0,Gd,TA,PConc,0.0,0.0,1339.0,GasA,Ex,Y,SBrkr,1358,0,0,1358,0.0,0.0,2,0,3,1,Gd,5,Typ,0,1999.0,2.0,625.0,Y,176,174,0,0,0,0,0,12,2007,COD,Normal,204000,1,0,0,0,3,1,2,5,3,6,6,1,5,0,3,,2,3
1851,60,FV,68.0,8010,Pave,IR1,Lvl,AllPub,Inside,Gtl,Somerst,Norm,Norm,1Fam,2Story,8,5,2003,2004,Hip,CompShg,CemntBd,CmentBd,None,0.0,Gd,TA,PConc,964.0,0.0,1054.0,GasA,Ex,Y,SBrkr,1072,976,0,2048,1.0,0.0,2,1,3,1,Gd,8,Typ,2,2003.0,2.0,552.0,Y,0,48,0,0,180,0,0,8,2007,WD ,Normal,301000,1,0,0,0,3,1,0,5,3,2,6,1,5,1,2,,0,3
1852,60,FV,106.0,8413,Pave,IR1,Lvl,AllPub,Inside,Gtl,Somerst,Norm,Norm,1Fam,2Story,8,5,1998,1998,Gable,CompShg,VinylSd,VinylSd,None,0.0,Gd,Gd,PConc,901.0,0.0,1220.0,GasA,Ex,Y,SBrkr,1220,1142,0,2362,1.0,0.0,2,1,3,1,Gd,8,Typ,2,1998.0,2.0,1105.0,Y,147,0,36,0,144,0,0,6,2007,WD ,Normal,312500,0,0,0,0,3,1,0,5,2,2,6,1,1,1,5,,0,3
1853,120,RL,50.0,9466,Pave,IR2,Lvl,AllPub,FR2,Gtl,Veenker,Norm,Norm,TwnhsE,1Story,8,5,1994,1995,Gable,CompShg,BrkFace,BrkFace,None,0.0,Gd,TA,PConc,457.0,1037.0,1494.0,GasA,Ex,Y,SBrkr,1494,0,0,1494,1.0,0.0,1,1,1,1,Gd,5,Typ,1,1994.0,2.0,478.0,Y,0,30,0,0,217,0,0,5,2007,WD ,Normal,279700,0,0,0,0,3,1,2,5,1,3,0,1,1,1,2,,2,3
1854,20,RL,80.0,12000,Pave,Reg,Lvl,AllPub,Inside,Gtl,Veenker,Norm,Norm,1Fam,1Story,7,6,1980,1980,Hip,CompShg,VinylSd,MetalSd,BrkFace,600.0,Gd,TA,CBlock,1732.0,0.0,2002.0,GasA,Ex,Y,SBrkr,2362,0,0,2362,1.0,0.0,2,1,3,1,Gd,8,Typ,1,1980.0,2.0,546.0,Y,180,16,0,0,0,0,0,3,2007,WD ,Normal,255000,0,0,0,0,1,1,2,5,3,2,6,1,1,1,5,,2,1
1855,80,RL,68.0,16157,Pave,IR1,Lvl,AllPub,FR2,Gtl,Veenker,Feedr,Norm,1Fam,SLvl,5,7,1978,1978,Gable,CompShg,Plywood,Plywood,None,0.0,TA,TA,PConc,680.0,391.0,1360.0,GasA,Ex,Y,SBrkr,1432,0,0,1432,1.0,0.0,1,1,2,1,Gd,5,Typ,1,1978.0,2.0,588.0,Y,168,180,0,0,0,0,0,6,2007,WD ,Normal,194000,0,0,0,0,3,1,2,5,1,0,5,1,1,1,5,,2,3
1856,20,RL,90.0,10768,Pave,IR1,Lvl,AllPub,Corner,Gtl,Veenker,Norm,Norm,1Fam,1Story,5,8,1976,2004,Gable,CompShg,Plywood,Plywood,None,0.0,Gd,Gd,CBlock,1157.0,0.0,1437.0,GasA,TA,Y,SBrkr,1437,0,0,1437,1.0,0.0,2,0,3,1,Gd,6,Typ,1,1976.0,2.0,528.0,Y,0,21,0,0,180,0,0,7,2007,WD ,Normal,218000,0,0,0,0,3,1,2,5,1,0,6,1,1,1,1,,2,3
1857,120,RL,40.0,3840,Pave,IR1,Lvl,AllPub,Inside,Gtl,Greens,Norm,Norm,TwnhsE,1Story,8,6,1978,1998,Gable,CompShg,Wd Sdng,Plywood,None,0.0,Gd,TA,CBlock,881.0,176.0,1057.0,GasA,TA,Y,SBrkr,1295,0,0,1295,1.0,0.0,1,0,1,1,Gd,4,Typ,2,1978.0,2.0,571.0,Y,133,89,0,0,0,0,0,7,2007,WD ,Normal,213750,0,0,0,0,3,1,2,5,1,2,3,1,1,1,5,,2,3
1858,80,RL,80.0,9600,Pave,Reg,Lvl,AllPub,FR2,Gtl,Veenker,Feedr,Norm,1Fam,SLvl,6,7,1976,1994,Hip,CompShg,Plywood,Plywood,BrkFace,360.0,Gd,Gd,CBlock,0.0,0.0,528.0,GasA,Ex,Y,SBrkr,1094,761,0,1855,0.0,0.0,2,1,3,1,TA,7,Typ,1,1976.0,2.0,512.0,Y,113,100,0,0,0,0,0,8,2007,WD ,Normal,187000,0,0,0,0,1,1,5,5,3,6,6,1,1,1,5,,5,1
1859,20,RL,80.0,9600,Pave,Reg,Lvl,AllPub,FR2,Gtl,Veenker,Feedr,Norm,1Fam,1Story,6,8,1976,1976,Gable,CompShg,MetalSd,MetalSd,None,0.0,TA,TA,CBlock,978.0,0.0,1262.0,GasA,Ex,Y,SBrkr,1262,0,0,1262,0.0,1.0,2,0,3,1,TA,6,Typ,1,1976.0,2.0,460.0,Y,298,0,0,0,0,0,0,5,2007,WD ,Normal,181500,0,0,0,0,3,1,2,5,1,0,6,1,1,1,5,,2,3
1860,20,RL,94.0,17778,Pave,IR1,Lvl,AllPub,Inside,Gtl,Veenker,Norm,Norm,1Fam,1Story,8,5,1981,1981,Hip,CompShg,BrkFace,BrkFace,None,0.0,Gd,TA,CBlock,1632.0,829.0,2461.0,GasA,Gd,Y,SBrkr,2497,0,0,2497,1.0,0.0,2,0,2,1,Gd,7,Typ,2,1981.0,2.0,676.0,Y,266,0,0,0,0,0,0,3,2007,WD ,Normal,373000,0,0,0,0,3,1,2,5,1,0,5,1,1,1,2,,2,3
1861,90,RL,68.0,18890,Pave,IR1,Lvl,AllPub,Inside,Gtl,Sawyer,Feedr,RRAe,Duplex,1.5Fin,5,5,1977,1977,Shed,CompShg,Plywood,Plywood,Unknown,1.0,TA,TA,CBlock,498.0,211.0,1361.0,GasA,Ex,Y,SBrkr,1361,1259,0,2620,0.0,0.0,2,2,4,2,TA,12,Typ,1,1977.0,2.0,600.0,N,155,24,145,0,0,0,8300,8,2007,WD ,Normal,190000,0,0,0,1,5,1,2,5,3,2,5,1,3,1,5,,2,5
1862,60,FV,68.0,7050,Pave,Reg,Lvl,AllPub,Inside,Gtl,Somerst,Norm,Norm,1Fam,2Story,7,5,2001,2001,Gable,CompShg,VinylSd,VinylSd,None,0.0,Gd,TA,PConc,738.0,0.0,1057.0,GasA,Ex,Y,SBrkr,1057,872,0,1929,1.0,0.0,2,1,3,1,Gd,7,Typ,1,2001.0,2.0,650.0,Y,0,235,0,0,0,0,0,5,2007,WD ,Normal,226000,0,0,0,0,3,1,2,5,3,2,6,1,1,1,5,,2,3
1863,20,RL,78.0,11700,Pave,Reg,Lvl,AllPub,Inside,Gtl,NWAmes,RRAn,Norm,1Fam,1Story,6,6,1968,1968,Gable,CompShg,MetalSd,MetalSd,BrkFace,41.0,TA,TA,CBlock,0.0,0.0,912.0,GasA,Ex,Y,SBrkr,1152,0,0,1152,1.0,0.0,1,1,3,1,TA,7,Typ,0,1968.0,2.0,412.0,Y,0,126,0,0,0,0,0,9,2007,CWD,Normal,143450,0,0,0,0,1,1,5,5,3,6,6,1,1,0,3,,5,1
1864,60,RL,80.0,8000,Pave,Reg,Lvl,AllPub,Inside,Gtl,NWAmes,PosA,Norm,1Fam,2Story,6,6,1970,1970,Gable,CompShg,VinylSd,VinylSd,BrkFace,525.0,TA,TA,CBlock,915.0,0.0,1008.0,GasA,TA,Y,SBrkr,1403,1008,0,2411,1.0,0.0,2,1,4,1,TA,8,Typ,1,1970.0,2.0,570.0,Y,0,192,0,0,0,0,0,6,2007,WD ,Normal,240050,0,0,0,0,1,1,5,5,3,5,6,1,1,1,4,,5,1
1865,85,RL,68.0,8723,Pave,IR1,Lvl,AllPub,Inside,Gtl,NWAmes,PosN,Norm,1Fam,SFoyer,6,6,1969,1969,Gable,CompShg,HdBoard,HdBoard,None,0.0,TA,TA,PConc,973.0,0.0,973.0,GasA,Ex,Y,SBrkr,1082,0,0,1082,1.0,0.0,1,0,3,1,TA,6,Typ,0,1969.0,2.0,480.0,Y,160,0,0,0,0,0,0,1,2007,WD ,Normal,162500,0,0,0,0,3,1,2,5,0,1,6,1,1,0,3,,2,3
1866,20,RL,130.0,11700,Pave,Reg,Lvl,AllPub,Corner,Gtl,NWAmes,Norm,Norm,1Fam,1Story,6,5,1968,1968,Gable,CompShg,HdBoard,HdBoard,BrkFace,196.0,TA,TA,PConc,910.0,0.0,1295.0,GasA,Fa,Y,SBrkr,1295,0,0,1295,1.0,0.0,1,1,3,1,TA,6,Typ,0,1968.0,2.0,528.0,Y,0,194,0,0,200,0,0,4,2007,WD ,Normal,164000,0,0,0,0,1,1,2,5,3,0,6,1,1,0,3,,2,1
1867,20,RL,108.0,11358,Pave,IR1,Lvl,AllPub,Corner,Gtl,NWAmes,Norm,Norm,1Fam,1Story,7,7,1972,1987,Hip,CompShg,Wd Sdng,Wd Sdng,None,0.0,TA,TA,CBlock,346.0,0.0,1124.0,GasA,TA,Y,SBrkr,1610,0,0,1610,0.0,0.0,2,0,3,1,Gd,8,Typ,1,1972.0,2.0,515.0,Y,202,0,0,0,256,0,0,5,2007,WD ,Normal,185000,0,0,0,0,3,1,5,5,3,1,6,1,1,1,5,,5,3
1868,20,RL,80.0,9547,Pave,Reg,Lvl,AllPub,Inside,Gtl,NWAmes,Norm,Norm,1Fam,1Story,7,6,1993,1993,Gable,CompShg,VinylSd,VinylSd,BrkFace,112.0,TA,TA,PConc,0.0,0.0,1594.0,GasA,Ex,Y,SBrkr,1594,0,0,1594,0.0,0.0,2,0,2,1,Gd,6,Typ,1,1993.0,2.0,472.0,Y,190,80,0,0,0,0,0,7,2007,WD ,Normal,188500,0,0,0,0,1,1,2,5,3,6,6,1,1,1,5,,2,1
1869,60,RL,78.0,10530,Pave,Reg,Lvl,AllPub,Inside,Gtl,NWAmes,Norm,Norm,1Fam,2Story,7,6,1993,1993,Gable,CompShg,MetalSd,MetalSd,BrkFace,194.0,Gd,TA,PConc,819.0,0.0,1148.0,GasA,Ex,Y,SBrkr,1091,984,0,2075,1.0,0.0,2,1,3,1,Gd,8,Typ,1,1993.0,2.0,473.0,Y,235,86,0,0,0,0,0,8,2007,WD ,Normal,255000,0,0,0,0,1,1,2,5,3,2,6,1,1,1,2,,2,1
1870,90,RL,68.0,11500,Pave,IR1,Lvl,AllPub,Corner,Gtl,NWAmes,Feedr,RRAn,Duplex,1Story,5,6,1976,1976,Gable,CompShg,VinylSd,VinylSd,BrkFace,164.0,TA,TA,CBlock,0.0,0.0,1680.0,GasA,Fa,Y,SBrkr,1680,0,0,1680,0.0,0.0,2,0,4,2,TA,8,Typ,0,1976.0,2.0,528.0,Y,0,0,0,0,0,0,0,6,2007,WD ,Normal,136905,0,0,0,0,1,1,5,5,3,6,6,1,5,0,3,,5,1
1871,20,RL,88.0,10738,Pave,IR1,Lvl,AllPub,Corner,Gtl,NWAmes,Norm,Norm,1Fam,1Story,6,7,1966,1966,Hip,CompShg,HdBoard,HdBoard,None,0.0,TA,TA,CBlock,792.0,0.0,1093.0,GasA,Gd,Y,SBrkr,1093,0,0,1093,1.0,0.0,2,0,3,1,TA,6,Typ,1,1966.0,2.0,484.0,Y,224,0,0,0,0,0,400,11,2007,WD ,Normal,158500,0,0,1,1,3,1,5,5,3,0,6,1,1,1,1,,5,3
1872,20,RL,80.0,9600,Pave,Reg,Lvl,AllPub,Inside,Gtl,NWAmes,Norm,Norm,1Fam,1Story,7,6,1973,1973,Hip,CompShg,HdBoard,HdBoard,BrkFace,320.0,TA,TA,CBlock,916.0,0.0,1242.0,GasA,Fa,Y,SBrkr,1242,0,0,1242,0.0,0.0,1,1,3,1,TA,6,Typ,1,1973.0,2.0,528.0,Y,0,0,0,0,0,0,0,9,2007,WD ,Normal,175500,0,0,0,0,1,1,5,5,3,0,6,1,1,1,5,,5,1
1873,20,RL,80.0,10800,Pave,Reg,Lvl,AllPub,Inside,Gtl,NWAmes,Norm,Norm,1Fam,1Story,6,5,1963,1963,Gable,CompShg,HdBoard,HdBoard,BrkFace,203.0,TA,TA,CBlock,617.0,264.0,1052.0,GasA,TA,Y,SBrkr,1052,0,0,1052,1.0,0.0,1,0,3,1,TA,6,Typ,0,1963.0,1.0,311.0,Y,0,133,0,0,0,0,0,2,2007,COD,Normal,127000,0,0,0,0,1,1,5,5,3,1,5,1,1,0,3,,5,1
1874,20,RL,70.0,8050,Pave,Reg,Lvl,AllPub,Inside,Gtl,NAmes,Norm,Norm,1Fam,1Story,5,6,1967,1993,Gable,CompShg,MetalSd,MetalSd,None,0.0,TA,TA,CBlock,474.0,38.0,949.0,GasA,TA,Y,SBrkr,1107,0,0,1107,1.0,0.0,1,0,3,1,Gd,5,Typ,0,1967.0,1.0,308.0,Y,88,64,0,0,0,0,0,3,2007,WD ,Normal,127000,0,0,0,0,3,1,5,5,3,0,1,1,1,0,3,,5,3
1875,20,RL,68.0,10355,Pave,IR1,Lvl,AllPub,Corner,Gtl,NAmes,Norm,Norm,1Fam,1Story,5,5,1967,1967,Gable,CompShg,MetalSd,MetalSd,BrkFace,196.0,TA,TA,CBlock,695.0,0.0,1214.0,GasA,TA,Y,SBrkr,1214,0,0,1214,0.0,0.0,2,0,3,1,TA,5,Typ,1,1967.0,1.0,318.0,Y,0,111,0,0,0,0,0,7,2007,WD ,Normal,143000,0,0,0,0,1,1,5,5,3,1,6,1,1,1,1,,5,1
1876,20,RL,79.0,10289,Pave,Reg,Lvl,AllPub,Inside,Gtl,NAmes,Norm,Norm,1Fam,1Story,5,7,1965,1965,Hip,CompShg,MetalSd,MetalSd,BrkFace,168.0,TA,TA,CBlock,836.0,0.0,1073.0,GasA,TA,Y,SBrkr,1073,0,0,1073,1.0,0.0,1,1,3,1,TA,6,Typ,0,1965.0,2.0,515.0,Y,0,0,0,0,0,0,0,6,2007,WD ,Normal,156000,0,0,0,0,1,1,5,5,3,0,6,1,1,0,3,,5,1
1877,20,RL,68.0,9503,Pave,Reg,Lvl,AllPub,Inside,Gtl,NAmes,Norm,Norm,1Fam,1Story,5,5,1958,1983,Hip,CompShg,HdBoard,HdBoard,None,0.0,TA,TA,CBlock,457.0,374.0,1024.0,GasA,TA,Y,SBrkr,1344,0,0,1344,1.0,0.0,1,0,2,1,TA,6,Min1,1,1970.0,1.0,484.0,Y,316,28,0,0,0,0,0,6,2007,WD ,Normal,144000,0,0,1,0,3,1,5,5,3,0,5,1,5,1,5,,5,3
1878,90,RL,68.0,10624,Pave,IR1,Lvl,AllPub,Inside,Gtl,NAmes,Norm,Norm,Duplex,1Story,5,4,1964,1964,Gable,CompShg,HdBoard,HdBoard,BrkFace,84.0,TA,TA,CBlock,40.0,264.0,1728.0,GasA,TA,Y,SBrkr,1728,0,0,1728,0.0,1.0,2,0,6,2,TA,10,Typ,0,2002.0,1.0,352.0,Y,155,0,0,0,0,0,0,11,2007,WD ,Normal,119000,0,0,0,0,1,1,5,5,3,2,5,1,5,0,3,,5,1
1879,90,RL,68.0,10899,Pave,IR1,Lvl,AllPub,Inside,Gtl,NAmes,Norm,Norm,Duplex,1Story,4,5,1964,1964,Gable,CompShg,HdBoard,HdBoard,None,0.0,TA,TA,Slab,0.0,0.0,0.0,GasA,TA,N,SBrkr,1224,0,0,1224,0.0,0.0,2,0,2,2,TA,8,Typ,0,1964.0,3.0,530.0,Y,0,0,0,0,0,0,0,4,2007,WD ,Normal,103000,0,0,0,0,3,0,3,3,4,4,4,1,4,0,3,,3,3
1880,20,RL,68.0,12342,Pave,IR1,Lvl,AllPub,Inside,Gtl,NAmes,Norm,Norm,1Fam,1Story,5,5,1960,1978,Hip,CompShg,Wd Sdng,Wd Sdng,None,0.0,TA,TA,CBlock,0.0,0.0,978.0,GasA,TA,Y,SBrkr,1422,0,0,1422,0.0,0.0,1,0,3,1,TA,6,Min1,1,1960.0,1.0,286.0,Y,0,0,36,0,0,0,600,8,2007,WD ,Normal,139900,0,0,1,1,3,1,5,5,3,6,6,1,1,1,5,,5,3
1881,20,RL,68.0,12772,Pave,IR1,Lvl,AllPub,CulDSac,Gtl,NAmes,Norm,Norm,1Fam,1Story,6,8,1960,1998,Hip,CompShg,MetalSd,MetalSd,None,0.0,TA,Gd,CBlock,498.0,0.0,958.0,GasA,TA,Y,SBrkr,958,0,0,958,0.0,0.0,1,0,2,1,TA,5,Typ,0,1960.0,1.0,301.0,Y,0,0,0,0,0,0,15500,4,2007,WD ,Normal,151500,0,0,0,1,3,1,5,5,2,1,6,1,1,0,3,,5,3
1882,20,RL,80.0,8892,Pave,IR1,Lvl,AllPub,Inside,Gtl,NAmes,Norm,Norm,1Fam,1Story,5,5,1960,1960,Gable,CompShg,MetalSd,MetalSd,BrkCmn,66.0,TA,TA,CBlock,0.0,0.0,1065.0,GasA,Gd,Y,SBrkr,1065,0,0,1065,0.0,0.0,1,1,3,1,TA,6,Typ,0,1974.0,2.0,461.0,Y,74,0,0,0,0,0,0,7,2007,COD,Normal,126500,0,0,0,0,0,1,5,5,3,6,6,1,5,0,3,,5,0
1883,80,RL,65.0,10482,Pave,Reg,Lvl,AllPub,Inside,Gtl,NAmes,Norm,Norm,1Fam,SLvl,6,8,1958,1958,Hip,CompShg,VinylSd,VinylSd,BrkFace,63.0,TA,Gd,CBlock,507.0,0.0,588.0,GasA,Ex,Y,SBrkr,1138,0,0,1138,0.0,1.0,1,0,3,1,TA,6,Typ,0,1958.0,1.0,264.0,Y,224,0,0,0,0,0,0,6,2007,WD ,Normal,145000,0,0,1,0,1,1,5,5,0,2,6,1,1,0,3,,5,1
1884,20,RL,70.0,7535,Pave,IR1,Lvl,AllPub,Inside,Gtl,NAmes,Norm,Norm,1Fam,1Story,5,7,1958,1985,Gable,CompShg,MetalSd,MetalSd,None,0.0,TA,TA,CBlock,111.0,279.0,912.0,GasA,Fa,Y,SBrkr,912,0,0,912,0.0,1.0,1,0,2,1,TA,5,Typ,0,1958.0,1.0,297.0,Y,12,285,0,0,0,0,480,6,2007,WD ,Normal,120000,0,0,1,1,3,1,5,5,3,1,3,1,1,0,3,,5,3
1885,20,RL,74.0,7450,Pave,IR1,Lvl,AllPub,Inside,Gtl,NAmes,Norm,Norm,1Fam,1Story,5,5,1956,1956,Hip,CompShg,Wd Sdng,Wd Sdng,None,0.0,TA,TA,CBlock,438.0,206.0,894.0,GasA,Gd,Y,SBrkr,1074,0,0,1074,0.0,0.0,1,0,2,1,Gd,6,Min1,1,1966.0,2.0,396.0,Y,0,72,0,0,0,0,0,1,2007,WD ,Normal,124000,0,0,1,0,3,1,5,5,3,5,3,1,5,1,2,,5,3
1886,20,RL,68.0,8339,Pave,IR1,Lvl,AllPub,Inside,Gtl,NAmes,Norm,Norm,1Fam,1Story,5,7,1959,1959,Gable,CompShg,MetalSd,MetalSd,None,0.0,TA,TA,Slab,0.0,0.0,0.0,GasA,TA,Y,SBrkr,882,0,0,882,0.0,0.0,1,0,3,1,TA,5,Typ,0,1959.0,1.0,294.0,Y,0,0,0,0,0,0,1200,7,2007,WD ,Normal,106500,0,0,1,1,3,0,3,3,4,4,4,1,1,0,3,,3,3
1887,20,RL,68.0,14357,Pave,IR1,Lvl,AllPub,CulDSac,Gtl,NAmes,Norm,Norm,1Fam,1Story,5,5,1961,1961,Hip,CompShg,Wd Sdng,Wd Sdng,None,0.0,TA,TA,CBlock,311.0,167.0,864.0,GasA,TA,Y,SBrkr,1187,0,0,1187,1.0,0.0,1,0,2,1,TA,6,Typ,1,1961.0,2.0,440.0,Y,128,0,0,0,0,0,0,8,2007,CWD,Normal,140500,0,0,0,0,3,1,5,5,3,0,3,1,1,1,5,,5,3
1888,20,RL,76.0,8243,Pave,IR1,Lvl,AllPub,CulDSac,Gtl,NAmes,Norm,Norm,1Fam,1Story,5,7,1961,1961,Gable,CompShg,VinylSd,VinylSd,BrkFace,56.0,TA,Gd,CBlock,700.0,0.0,964.0,GasA,Ex,Y,SBrkr,964,0,0,964,0.0,0.0,1,0,3,1,TA,5,Typ,1,1985.0,2.0,784.0,Y,170,0,0,0,0,0,0,2,2007,WD ,Normal,137500,0,0,1,0,1,1,5,5,3,0,6,1,5,1,1,,5,1
1889,20,RL,70.0,8680,Pave,Reg,Lvl,AllPub,Inside,Gtl,NAmes,Norm,Norm,1Fam,1Story,5,7,1960,1960,Hip,CompShg,CemntBd,CmentBd,None,0.0,TA,TA,CBlock,0.0,0.0,894.0,GasA,TA,Y,SBrkr,894,0,0,894,0.0,0.0,1,0,3,1,TA,5,Typ,0,1965.0,1.0,312.0,Y,0,0,0,0,0,0,0,1,2007,WD ,Normal,117600,0,0,0,0,3,1,5,5,3,6,6,1,5,0,3,,5,3
1890,20,RL,80.0,8800,Pave,Reg,Lvl,AllPub,Inside,Gtl,NAmes,Norm,Norm,1Fam,1Story,7,6,1966,1966,Hip,CompShg,HdBoard,Plywood,BrkFace,202.0,TA,TA,CBlock,654.0,0.0,1174.0,GasA,Ex,Y,SBrkr,1200,0,0,1200,0.0,1.0,2,0,3,1,TA,6,Typ,1,1966.0,2.0,440.0,Y,0,0,0,0,0,0,0,10,2007,CWD,Normal,163500,0,0,1,0,1,1,5,5,3,1,6,1,1,1,5,,5,1
1891,80,RL,80.0,9200,Pave,Reg,Lvl,AllPub,Inside,Gtl,NAmes,Norm,Norm,1Fam,SLvl,6,5,1965,1965,Gable,CompShg,HdBoard,HdBoard,BrkFace,98.0,TA,TA,CBlock,494.0,0.0,1042.0,GasA,TA,Y,SBrkr,1042,0,0,1042,0.0,0.0,2,0,3,1,TA,5,Typ,0,1965.0,2.0,440.0,Y,192,0,0,0,0,0,0,5,2007,WD ,Normal,161000,0,0,1,0,1,1,5,5,1,2,6,1,1,0,3,,5,1
1892,80,RL,85.0,9350,Pave,Reg,Lvl,AllPub,Inside,Gtl,NAmes,Norm,Norm,1Fam,SLvl,6,7,1964,1991,Hip,CompShg,HdBoard,HdBoard,BrkFace,108.0,TA,TA,CBlock,270.0,580.0,1302.0,GasA,Ex,Y,SBrkr,1302,0,0,1302,0.0,1.0,2,0,3,1,Gd,7,Min1,0,1964.0,1.0,309.0,Y,333,0,0,0,0,0,0,10,2007,CWD,Normal,158000,0,0,1,0,1,1,2,5,1,3,0,1,1,0,3,,2,1
1893,60,RL,80.0,8800,Pave,Reg,Lvl,AllPub,Inside,Gtl,NAmes,Norm,Norm,1Fam,2Story,6,7,1964,1997,Gable,CompShg,MetalSd,MetalSd,BrkFace,306.0,TA,Gd,CBlock,414.0,0.0,845.0,GasA,Ex,Y,SBrkr,845,1309,0,2154,0.0,0.0,2,1,5,1,TA,8,Typ,1,1964.0,2.0,539.0,Y,0,0,0,0,161,0,0,7,2007,WD ,Normal,224500,0,0,1,0,1,1,5,5,3,0,6,1,1,1,2,,5,1
1894,20,RL,68.0,11382,Pave,IR1,Lvl,AllPub,Inside,Gtl,NAmes,Norm,Norm,1Fam,1Story,6,5,1964,1964,Gable,CompShg,Wd Sdng,Plywood,BrkFace,212.0,TA,TA,CBlock,54.0,543.0,1130.0,GasA,TA,Y,SBrkr,1374,0,0,1374,0.0,1.0,1,0,3,1,TA,7,Typ,1,1964.0,1.0,286.0,Y,0,28,84,0,0,0,0,8,2007,WD ,Normal,147000,0,0,1,0,1,1,5,5,3,0,5,1,1,1,5,,5,1
1895,20,RL,68.0,22002,Pave,Reg,Lvl,AllPub,Corner,Gtl,NAmes,Norm,Norm,1Fam,1Story,6,7,1959,1991,Gable,CompShg,MetalSd,MetalSd,BrkFace,136.0,TA,Gd,CBlock,1386.0,0.0,1592.0,GasA,Gd,Y,SBrkr,1652,0,0,1652,1.0,0.0,1,1,3,1,Gd,6,Typ,1,1959.0,2.0,510.0,Y,0,0,0,0,201,0,0,7,2007,WD ,Normal,200000,0,0,0,0,1,1,5,5,2,0,6,1,1,1,2,,5,1
1896,20,RL,68.0,14585,Pave,IR1,Lvl,AllPub,CulDSac,Gtl,NAmes,Norm,Norm,1Fam,1Story,6,6,1960,1987,Gable,CompShg,Wd Sdng,Wd Sdng,BrkFace,85.0,TA,TA,CBlock,594.0,219.0,1144.0,GasA,Ex,Y,SBrkr,1429,0,0,1429,0.0,1.0,1,0,3,1,Gd,7,Typ,2,1960.0,2.0,572.0,Y,216,110,0,0,0,0,0,6,2007,WD ,Normal,181900,0,0,0,0,1,1,5,5,3,1,5,1,1,1,2,,5,1
1897,20,RL,75.0,7388,Pave,Reg,Lvl,AllPub,Corner,Gtl,NAmes,Norm,Norm,1Fam,1Story,5,6,1959,2002,Gable,CompShg,MetalSd,MetalSd,None,0.0,TA,TA,CBlock,405.0,0.0,1063.0,GasA,Gd,Y,SBrkr,1327,0,0,1327,1.0,0.0,1,0,3,1,Gd,7,Typ,0,1974.0,2.0,624.0,Y,0,0,0,0,0,0,0,7,2007,WD ,Normal,150750,0,0,0,0,3,1,5,5,3,5,6,1,5,0,3,,5,3
1898,90,RL,70.0,9842,Pave,Reg,Lvl,AllPub,FR2,Gtl,NAmes,Norm,Norm,Duplex,1Story,4,5,1962,1962,Gable,CompShg,HdBoard,HdBoard,None,0.0,TA,TA,Slab,0.0,0.0,0.0,GasA,TA,Y,SBrkr,1224,0,0,1224,0.0,0.0,2,0,2,2,TA,6,Typ,0,1962.0,2.0,462.0,Y,0,0,0,0,0,0,0,3,2007,WD ,Normal,101800,0,0,0,0,3,0,3,3,4,4,4,1,4,0,3,,3,3
1899,20,RL,57.0,8280,Pave,IR1,Lvl,AllPub,Inside,Gtl,NAmes,Norm,Norm,1Fam,1Story,6,5,1950,1950,Gable,CompShg,BrkFace,BrkFace,None,0.0,TA,TA,CBlock,0.0,0.0,932.0,GasA,Ex,Y,FuseA,932,0,0,932,0.0,0.0,1,0,2,1,Gd,4,Typ,1,1950.0,1.0,306.0,Y,0,0,214,0,0,0,0,11,2007,WD ,Normal,124000,0,0,1,0,3,1,5,5,3,6,6,1,1,1,2,,5,3
1900,45,RL,85.0,12172,Pave,Reg,Lvl,AllPub,Inside,Gtl,NAmes,Norm,Norm,1Fam,1.5Unf,5,7,1940,1996,Gable,CompShg,Wd Sdng,HdBoard,None,0.0,TA,TA,PConc,130.0,259.0,822.0,GasA,TA,Y,SBrkr,908,0,0,908,0.0,0.0,1,0,2,1,TA,4,Typ,0,1975.0,2.0,512.0,Y,284,24,0,0,192,0,0,10,2007,WD ,Normal,138500,0,0,1,0,3,1,5,5,3,3,5,1,1,0,3,,5,3
1901,20,RL,50.0,5000,Pave,Reg,Low,AllPub,Inside,Mod,BrkSide,Norm,Norm,1Fam,1Story,1,3,1946,1950,Gable,CompShg,VinylSd,VinylSd,None,0.0,Fa,Fa,Slab,0.0,0.0,0.0,GasA,Fa,N,FuseF,334,0,0,334,0.0,0.0,1,0,1,1,Fa,2,Typ,0,0.0,0.0,0.0,N,0,0,0,0,0,0,0,1,2007,WD ,Normal,39300,0,0,0,0,3,0,3,3,4,4,4,0,6,0,3,,3,3
1902,20,RL,50.0,5000,Pave,Reg,Lvl,AllPub,Inside,Gtl,BrkSide,Norm,Norm,1Fam,1Story,3,3,1946,1950,Gable,CompShg,WdShing,Wd Shng,None,0.0,Fa,Fa,CBlock,299.0,0.0,666.0,GasA,Fa,N,SBrkr,666,0,0,666,0.0,1.0,1,0,2,1,Gd,4,Typ,0,0.0,0.0,0.0,N,0,52,0,0,0,0,0,4,2007,WD ,Normal,64500,0,0,1,0,3,1,1,1,3,3,6,0,6,0,3,,1,3
1903,50,RL,51.0,3500,Pave,Reg,Lvl,AllPub,Inside,Gtl,BrkSide,Feedr,Norm,1Fam,1.5Fin,3,5,1945,1950,Gable,CompShg,MetalSd,MetalSd,None,0.0,TA,TA,CBlock,144.0,0.0,370.0,GasA,TA,N,FuseA,442,228,0,670,1.0,0.0,1,0,2,1,Fa,4,Typ,0,0.0,0.0,0.0,N,0,21,0,0,0,0,2000,7,2007,WD ,Normal,64000,0,0,1,1,3,1,5,5,3,3,6,0,6,0,3,,5,3
1904,20,RL,50.0,5175,Pave,Reg,Lvl,AllPub,Inside,Gtl,BrkSide,RRAn,Feedr,1Fam,1Story,5,8,1958,2000,Gable,CompShg,VinylSd,VinylSd,None,0.0,TA,TA,CBlock,150.0,404.0,808.0,GasA,Ex,Y,SBrkr,808,0,0,808,0.0,0.0,1,0,2,1,TA,5,Typ,0,1963.0,1.0,308.0,N,143,0,0,0,0,0,0,7,2007,COD,Normal,112000,0,0,0,0,3,1,5,5,3,1,0,1,5,0,3,,5,3
1905,60,RL,100.0,9500,Pave,Reg,Lvl,AllPub,Corner,Gtl,NAmes,Artery,Norm,1Fam,2Story,6,6,1964,1978,Gable,CompShg,VinylSd,VinylSd,BrkCmn,272.0,TA,TA,CBlock,442.0,0.0,816.0,GasA,TA,Y,SBrkr,1127,850,0,1977,0.0,1.0,1,1,4,1,TA,9,Typ,1,1964.0,2.0,540.0,Y,0,52,0,0,0,0,0,6,2007,WD ,Normal,165000,0,0,1,0,0,1,5,5,3,5,6,1,1,1,5,,5,0
1906,20,RL,80.0,9600,Pave,Reg,Lvl,AllPub,Inside,Gtl,NAmes,Norm,Norm,1Fam,1Story,5,6,1955,1955,Hip,CompShg,HdBoard,HdBoard,BrkFace,176.0,TA,Gd,CBlock,368.0,0.0,1078.0,GasA,Ex,Y,SBrkr,1150,0,0,1150,1.0,0.0,1,0,2,1,TA,6,Typ,0,1955.0,1.0,288.0,Y,0,0,0,0,175,0,0,10,2007,WD ,Normal,144000,0,0,1,0,1,1,5,5,3,1,6,1,1,0,3,,5,1
1907,90,RL,95.0,11345,Pave,Reg,Lvl,AllPub,Corner,Gtl,NAmes,Feedr,Norm,Duplex,2Story,5,5,1948,1950,Gable,Roll,AsbShng,AsbShng,Stone,567.0,TA,TA,CBlock,220.0,0.0,928.0,GasA,Gd,Y,FuseA,928,992,0,1920,0.0,0.0,2,0,4,2,TA,10,Typ,0,1948.0,2.0,400.0,Y,0,0,0,0,0,0,0,7,2007,WD ,Normal,137000,0,0,0,0,4,1,5,5,3,5,6,1,5,0,3,,5,4
1908,50,RL,79.0,9492,Pave,Reg,Lvl,AllPub,Inside,Gtl,NAmes,Artery,Norm,1Fam,1.5Fin,5,5,1941,1950,Gable,CompShg,WdShing,Wd Shng,None,0.0,TA,TA,CBlock,368.0,41.0,768.0,GasA,TA,Y,SBrkr,968,408,0,1376,1.0,0.0,1,0,3,1,TA,6,Typ,1,1941.0,1.0,240.0,Y,0,0,0,0,0,0,0,4,2007,WD ,Normal,105000,0,0,0,0,3,1,5,5,3,5,1,1,1,1,2,,5,3
1909,70,RL,79.0,9480,Pave,Reg,Lvl,AllPub,Inside,Gtl,NAmes,Artery,Norm,1Fam,2Story,5,7,1942,1995,Gable,CompShg,MetalSd,MetalSd,Stone,224.0,TA,TA,CBlock,386.0,0.0,728.0,GasA,Ex,Y,SBrkr,888,756,0,1644,0.0,0.0,1,1,3,1,Gd,7,Typ,2,1942.0,1.0,312.0,Y,168,0,0,0,0,0,0,6,2007,WD ,Normal,146500,0,0,0,0,4,1,5,5,3,3,6,1,1,1,2,,5,4
1910,90,RL,63.0,8668,Pave,Reg,Lvl,AllPub,Corner,Gtl,NAmes,Norm,Norm,Duplex,1Story,5,5,1968,1968,Gable,CompShg,MetalSd,MetalSd,None,0.0,TA,TA,CBlock,0.0,0.0,1560.0,GasA,TA,Y,SBrkr,1560,0,0,1560,0.0,0.0,2,0,4,2,TA,8,Typ,0,1968.0,3.0,792.0,Y,0,0,0,0,0,0,0,5,2007,WD ,Normal,126000,0,0,0,0,3,1,5,5,3,6,6,1,5,0,3,,5,3
1911,85,RL,68.0,10050,Pave,IR1,Lvl,AllPub,Inside,Gtl,NAmes,Norm,Norm,1Fam,SFoyer,5,6,1966,1966,Gable,CompShg,HdBoard,HdBoard,BrkFace,87.0,TA,TA,CBlock,602.0,0.0,793.0,GasA,Ex,Y,SBrkr,1280,0,0,1280,0.0,1.0,2,0,3,1,TA,6,Typ,1,1966.0,2.0,432.0,Y,140,40,0,0,0,0,0,6,2007,WD ,Normal,175000,0,0,0,0,1,1,5,5,0,2,6,1,2,1,5,,5,1
1912,80,RL,100.0,9600,Pave,IR1,Lvl,AllPub,Inside,Gtl,NAmes,Norm,Norm,1Fam,SLvl,6,5,1961,1961,Hip,CompShg,WdShing,Wd Shng,BrkFace,291.0,TA,TA,CBlock,600.0,0.0,1218.0,GasA,TA,Y,SBrkr,1254,0,0,1254,1.0,0.0,1,0,3,1,TA,6,Typ,1,1961.0,2.0,525.0,Y,0,0,0,0,168,0,0,5,2007,WD ,Normal,158500,0,0,0,0,1,1,5,5,0,0,6,1,1,1,2,,5,1
1913,20,RL,70.0,10150,Pave,Reg,Lvl,AllPub,Inside,Gtl,NAmes,Feedr,Norm,1Fam,1Story,5,5,1958,1958,Gable,CompShg,Wd Sdng,Wd Sdng,Unknown,1.0,TA,TA,CBlock,456.0,0.0,912.0,GasA,Ex,Y,FuseA,912,0,0,912,0.0,0.0,1,0,2,1,TA,5,Typ,0,1958.0,1.0,275.0,Y,0,0,0,0,0,0,0,7,2007,COD,Normal,114500,0,0,0,0,5,1,5,5,3,5,6,1,1,0,3,,5,5
1914,50,RL,78.0,11344,Pave,Reg,Lvl,AllPub,Inside,Gtl,NAmes,Feedr,Norm,1Fam,1.5Fin,5,5,1958,1958,Gable,CompShg,MetalSd,MetalSd,BrkFace,180.0,TA,TA,CBlock,460.0,0.0,874.0,GasW,TA,Y,FuseA,874,650,0,1524,0.0,0.0,1,1,3,1,TA,7,Typ,0,1958.0,1.0,315.0,Y,0,0,0,0,0,0,0,7,2007,WD ,Normal,144000,0,0,1,0,1,1,5,5,3,1,6,1,1,0,3,,5,1
1915,60,RL,68.0,18450,Pave,IR1,Lvl,AllPub,Inside,Gtl,NAmes,Norm,Norm,1Fam,2Story,6,5,1965,1979,Flat,Tar&Grv,Plywood,Plywood,BrkCmn,113.0,TA,Gd,CBlock,187.0,723.0,1021.0,GasA,TA,Y,SBrkr,1465,915,0,2380,0.0,0.0,2,1,3,1,TA,7,Sev,1,1965.0,2.0,596.0,Y,0,265,0,0,0,0,0,8,2007,WD ,Abnorml,129000,0,0,0,0,0,1,2,5,3,3,5,1,4,1,4,,2,0
1916,20,RL,73.0,8760,Pave,Reg,Lvl,AllPub,Inside,Gtl,NAmes,Norm,Norm,1Fam,1Story,6,7,1957,1999,Gable,CompShg,VinylSd,VinylSd,None,0.0,TA,TA,CBlock,873.0,0.0,936.0,GasA,TA,Y,SBrkr,936,0,0,936,1.0,0.0,1,0,2,1,Gd,4,Typ,0,1957.0,1.0,315.0,Y,0,0,0,219,0,0,0,9,2007,WD ,Normal,141000,0,0,0,0,3,1,5,5,3,0,6,1,1,0,3,,5,3
1917,20,RL,65.0,6860,Pave,IR1,Lvl,AllPub,Inside,Gtl,NAmes,Norm,Norm,1Fam,1Story,5,6,1956,1956,Gable,CompShg,Wd Sdng,Wd Sdng,BrkCmn,54.0,TA,TA,CBlock,908.0,0.0,1008.0,GasA,Ex,Y,SBrkr,1008,0,0,1008,1.0,0.0,1,0,3,1,Fa,6,Typ,0,1964.0,1.0,308.0,Y,0,0,0,0,0,0,0,12,2007,WD ,Normal,131000,0,0,0,0,0,1,5,5,3,2,6,1,5,0,3,,5,0
1918,20,RL,60.0,8250,Pave,Reg,Lvl,AllPub,Corner,Gtl,NAmes,Norm,Norm,1Fam,1Story,5,7,1963,1963,Gable,CompShg,MetalSd,MetalSd,None,0.0,TA,TA,CBlock,288.0,0.0,1053.0,GasA,Gd,Y,SBrkr,1053,0,0,1053,1.0,0.0,1,0,3,1,Gd,6,Typ,0,1994.0,2.0,692.0,Y,240,0,0,0,109,0,0,7,2007,WD ,Normal,142100,0,0,0,0,3,1,5,5,3,0,6,1,0,0,3,,5,3
1919,20,RL,70.0,8176,Pave,Reg,Lvl,AllPub,Inside,Gtl,NAmes,Norm,Norm,1Fam,1Story,5,6,1958,1992,Gable,CompShg,Wd Sdng,Wd Sdng,None,0.0,TA,TA,CBlock,846.0,0.0,1056.0,GasA,Fa,Y,SBrkr,1056,0,0,1056,1.0,0.0,1,0,3,1,TA,6,Typ,0,1958.0,1.0,308.0,Y,0,0,0,0,0,0,0,8,2007,WD ,Normal,139000,0,0,0,0,3,1,5,5,3,5,6,1,1,0,3,,5,3
1920,20,RL,75.0,9750,Pave,Reg,Lvl,AllPub,Inside,Gtl,NAmes,Norm,Norm,1Fam,1Story,6,6,1958,1958,Gable,CompShg,MetalSd,MetalSd,BrkFace,243.0,TA,TA,CBlock,608.0,0.0,1442.0,GasA,Gd,Y,SBrkr,1442,0,0,1442,0.0,0.0,1,1,4,1,TA,7,Typ,0,1958.0,1.0,301.0,Y,0,0,275,0,0,0,500,4,2007,COD,Normal,157900,0,0,0,1,1,1,5,5,3,5,6,1,1,0,3,,5,1
1921,20,RL,80.0,9250,Pave,Reg,Lvl,AllPub,Corner,Gtl,NAmes,Norm,Norm,1Fam,1Story,5,7,1954,2005,Gable,CompShg,Wd Sdng,Wd Sdng,None,0.0,TA,TA,CBlock,480.0,468.0,1056.0,GasA,TA,Y,SBrkr,1056,0,0,1056,0.0,1.0,1,0,3,1,TA,6,Typ,0,1954.0,1.0,260.0,Y,390,0,0,0,0,0,0,7,2007,WD ,Normal,139400,0,0,0,0,3,1,5,5,3,1,3,1,1,0,3,,5,3
1922,20,RL,90.0,11988,Pave,IR1,Lvl,AllPub,Corner,Gtl,NAmes,Feedr,Norm,1Fam,1Story,6,6,1957,1957,Gable,CompShg,VinylSd,VinylSd,None,0.0,TA,TA,CBlock,777.0,0.0,1244.0,GasA,Ex,Y,FuseA,1244,0,0,1244,0.0,0.0,1,1,3,1,TA,6,Typ,2,1957.0,1.0,336.0,Y,0,40,0,0,0,0,0,5,2007,WD ,Normal,150000,0,0,0,0,3,1,5,5,3,5,6,1,1,1,2,,5,3
1923,20,RL,70.0,9100,Pave,Reg,Lvl,AllPub,Inside,Gtl,NAmes,Norm,Norm,1Fam,1Story,5,5,1960,1960,Hip,CompShg,HdBoard,HdBoard,BrkCmn,69.0,TA,TA,CBlock,0.0,0.0,1144.0,GasA,TA,Y,SBrkr,1144,0,0,1144,0.0,0.0,1,0,3,1,TA,6,Typ,1,1960.0,1.0,336.0,Y,0,0,0,0,0,0,0,6,2007,WD ,Normal,120000,0,0,0,0,0,1,5,5,3,6,6,1,1,1,2,,5,0
1924,20,RL,80.0,9736,Pave,Reg,Lvl,AllPub,Inside,Gtl,NAmes,Feedr,Norm,1Fam,1Story,6,6,1957,1969,Gable,CompShg,Wd Sdng,Wd Sdng,BrkFace,289.0,TA,TA,CBlock,668.0,138.0,1331.0,GasA,Gd,Y,SBrkr,1721,0,0,1721,0.0,0.0,1,0,4,1,TA,8,Typ,3,1957.0,2.0,464.0,Y,0,0,0,0,0,0,0,4,2007,WD ,Normal,174850,0,0,0,0,1,1,5,5,3,1,5,1,1,1,5,,5,1
1925,20,RL,72.0,9770,Pave,Reg,Lvl,AllPub,Inside,Gtl,NAmes,Norm,Norm,1Fam,1Story,5,5,1957,1957,Gable,CompShg,Wd Sdng,Wd Sdng,None,0.0,TA,TA,CBlock,512.0,0.0,922.0,GasA,TA,Y,FuseA,922,0,0,922,1.0,0.0,1,0,2,1,TA,5,Typ,0,1957.0,1.0,308.0,Y,0,34,0,0,0,0,0,4,2007,WD ,Normal,116000,0,0,1,0,3,1,5,5,3,5,6,1,1,0,3,,5,3
1926,20,RL,72.0,10152,Pave,Reg,Lvl,AllPub,Inside,Gtl,NAmes,Norm,Norm,1Fam,1Story,5,5,1956,1956,Hip,CompShg,MetalSd,MetalSd,BrkFace,120.0,TA,TA,CBlock,586.0,0.0,1048.0,GasA,TA,Y,SBrkr,1048,0,0,1048,1.0,0.0,1,0,3,1,TA,6,Typ,0,1956.0,1.0,286.0,Y,0,20,0,0,192,0,0,6,2007,WD ,Normal,135000,0,0,0,0,1,1,5,5,3,1,6,1,1,0,3,,5,1
1927,20,RL,68.0,12155,Pave,IR3,Lvl,AllPub,Inside,Gtl,NAmes,PosN,Norm,1Fam,1Story,6,3,1970,1970,Gable,CompShg,Plywood,Plywood,None,0.0,TA,TA,CBlock,1237.0,0.0,1657.0,GasA,Gd,Y,SBrkr,1657,0,0,1657,0.0,1.0,2,0,3,1,TA,7,Typ,1,1970.0,2.0,484.0,Y,0,0,0,0,147,0,0,3,2007,WD ,Normal,163500,0,0,0,0,3,1,2,5,3,3,6,1,1,1,5,,2,3
1928,20,RL,70.0,12198,Pave,IR1,Lvl,AllPub,Inside,Gtl,NAmes,Norm,Norm,1Fam,1Story,5,6,1955,1975,Gable,CompShg,VinylSd,VinylSd,None,0.0,TA,TA,CBlock,780.0,0.0,1204.0,GasA,TA,Y,SBrkr,1411,0,0,1411,0.0,0.0,1,0,3,1,TA,7,Typ,1,1955.0,1.0,310.0,Y,278,82,0,0,0,0,0,6,2007,COD,Normal,130000,0,0,0,0,3,1,5,5,0,5,6,1,1,1,5,,5,3
1929,20,RL,75.0,10050,Pave,Reg,Lvl,AllPub,Inside,Gtl,NAmes,Norm,Norm,1Fam,1Story,5,5,1955,1955,Hip,CompShg,MetalSd,MetalSd,None,0.0,TA,TA,CBlock,288.0,0.0,1216.0,GasA,TA,Y,SBrkr,1216,0,0,1216,1.0,0.0,1,0,3,1,TA,5,Typ,0,1955.0,1.0,336.0,Y,0,0,0,0,0,0,0,8,2007,WD ,Normal,129500,0,0,0,0,3,1,5,5,3,5,6,1,1,0,3,,5,3
1930,20,RL,60.0,11556,Pave,Reg,Lvl,AllPub,Inside,Gtl,NAmes,Norm,Norm,1Fam,1Story,5,9,1953,2006,Gable,CompShg,VinylSd,MetalSd,None,0.0,TA,Ex,CBlock,408.0,0.0,864.0,GasA,Gd,Y,SBrkr,1154,0,0,1154,0.0,0.0,1,1,3,1,Ex,6,Typ,0,1962.0,1.0,336.0,Y,63,0,0,0,0,0,0,7,2007,WD ,Normal,142000,0,0,0,0,3,1,5,5,3,1,6,1,5,0,3,,5,3
1931,90,RL,70.0,8078,Pave,Reg,Lvl,AllPub,Inside,Gtl,NAmes,Norm,Norm,Duplex,1Story,5,5,1958,1958,Hip,CompShg,Wd Sdng,Wd Sdng,Stone,260.0,TA,TA,CBlock,0.0,0.0,1560.0,GasA,TA,Y,SBrkr,1560,0,0,1560,0.0,0.0,2,0,4,2,TA,8,Typ,0,1958.0,2.0,484.0,Y,0,0,0,0,0,0,0,12,2007,WD ,Normal,128600,0,0,0,0,4,1,5,5,3,6,6,1,5,0,3,,5,4
1932,20,RL,60.0,10950,Pave,Reg,Lvl,AllPub,Inside,Gtl,NAmes,Norm,Norm,1Fam,1Story,6,6,1952,1952,Hip,CompShg,Wd Sdng,Wd Sdng,None,0.0,TA,TA,CBlock,441.0,0.0,948.0,GasA,TA,Y,SBrkr,948,0,0,948,0.0,0.0,1,0,2,1,TA,5,Typ,0,1952.0,2.0,410.0,N,0,48,0,0,0,0,0,4,2007,WD ,Normal,125000,0,0,0,0,3,1,5,5,3,0,6,1,5,0,3,,5,3
1933,20,RL,68.0,7942,Pave,Reg,Lvl,AllPub,Inside,Gtl,NAmes,Norm,Norm,1Fam,1Story,6,7,1953,1953,Hip,CompShg,Wd Sdng,Wd Sdng,None,0.0,TA,TA,CBlock,85.0,955.0,1040.0,GasA,TA,Y,FuseF,1040,0,0,1040,0.0,1.0,1,0,3,1,TA,6,Typ,0,1953.0,1.0,293.0,Y,0,0,0,0,0,0,0,6,2007,WD ,Normal,136000,0,0,1,0,3,1,5,5,3,5,0,1,1,0,3,,5,3
1934,20,RL,66.0,8923,Pave,Reg,Lvl,AllPub,Inside,Gtl,NAmes,Norm,Norm,1Fam,1Story,5,7,1953,2006,Gable,CompShg,Wd Sdng,Wd Sdng,None,0.0,TA,TA,CBlock,643.0,0.0,1008.0,GasA,Gd,Y,SBrkr,1008,0,0,1008,1.0,0.0,1,0,2,1,Gd,6,Typ,0,1953.0,1.0,240.0,Y,0,18,0,0,0,0,0,5,2007,WD ,Normal,134500,0,0,0,0,3,1,5,5,3,1,6,1,1,0,3,,5,3
1935,20,RL,71.0,8540,Pave,Reg,Lvl,AllPub,Corner,Gtl,NAmes,Norm,Norm,1Fam,1Story,5,8,1956,2003,Gable,CompShg,VinylSd,VinylSd,None,0.0,TA,Gd,CBlock,114.0,691.0,925.0,GasA,TA,Y,SBrkr,925,0,0,925,1.0,0.0,1,0,3,1,Gd,5,Typ,0,1956.0,1.0,252.0,Y,152,0,0,0,0,0,0,6,2007,WD ,Normal,127000,0,0,0,0,3,1,5,5,3,5,0,1,5,0,3,,5,3
1936,80,RL,60.0,7134,Pave,Reg,Bnk,AllPub,Inside,Mod,NAmes,Norm,Norm,1Fam,SLvl,5,5,1955,1955,Gable,CompShg,MetalSd,MetalSd,None,0.0,TA,TA,CBlock,384.0,0.0,384.0,GasA,TA,Y,SBrkr,1360,0,0,1360,0.0,0.0,1,0,3,1,TA,6,Min1,1,1962.0,2.0,572.0,Y,0,50,0,0,0,0,0,2,2007,WD ,Normal,130000,0,0,1,0,3,1,5,5,3,0,6,1,5,1,5,,5,3
1937,50,RL,55.0,7150,Pave,Reg,Lvl,AllPub,Inside,Gtl,NAmes,Norm,Norm,1Fam,1.5Fin,4,4,1955,1955,Gable,CompShg,MetalSd,MetalSd,None,0.0,TA,TA,PConc,150.0,0.0,1190.0,GasA,Gd,Y,SBrkr,1040,500,0,1540,1.0,0.0,1,0,4,1,Fa,7,Typ,0,2002.0,1.0,352.0,Y,0,0,0,0,0,0,0,8,2007,WD ,Normal,115000,0,0,0,0,3,1,5,5,3,5,6,1,5,0,3,,5,3
1938,20,RL,70.0,8400,Pave,Reg,Lvl,AllPub,Corner,Gtl,NAmes,Norm,Norm,1Fam,1Story,5,5,1955,1955,Gable,CompShg,MetalSd,MetalSd,None,0.0,TA,Gd,CBlock,793.0,0.0,923.0,GasA,TA,Y,SBrkr,925,0,0,925,1.0,0.0,1,0,3,1,TA,5,Typ,2,1955.0,1.0,390.0,Y,81,0,0,0,0,0,0,3,2007,WD ,Normal,116900,0,0,1,0,3,1,5,5,3,1,6,1,1,1,5,,5,3
1939,20,RL,70.0,13300,Pave,Reg,Lvl,AllPub,Inside,Gtl,NAmes,Norm,Norm,1Fam,1Story,5,7,1956,2000,Hip,CompShg,Wd Sdng,Wd Sdng,None,0.0,TA,TA,CBlock,377.0,0.0,928.0,GasA,TA,Y,SBrkr,928,0,0,928,0.0,0.0,1,0,2,1,TA,4,Typ,0,1956.0,1.0,252.0,Y,261,0,156,0,0,0,0,6,2007,WD ,Normal,132000,0,0,0,0,3,1,2,5,3,5,6,1,1,0,3,,2,3
1940,20,RL,75.0,9532,Pave,Reg,Lvl,AllPub,Inside,Gtl,NAmes,Norm,Norm,1Fam,1Story,4,6,1953,1953,Gable,CompShg,VinylSd,VinylSd,None,0.0,TA,TA,CBlock,595.0,354.0,1105.0,GasA,Gd,Y,SBrkr,1647,0,0,1647,1.0,0.0,1,0,3,1,TA,6,Min1,1,1953.0,1.0,280.0,Y,225,0,0,0,0,368,0,2,2007,WD ,Normal,153000,0,1,1,0,3,1,5,5,3,1,5,1,1,1,1,,5,3
1941,20,RL,68.0,15783,Pave,Reg,Lvl,AllPub,Inside,Gtl,OldTown,Artery,Norm,1Fam,1Story,5,5,1952,1952,Gable,CompShg,Wd Sdng,Wd Sdng,None,0.0,TA,TA,CBlock,292.0,0.0,924.0,GasA,TA,Y,SBrkr,924,0,0,924,0.0,0.0,1,0,2,1,TA,6,Typ,0,1952.0,1.0,420.0,Y,0,324,0,0,0,0,400,6,2007,WD ,Normal,112500,0,0,1,1,3,1,5,5,3,5,6,1,5,0,3,,5,3
1942,50,RL,60.0,14190,Pave,Reg,Lvl,AllPub,Inside,Gtl,OldTown,Artery,Norm,1Fam,1.5Fin,4,7,1890,2006,Gable,CompShg,VinylSd,VinylSd,None,0.0,Gd,Gd,CBlock,0.0,0.0,925.0,GasA,Gd,Y,SBrkr,1000,544,0,1544,0.0,0.0,2,0,3,1,TA,7,Typ,0,0.0,0.0,0.0,N,231,0,0,0,0,0,0,4,2007,WD ,Normal,138000,0,0,0,0,3,1,1,5,3,6,6,0,6,0,3,,1,3
1943,45,RL,60.0,9600,Pave,Reg,Lvl,AllPub,Inside,Gtl,NAmes,Norm,Norm,1Fam,1.5Unf,5,7,1949,2003,Gable,CompShg,MetalSd,MetalSd,None,0.0,TA,TA,CBlock,220.0,0.0,845.0,GasA,TA,Y,SBrkr,893,0,0,893,0.0,1.0,1,0,2,1,Gd,4,Typ,0,1985.0,2.0,576.0,Y,0,0,0,0,0,0,0,5,2007,WD ,Normal,135000,0,0,0,0,3,1,5,5,3,0,6,1,5,0,3,,5,3
1944,50,RL,68.0,12099,Pave,IR1,Lvl,AllPub,Inside,Gtl,NAmes,Norm,Norm,1Fam,1.5Fin,5,6,1953,2004,Gable,CompShg,MetalSd,MetalSd,None,0.0,TA,TA,CBlock,198.0,0.0,1216.0,GasA,Ex,Y,SBrkr,1216,0,512,1728,1.0,0.0,1,0,3,1,TA,7,Typ,1,1953.0,1.0,371.0,Y,200,0,0,0,0,0,0,6,2007,WD ,Normal,156000,0,0,1,0,3,1,5,1,3,3,6,1,1,1,2,,5,3
1945,70,RL,113.0,21281,Pave,Reg,Lvl,AllPub,Inside,Gtl,NAmes,Norm,Norm,1Fam,2Story,5,4,1935,2007,Gable,CompShg,Wd Sdng,MetalSd,None,0.0,TA,TA,BrkTil,0.0,0.0,666.0,GasA,Gd,Y,SBrkr,1308,1778,0,3086,0.0,0.0,3,1,4,1,Gd,9,Min1,0,2007.0,3.0,1200.0,Y,0,208,290,0,156,0,0,11,2007,WD ,Family,301600,0,0,0,0,3,1,5,1,3,6,6,1,3,0,3,,5,3
1946,50,RL,60.0,10134,Pave,Reg,Lvl,AllPub,Inside,Gtl,OldTown,Norm,Norm,1Fam,1.5Fin,5,6,1940,1950,Gable,CompShg,MetalSd,MetalSd,None,0.0,TA,TA,CBlock,0.0,0.0,735.0,GasA,Gd,Y,FuseA,735,299,0,1034,0.0,0.0,1,0,2,1,TA,5,Typ,0,1940.0,1.0,240.0,Y,0,39,0,0,0,0,0,7,2007,WD ,Normal,109000,0,0,0,0,3,1,5,5,3,6,6,1,5,0,3,,5,3
1947,45,RL,55.0,5500,Pave,Reg,Lvl,AllPub,Inside,Gtl,OldTown,Norm,Norm,1Fam,1.5Unf,4,6,1956,1956,Gable,CompShg,MetalSd,MetalSd,None,0.0,TA,TA,CBlock,0.0,0.0,882.0,GasA,Ex,Y,SBrkr,882,0,0,882,0.0,0.0,1,0,1,1,TA,4,Typ,0,0.0,0.0,0.0,Y,0,0,0,0,0,0,0,4,2007,WD ,Normal,103200,0,0,1,0,3,1,5,5,3,6,6,0,6,0,3,,5,3
1948,50,RL,60.0,10284,Pave,Reg,Lvl,AllPub,Corner,Gtl,OldTown,Norm,Norm,1Fam,1.5Fin,4,7,1925,1993,Gable,CompShg,MetalSd,MetalSd,None,0.0,TA,TA,CBlock,1030.0,66.0,1151.0,GasA,Ex,Y,SBrkr,845,436,0,1281,1.0,0.0,2,0,1,1,TA,6,Mod,0,1978.0,2.0,580.0,Y,0,0,0,0,0,0,0,8,2007,WD ,Abnorml,128500,0,0,0,0,3,1,5,5,2,0,3,1,5,0,3,,5,3
1949,30,RL,60.0,10800,Pave,Reg,Lvl,AllPub,Inside,Gtl,OldTown,Norm,Norm,1Fam,1Story,4,6,1927,2007,Gable,CompShg,Wd Sdng,Wd Sdng,None,0.0,TA,TA,BrkTil,0.0,0.0,656.0,GasA,TA,Y,SBrkr,968,0,0,968,0.0,0.0,2,0,4,1,TA,5,Typ,0,1928.0,1.0,216.0,Y,0,0,0,0,0,0,0,8,2007,WD ,Normal,64500,1,0,0,0,3,1,5,5,3,6,6,1,5,0,3,,5,3
1950,70,RL,60.0,10800,Pave,Reg,Lvl,AllPub,Inside,Gtl,OldTown,Norm,Norm,1Fam,2Story,5,9,1895,1999,Gable,CompShg,Wd Sdng,HdBoard,None,0.0,TA,Gd,CBlock,0.0,0.0,736.0,GasA,Ex,Y,SBrkr,751,783,0,1534,0.0,0.0,1,1,3,1,Gd,6,Typ,0,0.0,0.0,0.0,N,0,112,0,0,0,0,0,7,2007,WD ,Normal,148000,1,0,0,0,3,1,2,5,0,6,6,0,6,0,3,,2,3
1951,30,RL,60.0,5400,Pave,Reg,Lvl,AllPub,Corner,Gtl,OldTown,Norm,Norm,1Fam,1Story,5,6,1920,1950,Gable,CompShg,Wd Sdng,Wd Sdng,None,0.0,TA,TA,BrkTil,0.0,0.0,691.0,GasA,Ex,Y,FuseA,691,0,0,691,0.0,0.0,1,0,2,1,Ex,4,Typ,0,1920.0,1.0,216.0,N,0,20,94,0,0,0,0,1,2007,WD ,Abnorml,86000,0,0,0,0,3,1,1,5,3,6,6,1,5,0,3,,1,3
1952,80,RL,93.0,10090,Pave,IR1,Lvl,AllPub,Inside,Gtl,NAmes,Norm,Norm,1Fam,SLvl,7,5,1963,1999,Gable,CompShg,Plywood,Plywood,BrkFace,364.0,TA,TA,CBlock,242.0,483.0,725.0,GasA,TA,Y,SBrkr,1035,616,0,1651,0.0,1.0,2,0,4,1,TA,6,Typ,2,1963.0,1.0,276.0,Y,460,46,0,0,165,0,0,10,2007,WD ,Normal,172000,0,0,1,0,1,1,5,5,0,5,0,1,3,1,5,,5,1
1953,20,RL,75.0,8700,Pave,IR1,Lvl,AllPub,Inside,Gtl,NAmes,Norm,Norm,1Fam,1Story,5,7,1961,1961,Gable,CompShg,HdBoard,HdBoard,BrkFace,53.0,TA,TA,CBlock,192.0,0.0,920.0,GasA,Gd,Y,SBrkr,888,0,0,888,0.0,1.0,1,0,3,1,TA,5,Typ,0,1961.0,1.0,240.0,Y,0,0,0,0,0,0,0,2,2007,COD,Abnorml,120000,0,0,0,0,1,1,5,5,3,0,6,1,1,0,3,,5,1
1954,20,RL,66.0,8300,Pave,IR1,Lvl,AllPub,Inside,Gtl,NAmes,Norm,Norm,1Fam,1Story,6,6,1968,1968,Gable,CompShg,Wd Sdng,Wd Sdng,BrkFace,86.0,TA,TA,CBlock,952.0,0.0,952.0,GasA,Gd,Y,SBrkr,952,0,0,952,1.0,0.0,1,0,3,1,TA,5,Typ,0,1968.0,1.0,288.0,Y,0,0,0,0,0,0,0,8,2007,WD ,Normal,128500,0,0,0,0,1,1,5,5,2,5,6,1,1,0,3,,5,1
1955,60,RL,70.0,11606,Pave,IR1,HLS,AllPub,Inside,Sev,NAmes,Norm,Norm,1Fam,2Story,5,5,1969,1969,Gable,CompShg,Plywood,Plywood,BrkFace,192.0,TA,TA,PConc,650.0,0.0,1040.0,GasA,TA,Y,SBrkr,1040,1040,0,2080,0.0,1.0,1,2,5,1,Fa,9,Typ,2,1969.0,2.0,504.0,Y,335,0,0,0,0,0,0,9,2007,WD ,Family,135000,0,0,0,0,1,1,2,5,0,5,6,1,1,1,5,,2,1
1956,50,RL,60.0,8064,Pave,Reg,Lvl,AllPub,Corner,Gtl,NAmes,Artery,Norm,1Fam,1.5Fin,5,7,1949,2006,Gable,CompShg,MetalSd,MetalSd,None,0.0,TA,Gd,CBlock,0.0,0.0,672.0,GasA,Ex,Y,SBrkr,672,252,0,924,0.0,0.0,1,0,3,1,TA,6,Typ,1,2003.0,2.0,576.0,Y,0,0,0,0,0,0,2000,7,2007,WD ,Normal,122900,0,0,1,1,3,1,5,5,2,6,6,1,5,1,4,,5,3
1957,20,RL,60.0,11664,Pave,Reg,Lvl,AllPub,Inside,Gtl,NAmes,Artery,Norm,1Fam,1Story,6,5,1948,1950,Gable,CompShg,MetalSd,MetalSd,BrkFace,206.0,TA,TA,CBlock,336.0,0.0,1082.0,GasA,TA,Y,SBrkr,1082,0,0,1082,0.0,0.0,1,0,2,1,TA,5,Typ,1,1948.0,1.0,240.0,Y,0,130,0,0,0,0,0,11,2007,WD ,Normal,119200,0,0,0,0,1,1,5,1,3,1,6,1,5,1,2,,5,1
1958,50,RL,78.0,10496,Pave,Reg,Lvl,AllPub,Inside,Gtl,NAmes,Artery,Norm,1Fam,1.5Fin,6,6,1949,1950,Gable,CompShg,Wd Sdng,Wd Sdng,BrkFace,320.0,TA,TA,CBlock,196.0,0.0,1040.0,GasA,Ex,Y,SBrkr,1168,678,0,1846,0.0,0.0,2,0,3,1,TA,7,Typ,1,1949.0,1.0,315.0,Y,0,0,0,0,0,0,0,1,2007,WD ,Normal,143000,0,0,1,0,1,1,5,5,2,5,6,1,1,1,2,,5,1
1959,20,RL,60.0,7200,Pave,Reg,Lvl,AllPub,Inside,Gtl,NAmes,Norm,Norm,1Fam,1Story,5,7,1950,1950,Gable,CompShg,MetalSd,MetalSd,None,0.0,TA,TA,CBlock,534.0,96.0,876.0,GasA,TA,Y,SBrkr,988,0,0,988,0.0,0.0,1,0,3,1,TA,6,Typ,0,1950.0,1.0,276.0,Y,0,80,0,0,0,0,0,5,2007,WD ,Normal,119000,0,0,0,0,3,1,5,5,3,1,5,1,1,0,3,,5,3
1960,20,RL,60.0,7200,Pave,Reg,Lvl,AllPub,Inside,Gtl,NAmes,Norm,Norm,1Fam,1Story,5,3,1950,1950,Gable,CompShg,WdShing,Wd Shng,None,0.0,TA,TA,CBlock,432.0,0.0,864.0,GasA,Fa,Y,FuseA,1238,0,0,1238,0.0,0.0,1,1,3,1,TA,6,Min2,1,1950.0,1.0,357.0,Y,0,171,0,0,0,0,0,11,2007,WD ,Normal,102000,0,0,0,0,3,1,5,5,3,3,6,1,1,1,5,,5,3
1961,20,RL,60.0,7200,Pave,Reg,Lvl,AllPub,Inside,Gtl,NAmes,Norm,Norm,1Fam,1Story,5,8,1950,2002,Gable,CompShg,VinylSd,VinylSd,None,0.0,TA,TA,CBlock,398.0,149.0,864.0,GasA,Gd,Y,SBrkr,864,0,0,864,1.0,0.0,1,0,3,1,Gd,5,Typ,0,1980.0,2.0,720.0,Y,194,0,0,0,0,0,0,7,2007,WD ,Normal,129000,0,0,0,0,3,1,5,5,3,0,1,1,5,0,3,,5,3
1962,20,RL,70.0,7000,Pave,Reg,Lvl,AllPub,Inside,Gtl,NAmes,Norm,Norm,1Fam,1Story,5,7,1960,2002,Gable,CompShg,Wd Sdng,Wd Sdng,BrkFace,45.0,TA,TA,CBlock,588.0,0.0,1010.0,GasA,Ex,Y,SBrkr,1134,0,0,1134,0.0,0.0,1,0,2,1,TA,6,Typ,0,1960.0,1.0,254.0,Y,0,16,0,0,0,0,0,4,2007,WD ,Family,135000,0,0,1,0,1,1,5,5,3,5,6,1,1,0,3,,5,1
1963,20,RL,68.0,7500,Pave,Reg,Lvl,AllPub,Inside,Gtl,NAmes,Norm,Norm,1Fam,1Story,5,7,1959,2003,Hip,CompShg,BrkFace,BrkFace,None,0.0,TA,TA,CBlock,574.0,0.0,1040.0,GasA,Ex,Y,SBrkr,1040,0,0,1040,1.0,0.0,1,0,3,1,Gd,6,Typ,0,1959.0,1.0,286.0,Y,0,0,0,0,0,0,0,7,2007,WD ,Normal,152000,0,0,0,1,3,1,5,5,3,2,6,1,1,0,3,,5,3
1964,20,RL,70.0,7315,Pave,Reg,Lvl,AllPub,Inside,Gtl,NAmes,Norm,Norm,1Fam,1Story,5,6,1958,1958,Hip,CompShg,BrkFace,BrkFace,None,0.0,TA,TA,CBlock,625.0,0.0,1170.0,GasA,TA,Y,SBrkr,1170,0,0,1170,0.0,1.0,1,0,3,1,TA,6,Typ,1,1958.0,1.0,338.0,Y,0,0,0,0,225,0,0,3,2007,WD ,Normal,140000,0,0,0,0,3,1,5,5,3,5,6,1,1,1,5,,5,3
1965,20,RL,70.0,7903,Pave,Reg,Lvl,AllPub,Inside,Gtl,NAmes,Norm,Norm,1Fam,1Story,5,5,1960,1960,Hip,CompShg,BrkFace,BrkFace,None,0.0,TA,TA,CBlock,739.0,0.0,1242.0,GasA,Gd,Y,FuseA,1242,0,0,1242,1.0,0.0,1,1,3,1,TA,6,Typ,0,1960.0,1.0,324.0,Y,0,0,0,0,0,0,0,5,2007,WD ,Family,152000,0,0,0,0,3,1,5,5,3,5,6,1,1,0,3,,5,3
1966,20,RL,80.0,8000,Pave,Reg,Lvl,AllPub,Inside,Gtl,NAmes,Norm,Norm,1Fam,1Story,5,5,1960,1960,Hip,CompShg,BrkFace,BrkFace,None,0.0,TA,TA,CBlock,1098.0,154.0,1377.0,GasA,TA,Y,SBrkr,1377,0,0,1377,1.0,0.0,1,0,3,1,TA,6,Typ,2,1965.0,1.0,351.0,Y,0,0,0,0,0,0,0,11,2007,WD ,Normal,156500,0,0,1,0,3,1,5,5,3,1,5,1,1,1,5,,5,3
1967,90,RL,80.0,8000,Pave,Reg,Lvl,AllPub,Corner,Gtl,NAmes,Artery,Norm,Duplex,1Story,5,4,1961,1961,Gable,CompShg,BrkFace,BrkFace,None,0.0,TA,TA,CBlock,0.0,0.0,1800.0,GasA,Ex,N,SBrkr,1800,0,0,1800,0.0,0.0,2,0,6,2,TA,10,Typ,0,0.0,0.0,0.0,Y,0,0,0,0,0,0,0,7,2007,WD ,Normal,141000,0,0,0,0,3,1,5,5,3,6,6,0,6,0,3,,5,3
1968,20,RL,70.0,7000,Pave,Reg,Lvl,AllPub,Corner,Gtl,NAmes,Feedr,Norm,1Fam,1Story,5,6,1961,1961,Gable,CompShg,BrkFace,Wd Sdng,None,0.0,TA,TA,Slab,0.0,0.0,0.0,GasA,Gd,Y,SBrkr,925,0,0,925,0.0,0.0,1,0,3,1,TA,7,Typ,0,1961.0,1.0,300.0,Y,0,0,0,0,0,0,0,7,2007,WD ,Normal,99000,0,0,0,0,3,0,3,3,4,4,4,1,1,0,3,,3,3
1969,60,RL,80.0,9760,Pave,Reg,Lvl,AllPub,Inside,Mod,NAmes,Norm,Norm,1Fam,2Story,6,8,1964,1993,Hip,CompShg,Wd Sdng,Wd Sdng,BrkFace,340.0,TA,TA,CBlock,536.0,117.0,822.0,GasA,Gd,Y,SBrkr,1020,831,0,1851,0.0,0.0,2,1,3,1,Gd,7,Typ,1,1964.0,2.0,440.0,Y,239,42,0,0,0,0,0,7,2007,WD ,Normal,187000,0,0,1,0,1,1,5,5,1,1,5,1,1,1,1,,5,1
1970,60,RL,69.0,7590,Pave,Reg,Lvl,AllPub,Inside,Gtl,NAmes,PosN,Norm,1Fam,2Story,5,5,1962,1962,Gable,CompShg,VinylSd,VinylSd,BrkFace,288.0,TA,TA,CBlock,540.0,0.0,864.0,GasA,TA,Y,SBrkr,876,936,0,1812,0.0,0.0,2,0,4,1,TA,8,Typ,1,1962.0,1.0,264.0,Y,0,168,0,0,0,0,0,7,2007,WD ,Normal,169500,0,0,0,0,1,1,5,5,3,0,6,1,1,1,5,,5,1
1971,20,RL,60.0,6600,Pave,Reg,Lvl,AllPub,Inside,Gtl,NAmes,PosN,Norm,1Fam,1Story,5,5,1962,1962,Hip,CompShg,Wd Sdng,Wd Sdng,None,0.0,TA,TA,CBlock,110.0,442.0,864.0,GasA,Gd,Y,SBrkr,864,0,0,864,0.0,0.0,1,0,2,1,TA,5,Typ,0,1962.0,1.0,294.0,Y,58,0,0,0,0,0,0,12,2007,WD ,Normal,125500,0,0,0,0,3,1,5,5,3,0,1,1,5,0,3,,5,3
1972,85,RL,66.0,6760,Pave,Reg,Lvl,AllPub,Inside,Gtl,NAmes,Norm,Norm,1Fam,SFoyer,5,5,1962,1962,Gable,CompShg,HdBoard,HdBoard,None,0.0,TA,TA,CBlock,734.0,0.0,896.0,GasA,TA,Y,SBrkr,936,0,0,936,1.0,0.0,1,0,3,1,TA,6,Typ,1,1962.0,1.0,288.0,Y,24,90,160,0,0,0,0,10,2007,WD ,Normal,130000,0,0,0,0,3,1,5,5,0,0,6,1,1,1,4,,5,3
1973,30,RM,60.0,6978,Pave,Reg,Bnk,AllPub,Inside,Gtl,OldTown,Artery,Norm,1Fam,1Story,5,7,1926,1980,Gable,CompShg,MetalSd,MetalSd,None,0.0,Gd,Gd,BrkTil,0.0,0.0,850.0,GasA,TA,Y,SBrkr,960,0,0,960,0.0,0.0,1,0,2,1,TA,5,Typ,0,1981.0,2.0,576.0,Y,0,0,116,0,0,0,0,4,2007,WD ,Normal,103000,0,0,0,0,3,1,5,5,3,6,6,1,5,0,3,,5,3
1974,70,RM,60.0,9600,Pave,Reg,Lvl,AllPub,Inside,Gtl,OldTown,Norm,Norm,1Fam,2Story,5,7,1910,2002,Gable,CompShg,Wd Sdng,Wd Shng,None,0.0,TA,Gd,BrkTil,0.0,0.0,264.0,GasA,Ex,Y,SBrkr,768,664,0,1432,0.0,0.0,2,0,2,1,TA,7,Typ,0,1910.0,2.0,360.0,Y,270,0,112,0,0,0,0,5,2007,WD ,Abnorml,132000,1,0,1,0,3,1,1,1,3,6,6,1,5,0,3,,1,3
1975,50,RM,50.0,6000,Pave,Reg,Lvl,AllPub,Inside,Gtl,OldTown,Norm,Norm,1Fam,1.5Fin,6,6,1927,1950,Gable,CompShg,MetalSd,MetalSd,None,0.0,TA,TA,BrkTil,276.0,0.0,845.0,GasA,TA,Y,SBrkr,866,430,0,1296,0.0,0.0,1,0,3,1,TA,6,Typ,0,1980.0,2.0,576.0,Y,0,0,175,0,0,0,0,7,2007,WD ,Normal,127500,1,0,0,0,3,1,5,5,3,5,6,1,5,0,3,,5,3
1976,30,RM,56.0,4480,Pave,Reg,Lvl,AllPub,Corner,Gtl,OldTown,Artery,Norm,1Fam,1Story,5,5,1922,1950,Gable,CompShg,AsbShng,AsbShng,None,0.0,TA,TA,PConc,782.0,0.0,1022.0,GasA,TA,N,FuseF,1022,0,0,1022,1.0,0.0,1,0,2,1,Fa,4,Typ,1,1922.0,1.0,184.0,N,0,122,20,0,0,0,0,2,2007,WD ,Normal,89500,0,0,1,0,3,1,1,1,3,3,6,1,5,1,2,,1,3
1977,90,RM,60.0,7200,Pave,Reg,Lvl,AllPub,Inside,Gtl,OldTown,Norm,Norm,Duplex,SFoyer,5,5,1980,1980,Gable,CompShg,MetalSd,MetalSd,BrkFace,180.0,TA,TA,CBlock,936.0,0.0,936.0,GasA,TA,Y,SBrkr,936,0,0,936,1.0,0.0,1,0,2,1,TA,4,Typ,0,1980.0,2.0,672.0,Y,49,0,0,0,0,0,0,8,2007,WD ,Normal,140000,1,0,0,0,1,1,2,5,1,2,6,1,5,0,3,,2,1
1978,30,RM,56.0,3153,Pave,Reg,Lvl,AllPub,Inside,Gtl,OldTown,Norm,Norm,1Fam,1Story,5,6,1920,1990,Gable,CompShg,MetalSd,MetalSd,None,0.0,TA,TA,BrkTil,0.0,0.0,967.0,GasA,Gd,Y,SBrkr,967,0,0,967,0.0,0.0,1,0,2,1,TA,5,Typ,1,1920.0,1.0,180.0,N,0,0,26,0,0,0,0,7,2007,WD ,Normal,99900,1,0,0,0,3,1,5,5,3,6,6,1,5,1,2,,5,3
1979,30,RM,60.0,10800,Pave,Reg,Lvl,AllPub,Inside,Gtl,OldTown,Norm,Norm,1Fam,1Story,4,7,1885,1995,Mansard,CompShg,VinylSd,VinylSd,None,0.0,TA,TA,BrkTil,0.0,0.0,641.0,GasA,Gd,Y,SBrkr,1047,0,0,1047,0.0,0.0,1,0,2,1,TA,6,Typ,0,1954.0,1.0,273.0,N,0,0,0,0,0,0,450,8,2007,WD ,Normal,100000,1,0,0,1,3,1,1,5,3,6,6,1,5,0,3,,1,3
1980,30,RM,60.0,7200,Pave,Reg,Lvl,AllPub,Inside,Gtl,OldTown,Norm,Norm,1Fam,1Story,5,8,1940,1950,Gable,CompShg,VinylSd,VinylSd,Stone,279.0,TA,TA,CBlock,0.0,0.0,808.0,GasA,Ex,Y,SBrkr,1072,0,0,1072,0.0,0.0,1,0,2,1,TA,5,Typ,2,1940.0,2.0,379.0,Y,0,0,0,0,0,0,0,5,2007,WD ,Normal,130000,0,0,0,0,4,1,5,5,3,6,6,1,5,1,2,,5,4
1981,50,RM,120.0,9000,Pave,Reg,Lvl,AllPub,Corner,Gtl,OldTown,Norm,Norm,1Fam,1.5Fin,5,8,1900,2006,Gable,CompShg,Stucco,Stucco,None,0.0,TA,TA,BrkTil,130.0,0.0,680.0,GasA,Ex,Y,SBrkr,680,494,0,1174,0.0,0.0,1,0,2,1,Gd,6,Typ,1,2000.0,2.0,576.0,Y,116,26,40,0,0,0,0,6,2007,WD ,Normal,135000,0,0,1,0,3,1,5,1,3,1,6,1,5,1,2,,5,3
1982,50,RM,50.0,6000,Pave,Reg,Lvl,AllPub,Inside,Gtl,OldTown,Norm,Norm,1Fam,1.5Fin,3,7,1948,2002,Gable,CompShg,MetalSd,MetalSd,None,0.0,TA,Gd,CBlock,331.0,0.0,649.0,GasA,Ex,Y,SBrkr,679,504,0,1183,0.0,0.0,1,1,2,1,TA,6,Typ,0,1981.0,1.0,308.0,Y,0,176,0,0,0,0,0,6,2007,WD ,Normal,120000,0,0,0,0,3,1,5,5,3,0,6,1,5,0,3,,5,3
1983,30,RM,50.0,5925,Pave,Reg,Bnk,AllPub,Inside,Gtl,OldTown,Norm,Norm,1Fam,1Story,4,7,1937,2000,Hip,CompShg,Stucco,Stucco,BrkCmn,435.0,TA,TA,BrkTil,168.0,0.0,907.0,GasA,TA,Y,SBrkr,1131,0,0,1131,0.0,0.0,1,0,2,1,TA,7,Typ,0,1995.0,2.0,672.0,Y,0,72,0,0,0,0,0,3,2007,WD ,Alloca,89471,0,0,1,0,0,1,1,5,3,5,6,1,5,0,3,,1,0
1984,50,RM,50.0,5925,Pave,Reg,Lvl,AllPub,Inside,Gtl,OldTown,Norm,Norm,1Fam,1.5Fin,4,6,1900,1950,Gable,CompShg,MetalSd,MetalSd,None,0.0,TA,TA,BrkTil,122.0,448.0,570.0,GasA,Gd,N,SBrkr,761,380,0,1141,0.0,0.0,1,0,3,1,TA,6,Typ,0,1930.0,1.0,252.0,Y,0,0,96,0,0,0,0,5,2007,ConLw,Normal,85000,0,0,0,0,3,1,1,5,3,3,5,1,5,0,3,,1,3
1985,30,RM,50.0,6000,Pave,Reg,Lvl,AllPub,Inside,Gtl,OldTown,Norm,Norm,1Fam,1Story,4,4,1920,1950,Hip,CompShg,MetalSd,MetalSd,None,0.0,TA,TA,PConc,250.0,0.0,960.0,GasA,Gd,Y,FuseA,960,0,0,960,0.0,0.0,1,0,2,1,Fa,5,Typ,0,1997.0,1.0,308.0,Y,0,0,168,0,0,0,0,7,2007,WD ,Normal,108500,0,0,0,0,3,1,5,5,3,0,6,1,5,0,3,,5,3
1986,70,RM,57.0,9639,Pave,Reg,Lvl,AllPub,Inside,Gtl,OldTown,Artery,Norm,1Fam,2Story,4,8,1900,1950,Gable,CompShg,MetalSd,MetalSd,None,0.0,TA,TA,PConc,0.0,0.0,1075.0,GasA,Ex,Y,SBrkr,1156,642,0,1798,0.0,0.0,2,1,4,1,TA,7,Typ,0,1935.0,2.0,342.0,N,0,0,160,0,0,0,0,5,2007,WD ,Normal,137000,0,0,1,0,3,1,5,5,3,6,6,1,5,0,3,,5,3
1987,30,RM,40.0,3880,Pave,Reg,Lvl,AllPub,Inside,Gtl,OldTown,Norm,Norm,1Fam,1Story,5,9,1945,1997,Gable,CompShg,VinylSd,VinylSd,None,0.0,TA,Gd,CBlock,329.0,0.0,686.0,GasA,Gd,Y,SBrkr,866,0,0,866,0.0,0.0,1,0,2,1,Gd,4,Typ,0,0.0,0.0,0.0,Y,58,42,0,0,0,0,0,8,2007,WD ,Normal,110500,0,0,0,0,3,1,5,5,3,0,6,0,6,0,3,,5,3
1988,30,RM,60.0,8520,Pave,Reg,Lvl,AllPub,Inside,Gtl,OldTown,Norm,Norm,1Fam,1Story,5,6,1923,2006,Gable,CompShg,Wd Sdng,Wd Sdng,None,0.0,Gd,TA,CBlock,0.0,0.0,968.0,GasA,TA,Y,SBrkr,968,0,0,968,0.0,0.0,1,0,2,1,TA,5,Typ,0,1935.0,2.0,480.0,N,0,0,184,0,0,0,0,7,2007,WD ,Normal,100000,0,0,0,0,3,1,5,5,3,6,6,1,5,0,3,,5,3
1989,70,RM,68.0,10337,Pave,IR1,Lvl,AllPub,Inside,Gtl,OldTown,Norm,Norm,1Fam,2Story,8,9,1910,1999,Hip,CompShg,VinylSd,VinylSd,None,0.0,Gd,Gd,BrkTil,0.0,0.0,725.0,GasA,Ex,N,SBrkr,909,863,0,1772,0.0,0.0,2,1,3,1,Gd,7,Typ,0,1992.0,2.0,816.0,Y,0,0,0,0,0,0,0,5,2007,WD ,Normal,184900,1,0,1,0,3,1,5,5,3,6,6,1,5,0,3,,5,3
1990,70,RM,53.0,9863,Pave,Reg,Lvl,AllPub,Inside,Gtl,OldTown,Norm,Norm,1Fam,2Story,6,6,1927,1950,Gambrel,CompShg,Wd Sdng,Wd Sdng,None,0.0,TA,TA,BrkTil,196.0,210.0,728.0,GasA,TA,Y,SBrkr,914,728,0,1642,0.0,1.0,1,1,4,1,TA,9,Typ,1,1927.0,1.0,374.0,Y,0,0,0,0,0,0,0,3,2007,WD ,Abnorml,145000,1,0,0,0,3,1,5,5,3,3,5,1,5,1,2,,5,3
1991,50,RM,60.0,9600,Pave,Reg,Lvl,AllPub,Inside,Gtl,OldTown,Norm,Norm,1Fam,1.5Fin,5,8,1925,1994,Gambrel,CompShg,VinylSd,VinylSd,None,0.0,TA,TA,PConc,0.0,0.0,702.0,GasA,Gd,Y,SBrkr,842,630,0,1472,0.0,0.0,1,0,3,1,Gd,6,Typ,0,1925.0,1.0,250.0,P,0,0,84,0,0,0,0,7,2007,WD ,Normal,125000,1,0,1,0,3,1,5,5,2,6,6,1,5,0,3,,5,3
1992,70,RM,35.0,4571,Pave,Reg,Lvl,AllPub,Inside,Gtl,OldTown,Norm,Norm,1Fam,2Story,5,7,1910,1950,Gable,CompShg,MetalSd,MetalSd,None,0.0,TA,TA,BrkTil,168.0,0.0,616.0,GasA,Ex,Y,SBrkr,616,616,0,1232,0.0,0.0,1,0,3,1,TA,6,Typ,0,1920.0,2.0,480.0,Y,280,0,143,0,0,0,0,6,2007,WD ,Normal,114000,1,0,0,0,3,1,5,5,3,1,6,1,5,0,3,,5,3
1993,190,RM,85.0,13600,Pave,Reg,Lvl,AllPub,Inside,Gtl,OldTown,Norm,Norm,2fmCon,2Story,5,5,1900,1950,Gable,CompShg,Wd Sdng,Wd Sdng,None,0.0,TA,TA,BrkTil,0.0,0.0,662.0,GasA,TA,N,SBrkr,1422,915,0,2337,0.0,0.0,2,0,5,2,TA,10,Min2,0,1945.0,2.0,560.0,Y,0,57,0,0,0,0,0,9,2007,WD ,Normal,90000,1,0,0,0,3,1,5,5,3,6,6,1,5,0,3,,5,3
1994,50,RM,56.0,8398,Pave,Reg,Lvl,AllPub,Inside,Gtl,OldTown,Norm,Norm,1Fam,1.5Fin,6,8,1910,1990,Gable,CompShg,Wd Sdng,Wd Sdng,None,0.0,TA,TA,CBlock,259.0,0.0,926.0,GasA,TA,Y,SBrkr,991,659,0,1650,0.0,0.0,2,0,3,1,TA,6,Typ,0,1979.0,2.0,468.0,N,128,103,0,0,0,0,0,11,2007,WD ,Normal,144100,1,0,0,0,3,1,2,2,3,1,6,1,5,0,3,,2,3
1995,70,RM,90.0,9900,Pave,Reg,Lvl,AllPub,Inside,Gtl,OldTown,Norm,Norm,1Fam,2Story,6,4,1880,1950,Gable,CompShg,Wd Sdng,Wd Sdng,None,0.0,TA,TA,BrkTil,0.0,0.0,1008.0,GasW,TA,Y,SBrkr,1178,1032,0,2210,0.0,0.0,2,0,5,1,Fa,8,Typ,0,1930.0,1.0,205.0,N,0,48,0,0,0,0,0,5,2007,WD ,Normal,117500,0,0,0,0,3,1,5,5,2,6,6,1,5,0,3,,5,3
1996,70,RM,60.0,3600,Pave,Reg,Lvl,AllPub,Inside,Gtl,OldTown,Norm,Norm,1Fam,2Story,5,7,1930,2005,Gambrel,CompShg,VinylSd,VinylSd,None,0.0,TA,Gd,BrkTil,316.0,0.0,687.0,GasA,Gd,Y,SBrkr,687,671,0,1358,0.0,0.0,1,1,3,1,Gd,6,Typ,1,2004.0,1.0,336.0,Y,0,32,0,0,0,0,0,7,2007,WD ,Partial,124500,1,0,1,0,3,1,5,1,3,5,6,1,5,1,2,,5,3
1997,75,RM,75.0,13500,Pave,Reg,Lvl,AllPub,Corner,Gtl,OldTown,Norm,Norm,1Fam,2.5Unf,7,8,1879,1987,Gable,CompShg,Wd Sdng,Wd Sdng,None,0.0,TA,Gd,PConc,0.0,0.0,819.0,GasA,TA,Y,FuseA,1312,1142,0,2454,0.0,0.0,2,0,3,1,TA,8,Typ,1,1950.0,2.0,576.0,N,0,148,150,0,0,0,0,2,2007,WD ,Normal,185000,1,0,1,0,3,1,5,5,3,6,6,1,1,1,2,,5,3
1998,190,C (all),60.0,7200,Pave,Reg,Lvl,AllPub,Corner,Gtl,OldTown,Norm,Norm,2fmCon,2.5Unf,6,6,1910,1998,Hip,CompShg,MetalSd,MetalSd,None,0.0,TA,TA,BrkTil,1046.0,0.0,1214.0,GasW,Ex,N,SBrkr,1260,1031,0,2291,0.0,1.0,2,0,4,2,TA,9,Typ,1,1900.0,2.0,506.0,Y,0,0,0,0,99,0,0,11,2007,WD ,Normal,133900,0,0,0,0,3,1,5,1,2,5,6,1,5,1,2,,5,3
1999,40,RM,40.0,5400,Pave,Reg,Lvl,AllPub,Corner,Gtl,OldTown,Norm,Norm,1Fam,1Story,6,7,1926,2004,Gable,CompShg,MetalSd,MetalSd,None,0.0,TA,Gd,BrkTil,370.0,0.0,1149.0,GasA,Gd,Y,FuseA,1149,467,0,1616,0.0,0.0,2,0,3,1,Gd,5,Typ,0,1926.0,1.0,216.0,Y,0,0,183,0,0,0,0,10,2007,WD ,Normal,152000,1,0,0,0,3,1,5,5,2,3,6,1,5,0,3,,5,3
2000,30,RM,90.0,8100,Pave,Reg,Lvl,AllPub,Inside,Gtl,OldTown,Norm,Norm,1Fam,1Story,5,6,1948,1973,Gable,CompShg,VinylSd,VinylSd,None,0.0,TA,TA,BrkTil,338.0,0.0,1559.0,GasA,Gd,Y,SBrkr,1559,0,0,1559,1.0,0.0,1,0,2,1,TA,5,Min2,0,1948.0,2.0,812.0,Y,0,116,230,0,0,0,0,6,2007,COD,Normal,153500,1,0,1,0,3,1,5,5,3,5,6,1,5,0,3,,5,3
2001,70,RM,60.0,10800,Pave,Reg,Bnk,AllPub,Inside,Gtl,OldTown,Norm,Norm,1Fam,2Story,7,8,1890,1998,Gable,CompShg,Wd Sdng,VinylSd,None,0.0,TA,Gd,BrkTil,0.0,0.0,718.0,GasA,Ex,Y,SBrkr,1576,978,0,2554,0.0,0.0,1,1,3,1,TA,8,Typ,0,1996.0,2.0,704.0,P,0,48,143,0,0,0,0,7,2007,WD ,Normal,159500,1,0,0,0,3,1,5,5,3,6,6,1,5,0,3,,5,3
2002,50,RM,52.0,9439,Pave,Reg,Lvl,AllPub,Inside,Gtl,OldTown,Norm,Norm,1Fam,1.5Fin,5,5,1930,1950,Gable,CompShg,Wd Sdng,Wd Sdng,None,0.0,TA,TA,CBlock,324.0,0.0,912.0,GasA,Gd,Y,FuseA,912,336,0,1248,0.0,0.0,1,0,2,1,TA,6,Typ,0,1957.0,1.0,160.0,Y,0,0,192,0,0,0,0,3,2007,WD ,Normal,87000,0,0,0,0,3,1,5,5,3,3,6,1,5,0,3,,5,3
2003,20,RM,52.0,8626,Pave,Reg,Lvl,AllPub,Inside,Gtl,OldTown,Norm,Norm,1Fam,1Story,4,6,1956,1956,Gable,CompShg,MetalSd,MetalSd,Unknown,1.0,TA,TA,CBlock,0.0,0.0,0.0,GasA,Gd,Y,SBrkr,968,0,0,968,0.0,0.0,1,0,2,1,TA,5,Typ,0,1956.0,1.0,331.0,Y,0,0,0,0,0,0,0,5,2007,WD ,Normal,104500,0,0,0,0,5,0,3,3,4,4,4,1,1,0,3,,3,5
2004,80,RM,76.0,11800,Pave,Reg,Lvl,AllPub,Inside,Gtl,OldTown,Norm,Norm,1Fam,SLvl,4,7,1949,2002,Gable,CompShg,Stucco,Wd Sdng,None,0.0,TA,TA,Slab,0.0,0.0,0.0,GasA,Ex,Y,SBrkr,1382,0,0,1382,0.0,0.0,2,0,1,1,TA,6,Mod,1,1957.0,1.0,384.0,Y,0,40,0,0,0,0,0,5,2007,WD ,Normal,110000,0,0,0,0,3,0,3,3,4,4,4,1,1,1,5,,3,3
2005,40,RL,55.0,6854,Pave,Reg,Bnk,AllPub,Inside,Mod,BrkSide,Norm,Norm,1Fam,1Story,5,7,1925,1994,Gable,CompShg,MetalSd,MetalSd,None,0.0,TA,Gd,PConc,317.0,227.0,756.0,GasA,TA,N,FuseA,916,144,0,1060,1.0,0.0,1,0,1,1,TA,6,Mod,1,1969.0,1.0,308.0,Y,0,65,0,0,150,0,0,8,2007,WD ,Normal,136500,0,0,0,0,3,1,5,5,3,3,5,1,5,1,2,,5,3
2006,50,RM,55.0,8674,Pave,Reg,HLS,AllPub,Inside,Gtl,BrkSide,RRNn,Artery,1Fam,1.5Fin,5,6,1950,1950,Gable,CompShg,MetalSd,MetalSd,None,0.0,TA,TA,CBlock,910.0,0.0,910.0,GasA,TA,Y,SBrkr,910,525,0,1435,1.0,0.0,1,0,3,1,TA,6,Typ,0,1950.0,1.0,308.0,Y,0,33,0,0,0,0,0,3,2007,WD ,Normal,128250,0,0,0,0,3,1,1,5,3,5,6,1,5,0,3,,1,3
2007,30,RL,98.0,8731,Pave,IR1,Lvl,AllPub,Inside,Gtl,BrkSide,Norm,Norm,1Fam,1Story,5,5,1920,1950,Gable,CompShg,Stucco,Stucco,None,0.0,TA,Fa,BrkTil,645.0,0.0,915.0,GasA,TA,Y,SBrkr,1167,0,0,1167,0.0,0.0,1,0,3,1,TA,6,Maj1,1,1972.0,2.0,495.0,Y,0,0,216,0,126,0,0,5,2007,WD ,Normal,144000,0,0,0,0,3,1,5,5,3,1,6,1,5,1,2,,5,3
2008,50,RL,70.0,8737,Pave,IR1,Bnk,AllPub,Inside,Gtl,BrkSide,Norm,Norm,1Fam,1.5Fin,6,7,1923,1950,Gable,CompShg,BrkFace,Wd Sdng,None,0.0,TA,TA,BrkTil,300.0,0.0,1065.0,GasA,Ex,Y,FuseA,915,720,0,1635,0.0,0.0,1,1,3,1,TA,6,Typ,1,1950.0,2.0,440.0,Y,0,38,0,144,0,0,0,5,2007,WD ,Normal,210000,0,0,0,0,3,1,2,5,3,5,6,1,5,1,2,,2,3
2009,50,RM,50.0,6125,Pave,Reg,Lvl,AllPub,Inside,Gtl,BrkSide,Norm,Norm,1Fam,1.5Fin,5,7,1939,1998,Gable,CompShg,MetalSd,MetalSd,None,0.0,TA,Gd,CBlock,306.0,0.0,728.0,GasA,Ex,Y,SBrkr,728,546,0,1274,0.0,0.0,2,0,3,1,TA,6,Typ,0,1939.0,1.0,224.0,Y,0,0,192,0,0,0,0,3,2007,CWD,Normal,135000,0,0,0,0,3,1,5,5,3,5,6,1,5,0,3,,5,3
2010,70,RM,50.0,6000,Pave,Reg,Lvl,AllPub,Inside,Gtl,BrkSide,Norm,Norm,1Fam,2Story,6,6,1939,1950,Gable,CompShg,MetalSd,VinylSd,None,0.0,TA,TA,CBlock,276.0,0.0,600.0,GasA,Ex,Y,SBrkr,608,624,0,1232,0.0,0.0,1,1,3,1,TA,6,Typ,2,1939.0,1.0,217.0,Y,0,0,0,0,0,0,0,2,2007,WD ,Normal,128000,0,0,1,0,3,1,5,5,2,5,6,1,1,1,5,,5,3
2011,50,RM,60.0,6000,Pave,Reg,Lvl,AllPub,Inside,Gtl,BrkSide,Norm,Norm,1Fam,1.5Fin,6,6,1941,1950,Gable,CompShg,Wd Sdng,Wd Sdng,None,0.0,TA,Gd,BrkTil,375.0,0.0,735.0,GasA,Ex,Y,SBrkr,869,349,0,1218,0.0,1.0,1,0,3,1,TA,6,Typ,1,2003.0,2.0,440.0,Y,0,0,0,0,0,0,0,3,2007,WD ,Normal,131000,0,0,0,0,3,1,5,2,3,0,6,1,5,1,2,,5,3
2012,45,RM,51.0,6120,Pave,Reg,Lvl,AllPub,Inside,Gtl,BrkSide,Norm,Norm,1Fam,1.5Unf,5,7,1939,1950,Gable,CompShg,AsbShng,AsbShng,None,0.0,Gd,TA,BrkTil,0.0,0.0,884.0,GasA,Ex,Y,SBrkr,884,0,0,884,0.0,0.0,1,0,2,1,TA,5,Typ,0,1939.0,1.0,240.0,Y,0,0,136,0,0,0,0,7,2007,WD ,Normal,113000,0,0,1,0,3,1,5,5,3,6,6,1,5,0,3,,5,3
2013,50,RM,68.0,6240,Pave,Reg,Lvl,AllPub,Inside,Gtl,BrkSide,Norm,Norm,1Fam,1.5Fin,6,5,1938,1950,Gable,CompShg,VinylSd,VinylSd,None,0.0,TA,TA,BrkTil,52.0,0.0,861.0,GasA,Gd,Y,SBrkr,861,548,0,1409,1.0,0.0,1,1,3,1,TA,6,Typ,1,1968.0,2.0,528.0,Y,225,0,84,0,0,0,0,3,2007,WD ,Normal,126000,0,0,0,0,3,1,5,5,3,3,6,1,5,1,2,,5,3
2014,50,RM,52.0,6240,Pave,Reg,Lvl,AllPub,Inside,Gtl,BrkSide,Norm,Norm,1Fam,1.5Fin,5,8,1939,1952,Gable,CompShg,Wd Sdng,Wd Sdng,None,0.0,TA,Gd,BrkTil,48.0,0.0,672.0,GasA,Ex,Y,SBrkr,899,423,0,1322,1.0,0.0,1,0,4,1,TA,7,Typ,0,1939.0,1.0,280.0,Y,0,0,0,0,0,0,0,7,2007,WD ,Normal,132000,0,0,1,0,3,1,5,5,3,5,6,1,5,0,3,,5,3
2015,50,RM,52.0,6240,Pave,Reg,Lvl,AllPub,Inside,Gtl,BrkSide,Norm,Norm,1Fam,1.5Fin,5,7,1930,1992,Gable,CompShg,Wd Sdng,Wd Sdng,None,0.0,TA,TA,BrkTil,0.0,0.0,966.0,GasA,Ex,Y,SBrkr,1014,412,0,1426,0.0,0.0,1,0,3,1,TA,6,Typ,1,1930.0,1.0,230.0,Y,174,0,96,0,0,0,0,7,2007,WD ,Normal,131750,0,0,1,0,3,1,5,5,3,6,6,1,5,1,2,,5,3
2016,50,RM,51.0,6120,Pave,Reg,Lvl,AllPub,Inside,Gtl,BrkSide,Norm,Norm,1Fam,1.5Fin,5,6,1926,1950,Gable,CompShg,Wd Sdng,Wd Sdng,None,0.0,TA,TA,BrkTil,351.0,0.0,756.0,GasA,Gd,Y,FuseA,903,378,0,1281,1.0,0.0,1,0,2,1,Gd,6,Typ,0,1926.0,2.0,379.0,Y,25,0,0,0,0,0,0,8,2007,WD ,Normal,132500,0,0,0,0,3,1,5,5,3,0,6,1,5,0,3,,5,3
2017,70,RM,51.0,6120,Pave,Reg,Lvl,AllPub,Inside,Gtl,BrkSide,Norm,Norm,1Fam,2Story,5,8,1920,2004,Gable,CompShg,MetalSd,MetalSd,None,0.0,TA,TA,BrkTil,0.0,0.0,939.0,GasA,Ex,Y,SBrkr,939,574,0,1513,0.0,0.0,1,1,4,1,TA,8,Typ,0,1933.0,1.0,180.0,N,24,0,150,0,0,0,0,5,2007,WD ,Normal,137500,0,0,0,0,3,1,5,5,2,6,6,1,5,0,3,,5,3
2018,45,RM,51.0,6120,Pave,Reg,Lvl,AllPub,Corner,Gtl,BrkSide,Norm,Norm,1Fam,1.5Unf,7,8,1929,2001,Gable,CompShg,Wd Sdng,Wd Sdng,None,0.0,TA,TA,BrkTil,0.0,0.0,832.0,GasA,Ex,Y,FuseA,854,0,0,854,0.0,0.0,1,0,2,1,TA,5,Typ,0,1991.0,2.0,576.0,Y,48,112,0,0,0,0,0,7,2007,WD ,Normal,132000,0,0,1,0,3,1,5,5,3,6,6,1,5,0,3,,5,3
2019,50,RM,52.0,6240,Pave,Reg,Lvl,AllPub,Inside,Gtl,BrkSide,Norm,Norm,1Fam,1.5Fin,6,6,1931,1950,Gable,CompShg,Wd Sdng,Wd Sdng,None,0.0,TA,TA,BrkTil,425.0,0.0,884.0,GasA,TA,Y,FuseA,959,408,0,1367,0.0,0.0,1,0,3,1,TA,6,Typ,1,1978.0,1.0,560.0,Y,0,0,0,0,120,0,0,11,2007,WD ,Normal,127500,0,0,0,0,3,1,5,1,3,3,6,1,5,1,2,,5,3
2020,30,RM,60.0,6180,Pave,Reg,Lvl,AllPub,Corner,Gtl,BrkSide,Norm,Norm,1Fam,1Story,6,5,1926,1950,Gable,CompShg,Wd Sdng,Wd Sdng,None,0.0,TA,TA,BrkTil,0.0,0.0,960.0,GasA,TA,N,SBrkr,986,0,0,986,0.0,0.0,1,0,2,1,TA,5,Typ,1,1926.0,1.0,180.0,Y,0,128,0,0,0,0,0,5,2007,WD ,Normal,102000,0,0,0,0,3,1,5,5,3,6,6,1,5,1,2,,5,3
2021,70,RM,47.0,7755,Pave,Reg,Lvl,AllPub,Inside,Gtl,OldTown,Norm,Norm,1Fam,2Story,6,8,1918,1995,Gable,CompShg,Wd Sdng,Wd Sdng,None,0.0,TA,Gd,CBlock,0.0,0.0,1100.0,GasA,Ex,Y,FuseA,1100,1164,0,2264,0.0,0.0,2,1,4,1,TA,8,Typ,0,1950.0,1.0,408.0,Y,0,152,0,0,0,0,0,5,2007,WD ,Normal,200000,0,0,1,0,3,1,5,5,3,6,6,1,5,0,3,,5,3
2022,70,RL,60.0,13515,Pave,Reg,Lvl,AllPub,Inside,Gtl,BrkSide,Norm,Norm,1Fam,2Story,6,6,1919,1950,Gambrel,CompShg,Wd Sdng,Wd Sdng,None,0.0,TA,TA,PConc,0.0,0.0,764.0,GasA,Ex,Y,FuseA,1060,764,0,1824,0.0,0.0,1,0,3,1,TA,8,Typ,1,1940.0,2.0,520.0,N,0,0,126,0,0,0,0,7,2007,WD ,Normal,180500,1,0,1,0,3,1,5,5,3,6,6,1,5,1,2,,5,3
2023,50,RL,60.0,8850,Pave,Reg,Bnk,AllPub,Inside,Gtl,BrkSide,Norm,Norm,1Fam,1.5Fin,6,7,1920,1950,Gable,CompShg,Wd Sdng,Wd Shng,None,0.0,TA,Gd,PConc,0.0,0.0,768.0,GasA,Ex,Y,SBrkr,752,624,0,1376,0.0,0.0,1,0,3,1,Gd,7,Typ,0,1977.0,2.0,576.0,P,0,54,144,0,0,0,0,2,2007,WD ,Normal,165000,1,0,0,0,3,1,5,5,3,6,6,1,5,0,3,,5,3
2024,50,RL,60.0,8550,Pave,Reg,Lvl,AllPub,Inside,Gtl,BrkSide,RRAn,Norm,1Fam,1.5Fin,5,5,1926,1950,Gable,CompShg,HdBoard,HdBoard,None,0.0,TA,TA,PConc,0.0,0.0,750.0,GasA,TA,Y,SBrkr,960,356,0,1316,0.0,0.0,1,0,4,1,TA,7,Typ,0,1965.0,2.0,576.0,Y,0,0,0,0,0,0,0,10,2007,ConLw,Family,90000,0,0,0,0,3,1,1,5,3,6,6,1,5,0,3,,1,3
2025,70,RL,60.0,8730,Pave,Reg,Lvl,AllPub,Inside,Gtl,BrkSide,RRAn,Norm,1Fam,2Story,6,7,1915,2003,Gable,CompShg,Wd Sdng,Wd Sdng,None,0.0,TA,TA,BrkTil,0.0,0.0,698.0,GasA,Ex,Y,FuseA,698,698,0,1396,0.0,0.0,1,0,3,1,TA,7,Typ,0,2003.0,1.0,384.0,Y,0,0,0,0,259,0,0,7,2007,WD ,Normal,153575,0,0,0,0,3,1,5,5,3,6,6,1,5,0,3,,5,3
2026,70,RM,68.0,5700,Pave,IR1,Lvl,AllPub,Corner,Gtl,OldTown,Feedr,Norm,1Fam,2Story,7,6,1929,1990,Gable,CompShg,Wd Sdng,Wd Shng,None,0.0,TA,TA,BrkTil,336.0,0.0,672.0,GasA,Gd,N,FuseA,672,672,0,1344,1.0,0.0,1,1,3,1,Gd,6,Typ,1,1979.0,2.0,456.0,Y,0,0,70,0,0,0,0,9,2007,WD ,Normal,140000,0,0,1,0,3,1,5,5,3,5,6,1,1,1,2,,5,3
2027,50,RM,60.0,8520,Pave,Reg,Lvl,AllPub,Inside,Gtl,OldTown,Artery,Norm,1Fam,1.5Fin,6,7,1916,1950,Gable,CompShg,Stucco,Stucco,None,0.0,TA,Gd,BrkTil,168.0,546.0,714.0,GasW,TA,N,SBrkr,1664,862,0,2526,0.0,0.0,2,0,5,1,Gd,10,Typ,1,1916.0,1.0,216.0,Y,88,15,0,0,0,0,0,8,2007,CWD,Family,136000,1,0,1,0,3,1,5,5,3,5,3,1,5,1,2,,5,3
2028,45,RM,40.0,5680,Pave,Reg,Lvl,AllPub,Inside,Gtl,OldTown,Norm,Norm,1Fam,1.5Fin,5,4,1901,1950,Gable,CompShg,AsbShng,AsbShng,None,0.0,TA,TA,CBlock,0.0,0.0,592.0,GasA,TA,N,FuseA,933,240,0,1173,0.0,0.0,2,0,3,1,TA,7,Typ,0,1920.0,1.0,240.0,Y,0,25,77,0,0,0,0,9,2007,WD ,AdjLand,113000,1,0,1,0,3,1,5,5,3,6,6,1,5,0,3,,5,3
2029,50,RM,40.0,5680,Pave,Reg,Lvl,AllPub,Inside,Gtl,OldTown,Norm,Norm,1Fam,1.5Fin,5,3,1901,1950,Gable,CompShg,AsbShng,AsbShng,None,0.0,TA,TA,CBlock,0.0,0.0,969.0,GasA,TA,N,FuseA,969,245,0,1214,0.0,0.0,1,0,2,1,TA,6,Typ,0,1920.0,1.0,216.0,N,0,0,77,0,0,0,0,9,2007,WD ,AdjLand,117000,1,0,1,0,3,1,5,5,3,6,6,1,5,0,3,,5,3
2030,50,RM,68.0,7758,Pave,Reg,Lvl,AllPub,Corner,Gtl,IDOTRR,Norm,Norm,1Fam,1.5Fin,7,4,1931,1950,Gable,CompShg,Stucco,Stucco,BrkFace,600.0,TA,Fa,PConc,224.0,0.0,1040.0,GasA,Ex,Y,FuseF,1226,592,0,1818,0.0,0.0,1,1,4,1,TA,7,Typ,2,1951.0,1.0,240.0,Y,0,0,0,0,184,0,0,6,2007,WD ,Normal,169500,0,0,0,0,1,1,5,5,3,3,6,1,5,1,5,,5,1
2031,45,RM,57.0,7449,Pave,Reg,Bnk,AllPub,Inside,Gtl,IDOTRR,Norm,Norm,1Fam,1.5Unf,7,7,1930,1950,Gable,CompShg,Wd Sdng,Wd Sdng,None,0.0,TA,TA,PConc,0.0,0.0,637.0,GasA,Ex,Y,FuseF,1108,0,0,1108,0.0,0.0,1,0,3,1,Gd,6,Typ,1,1930.0,1.0,280.0,N,0,0,205,0,0,0,0,6,2007,WD ,Normal,139400,1,0,1,0,3,1,5,5,3,6,6,1,1,1,2,,5,3
2032,80,RM,120.0,13200,Pave,Reg,Lvl,AllPub,Corner,Gtl,IDOTRR,Norm,Norm,1Fam,SLvl,6,6,1963,1963,Gable,CompShg,HdBoard,HdBoard,BrkFace,234.0,TA,TA,CBlock,375.0,0.0,741.0,GasA,Fa,Y,SBrkr,1497,797,0,2294,0.0,0.0,3,0,5,1,TA,9,Typ,1,1963.0,2.0,658.0,Y,0,110,0,0,0,0,0,4,2007,WD ,Normal,202500,0,0,0,0,1,1,5,5,3,1,6,1,1,1,2,,5,1
2033,70,RM,60.0,6882,Pave,Reg,Lvl,AllPub,Inside,Gtl,IDOTRR,Norm,Norm,1Fam,2Story,6,7,1914,2006,Gable,CompShg,Wd Sdng,Wd Sdng,None,0.0,TA,TA,PConc,0.0,0.0,684.0,GasA,TA,Y,SBrkr,773,582,0,1355,0.0,0.0,1,1,3,1,Gd,7,Typ,0,0.0,0.0,0.0,Y,136,0,115,0,0,0,0,3,2007,WD ,Normal,127000,0,0,0,0,3,1,5,5,3,6,6,0,6,0,3,,5,3
2034,50,RM,50.0,9000,Pave,Reg,Bnk,AllPub,Inside,Gtl,IDOTRR,Norm,Norm,1Fam,1.5Fin,6,6,1937,1950,Gable,CompShg,Wd Sdng,Wd Sdng,None,0.0,TA,Gd,PConc,0.0,0.0,780.0,GasA,TA,Y,SBrkr,780,595,0,1375,0.0,0.0,1,1,3,1,Gd,6,Typ,1,1979.0,1.0,544.0,P,0,162,0,0,126,0,0,12,2007,WD ,Normal,141000,0,0,0,0,3,1,5,5,3,6,6,1,5,1,2,,5,3
2035,60,RM,60.0,9780,Pave,Reg,Lvl,AllPub,Inside,Gtl,IDOTRR,Norm,Norm,1Fam,2Story,7,9,1950,2005,Gable,CompShg,VinylSd,VinylSd,None,0.0,TA,Ex,CBlock,354.0,398.0,976.0,GasA,Ex,Y,SBrkr,976,976,0,1952,0.0,0.0,1,1,4,1,Gd,8,Typ,2,1950.0,1.0,299.0,Y,285,0,0,0,216,0,0,4,2007,WD ,Normal,212300,1,0,0,0,3,1,5,5,3,3,5,1,5,1,5,,5,3
2036,50,RM,60.0,10320,Pave,Reg,Lvl,AllPub,Inside,Gtl,IDOTRR,Norm,Norm,1Fam,1.5Fin,6,5,1915,1950,Gable,CompShg,MetalSd,MetalSd,None,0.0,TA,TA,CBlock,375.0,0.0,1138.0,GasA,Gd,Y,SBrkr,1138,1042,0,2180,0.0,0.0,1,1,3,1,TA,7,Typ,1,2006.0,2.0,720.0,N,0,0,170,0,0,0,0,5,2007,WD ,Normal,161000,1,0,0,0,3,1,5,1,3,3,6,1,5,1,2,,5,3
2037,190,RM,52.0,4330,Pave,Reg,Lvl,AllPub,Inside,Gtl,IDOTRR,Norm,Norm,2fmCon,1.5Fin,4,6,1958,1958,Gable,CompShg,MetalSd,MetalSd,None,0.0,TA,TA,BrkTil,681.0,127.0,808.0,GasA,TA,Y,SBrkr,838,477,0,1315,1.0,0.0,2,0,3,1,TA,5,Typ,0,1958.0,2.0,436.0,Y,0,0,0,0,0,0,0,2,2007,COD,Abnorml,99500,1,0,0,0,3,1,1,5,3,5,0,1,5,0,3,,1,3
2038,75,RM,60.0,7200,Pave,Reg,Lvl,AllPub,Inside,Gtl,IDOTRR,Norm,Norm,1Fam,2.5Unf,5,7,1920,1996,Gable,CompShg,MetalSd,MetalSd,None,0.0,TA,TA,BrkTil,0.0,0.0,530.0,GasA,TA,N,SBrkr,581,530,0,1111,0.0,0.0,1,0,3,1,Fa,6,Typ,0,1935.0,1.0,288.0,N,0,0,144,0,0,0,0,3,2007,WD ,Normal,101000,0,0,0,0,3,1,5,1,3,6,6,1,5,0,3,,5,3
2039,30,RM,40.0,4800,Pave,Reg,Lvl,AllPub,Inside,Gtl,IDOTRR,Norm,Norm,1Fam,1Story,4,7,1916,1990,Gable,CompShg,MetalSd,MetalSd,None,0.0,TA,TA,CBlock,197.0,0.0,1196.0,GasA,Ex,Y,FuseA,1196,0,0,1196,1.0,0.0,1,0,2,1,TA,5,Typ,0,1957.0,2.0,440.0,Y,0,0,0,0,0,0,0,7,2007,WD ,Normal,109900,0,0,0,0,3,1,5,5,3,3,6,1,5,0,3,,5,3
2040,50,RM,68.0,12358,Pave,IR1,Lvl,AllPub,Inside,Gtl,OldTown,Feedr,Norm,1Fam,1.5Fin,5,6,1941,1950,Gable,CompShg,MetalSd,MetalSd,None,0.0,TA,TA,CBlock,360.0,0.0,720.0,GasA,TA,Y,SBrkr,854,0,528,1382,0.0,0.0,1,1,2,1,TA,7,Typ,0,1991.0,2.0,660.0,Y,237,0,0,0,0,0,0,5,2007,WD ,Normal,128500,0,0,0,0,3,1,5,5,3,5,6,1,5,0,3,,5,3
2041,190,RM,60.0,10120,Pave,IR1,Bnk,AllPub,Inside,Gtl,OldTown,Feedr,Norm,2fmCon,2.5Unf,7,4,1910,1950,Hip,CompShg,Wd Sdng,Wd Sdng,None,0.0,Fa,TA,CBlock,0.0,0.0,925.0,GasA,TA,N,FuseF,964,925,0,1889,0.0,0.0,1,1,4,2,TA,9,Typ,1,1960.0,1.0,308.0,N,0,0,264,0,0,0,0,1,2007,WD ,Normal,122000,0,0,1,0,3,1,5,5,3,6,6,1,5,1,2,,5,3
2042,45,RM,55.0,4388,Pave,IR1,Bnk,AllPub,Inside,Gtl,OldTown,Feedr,Norm,1Fam,1.5Unf,5,7,1930,1950,Gable,CompShg,WdShing,Wd Sdng,None,0.0,TA,Gd,BrkTil,116.0,0.0,672.0,GasA,Ex,Y,SBrkr,840,0,0,840,0.0,0.0,1,0,3,1,TA,5,Typ,1,0.0,0.0,0.0,N,0,0,0,0,0,0,0,6,2007,WD ,Normal,87000,0,0,0,0,3,1,5,5,3,3,6,0,6,1,5,,5,3
2043,50,RM,60.0,10320,Pave,Reg,Lvl,AllPub,Corner,Gtl,IDOTRR,Artery,Norm,1Fam,1.5Fin,4,1,1910,1950,Gable,CompShg,Wd Sdng,Wd Sdng,None,0.0,Fa,Fa,CBlock,0.0,0.0,771.0,GasA,Fa,Y,SBrkr,866,504,114,1484,0.0,0.0,2,0,3,1,TA,6,Sal,0,1910.0,1.0,264.0,N,14,211,0,0,84,0,0,9,2007,COD,Abnorml,50000,1,0,0,0,3,1,5,1,3,6,6,1,5,0,3,,5,3
2044,70,RL,107.0,12888,Pave,Reg,Bnk,AllPub,Inside,Gtl,Sawyer,Feedr,Norm,1Fam,2Story,7,8,1937,1980,Gable,CompShg,Wd Sdng,Wd Sdng,None,0.0,TA,Gd,CBlock,288.0,0.0,1005.0,GasA,TA,Y,SBrkr,1262,1005,0,2267,1.0,0.0,1,1,3,1,TA,7,Typ,2,1937.0,2.0,498.0,Y,521,0,0,0,0,0,0,4,2007,WD ,Normal,219000,0,0,0,0,3,1,5,5,3,0,6,1,1,1,2,,5,3
2045,50,RL,138.0,18030,Pave,IR1,Bnk,AllPub,Inside,Gtl,ClearCr,Norm,Norm,1Fam,1.5Fin,5,6,1946,1994,Gable,CompShg,MetalSd,MetalSd,None,0.0,TA,TA,CBlock,152.0,469.0,1598.0,GasA,TA,Y,SBrkr,1636,971,479,3086,0.0,0.0,3,0,3,1,Ex,12,Maj1,1,0.0,0.0,0.0,Y,122,0,0,0,0,0,0,3,2007,WD ,Normal,200500,0,0,1,0,3,1,5,5,3,5,1,0,6,1,2,,5,3
2046,50,RL,60.0,8160,Pave,Reg,Lvl,AllPub,Inside,Gtl,Edwards,Norm,Norm,1Fam,1.5Fin,5,6,1940,1950,Gable,CompShg,MetalSd,MetalSd,None,0.0,TA,TA,BrkTil,312.0,0.0,756.0,GasA,Fa,N,FuseF,756,378,0,1134,1.0,0.0,1,1,3,1,TA,7,Typ,0,1940.0,1.0,240.0,P,0,0,0,0,0,0,0,4,2007,WD ,AdjLand,126000,0,0,0,0,3,1,5,5,3,0,6,1,5,0,3,,5,3
2047,190,RL,59.0,4484,Pave,IR1,Lvl,AllPub,Corner,Gtl,SWISU,Norm,Norm,2fmCon,1.5Fin,5,6,1942,1979,Gable,CompShg,Plywood,Plywood,None,0.0,TA,TA,CBlock,485.0,0.0,672.0,GasA,TA,N,SBrkr,778,504,0,1282,1.0,0.0,1,0,2,1,TA,4,Typ,0,1942.0,1.0,240.0,Y,0,88,0,0,0,0,0,7,2007,WD ,Normal,108500,0,0,1,0,3,1,5,5,3,0,6,1,5,0,3,,5,3
2048,190,RL,75.0,11235,Pave,Reg,Lvl,AllPub,Inside,Gtl,Sawyer,Norm,Norm,2fmCon,SFoyer,5,5,1963,1963,Gable,CompShg,HdBoard,HdBoard,None,0.0,TA,TA,CBlock,925.0,0.0,925.0,GasA,TA,Y,SBrkr,999,0,0,999,1.0,0.0,1,0,3,1,TA,6,Typ,0,1963.0,1.0,308.0,Y,40,176,0,0,0,0,0,3,2007,WD ,Normal,130000,0,0,1,0,3,1,2,5,0,0,6,1,5,0,3,,2,3
2049,85,RL,75.0,11235,Pave,Reg,Lvl,AllPub,Inside,Gtl,Sawyer,Norm,Norm,1Fam,SFoyer,5,5,1964,1980,Gable,CompShg,HdBoard,HdBoard,BrkFace,30.0,TA,TA,CBlock,785.0,0.0,1420.0,GasA,Gd,Y,SBrkr,1452,0,0,1452,1.0,0.0,1,0,2,1,TA,6,Min2,1,1964.0,2.0,572.0,Y,92,0,88,0,0,0,0,11,2007,WD ,Normal,158450,0,0,0,0,1,1,2,5,0,1,6,1,5,1,5,,2,1
2050,20,RL,62.0,14299,Pave,Reg,Lvl,AllPub,Inside,Gtl,Sawyer,Feedr,Norm,1Fam,1Story,4,3,1964,1964,Gable,CompShg,HdBoard,HdBoard,None,0.0,TA,TA,CBlock,513.0,144.0,1005.0,GasA,TA,Y,SBrkr,1005,0,0,1005,1.0,0.0,1,0,3,1,TA,5,Typ,0,1964.0,2.0,440.0,N,0,0,0,0,0,0,0,7,2007,WD ,Normal,115400,0,0,1,0,3,1,5,5,3,5,3,1,5,0,3,,5,3
2051,20,RL,61.0,7943,Pave,Reg,Lvl,AllPub,Inside,Gtl,Sawyer,Feedr,Norm,1Fam,1Story,4,5,1961,1961,Gable,CompShg,VinylSd,VinylSd,BrkCmn,192.0,TA,Fa,CBlock,903.0,0.0,1029.0,GasA,Gd,Y,SBrkr,1029,0,0,1029,1.0,0.0,1,0,3,1,TA,5,Typ,0,1961.0,1.0,261.0,Y,64,0,39,0,0,0,0,4,2007,WD ,Normal,118500,0,0,0,0,0,1,5,5,2,5,6,1,1,0,3,,5,0
2052,80,RL,65.0,14149,Pave,IR1,Lvl,AllPub,Inside,Gtl,Sawyer,Norm,Norm,1Fam,SLvl,5,8,1964,2001,Hip,CompShg,HdBoard,HdBoard,BrkFace,50.0,Gd,Gd,CBlock,68.0,722.0,980.0,GasA,TA,Y,SBrkr,1020,0,0,1020,0.0,1.0,2,0,3,1,TA,5,Typ,1,1970.0,2.0,528.0,Y,0,0,0,0,0,0,0,5,2007,WD ,Normal,165000,0,0,0,0,1,1,5,5,1,3,1,1,5,1,4,,5,1
2053,20,RL,68.0,11677,Pave,IR1,Lvl,AllPub,Inside,Gtl,Sawyer,Norm,Norm,1Fam,1Story,5,4,1966,1966,Gable,CompShg,HdBoard,HdBoard,BrkFace,442.0,TA,TA,CBlock,249.0,761.0,1040.0,GasA,TA,Y,SBrkr,1040,0,0,1040,1.0,0.0,1,0,3,1,TA,6,Typ,0,1966.0,1.0,264.0,Y,0,90,0,0,0,0,0,2,2007,WD ,Normal,123000,0,0,1,0,1,1,5,5,0,5,1,1,1,0,3,,5,1
2054,85,RL,70.0,8400,Pave,Reg,Lvl,AllPub,Inside,Gtl,Sawyer,Norm,Norm,1Fam,SFoyer,6,5,1966,1966,Gable,CompShg,VinylSd,VinylSd,None,0.0,TA,TA,CBlock,187.0,627.0,814.0,GasA,Gd,Y,SBrkr,913,0,0,913,1.0,0.0,1,0,3,1,TA,6,Typ,0,1990.0,1.0,240.0,Y,0,0,252,0,0,0,0,5,2007,WD ,Normal,129000,0,0,0,0,3,1,5,5,1,3,5,1,5,0,3,,5,3
2055,20,RL,99.0,7094,Pave,IR1,Lvl,AllPub,Inside,Gtl,Sawyer,Norm,Norm,1Fam,1Story,5,5,1966,1966,Gable,CompShg,VinylSd,VinylSd,None,0.0,TA,TA,CBlock,180.0,374.0,894.0,GasA,TA,Y,SBrkr,894,0,0,894,0.0,0.0,1,0,3,1,TA,5,Typ,0,1966.0,1.0,384.0,Y,0,0,0,0,0,0,0,5,2007,WD ,Normal,125000,0,0,1,0,3,1,5,5,3,5,3,1,5,0,3,,5,3
2056,20,RL,68.0,8978,Pave,IR1,Lvl,AllPub,Corner,Gtl,Sawyer,Norm,Norm,1Fam,1Story,5,5,1968,1968,Gable,CompShg,Plywood,Plywood,None,0.0,TA,TA,PConc,0.0,0.0,948.0,GasA,TA,Y,SBrkr,948,0,0,948,0.0,0.0,1,0,3,1,TA,6,Typ,0,1968.0,1.0,300.0,Y,147,0,0,0,0,0,0,5,2007,WD ,Family,108000,0,0,0,0,3,1,5,5,3,6,6,1,1,0,3,,5,3
2057,190,RL,70.0,8425,Pave,Reg,Lvl,AllPub,FR3,Gtl,Sawyer,Feedr,Norm,2fmCon,1Story,5,6,1971,1990,Gable,CompShg,HdBoard,HdBoard,None,0.0,TA,TA,CBlock,748.0,0.0,768.0,GasA,Gd,Y,SBrkr,868,0,0,868,1.0,0.0,1,0,2,1,TA,6,Typ,0,1989.0,2.0,576.0,Y,138,0,0,0,0,0,0,5,2007,WD ,Normal,119900,0,0,1,0,3,1,2,5,0,2,6,1,5,0,3,,2,3
2058,20,RL,86.0,8665,Pave,IR1,Lvl,AllPub,Inside,Gtl,Sawyer,Norm,Norm,1Fam,1Story,5,5,1968,1968,Gable,CompShg,HdBoard,HdBoard,BrkFace,89.0,TA,TA,CBlock,168.0,288.0,876.0,GasA,TA,Y,SBrkr,897,0,0,897,0.0,0.0,1,0,3,1,TA,5,Typ,0,1968.0,1.0,264.0,Y,0,0,0,0,0,0,0,1,2007,WD ,Normal,115000,0,0,0,0,1,1,5,5,2,5,1,1,1,0,3,,5,1
2059,20,RL,68.0,8398,Pave,IR1,Lvl,AllPub,Inside,Gtl,Sawyer,Norm,Norm,1Fam,1Story,5,5,1967,1967,Gable,CompShg,MetalSd,MetalSd,BrkFace,323.0,TA,Gd,CBlock,114.0,529.0,943.0,GasA,TA,Y,SBrkr,943,0,0,943,1.0,0.0,1,0,2,1,TA,5,Typ,0,1972.0,2.0,528.0,Y,132,0,0,0,0,0,0,6,2007,WD ,Normal,134500,0,0,0,0,1,1,5,5,3,3,1,1,5,0,3,,5,1
2060,20,RL,66.0,7742,Pave,Reg,Lvl,AllPub,Inside,Gtl,Sawyer,Norm,Norm,1Fam,1Story,5,7,1966,1966,Gable,CompShg,HdBoard,HdBoard,None,0.0,TA,TA,CBlock,763.0,0.0,955.0,GasA,Ex,Y,SBrkr,955,0,0,955,1.0,0.0,1,0,3,1,TA,6,Typ,0,1966.0,1.0,386.0,Y,0,0,0,0,0,0,0,1,2007,WD ,Normal,127000,0,0,1,0,3,1,5,5,3,1,6,1,1,0,3,,5,3
2061,20,RL,109.0,8724,Pave,Reg,Lvl,AllPub,Inside,Gtl,Sawyer,Norm,Norm,1Fam,1Story,5,5,1968,1968,Gable,CompShg,VinylSd,VinylSd,None,0.0,TA,TA,CBlock,492.0,0.0,894.0,GasA,Gd,Y,SBrkr,894,0,0,894,0.0,0.0,1,0,3,1,TA,5,Typ,1,1968.0,2.0,450.0,Y,0,0,0,0,0,0,0,5,2007,WD ,Normal,129000,0,0,0,0,3,1,2,5,3,1,6,1,1,1,4,,2,3
2062,20,RL,71.0,8197,Pave,Reg,Lvl,AllPub,Inside,Gtl,Sawyer,Norm,Norm,1Fam,1Story,6,5,1977,1977,Gable,CompShg,Plywood,Plywood,BrkFace,148.0,TA,TA,CBlock,0.0,0.0,660.0,GasA,Ex,Y,SBrkr,1285,0,0,1285,0.0,0.0,1,1,3,1,TA,7,Typ,1,1977.0,2.0,528.0,Y,138,0,0,0,0,0,0,4,2007,WD ,Normal,143500,0,0,1,0,1,1,5,5,3,6,6,1,1,1,5,,5,1
2063,20,RL,68.0,8169,Pave,Reg,Lvl,AllPub,Corner,Gtl,Sawyer,Feedr,Norm,1Fam,1Story,5,7,1966,1966,Gable,CompShg,Plywood,Plywood,None,0.0,TA,Gd,CBlock,216.0,435.0,912.0,GasA,Ex,Y,SBrkr,912,0,0,912,1.0,0.0,1,0,3,1,Gd,6,Typ,0,1966.0,1.0,315.0,Y,204,0,0,0,0,0,0,7,2007,WD ,Normal,129000,0,0,1,0,3,1,5,5,3,5,0,1,5,0,3,,5,3
2064,20,RL,81.0,14175,Pave,Reg,Bnk,AllPub,Inside,Mod,Sawyer,PosA,Norm,1Fam,1Story,5,5,1956,1998,Hip,CompShg,BrkFace,BrkFace,None,0.0,TA,TA,CBlock,386.0,522.0,1240.0,GasA,Gd,Y,SBrkr,1375,0,0,1375,1.0,0.0,1,0,3,1,TA,6,Typ,1,1956.0,1.0,323.0,Y,0,0,0,0,0,0,0,12,2007,WD ,Normal,187000,0,0,0,0,3,1,5,5,3,5,0,1,1,1,2,,5,3
2065,60,RL,99.0,16779,Pave,Reg,Lvl,AllPub,Inside,Gtl,Sawyer,Feedr,Norm,1Fam,2Story,5,4,1920,1996,Gable,CompShg,Wd Sdng,Wd Sdng,BrkFace,356.0,TA,Fa,CBlock,267.0,0.0,671.0,GasA,Fa,Y,SBrkr,1567,1087,0,2654,0.0,0.0,3,0,4,1,TA,11,Mod,1,1946.0,2.0,638.0,Y,128,570,0,0,0,0,500,5,2007,WD ,Normal,158000,0,0,0,1,1,1,2,5,3,1,6,1,1,1,2,,2,1
2066,30,RL,68.0,25339,Pave,Reg,Lvl,AllPub,Inside,Gtl,Sawyer,Norm,Norm,1Fam,1Story,5,7,1918,2007,Gable,CompShg,Wd Sdng,Wd Sdng,None,0.0,TA,Gd,BrkTil,0.0,0.0,816.0,GasA,Ex,Y,SBrkr,1416,0,0,1416,0.0,0.0,2,0,3,1,Gd,7,Typ,0,2007.0,2.0,576.0,N,0,0,112,0,0,0,0,8,2007,WD ,Normal,112000,0,0,0,0,3,1,5,5,3,6,6,1,1,0,3,,5,3
2067,50,RL,70.0,6960,Pave,Reg,Lvl,AllPub,Inside,Gtl,Sawyer,Norm,Norm,1Fam,1.5Fin,7,8,1940,1998,Gable,CompShg,Wd Sdng,Wd Sdng,None,0.0,TA,TA,BrkTil,258.0,0.0,680.0,GasA,Ex,Y,FuseA,798,504,0,1302,0.0,0.0,1,1,2,1,Gd,6,Typ,2,1940.0,1.0,224.0,Y,0,0,0,0,126,0,0,7,2007,WD ,Normal,165250,0,0,1,0,3,1,5,5,3,0,6,1,1,1,2,,5,3
2068,20,RL,91.0,11375,Pave,Reg,Lvl,AllPub,Inside,Gtl,Sawyer,Norm,Norm,1Fam,1Story,6,5,1954,1995,Gable,CompShg,VinylSd,VinylSd,None,0.0,TA,TA,CBlock,736.0,0.0,967.0,GasA,TA,Y,SBrkr,1299,0,0,1299,0.0,0.0,1,0,3,1,Gd,6,Typ,1,1954.0,2.0,494.0,Y,81,0,280,0,0,0,0,10,2007,WD ,Normal,150000,0,0,0,0,3,1,5,5,3,5,6,1,1,1,5,,5,3
2069,20,RL,85.0,13770,Pave,Reg,Lvl,AllPub,Corner,Gtl,Sawyer,Feedr,Norm,1Fam,1Story,5,6,1958,1998,Gable,CompShg,Plywood,Plywood,BrkFace,340.0,TA,TA,CBlock,190.0,873.0,1158.0,GasA,TA,Y,SBrkr,1176,0,0,1176,1.0,0.0,1,0,3,1,TA,6,Typ,2,1958.0,1.0,303.0,Y,0,0,0,0,0,0,0,10,2007,VWD,Normal,137000,0,0,0,0,1,1,5,5,2,5,1,1,1,1,2,,5,1
2070,20,RL,68.0,9000,Pave,Reg,Lvl,AllPub,Inside,Gtl,Sawyer,Norm,Norm,1Fam,1Story,4,7,1945,1950,Gable,CompShg,Wd Sdng,Wd Sdng,None,0.0,Fa,TA,Slab,0.0,0.0,0.0,GasA,TA,N,FuseA,998,0,0,998,0.0,0.0,1,0,3,1,TA,5,Min2,0,1952.0,2.0,460.0,Y,0,0,140,0,0,0,0,5,2007,WD ,Normal,89500,0,0,0,0,3,0,3,3,4,4,4,1,0,0,3,,3,3
2071,20,RL,68.0,115149,Pave,IR2,Low,AllPub,CulDSac,Sev,ClearCr,Norm,Norm,1Fam,1Story,7,5,1971,2002,Gable,CompShg,Plywood,Plywood,Stone,351.0,TA,TA,CBlock,1219.0,0.0,1643.0,GasA,TA,Y,SBrkr,1824,0,0,1824,1.0,0.0,2,0,2,1,Gd,5,Typ,2,1971.0,2.0,739.0,Y,380,48,0,0,0,0,0,6,2007,WD ,Normal,302000,0,0,0,0,4,1,2,5,1,2,6,1,1,1,5,,2,4
2072,20,RL,68.0,11075,Pave,Reg,Lvl,AllPub,Corner,Gtl,ClearCr,Norm,Norm,1Fam,1Story,6,5,1984,1984,Hip,CompShg,Wd Sdng,Wd Sdng,BrkFace,136.0,TA,TA,PConc,299.0,891.0,1190.0,GasA,Ex,Y,SBrkr,1522,0,0,1522,0.0,0.0,2,0,3,1,TA,7,Typ,1,1984.0,2.0,552.0,Y,0,77,0,0,168,0,0,2,2007,WD ,Normal,182000,0,0,1,0,1,1,2,5,3,1,3,1,1,1,5,,2,1
2073,60,RL,97.0,10029,Pave,IR1,Lvl,AllPub,Corner,Gtl,ClearCr,Norm,Norm,1Fam,2Story,6,5,1988,1989,Gable,CompShg,Plywood,Plywood,BrkFace,268.0,Gd,TA,PConc,831.0,0.0,1151.0,GasA,TA,Y,SBrkr,1164,896,0,2060,0.0,1.0,2,1,4,1,TA,8,Typ,1,1988.0,2.0,521.0,Y,0,228,0,0,192,0,0,9,2007,WD ,Normal,211000,0,0,0,0,1,1,2,5,3,2,6,1,1,1,5,,2,1
2074,20,RL,68.0,17541,Pave,IR1,Lvl,AllPub,Corner,Gtl,Edwards,Norm,Norm,1Fam,1Story,5,7,1948,2005,Hip,CompShg,Wd Sdng,Wd Sdng,None,0.0,TA,Gd,CBlock,300.0,0.0,409.0,GasA,Ex,Y,SBrkr,1325,0,0,1325,0.0,0.0,2,0,3,1,Gd,6,Typ,1,1996.0,2.0,576.0,Y,0,42,0,0,0,0,0,7,2007,WD ,Normal,216000,0,0,0,0,3,1,5,2,2,1,6,1,5,1,5,,5,3
2075,20,RL,68.0,22692,Pave,IR1,Lvl,AllPub,Inside,Gtl,Edwards,Norm,Norm,1Fam,1Story,5,5,1953,1953,Gable,CompShg,MetalSd,MetalSd,None,0.0,TA,TA,CBlock,587.0,0.0,1073.0,GasA,TA,Y,SBrkr,1630,0,0,1630,0.0,0.0,2,0,3,1,TA,6,Mod,1,1953.0,2.0,649.0,P,0,64,0,0,0,0,0,3,2007,COD,Normal,130000,0,0,0,0,3,1,5,5,3,5,6,1,5,1,5,,5,3
2076,20,RL,84.0,17808,Pave,Reg,Lvl,AllPub,Inside,Gtl,Edwards,Feedr,Norm,1Fam,1Story,4,5,1946,1950,Gable,CompShg,Wd Sdng,Wd Sdng,None,0.0,TA,TA,CBlock,0.0,0.0,484.0,GasA,TA,N,SBrkr,1242,0,0,1242,0.0,0.0,1,0,2,1,TA,4,Mod,0,1946.0,1.0,336.0,N,0,0,0,0,0,0,0,7,2007,WD ,Normal,109900,0,0,0,0,3,1,5,5,3,6,6,1,1,0,3,,5,3
2077,20,RL,102.0,12671,Pave,IR1,Lvl,AllPub,Corner,Gtl,ClearCr,Norm,Norm,1Fam,1Story,6,7,1954,1994,Hip,CompShg,MetalSd,MetalSd,Stone,300.0,TA,Gd,CBlock,353.0,0.0,1288.0,GasA,Ex,Y,SBrkr,2422,0,0,2422,0.0,0.0,3,0,4,1,Gd,6,Min2,2,1954.0,2.0,527.0,Y,0,63,0,0,144,0,0,7,2007,WD ,Normal,255000,0,0,0,0,4,1,2,1,3,3,6,1,1,1,2,,2,4
2078,20,RL,84.0,12615,Pave,Reg,Lvl,AllPub,Corner,Gtl,Edwards,Norm,Norm,1Fam,1Story,6,7,1950,2001,Gable,CompShg,WdShing,Wd Shng,None,0.0,TA,TA,CBlock,477.0,0.0,1202.0,GasA,TA,Y,SBrkr,2158,0,0,2158,1.0,0.0,2,0,4,1,Gd,7,Typ,1,1950.0,2.0,576.0,Y,0,29,39,0,0,0,0,6,2007,WD ,Normal,243000,0,0,1,0,3,1,5,2,0,0,6,1,1,1,2,,5,3
2079,50,RL,70.0,10512,Pave,Reg,Lvl,AllPub,Inside,Gtl,Edwards,Norm,Norm,1Fam,1.5Fin,6,6,1954,1954,Gable,CompShg,Wd Sdng,Wd Sdng,None,0.0,TA,TA,CBlock,491.0,0.0,988.0,GasA,Ex,Y,SBrkr,988,638,0,1626,0.0,0.0,1,1,3,1,Gd,6,Typ,0,1954.0,1.0,332.0,Y,366,0,0,0,0,0,0,5,2007,WD ,Normal,154000,0,0,0,0,3,1,5,5,3,1,6,1,1,0,3,,5,3
2080,20,RL,60.0,5400,Pave,Reg,HLS,AllPub,Inside,Gtl,SWISU,Norm,Norm,1Fam,1Story,5,5,1958,1958,Gable,CompShg,MetalSd,MetalSd,None,0.0,TA,TA,CBlock,453.0,0.0,864.0,GasA,TA,Y,SBrkr,864,0,0,864,0.0,1.0,1,0,3,1,TA,6,Typ,0,1958.0,1.0,399.0,Y,0,0,0,0,0,0,0,5,2007,WD ,Normal,118000,0,0,0,0,3,1,5,5,3,5,6,1,1,0,3,,5,3
2081,30,RL,68.0,11515,Pave,IR1,Lvl,AllPub,CulDSac,Gtl,Edwards,Norm,Norm,1Fam,1Story,4,5,1958,1994,Gable,CompShg,HdBoard,HdBoard,None,0.0,TA,TA,Slab,0.0,0.0,0.0,GasA,TA,N,SBrkr,943,0,0,943,0.0,0.0,1,0,3,1,Gd,5,Min2,0,1958.0,1.0,308.0,N,0,0,60,0,0,0,0,8,2007,WD ,Normal,80000,0,0,0,0,3,0,3,3,4,4,4,1,5,0,3,,3,3
2082,90,RL,42.0,7711,Pave,IR1,Lvl,AllPub,Inside,Gtl,Edwards,Norm,Norm,Duplex,1Story,4,3,1977,1977,Gable,CompShg,MetalSd,MetalSd,None,0.0,TA,TA,PConc,1440.0,0.0,1440.0,GasA,TA,Y,SBrkr,1440,0,0,1440,2.0,0.0,2,0,4,2,TA,8,Typ,0,0.0,0.0,0.0,N,321,0,0,0,0,0,0,8,2007,Oth,Abnorml,150000,0,0,0,0,3,1,2,5,1,2,6,0,6,0,3,,2,3
2083,30,RL,58.0,9098,Pave,IR1,Lvl,AllPub,Inside,Gtl,Edwards,Norm,Norm,1Fam,1Story,4,7,1920,2002,Gable,CompShg,Wd Sdng,Wd Sdng,None,0.0,TA,TA,BrkTil,348.0,0.0,528.0,GasA,Ex,Y,SBrkr,605,0,0,605,1.0,0.0,1,0,2,1,TA,5,Typ,0,0.0,0.0,0.0,N,0,0,144,0,0,0,0,7,2007,WD ,Normal,86000,0,0,0,0,3,1,5,5,2,0,6,0,6,0,3,,5,3
2084,120,RL,39.0,3869,Pave,Reg,Lvl,AllPub,Inside,Mod,Edwards,Norm,Norm,TwnhsE,1Story,5,6,1984,1984,Gable,CompShg,Wd Sdng,Wd Sdng,BrkFace,149.0,Gd,Ex,CBlock,283.0,755.0,1038.0,GasA,Gd,Y,SBrkr,1038,0,0,1038,0.0,0.0,2,0,2,1,TA,5,Typ,0,1984.0,1.0,264.0,Y,0,105,0,0,0,0,0,7,2007,WD ,Normal,130000,0,0,0,0,1,1,5,5,3,3,2,1,1,0,3,,5,1
2085,20,RL,58.0,9280,Pave,Reg,Lvl,AllPub,Inside,Gtl,Edwards,Norm,Norm,1Fam,1Story,5,6,1951,1951,Gable,CompShg,Wd Sdng,Wd Sdng,None,0.0,TA,TA,CBlock,557.0,0.0,1342.0,GasA,Ex,Y,SBrkr,1342,0,0,1342,1.0,0.0,1,0,4,1,TA,7,Typ,0,1951.0,1.0,256.0,Y,0,0,0,0,0,0,0,4,2007,WD ,Normal,125000,0,0,0,0,3,1,1,5,3,0,6,1,5,0,3,,1,3
2086,50,RL,60.0,11100,Pave,Reg,Lvl,AllPub,Inside,Gtl,Edwards,Norm,Norm,1Fam,1.5Fin,5,6,1951,1994,Gable,CompShg,Wd Sdng,Wd Sdng,None,0.0,TA,TA,PConc,1080.0,0.0,1080.0,GasA,TA,N,SBrkr,1080,400,0,1480,1.0,0.0,1,0,4,1,TA,7,Typ,1,1951.0,1.0,253.0,Y,0,0,68,0,0,0,0,7,2007,WD ,Normal,136500,0,0,0,0,3,1,5,5,2,3,6,1,1,1,2,,5,3
2087,50,RL,50.0,7550,Pave,Reg,Lvl,AllPub,Inside,Gtl,Edwards,Norm,Norm,1Fam,1.5Fin,4,5,1920,1950,Gambrel,CompShg,MetalSd,MetalSd,None,0.0,Fa,Fa,BrkTil,0.0,0.0,951.0,GasW,Fa,N,SBrkr,986,376,0,1362,0.0,0.0,2,0,4,1,TA,7,Typ,0,1920.0,1.0,280.0,P,0,0,0,0,0,0,0,3,2007,WD ,Normal,96000,0,0,1,0,3,1,5,1,3,6,6,1,5,0,3,,5,3
2088,20,RL,60.0,9060,Pave,Reg,Lvl,AllPub,Inside,Gtl,Edwards,Artery,Norm,1Fam,1Story,5,6,1957,2006,Hip,CompShg,Wd Sdng,Wd Sdng,BrkFace,98.0,TA,TA,PConc,0.0,0.0,0.0,GasA,Ex,Y,SBrkr,1340,0,0,1340,0.0,0.0,1,0,3,1,TA,7,Typ,1,1957.0,1.0,252.0,Y,116,0,0,180,0,0,0,6,2007,WD ,Normal,120000,0,0,1,0,1,0,3,3,4,4,4,1,1,1,2,,3,1
2089,50,RL,104.0,23920,Pave,Reg,Lvl,AllPub,Inside,Gtl,SawyerW,Feedr,Norm,1Fam,1.5Fin,6,5,1984,1984,Gable,CompShg,Wd Sdng,Wd Sdng,None,0.0,TA,TA,CBlock,0.0,0.0,1105.0,GasA,Ex,Y,SBrkr,1105,717,0,1822,0.0,0.0,2,0,4,1,Gd,7,Min2,1,1984.0,2.0,515.0,P,0,195,1012,0,0,444,0,4,2007,WD ,Normal,228500,0,1,0,0,3,1,5,5,3,6,6,1,1,1,4,,5,3
2090,20,RL,114.0,10357,Pave,IR1,Lvl,AllPub,Corner,Gtl,SawyerW,Feedr,Norm,1Fam,1Story,7,5,1990,1991,Hip,CompShg,HdBoard,HdBoard,None,0.0,Gd,TA,PConc,738.0,0.0,910.0,GasA,Gd,Y,SBrkr,1442,0,0,1442,1.0,0.0,2,0,3,1,Gd,6,Typ,1,1990.0,2.0,719.0,Y,0,244,0,0,0,0,0,5,2007,WD ,Normal,179900,0,0,0,0,3,1,2,5,2,2,6,1,1,1,5,,2,3
2091,60,RL,116.0,13474,Pave,Reg,Lvl,AllPub,Inside,Gtl,SawyerW,Feedr,Norm,1Fam,2Story,7,5,1990,1991,Gable,CompShg,HdBoard,Plywood,BrkFace,246.0,Gd,TA,CBlock,700.0,0.0,700.0,GasA,Gd,Y,SBrkr,1122,1121,0,2243,1.0,0.0,2,1,4,1,Gd,8,Typ,1,1990.0,3.0,746.0,Y,127,44,224,0,0,0,0,6,2007,WD ,Normal,225000,0,0,0,0,1,1,2,5,3,0,6,1,1,1,5,,2,1
2092,60,RL,86.0,10380,Pave,IR1,Lvl,AllPub,Inside,Gtl,SawyerW,Norm,Norm,1Fam,2Story,7,5,1986,1987,Gable,CompShg,Plywood,Plywood,BrkFace,172.0,Gd,TA,CBlock,28.0,1474.0,1502.0,GasA,Ex,Y,SBrkr,1553,1177,0,2730,1.0,0.0,2,1,4,1,Gd,8,Typ,1,1987.0,2.0,576.0,Y,201,96,0,0,0,0,0,8,2007,WD ,Normal,301000,0,0,1,0,1,1,5,5,1,3,0,1,1,1,5,,5,1
2093,60,RL,103.0,13125,Pave,IR1,Lvl,AllPub,Corner,Gtl,SawyerW,Norm,Norm,1Fam,2Story,7,5,1991,1991,Gable,CompShg,HdBoard,HdBoard,None,0.0,Gd,TA,PConc,48.0,634.0,1104.0,GasA,Ex,Y,SBrkr,912,1215,0,2127,1.0,0.0,2,1,4,1,Gd,8,Typ,1,1991.0,3.0,833.0,Y,72,192,224,0,0,0,0,11,2007,WD ,Normal,238000,0,0,1,0,3,1,0,5,2,1,2,1,1,1,5,,0,3
2094,60,RL,82.0,11287,Pave,Reg,Lvl,AllPub,Inside,Gtl,SawyerW,Norm,Norm,1Fam,2Story,7,6,1989,1989,Gable,CompShg,Plywood,Plywood,BrkFace,340.0,Gd,TA,CBlock,421.0,0.0,807.0,GasA,Gd,Y,SBrkr,1175,807,0,1982,0.0,0.0,2,1,3,1,Gd,7,Typ,1,1989.0,2.0,575.0,Y,0,84,0,196,0,0,0,1,2007,WD ,Normal,228500,0,0,0,0,1,1,2,5,0,2,6,1,1,1,5,,2,1
2095,60,RL,75.0,9317,Pave,Reg,Lvl,AllPub,Inside,Gtl,SawyerW,Norm,Norm,1Fam,2Story,7,5,1994,2001,Gable,CompShg,VinylSd,VinylSd,None,0.0,Gd,Gd,PConc,497.0,0.0,779.0,GasA,Ex,Y,SBrkr,1029,929,0,1958,1.0,0.0,2,1,3,1,Gd,7,Typ,1,1994.0,2.0,499.0,Y,202,93,0,0,0,0,0,7,2007,CWD,Normal,220000,0,0,0,0,3,1,2,2,3,2,6,1,1,1,5,,2,3
2096,60,RL,77.0,9965,Pave,Reg,Lvl,AllPub,Inside,Gtl,CollgCr,Norm,Norm,1Fam,2Story,7,5,2007,2007,Gable,CompShg,VinylSd,VinylSd,Stone,220.0,Gd,TA,PConc,984.0,0.0,1264.0,GasA,Ex,Y,SBrkr,1282,1414,0,2696,1.0,0.0,2,1,4,1,Ex,10,Typ,1,2007.0,3.0,792.0,Y,120,184,0,0,168,0,0,10,2007,New,Partial,383970,0,0,0,0,4,1,0,5,0,2,6,1,3,1,2,,0,4
2097,60,RL,77.0,9965,Pave,Reg,Lvl,AllPub,Inside,Gtl,CollgCr,Norm,Norm,1Fam,2Story,8,5,2006,2007,Hip,CompShg,VinylSd,VinylSd,Stone,340.0,Gd,TA,PConc,1150.0,0.0,1466.0,GasA,Ex,Y,SBrkr,1466,1362,0,2828,1.0,0.0,3,0,4,1,Gd,11,Typ,1,2006.0,3.0,1052.0,Y,125,144,0,0,0,0,0,4,2007,New,Partial,424870,0,0,0,0,4,1,0,5,1,2,6,1,3,1,5,,0,4
2098,20,RL,71.0,9178,Pave,Reg,Lvl,AllPub,Inside,Gtl,CollgCr,Norm,Norm,1Fam,1Story,8,5,2007,2007,Gable,CompShg,VinylSd,VinylSd,Stone,306.0,Gd,TA,PConc,0.0,0.0,1643.0,GasA,Ex,Y,SBrkr,1651,0,0,1651,0.0,0.0,2,0,3,1,Gd,7,Typ,1,2007.0,3.0,870.0,Y,204,64,0,0,0,0,0,9,2007,New,Partial,250000,0,0,0,0,4,1,2,5,0,6,6,1,1,1,2,,2,4
2099,20,RL,93.0,10481,Pave,IR1,Lvl,AllPub,Inside,Gtl,CollgCr,Norm,Norm,1Fam,1Story,8,5,2006,2007,Hip,CompShg,CemntBd,CmentBd,None,0.0,Gd,TA,PConc,0.0,0.0,2140.0,GasA,Ex,Y,SBrkr,2140,0,0,2140,0.0,0.0,2,1,3,1,Gd,8,Typ,0,2006.0,3.0,894.0,Y,136,32,0,0,0,0,0,6,2007,New,Partial,360000,0,0,0,0,3,1,2,5,0,6,6,1,1,0,3,,2,3
2100,20,RL,91.0,10652,Pave,IR1,Lvl,AllPub,Inside,Gtl,CollgCr,Norm,Norm,1Fam,1Story,7,5,2006,2007,Gable,CompShg,VinylSd,VinylSd,Stone,306.0,Gd,TA,PConc,0.0,0.0,1494.0,GasA,Ex,Y,SBrkr,1494,0,0,1494,0.0,0.0,2,0,3,1,Gd,7,Typ,1,2006.0,3.0,840.0,Y,160,33,0,0,0,0,0,8,2007,New,Partial,279500,0,0,0,0,4,1,2,5,0,6,6,1,1,1,2,,2,4
2101,20,RL,103.0,11175,Pave,IR1,Lvl,AllPub,Corner,Gtl,CollgCr,Norm,Norm,1Fam,1Story,7,5,2007,2007,Gable,CompShg,VinylSd,VinylSd,None,0.0,Gd,TA,PConc,0.0,0.0,1316.0,GasA,Ex,Y,SBrkr,1316,0,0,1316,0.0,0.0,2,0,3,1,Gd,6,Typ,1,2007.0,2.0,440.0,Y,0,20,0,0,0,0,0,10,2007,New,Partial,200141,0,0,0,0,3,1,2,5,0,6,6,1,1,1,2,,2,3
2102,20,RL,66.0,10235,Pave,IR1,Lvl,AllPub,Inside,Gtl,CollgCr,Norm,Norm,1Fam,1Story,8,5,2007,2007,Gable,CompShg,VinylSd,VinylSd,Stone,306.0,Gd,TA,PConc,0.0,0.0,1643.0,GasA,Ex,Y,SBrkr,1651,0,0,1651,0.0,0.0,2,0,3,1,Gd,7,Typ,1,2007.0,3.0,870.0,Y,192,64,0,0,0,0,0,9,2007,New,Partial,246500,0,0,0,0,4,1,2,5,0,6,6,1,1,1,2,,2,4
2103,60,RL,69.0,9588,Pave,IR1,Lvl,AllPub,Inside,Gtl,CollgCr,Norm,Norm,1Fam,2Story,8,5,2007,2007,Gable,CompShg,CemntBd,CmentBd,Stone,270.0,Gd,TA,PConc,0.0,0.0,1482.0,GasA,Ex,Y,SBrkr,1482,1092,0,2574,0.0,0.0,2,1,3,1,Ex,10,Typ,1,2007.0,3.0,868.0,Y,0,148,0,0,0,0,0,11,2007,New,Partial,276000,0,0,0,0,4,1,0,5,3,6,6,1,3,1,2,,0,4
2104,20,RL,68.0,8814,Pave,Reg,Lvl,AllPub,Inside,Gtl,CollgCr,Norm,Norm,1Fam,1Story,7,5,2005,2007,Gable,CompShg,VinylSd,VinylSd,BrkFace,80.0,Gd,TA,PConc,925.0,0.0,1274.0,GasA,Ex,Y,SBrkr,1274,0,0,1274,1.0,0.0,2,0,3,1,Gd,6,Typ,0,2005.0,2.0,508.0,Y,264,98,0,0,0,0,0,1,2007,New,Partial,203000,0,0,0,0,1,1,2,5,3,2,6,1,1,0,3,,2,1
2105,60,RL,85.0,11103,Pave,IR1,Lvl,AllPub,Corner,Gtl,CollgCr,Norm,Norm,1Fam,2Story,7,5,2006,2006,Gable,CompShg,VinylSd,VinylSd,None,0.0,Gd,TA,PConc,0.0,0.0,728.0,GasA,Ex,Y,SBrkr,728,728,0,1456,0.0,0.0,2,1,3,1,Gd,8,Typ,1,2006.0,2.0,440.0,Y,0,0,0,0,0,0,0,7,2007,New,Partial,155835,0,0,0,0,3,1,2,5,3,6,6,1,1,1,5,,2,3
2106,20,RL,74.0,8556,Pave,Reg,Lvl,AllPub,Inside,Gtl,CollgCr,Norm,Norm,1Fam,1Story,7,5,2006,2006,Gable,CompShg,VinylSd,VinylSd,None,0.0,Gd,TA,PConc,0.0,0.0,1240.0,GasA,Ex,Y,SBrkr,1240,0,0,1240,0.0,0.0,2,0,2,1,Gd,5,Typ,0,2006.0,3.0,826.0,Y,140,93,0,0,0,0,0,5,2007,WD ,Normal,194000,0,0,0,0,3,1,2,5,0,6,6,1,1,0,3,,2,3
2107,20,RL,64.0,6762,Pave,Reg,Lvl,AllPub,Inside,Gtl,CollgCr,Norm,Norm,1Fam,1Story,7,5,2007,2007,Gable,CompShg,VinylSd,VinylSd,BrkFace,108.0,Gd,TA,PConc,664.0,0.0,1208.0,GasA,Ex,Y,SBrkr,1208,0,0,1208,1.0,0.0,2,0,2,1,Gd,6,Typ,0,2007.0,2.0,628.0,Y,105,54,0,0,0,0,0,9,2007,New,Partial,195400,0,0,0,0,1,1,2,5,3,2,6,1,1,0,3,,2,1
2108,20,RL,75.0,11750,Pave,IR1,Lvl,AllPub,Inside,Gtl,CollgCr,Norm,Norm,1Fam,1Story,7,5,2005,2006,Gable,CompShg,VinylSd,VinylSd,BrkFace,204.0,Gd,TA,PConc,20.0,0.0,1546.0,GasA,Ex,Y,SBrkr,1546,0,0,1546,0.0,0.0,2,0,3,1,Gd,7,Typ,0,2005.0,3.0,796.0,Y,144,42,0,0,0,0,0,6,2007,WD ,Normal,217000,0,0,0,0,1,1,2,5,2,2,6,1,1,0,3,,2,1
2109,20,RL,73.0,8760,Pave,Reg,Lvl,AllPub,Inside,Gtl,CollgCr,Norm,Norm,1Fam,1Story,8,5,2006,2006,Gable,CompShg,VinylSd,VinylSd,BrkFace,132.0,Gd,TA,PConc,36.0,0.0,1489.0,GasA,Ex,Y,SBrkr,1500,0,0,1500,0.0,0.0,2,0,3,1,Gd,7,Typ,1,2005.0,2.0,674.0,Y,144,38,0,0,0,0,0,6,2007,WD ,Normal,212999,0,0,0,0,1,1,2,5,3,2,6,1,1,1,2,,2,1
2110,20,RL,64.0,7242,Pave,Reg,Lvl,AllPub,Inside,Gtl,CollgCr,Norm,Norm,1Fam,1Story,7,5,2005,2006,Gable,CompShg,VinylSd,VinylSd,None,0.0,Gd,TA,PConc,0.0,0.0,1270.0,GasA,Ex,Y,SBrkr,1270,0,0,1270,0.0,0.0,2,0,2,1,Gd,6,Typ,0,2005.0,2.0,524.0,Y,0,96,0,0,0,0,0,7,2007,WD ,Normal,175900,0,0,0,0,3,1,2,5,3,6,6,1,1,0,3,,2,3
2111,60,RL,78.0,9316,Pave,Reg,Lvl,AllPub,Inside,Gtl,CollgCr,Norm,Norm,1Fam,2Story,7,5,2005,2006,Gable,CompShg,VinylSd,VinylSd,None,0.0,Gd,TA,PConc,0.0,0.0,879.0,GasA,Ex,Y,SBrkr,879,916,0,1795,0.0,0.0,2,1,3,1,Gd,7,Typ,0,2005.0,2.0,578.0,Y,164,111,0,0,0,0,0,10,2007,WD ,Normal,191000,0,0,0,0,3,1,2,5,1,6,6,1,1,0,3,,2,3
2112,20,RL,78.0,9317,Pave,IR1,Lvl,AllPub,Inside,Gtl,CollgCr,Norm,Norm,1Fam,1Story,6,5,2006,2006,Gable,CompShg,VinylSd,VinylSd,None,0.0,Gd,TA,PConc,24.0,0.0,1314.0,GasA,Gd,Y,SBrkr,1314,0,0,1314,0.0,0.0,2,0,3,1,Gd,6,Typ,1,2006.0,2.0,440.0,Y,0,22,0,0,0,0,0,3,2007,WD ,Normal,176432,0,0,0,0,3,1,2,5,3,2,6,1,1,1,2,,2,3
2113,60,RL,68.0,14364,Pave,IR1,Low,AllPub,Inside,Mod,SawyerW,Norm,Norm,1Fam,2Story,7,5,1988,1989,Gable,CompShg,Plywood,Plywood,BrkFace,128.0,Gd,TA,CBlock,1065.0,0.0,1157.0,GasA,Ex,Y,SBrkr,1180,882,0,2062,1.0,0.0,2,1,3,1,TA,7,Typ,1,1988.0,2.0,454.0,Y,60,55,0,0,154,0,0,4,2007,WD ,Normal,277000,0,0,0,0,1,1,2,5,1,2,6,1,1,1,2,,2,1
2114,60,RL,68.0,8883,Pave,IR1,Lvl,AllPub,Inside,Gtl,SawyerW,Norm,Norm,1Fam,2Story,7,5,1988,1988,Gable,CompShg,HdBoard,HdBoard,BrkFace,360.0,Gd,TA,PConc,608.0,321.0,929.0,GasA,Ex,Y,SBrkr,946,927,0,1873,1.0,0.0,2,1,3,1,Gd,7,Typ,1,1988.0,2.0,619.0,Y,108,48,0,0,144,0,0,5,2007,WD ,Normal,207000,0,0,1,0,1,1,2,5,3,2,3,1,1,1,5,,2,1
2115,50,RL,68.0,159000,Pave,IR2,Low,AllPub,CulDSac,Sev,ClearCr,Norm,Norm,1Fam,1.5Fin,6,7,1958,2006,Gable,CompShg,Wd Sdng,HdBoard,BrkCmn,472.0,Gd,TA,CBlock,697.0,0.0,1444.0,GasA,Gd,Y,SBrkr,1444,700,0,2144,0.0,1.0,2,0,4,1,Gd,7,Typ,2,1958.0,2.0,389.0,Y,0,98,0,0,0,0,500,6,2007,WD ,Normal,277000,0,0,0,1,0,1,2,5,1,5,6,1,1,1,5,,2,0
2116,60,RL,68.0,53107,Pave,IR2,Low,AllPub,Corner,Mod,ClearCr,Feedr,Norm,1Fam,2Story,6,5,1992,1992,Gable,CompShg,HdBoard,HdBoard,None,0.0,Gd,TA,PConc,985.0,0.0,1580.0,GasA,Ex,Y,SBrkr,1079,874,0,1953,1.0,0.0,2,1,3,1,Gd,9,Typ,2,1992.0,2.0,501.0,Y,216,231,0,0,0,0,0,6,2007,WD ,Normal,240000,0,0,0,0,3,1,2,5,0,2,6,1,1,1,1,,2,3
2117,60,RL,68.0,12205,Pave,IR1,Low,AllPub,Inside,Gtl,ClearCr,Norm,Norm,1Fam,2Story,6,8,1966,2007,Gable,CompShg,HdBoard,HdBoard,BrkFace,157.0,TA,TA,CBlock,568.0,0.0,832.0,GasA,Gd,Y,SBrkr,976,1111,0,2087,0.0,0.0,2,1,5,1,Gd,9,Typ,0,1966.0,2.0,444.0,Y,133,168,0,0,0,0,0,7,2007,WD ,Normal,187500,0,0,0,0,1,1,5,1,1,3,6,1,1,0,3,,5,1
2118,20,RL,155.0,20064,Pave,IR1,Low,AllPub,Inside,Sev,ClearCr,Norm,Norm,1Fam,1Story,8,6,1976,1976,Shed,WdShngl,Wd Sdng,Wd Sdng,None,0.0,Gd,TA,CBlock,51.0,915.0,966.0,GasA,Ex,Y,SBrkr,1743,0,0,1743,2.0,0.0,0,1,0,1,Gd,5,Typ,2,1976.0,2.0,529.0,Y,646,0,0,0,0,0,0,5,2007,WD ,Normal,279000,0,0,0,0,3,1,2,2,1,3,2,1,1,1,1,,2,3
2119,20,RL,68.0,14217,Pave,IR2,Lvl,AllPub,CulDSac,Gtl,CollgCr,Norm,Norm,1Fam,1Story,5,5,1994,1994,Gable,CompShg,VinylSd,VinylSd,None,0.0,TA,TA,PConc,550.0,0.0,1022.0,GasA,Gd,Y,SBrkr,1022,0,0,1022,0.0,1.0,1,0,3,1,TA,6,Typ,0,1995.0,2.0,747.0,Y,0,0,0,0,0,0,0,8,2007,WD ,Normal,139500,0,0,0,0,3,1,2,5,3,0,6,1,5,0,3,,2,3
2120,20,RL,65.0,8775,Pave,Reg,Lvl,AllPub,Inside,Gtl,CollgCr,Norm,Norm,1Fam,1Story,5,5,1994,1994,Gable,CompShg,VinylSd,VinylSd,None,0.0,TA,TA,PConc,495.0,0.0,990.0,GasA,Gd,Y,SBrkr,990,0,0,990,0.0,0.0,1,0,3,1,TA,5,Typ,0,1996.0,1.0,299.0,Y,0,64,0,0,0,0,0,4,2007,WD ,Normal,126000,0,0,0,0,3,1,2,5,3,2,6,1,1,0,3,,2,3
2121,20,RL,105.0,11249,Pave,IR2,Lvl,AllPub,Inside,Gtl,CollgCr,Norm,Norm,1Fam,1Story,6,5,1995,1995,Gable,CompShg,VinylSd,VinylSd,None,0.0,Gd,Gd,PConc,334.0,544.0,1200.0,GasA,Ex,Y,SBrkr,1200,0,0,1200,1.0,0.0,2,0,3,1,Gd,6,Typ,0,1995.0,2.0,521.0,Y,0,26,0,0,0,0,0,8,2007,WD ,Normal,177500,0,0,0,0,3,1,2,2,3,0,1,1,1,0,3,,2,3
2122,60,RL,57.0,10021,Pave,IR1,Lvl,AllPub,Inside,Gtl,CollgCr,Norm,Norm,1Fam,2Story,6,6,1997,2006,Gable,CompShg,VinylSd,VinylSd,None,0.0,TA,Gd,PConc,539.0,0.0,635.0,GasA,Ex,Y,SBrkr,646,662,0,1308,1.0,0.0,2,1,3,1,Gd,6,Typ,0,1997.0,2.0,497.0,Y,142,54,0,0,0,0,0,5,2007,WD ,Normal,175000,0,0,0,0,3,1,2,5,3,2,6,1,1,0,3,,2,3
2123,60,RL,68.0,9531,Pave,IR1,Lvl,AllPub,CulDSac,Gtl,CollgCr,Norm,Norm,1Fam,2Story,6,5,1998,1998,Gable,CompShg,VinylSd,VinylSd,None,0.0,TA,TA,PConc,706.0,0.0,794.0,GasA,Ex,Y,SBrkr,882,914,0,1796,1.0,0.0,2,1,3,1,TA,7,Typ,0,1998.0,2.0,546.0,Y,0,36,0,0,0,0,0,5,2007,WD ,Normal,211000,0,0,1,0,3,1,2,5,2,2,6,1,1,0,3,,2,3
2124,20,RL,60.0,8428,Pave,IR2,Lvl,AllPub,Inside,Gtl,CollgCr,Norm,Norm,1Fam,1Story,5,7,1994,1994,Gable,CompShg,VinylSd,VinylSd,None,0.0,TA,Gd,PConc,420.0,0.0,990.0,GasA,Ex,Y,SBrkr,990,0,0,990,1.0,0.0,1,0,3,1,TA,5,Typ,0,1995.0,1.0,384.0,Y,256,0,0,0,0,0,0,7,2007,WD ,Normal,146000,0,0,0,0,3,1,2,2,3,2,6,1,5,0,3,,2,3
2125,20,RL,70.0,16561,Pave,IR2,Low,AllPub,Inside,Mod,CollgCr,Norm,Norm,1Fam,1Story,5,5,1996,1996,Gable,CompShg,VinylSd,VinylSd,None,0.0,TA,TA,PConc,549.0,0.0,1097.0,GasA,Ex,Y,SBrkr,1097,0,0,1097,1.0,0.0,1,1,3,1,TA,6,Typ,0,1996.0,1.0,242.0,Y,306,0,0,0,0,0,0,7,2007,WD ,Normal,147900,0,0,1,0,3,1,2,5,3,0,6,1,1,0,3,,2,3
2126,20,RL,60.0,8070,Pave,Reg,Lvl,AllPub,Inside,Gtl,CollgCr,Norm,Norm,1Fam,1Story,4,5,1994,1995,Gable,CompShg,VinylSd,VinylSd,None,0.0,TA,TA,PConc,588.0,0.0,990.0,GasA,Ex,Y,SBrkr,990,0,0,990,1.0,0.0,1,0,3,1,TA,5,Typ,0,0.0,0.0,0.0,Y,0,0,0,0,0,0,0,8,2007,WD ,Normal,123600,0,0,0,0,3,1,2,5,3,2,6,0,6,0,3,,2,3
2127,60,RL,69.0,9337,Pave,IR1,Lvl,AllPub,Inside,Gtl,CollgCr,Norm,Norm,1Fam,2Story,6,5,1997,1997,Gable,CompShg,VinylSd,VinylSd,None,0.0,TA,Gd,PConc,648.0,0.0,824.0,GasA,Ex,Y,SBrkr,905,881,0,1786,1.0,0.0,2,1,3,1,Gd,7,Typ,0,1997.0,2.0,684.0,Y,0,162,0,0,0,0,0,5,2007,WD ,Normal,204750,0,0,0,0,3,1,2,5,3,2,6,1,1,0,3,,2,3
2128,60,RL,47.0,10820,Pave,IR2,Lvl,AllPub,CulDSac,Gtl,CollgCr,Norm,Norm,1Fam,2Story,7,5,1999,1999,Gable,CompShg,VinylSd,VinylSd,None,0.0,Gd,TA,PConc,342.0,0.0,988.0,GasA,Ex,Y,SBrkr,988,885,0,1873,0.0,0.0,2,1,3,1,Gd,7,Typ,1,1999.0,2.0,597.0,Y,202,123,0,0,0,0,0,3,2007,WD ,Normal,235500,0,0,0,0,3,1,2,5,1,2,6,1,1,1,5,,2,3
2129,60,RL,43.0,12352,Pave,IR2,Lvl,AllPub,CulDSac,Gtl,CollgCr,Norm,Norm,1Fam,2Story,7,5,1998,1999,Gable,CompShg,VinylSd,VinylSd,BrkFace,290.0,Gd,TA,PConc,638.0,0.0,853.0,GasA,Ex,Y,SBrkr,853,900,0,1753,1.0,0.0,2,1,3,1,TA,7,Typ,1,1998.0,2.0,534.0,Y,0,74,0,0,0,0,0,3,2007,WD ,Normal,217000,0,0,0,0,1,1,2,5,3,2,6,1,1,1,1,,2,1
2130,60,RL,68.0,9543,Pave,IR1,Lvl,AllPub,Inside,Gtl,CollgCr,Norm,Norm,1Fam,2Story,7,5,2001,2001,Gable,CompShg,VinylSd,VinylSd,None,0.0,Gd,TA,PConc,0.0,0.0,845.0,GasA,Ex,Y,SBrkr,845,845,0,1690,0.0,0.0,2,1,3,1,Gd,7,Typ,0,2001.0,2.0,517.0,Y,0,103,0,0,0,0,0,2,2007,WD ,Normal,190550,0,0,0,0,3,1,2,5,3,6,6,1,1,0,3,,2,3
2131,60,RL,68.0,8826,Pave,Reg,Lvl,AllPub,Inside,Gtl,CollgCr,Norm,Norm,1Fam,2Story,7,5,2000,2000,Gable,CompShg,VinylSd,VinylSd,BrkFace,144.0,Gd,TA,PConc,841.0,0.0,985.0,GasA,Ex,Y,SBrkr,985,857,0,1842,1.0,0.0,2,1,3,1,Gd,7,Typ,1,2000.0,2.0,486.0,Y,193,96,0,0,0,0,0,7,2007,WD ,Normal,217500,0,0,0,0,1,1,2,5,3,2,6,1,1,1,5,,2,1
2132,20,RL,72.0,10665,Pave,IR1,Lvl,AllPub,Inside,Gtl,CollgCr,Norm,Norm,1Fam,1Story,7,5,2003,2003,Gable,CompShg,VinylSd,VinylSd,BrkFace,167.0,Gd,TA,PConc,1013.0,0.0,1453.0,GasA,Ex,Y,SBrkr,1479,0,0,1479,1.0,0.0,2,0,3,1,Gd,7,Typ,0,2003.0,2.0,558.0,Y,144,29,0,0,0,0,0,6,2007,WD ,Normal,226000,0,0,0,0,1,1,2,5,0,2,6,1,1,0,3,,2,1
2133,60,RL,72.0,11317,Pave,Reg,Lvl,AllPub,Inside,Gtl,CollgCr,Norm,Norm,1Fam,2Story,7,5,2003,2003,Gable,CompShg,VinylSd,VinylSd,BrkFace,101.0,Gd,TA,PConc,0.0,0.0,840.0,GasA,Ex,Y,SBrkr,840,828,0,1668,0.0,0.0,2,1,3,1,Gd,8,Typ,0,2003.0,2.0,500.0,Y,144,68,0,0,0,0,0,9,2007,WD ,Normal,180000,0,0,0,0,1,1,2,5,3,6,6,1,1,0,3,,2,1
2134,20,RL,97.0,11800,Pave,IR1,Bnk,AllPub,Inside,Gtl,CollgCr,Norm,Norm,1Fam,1Story,5,5,1974,1974,Gable,CompShg,HdBoard,HdBoard,None,0.0,TA,TA,CBlock,663.0,0.0,864.0,GasA,TA,Y,SBrkr,894,0,0,894,0.0,0.0,1,0,3,1,TA,5,Typ,0,1974.0,2.0,440.0,Y,0,0,0,0,0,0,0,8,2007,WD ,Family,131000,0,0,0,0,3,1,2,5,0,1,6,1,1,0,3,,2,3
2135,80,RL,59.0,8660,Pave,IR1,Lvl,AllPub,Inside,Gtl,CollgCr,Norm,Norm,1Fam,SLvl,5,5,1976,1976,Gable,CompShg,VinylSd,VinylSd,BrkFace,113.0,TA,Gd,CBlock,502.0,0.0,1015.0,GasA,TA,Y,SBrkr,1025,0,0,1025,0.0,0.0,2,0,3,1,TA,6,Typ,1,1979.0,2.0,370.0,Y,127,0,0,0,0,0,0,7,2007,WD ,Normal,153500,0,0,0,0,1,1,2,5,0,2,6,1,5,1,1,,2,1
2136,80,RL,72.0,9720,Pave,Reg,Lvl,AllPub,Inside,Gtl,CollgCr,Norm,Norm,1Fam,SLvl,5,7,1977,1977,Gable,CompShg,Plywood,VinylSd,BrkFace,51.0,TA,TA,CBlock,755.0,0.0,995.0,GasA,TA,Y,SBrkr,1009,0,0,1009,0.0,0.0,2,0,3,1,TA,6,Typ,1,1977.0,2.0,576.0,Y,0,0,0,0,0,0,0,6,2007,WD ,Normal,160000,0,0,1,0,1,1,5,0,0,0,6,1,5,1,1,,5,1
2137,20,RL,45.0,8982,Pave,IR1,Lvl,AllPub,CulDSac,Gtl,CollgCr,Norm,Norm,1Fam,1Story,5,5,1977,1977,Gable,CompShg,CemntBd,CmentBd,None,0.0,TA,TA,CBlock,539.0,0.0,1040.0,GasA,TA,Y,SBrkr,1040,0,0,1040,0.0,0.0,1,1,3,1,TA,5,Typ,0,1977.0,2.0,748.0,Y,0,0,0,0,0,0,0,1,2007,WD ,Normal,134900,0,0,1,0,3,1,2,5,0,0,6,1,5,0,3,,2,3
2138,20,RL,39.0,16300,Pave,IR1,Lvl,AllPub,CulDSac,Gtl,CollgCr,Norm,Norm,1Fam,1Story,5,4,1977,1977,Gable,CompShg,HdBoard,HdBoard,None,0.0,TA,TA,CBlock,60.0,417.0,876.0,GasA,TA,Y,SBrkr,907,0,0,907,1.0,0.0,1,0,3,1,TA,5,Typ,0,1977.0,1.0,308.0,Y,0,0,0,0,0,0,0,1,2007,WD ,Normal,130000,0,0,1,0,3,1,2,5,0,5,1,1,1,0,3,,2,3
2139,20,RL,75.0,9675,Pave,Reg,Lvl,AllPub,Corner,Gtl,CollgCr,Norm,Norm,1Fam,1Story,5,6,1975,1975,Hip,CompShg,HdBoard,HdBoard,None,0.0,TA,TA,CBlock,330.0,432.0,864.0,GasA,TA,Y,SBrkr,879,0,0,879,0.0,0.0,1,0,3,1,TA,5,Typ,0,1975.0,2.0,440.0,Y,0,80,0,0,0,0,0,9,2007,Con,Normal,120000,0,0,0,0,3,1,5,5,3,1,5,1,1,0,3,,5,3
2140,20,RL,70.0,7700,Pave,Reg,Lvl,AllPub,Corner,Gtl,CollgCr,Norm,Norm,1Fam,1Story,5,5,1972,1972,Gable,CompShg,VinylSd,VinylSd,None,0.0,TA,TA,CBlock,138.0,468.0,882.0,GasA,TA,Y,SBrkr,882,0,0,882,1.0,0.0,1,0,3,1,TA,5,Typ,0,1980.0,2.0,461.0,Y,96,0,0,0,0,0,0,3,2007,WD ,Normal,112500,0,0,1,0,3,1,5,5,3,3,5,1,5,0,3,,5,3
2141,20,RL,120.0,10356,Pave,Reg,Lvl,AllPub,Corner,Gtl,CollgCr,Norm,Norm,1Fam,1Story,5,6,1975,1975,Gable,CompShg,HdBoard,HdBoard,None,0.0,TA,TA,CBlock,716.0,0.0,969.0,GasA,TA,Y,SBrkr,969,0,0,969,0.0,0.0,1,1,3,1,TA,5,Typ,0,1975.0,2.0,440.0,Y,0,0,0,0,0,0,0,1,2007,WD ,Normal,122000,0,0,1,0,3,1,5,5,0,1,6,1,1,0,3,,5,3
2142,20,RL,60.0,7200,Pave,Reg,Lvl,AllPub,Inside,Gtl,CollgCr,Norm,Norm,1Fam,1Story,5,5,1972,2000,Gable,CompShg,VinylSd,VinylSd,None,0.0,TA,TA,CBlock,671.0,0.0,864.0,GasA,Gd,Y,SBrkr,864,0,0,864,1.0,0.0,1,0,3,1,Ex,5,Typ,0,1977.0,2.0,576.0,Y,155,0,0,0,0,0,0,9,2007,WD ,Normal,127000,0,0,0,0,3,1,5,5,3,0,6,1,5,0,3,,5,3
2143,20,RL,60.0,7200,Pave,Reg,Lvl,AllPub,Inside,Gtl,CollgCr,Norm,Norm,1Fam,1Story,4,8,1972,2006,Gable,CompShg,Plywood,Plywood,None,0.0,TA,Gd,CBlock,385.0,0.0,385.0,GasA,Gd,Y,SBrkr,875,0,0,875,0.0,0.0,1,0,3,1,Gd,5,Typ,0,1975.0,2.0,728.0,Y,352,0,0,0,0,0,0,10,2007,WD ,Normal,117000,0,0,0,0,3,1,5,5,3,5,6,1,5,0,3,,5,3
2144,20,RL,80.0,10386,Pave,Reg,Lvl,AllPub,Inside,Gtl,CollgCr,Norm,Norm,1Fam,1Story,8,5,2004,2005,Gable,CompShg,CemntBd,CmentBd,Stone,246.0,Gd,TA,PConc,1464.0,0.0,2000.0,GasA,Ex,Y,SBrkr,2000,0,0,2000,1.0,0.0,2,0,3,1,Gd,8,Typ,0,2004.0,3.0,888.0,Y,168,0,0,0,0,0,0,7,2007,WD ,Normal,305900,0,0,0,0,4,1,2,5,3,2,6,1,1,0,3,,2,4
2145,60,RL,68.0,9375,Pave,Reg,Lvl,AllPub,Inside,Gtl,CollgCr,Norm,Norm,1Fam,2Story,8,5,2002,2002,Gable,CompShg,VinylSd,VinylSd,BrkFace,149.0,Gd,TA,PConc,0.0,0.0,1284.0,GasA,Ex,Y,SBrkr,1284,885,0,2169,0.0,0.0,2,1,3,1,Gd,7,Typ,1,2002.0,2.0,647.0,Y,192,87,0,0,0,0,0,8,2007,WD ,Normal,228500,0,0,0,0,1,1,2,5,3,6,6,1,1,1,2,,2,1
2146,20,RL,68.0,11354,Pave,Reg,Lvl,AllPub,Inside,Gtl,CollgCr,Norm,Norm,1Fam,1Story,7,5,2000,2000,Gable,CompShg,VinylSd,VinylSd,None,0.0,Gd,TA,PConc,1412.0,0.0,1673.0,GasA,Ex,Y,SBrkr,1673,0,0,1673,1.0,0.0,2,0,3,1,Gd,7,Typ,1,2000.0,2.0,583.0,Y,306,113,0,0,116,0,0,1,2007,WD ,Normal,270000,0,0,0,0,3,1,5,5,1,2,6,1,1,1,5,,5,3
2147,20,RL,70.0,8749,Pave,Reg,Lvl,AllPub,Inside,Gtl,CollgCr,Norm,Norm,1Fam,1Story,7,5,2002,2002,Gable,CompShg,VinylSd,VinylSd,BrkFace,100.0,Gd,TA,PConc,0.0,0.0,1459.0,GasA,Ex,Y,SBrkr,1459,0,0,1459,0.0,0.0,2,0,3,1,Gd,6,Typ,1,2002.0,2.0,527.0,Y,192,39,0,0,0,0,0,9,2007,WD ,Normal,192000,0,0,0,0,1,1,2,5,3,6,6,1,1,1,2,,2,1
2148,60,RL,70.0,8749,Pave,Reg,Lvl,AllPub,Inside,Gtl,CollgCr,Norm,Norm,1Fam,2Story,7,5,2003,2003,Gable,CompShg,VinylSd,VinylSd,None,0.0,Gd,TA,PConc,654.0,0.0,979.0,GasA,Ex,Y,SBrkr,992,940,0,1932,1.0,0.0,2,1,3,1,Gd,7,Typ,1,2003.0,2.0,610.0,Y,0,120,0,0,0,0,0,6,2007,WD ,Normal,213000,0,0,0,0,3,1,2,5,3,2,6,1,1,1,2,,2,3
2149,60,RL,65.0,8158,Pave,Reg,Lvl,AllPub,Inside,Gtl,CollgCr,Norm,Norm,1Fam,2Story,7,5,2002,2002,Gable,CompShg,VinylSd,VinylSd,BrkFace,214.0,Gd,TA,PConc,0.0,0.0,860.0,GasA,Ex,Y,SBrkr,860,869,0,1729,0.0,0.0,2,1,3,1,Gd,7,Typ,0,2002.0,2.0,542.0,Y,386,63,0,0,0,0,0,8,2007,WD ,Normal,200000,0,0,0,0,1,1,2,5,3,6,6,1,1,0,3,,2,1
2150,60,RL,66.0,16226,Pave,IR3,Lvl,AllPub,Inside,Gtl,CollgCr,Norm,Norm,1Fam,2Story,8,5,1998,1999,Gable,CompShg,VinylSd,VinylSd,None,0.0,Gd,TA,PConc,281.0,0.0,1028.0,GasA,Ex,Y,SBrkr,1210,1242,0,2452,0.0,0.0,2,1,4,1,Gd,9,Typ,1,1998.0,2.0,683.0,Y,208,50,0,0,0,0,0,5,2007,WD ,Normal,267000,0,0,0,0,3,1,2,5,3,2,6,1,3,1,5,,2,3
2151,20,RL,73.0,11927,Pave,Reg,Lvl,AllPub,Inside,Gtl,CollgCr,Norm,Norm,1Fam,1Story,8,5,1994,1995,Hip,CompShg,HdBoard,HdBoard,BrkFace,519.0,Gd,TA,PConc,408.0,465.0,1556.0,GasA,Ex,Y,SBrkr,1592,0,0,1592,0.0,0.0,2,0,3,1,Gd,7,Typ,1,1994.0,2.0,484.0,Y,120,35,0,0,0,0,0,6,2007,WD ,Normal,228000,0,0,0,0,1,1,2,5,1,1,2,1,1,1,5,,2,1
2152,60,RL,68.0,12728,Pave,Reg,Lvl,AllPub,Inside,Gtl,CollgCr,Norm,Norm,1Fam,2Story,8,5,2001,2001,Gable,CompShg,VinylSd,VinylSd,BrkFace,256.0,Gd,TA,PConc,1198.0,0.0,1531.0,GasA,Ex,Y,SBrkr,1531,908,0,2439,1.0,0.0,2,1,4,1,Gd,7,Typ,1,2001.0,2.0,560.0,Y,184,121,0,0,0,0,0,1,2007,WD ,Normal,275000,0,0,0,0,1,1,2,5,2,2,6,1,1,1,5,,2,1
2153,60,RL,68.0,15295,Pave,IR3,Lvl,AllPub,Corner,Gtl,CollgCr,Norm,Norm,1Fam,2Story,7,5,1996,2002,Gable,CompShg,VinylSd,VinylSd,BrkFace,254.0,Gd,TA,PConc,762.0,0.0,860.0,GasA,Ex,Y,SBrkr,1212,780,0,1992,1.0,0.0,2,1,3,1,Gd,7,Min2,2,1996.0,2.0,608.0,Y,225,32,0,0,0,0,0,6,2007,WD ,Normal,211000,0,0,0,0,1,1,2,5,2,2,6,1,1,1,5,,2,1
2154,20,RL,90.0,11248,Pave,IR1,Lvl,AllPub,Corner,Gtl,CollgCr,Norm,Norm,1Fam,1Story,9,5,2002,2002,Hip,CompShg,VinylSd,VinylSd,Stone,215.0,Gd,TA,PConc,1059.0,0.0,1626.0,GasA,Ex,Y,SBrkr,1668,0,0,1668,1.0,0.0,2,0,3,1,Gd,7,Typ,1,2002.0,3.0,702.0,Y,257,45,0,0,0,0,0,7,2007,WD ,Normal,285000,0,0,0,0,4,1,2,5,0,2,6,1,1,1,5,,2,4
2155,60,RL,80.0,10000,Pave,Reg,Lvl,AllPub,Inside,Gtl,CollgCr,Norm,Norm,1Fam,2Story,8,5,1995,1996,Gable,CompShg,VinylSd,VinylSd,BrkFace,438.0,Gd,TA,PConc,1079.0,0.0,1220.0,GasA,Ex,Y,SBrkr,1220,870,0,2090,1.0,0.0,2,1,3,1,Gd,8,Typ,1,1995.0,2.0,556.0,Y,0,65,0,0,0,0,0,12,2007,WD ,Normal,240000,0,0,0,0,1,1,2,5,3,2,6,1,1,1,5,,2,1
2156,120,RM,36.0,4435,Pave,Reg,Lvl,AllPub,Inside,Gtl,CollgCr,Norm,Norm,TwnhsE,1Story,6,5,2003,2003,Gable,CompShg,VinylSd,VinylSd,BrkFace,170.0,Gd,TA,PConc,659.0,0.0,848.0,GasA,Ex,Y,SBrkr,848,0,0,848,1.0,0.0,1,0,1,1,Gd,3,Typ,0,2003.0,2.0,420.0,Y,140,0,0,0,0,0,0,11,2007,WD ,Normal,131500,0,0,0,0,1,1,2,5,0,2,6,1,1,0,3,,2,1
2157,20,RL,73.0,17227,Pave,IR2,Lvl,AllPub,CulDSac,Mod,CollgCr,Norm,Norm,1Fam,1Story,8,5,1999,2000,Gable,CompShg,VinylSd,VinylSd,BrkFace,158.0,Gd,TA,PConc,915.0,0.0,1341.0,GasA,Ex,Y,SBrkr,1341,0,0,1341,1.0,0.0,1,1,1,1,Gd,5,Typ,1,1999.0,2.0,482.0,Y,240,84,0,0,0,0,0,1,2007,WD ,Normal,246900,0,0,0,0,1,1,2,5,1,2,6,1,1,1,5,,2,1
2158,60,RL,65.0,8200,Pave,Reg,Lvl,AllPub,Inside,Gtl,CollgCr,Norm,Norm,1Fam,2Story,7,5,2003,2004,Gable,CompShg,VinylSd,VinylSd,None,0.0,Gd,TA,PConc,0.0,0.0,847.0,GasA,Ex,Y,SBrkr,847,1081,0,1928,0.0,0.0,2,1,4,1,Gd,8,Typ,1,2003.0,2.0,434.0,Y,100,48,0,0,0,0,0,7,2007,WD ,Normal,219500,0,0,0,0,3,1,2,5,3,6,6,1,3,1,2,,2,3
2159,20,RL,65.0,8450,Pave,Reg,Lvl,AllPub,Inside,Gtl,CollgCr,Norm,Norm,1Fam,1Story,7,5,2003,2003,Gable,CompShg,VinylSd,VinylSd,None,0.0,Gd,TA,PConc,699.0,0.0,1337.0,GasA,Ex,Y,SBrkr,1337,0,0,1337,1.0,0.0,2,0,3,1,Gd,6,Typ,0,2003.0,2.0,531.0,Y,0,39,0,0,0,0,0,10,2007,WD ,Normal,185000,0,0,0,0,3,1,2,5,2,2,6,1,1,0,3,,2,3
2160,60,RL,70.0,8145,Pave,IR1,Lvl,AllPub,Inside,Gtl,CollgCr,Norm,Norm,1Fam,2Story,7,5,2007,2007,Gable,CompShg,VinylSd,VinylSd,None,0.0,Gd,TA,PConc,0.0,0.0,738.0,GasA,Ex,Y,SBrkr,738,738,0,1476,0.0,0.0,2,1,3,1,Gd,7,Typ,0,2007.0,2.0,552.0,Y,0,35,0,0,0,0,0,6,2007,New,Partial,179400,0,0,0,0,3,1,2,5,3,6,6,1,1,0,3,,2,3
2161,60,RL,79.0,9245,Pave,IR1,Lvl,AllPub,Inside,Gtl,CollgCr,Norm,Norm,1Fam,2Story,7,5,2006,2006,Gable,CompShg,VinylSd,VinylSd,None,0.0,Gd,TA,PConc,0.0,0.0,939.0,GasA,Ex,Y,SBrkr,939,858,0,1797,0.0,0.0,2,1,3,1,Gd,8,Typ,0,2006.0,2.0,639.0,Y,144,53,0,0,0,0,0,4,2007,WD ,Normal,213500,0,0,0,0,3,1,2,5,0,6,6,1,1,0,3,,2,3
2162,20,RL,63.0,8500,Pave,Reg,Lvl,AllPub,FR2,Gtl,CollgCr,Norm,Norm,1Fam,1Story,7,5,2004,2004,Gable,CompShg,VinylSd,VinylSd,BrkFace,106.0,Gd,TA,PConc,0.0,0.0,1422.0,GasA,Ex,Y,SBrkr,1422,0,0,1422,0.0,0.0,2,0,3,1,Gd,7,Typ,0,2004.0,2.0,626.0,Y,192,60,0,0,0,0,0,11,2007,WD ,Normal,179600,0,0,0,0,1,1,2,5,0,6,6,1,1,0,3,,2,1
2163,20,RL,65.0,8769,Pave,Reg,Lvl,AllPub,FR2,Gtl,CollgCr,Norm,Norm,1Fam,1Story,7,5,2005,2005,Gable,CompShg,VinylSd,VinylSd,None,0.0,Gd,TA,PConc,709.0,0.0,1169.0,GasA,Ex,Y,SBrkr,1190,0,0,1190,1.0,0.0,2,0,2,1,Gd,5,Typ,0,2005.0,2.0,578.0,Y,100,41,0,0,0,0,0,10,2007,WD ,Normal,173500,0,0,0,0,3,1,2,5,0,2,6,1,1,0,3,,2,3
2164,20,RL,64.0,8334,Pave,Reg,Lvl,AllPub,Inside,Gtl,CollgCr,Norm,Norm,1Fam,1Story,6,5,2006,2007,Gable,CompShg,VinylSd,VinylSd,None,0.0,Gd,TA,PConc,0.0,0.0,1330.0,GasA,Ex,Y,SBrkr,1330,0,0,1330,0.0,0.0,2,0,3,1,Gd,6,Typ,1,2006.0,2.0,437.0,Y,0,23,0,0,0,0,0,7,2007,New,Partial,167840,0,0,0,0,3,1,2,5,3,6,6,1,1,1,2,,2,3
2165,60,RL,64.0,8333,Pave,Reg,Lvl,AllPub,Inside,Gtl,CollgCr,Norm,Norm,1Fam,2Story,7,5,2006,2006,Gable,CompShg,VinylSd,VinylSd,None,0.0,Gd,TA,PConc,0.0,0.0,738.0,GasA,Gd,Y,SBrkr,738,753,0,1491,0.0,0.0,2,1,3,1,Gd,7,Typ,1,2006.0,2.0,484.0,Y,100,30,0,0,0,0,0,5,2007,WD ,Normal,168675,0,0,0,0,3,1,2,5,3,6,6,1,1,1,2,,2,3
2166,60,RL,64.0,9045,Pave,IR1,Lvl,AllPub,Inside,Gtl,CollgCr,Norm,Norm,1Fam,2Story,5,5,2005,2005,Gable,CompShg,VinylSd,VinylSd,None,0.0,Gd,TA,PConc,0.0,0.0,768.0,GasA,Ex,Y,SBrkr,768,768,0,1536,0.0,0.0,2,1,3,1,Gd,6,Typ,0,2005.0,2.0,400.0,Y,0,40,0,0,0,0,0,6,2007,WD ,Normal,167000,0,0,0,0,3,1,2,5,2,6,6,1,1,0,3,,2,3
2167,20,RL,70.0,9170,Pave,Reg,Lvl,AllPub,Corner,Gtl,Edwards,Feedr,Norm,1Fam,1Story,5,7,1965,1965,Hip,CompShg,MetalSd,MetalSd,None,0.0,TA,TA,CBlock,698.0,96.0,1214.0,GasA,Ex,Y,SBrkr,1214,0,0,1214,1.0,0.0,1,0,2,1,TA,6,Typ,0,1965.0,2.0,461.0,Y,0,0,184,0,0,0,400,4,2007,WD ,Normal,140000,0,0,1,1,3,1,5,5,3,0,2,1,5,0,3,,5,3
2168,85,RL,75.0,9825,Pave,Reg,Low,AllPub,Inside,Gtl,Edwards,Norm,Norm,1Fam,SFoyer,5,5,1967,1967,Gable,CompShg,HdBoard,HdBoard,BrkFace,162.0,TA,TA,CBlock,936.0,0.0,936.0,GasA,Gd,Y,SBrkr,936,0,0,936,1.0,0.0,1,0,2,1,TA,4,Typ,1,1967.0,1.0,384.0,Y,405,0,0,0,0,0,450,8,2007,WD ,Abnorml,118500,0,0,0,1,1,1,2,5,1,0,6,1,1,1,1,,2,1
2169,20,RL,67.0,8308,Pave,Reg,Lvl,AllPub,Inside,Gtl,Edwards,Norm,Norm,1Fam,1Story,4,6,1963,1963,Gable,CompShg,VinylSd,VinylSd,Stone,20.0,TA,Gd,CBlock,132.0,841.0,1088.0,GasA,TA,Y,SBrkr,1088,0,0,1088,0.0,0.0,1,0,2,1,TA,4,Typ,0,2002.0,2.0,520.0,P,0,0,0,0,0,0,0,6,2007,COD,Normal,110000,0,0,0,0,4,1,5,5,3,1,3,1,5,0,3,,5,4
2170,20,RL,73.0,10921,Pave,Reg,HLS,AllPub,Inside,Gtl,Edwards,Norm,Norm,1Fam,1Story,4,5,1965,1965,Hip,CompShg,HdBoard,HdBoard,BrkFace,48.0,TA,TA,CBlock,520.0,0.0,960.0,GasA,TA,Y,FuseF,960,0,0,960,1.0,0.0,1,0,3,1,TA,6,Typ,0,1965.0,1.0,432.0,P,120,0,0,0,0,0,0,5,2007,WD ,Normal,94750,0,0,0,0,1,1,5,5,3,5,6,1,1,0,3,,5,1
2171,50,RL,74.0,16287,Pave,Reg,Lvl,AllPub,Inside,Gtl,Edwards,Norm,Norm,1Fam,1.5Fin,5,6,1925,1950,Gable,CompShg,VinylSd,VinylSd,None,0.0,TA,Gd,CBlock,130.0,105.0,901.0,GasA,TA,Y,SBrkr,901,450,0,1351,1.0,0.0,1,0,3,1,TA,7,Typ,1,1975.0,2.0,576.0,N,0,0,43,0,100,0,0,7,2007,WD ,Normal,122000,0,0,0,0,3,1,5,5,3,0,1,1,5,1,2,,5,3
2172,20,RL,80.0,8240,Pave,Reg,Lvl,AllPub,Inside,Gtl,Edwards,Norm,Norm,1Fam,1Story,6,6,1960,1960,Hip,CompShg,HdBoard,HdBoard,Stone,198.0,TA,TA,CBlock,0.0,0.0,1179.0,GasA,Gd,Y,SBrkr,1179,0,0,1179,0.0,0.0,1,0,2,1,TA,5,Min2,0,1960.0,2.0,622.0,P,0,0,0,0,0,0,0,6,2007,WD ,Normal,110000,0,0,1,0,4,1,5,5,3,6,6,1,1,0,3,,5,4
2173,90,RL,81.0,11841,Grvl,Reg,Lvl,AllPub,Inside,Gtl,Edwards,Norm,Norm,Duplex,SFoyer,6,5,1990,1990,Gable,CompShg,HdBoard,HdBoard,BrkFace,104.0,TA,Gd,CBlock,816.0,0.0,816.0,GasA,TA,Y,SBrkr,816,0,0,816,1.0,0.0,1,0,3,1,TA,5,Typ,0,0.0,0.0,0.0,Y,0,32,0,0,0,0,0,5,2007,WD ,Normal,118500,0,0,0,0,1,1,2,5,0,2,6,0,6,0,3,,2,1
2174,80,RL,65.0,6285,Pave,Reg,Lvl,AllPub,Inside,Gtl,Edwards,Norm,Norm,1Fam,SLvl,6,6,1976,1976,Gable,CompShg,HdBoard,Plywood,None,0.0,TA,Fa,CBlock,504.0,0.0,960.0,GasA,TA,Y,SBrkr,1044,0,0,1044,1.0,0.0,1,0,3,1,TA,7,Typ,1,1976.0,2.0,528.0,Y,228,0,0,0,0,0,0,4,2007,WD ,Normal,133500,0,0,0,0,3,1,5,5,0,2,6,1,5,1,1,,5,3
2175,20,RL,68.0,7917,Pave,IR1,Lvl,AllPub,Corner,Gtl,Edwards,Norm,Norm,1Fam,1Story,6,7,1976,1976,Hip,CompShg,HdBoard,HdBoard,BrkFace,174.0,TA,Gd,CBlock,751.0,0.0,1143.0,GasA,TA,Y,SBrkr,1113,0,0,1113,1.0,0.0,1,1,3,1,TA,6,Typ,1,1987.0,1.0,504.0,Y,370,30,0,0,0,0,0,5,2007,WD ,Normal,148000,0,0,1,0,1,1,5,2,3,1,6,1,1,1,1,,5,1
2176,90,RL,68.0,9555,Pave,IR1,Lvl,AllPub,CulDSac,Gtl,Edwards,Norm,Norm,Duplex,2Story,5,6,1979,1979,Gable,CompShg,Plywood,Plywood,None,0.0,TA,TA,Slab,0.0,0.0,0.0,GasA,TA,Y,SBrkr,1100,1133,0,2233,0.0,0.0,2,1,5,2,TA,11,Typ,0,1979.0,2.0,579.0,Y,0,0,0,0,0,0,0,2,2007,WD ,Normal,141000,0,0,0,0,3,0,3,3,4,4,4,1,1,0,3,,3,3
2177,20,RL,74.0,8536,Pave,Reg,Lvl,AllPub,Corner,Gtl,Edwards,Norm,Norm,1Fam,1Story,5,5,2006,2007,Gable,CompShg,VinylSd,VinylSd,None,0.0,TA,TA,PConc,0.0,0.0,1125.0,GasA,Gd,Y,SBrkr,1125,0,0,1125,0.0,0.0,1,1,2,1,TA,5,Typ,0,2007.0,2.0,430.0,Y,80,64,0,0,0,0,0,4,2007,New,Partial,155000,0,0,0,0,3,1,2,5,3,6,6,1,1,0,3,,2,3
2178,20,RL,60.0,7024,Pave,Reg,Lvl,AllPub,Inside,Gtl,Edwards,Norm,Norm,1Fam,1Story,5,5,2005,2006,Gable,CompShg,VinylSd,VinylSd,None,0.0,TA,TA,PConc,980.0,0.0,1090.0,GasA,Gd,Y,SBrkr,1090,0,0,1090,1.0,0.0,1,1,2,1,TA,5,Typ,0,2005.0,2.0,450.0,Y,0,49,0,0,0,0,0,6,2007,WD ,Normal,157000,0,0,0,0,3,1,0,2,3,0,6,1,1,0,3,,0,3
2179,60,RL,60.0,7023,Pave,Reg,Lvl,AllPub,Inside,Gtl,Edwards,Norm,Norm,1Fam,2Story,5,5,2005,2006,Gable,CompShg,VinylSd,VinylSd,None,0.0,TA,TA,PConc,611.0,0.0,734.0,GasA,Gd,Y,SBrkr,734,674,0,1408,1.0,0.0,2,1,3,1,TA,6,Typ,0,2005.0,2.0,489.0,Y,0,85,0,0,0,0,0,5,2007,WD ,Normal,171500,0,0,0,0,3,1,2,2,3,2,6,1,3,0,3,,2,3
2180,20,RL,128.0,39290,Pave,IR1,Bnk,AllPub,Inside,Gtl,Edwards,Norm,Norm,1Fam,1Story,10,5,2008,2009,Hip,CompShg,CemntBd,CmentBd,Stone,1224.0,Ex,TA,PConc,4010.0,0.0,5095.0,GasA,Ex,Y,SBrkr,5095,0,0,5095,1.0,1.0,2,1,2,1,Ex,15,Typ,2,2008.0,3.0,1154.0,Y,546,484,0,0,0,0,17000,10,2007,New,Partial,183850,0,0,0,1,4,1,0,5,1,2,6,1,1,1,2,,0,4
2181,60,RL,130.0,40094,Pave,IR1,Bnk,AllPub,Inside,Gtl,Edwards,PosN,PosN,1Fam,2Story,10,5,2007,2008,Hip,CompShg,CemntBd,CmentBd,Stone,762.0,Ex,TA,PConc,2260.0,0.0,3138.0,GasA,Ex,Y,SBrkr,3138,1538,0,4676,1.0,0.0,3,1,3,1,Ex,11,Typ,1,2007.0,3.0,884.0,Y,208,406,0,0,0,0,0,10,2007,New,Partial,184750,0,0,0,0,4,1,0,5,1,2,6,1,3,1,2,,0,4
2182,180,RM,35.0,3675,Pave,Reg,Lvl,AllPub,Inside,Gtl,Edwards,Norm,Norm,TwnhsE,SFoyer,6,5,2005,2005,Gable,CompShg,VinylSd,VinylSd,Stone,76.0,TA,TA,PConc,467.0,0.0,547.0,GasA,Ex,Y,SBrkr,1072,0,0,1072,1.0,0.0,1,0,2,1,Gd,5,Typ,0,2005.0,2.0,525.0,Y,0,44,0,0,0,0,0,5,2007,WD ,Normal,140000,0,0,0,0,4,1,2,5,1,2,6,1,2,0,3,,2,4
2183,20,RL,64.0,6400,Pave,Reg,Lvl,AllPub,Inside,Gtl,Edwards,Norm,Norm,1Fam,1Story,5,7,1959,2000,Gable,CompShg,WdShing,Wd Shng,None,0.0,TA,TA,CBlock,77.0,831.0,960.0,GasA,Ex,Y,SBrkr,960,0,0,960,1.0,0.0,1,0,2,1,Fa,4,Typ,0,1959.0,1.0,392.0,Y,144,0,35,0,0,0,0,12,2007,WD ,Normal,131750,0,0,0,0,3,1,5,5,0,5,0,1,5,0,3,,5,3
2184,90,RL,74.0,6882,Pave,Reg,Lvl,AllPub,Corner,Gtl,Edwards,Norm,Norm,Duplex,1Story,4,3,1955,1955,Gable,CompShg,AsbShng,Plywood,BrkCmn,128.0,TA,TA,PConc,0.0,0.0,0.0,GasA,TA,N,SBrkr,1152,0,0,1152,0.0,0.0,2,0,2,2,Fa,6,Typ,0,0.0,0.0,0.0,N,0,0,0,0,0,0,0,9,2007,WD ,Normal,61500,0,0,0,0,0,0,3,3,4,4,4,0,6,0,3,,3,0
2185,20,RL,75.0,10215,Pave,Reg,Bnk,AllPub,Inside,Gtl,Edwards,Norm,Norm,1Fam,1Story,4,5,1954,1954,Hip,CompShg,Wd Sdng,Wd Sdng,BrkFace,132.0,TA,TA,PConc,492.0,0.0,864.0,GasA,Ex,Y,SBrkr,948,0,0,948,0.0,0.0,1,0,3,1,TA,5,Typ,0,1954.0,1.0,248.0,Y,0,0,0,0,0,0,0,2,2007,WD ,Normal,111000,0,0,0,0,1,1,5,5,3,0,6,1,1,0,3,,5,1
2186,90,RL,52.0,8741,Pave,Reg,Lvl,AllPub,Inside,Gtl,Edwards,Norm,Norm,Duplex,1Story,5,6,1946,1950,Gable,CompShg,Plywood,Plywood,None,0.0,TA,TA,CBlock,0.0,0.0,1195.0,GasA,TA,N,SBrkr,1195,0,0,1195,0.0,0.0,2,0,4,2,TA,8,Typ,0,0.0,0.0,0.0,N,118,0,0,0,0,0,0,7,2007,WD ,Abnorml,98500,0,0,1,0,3,1,5,5,3,6,6,0,6,0,3,,5,3
2187,30,RH,70.0,4270,Pave,Reg,Bnk,AllPub,Inside,Mod,Edwards,Norm,Norm,1Fam,1Story,3,6,1931,2006,Gable,CompShg,MetalSd,MetalSd,None,0.0,TA,TA,BrkTil,544.0,0.0,544.0,GasA,Ex,Y,SBrkr,774,0,0,774,0.0,0.0,1,0,3,1,Gd,6,Typ,0,0.0,0.0,0.0,Y,0,0,286,0,0,0,0,5,2007,WD ,Normal,79000,0,0,0,0,3,1,5,5,3,5,6,0,6,0,3,,5,3
2188,40,RL,62.0,10042,Pave,Reg,Bnk,AllPub,Corner,Gtl,Edwards,Norm,Norm,1Fam,1.5Fin,6,8,1920,1995,Gable,CompShg,Wd Sdng,Wd Sdng,None,0.0,TA,TA,BrkTil,144.0,278.0,660.0,GasA,TA,Y,SBrkr,740,125,0,865,1.0,0.0,1,0,2,1,TA,4,Typ,1,1920.0,1.0,216.0,Y,0,0,84,0,0,0,0,8,2007,WD ,Normal,108500,0,0,0,0,3,1,5,5,3,3,0,1,5,1,2,,5,3
2189,20,RL,68.0,9450,Pave,Reg,Bnk,AllPub,Inside,Mod,Edwards,Norm,Norm,1Fam,1Story,4,5,1954,1954,Gable,CompShg,MetalSd,MetalSd,None,0.0,TA,TA,CBlock,552.0,0.0,894.0,GasA,Ex,Y,SBrkr,894,0,0,894,0.0,0.0,1,0,3,1,TA,5,Typ,0,1999.0,2.0,400.0,Y,0,0,0,0,0,0,0,5,2007,WD ,Abnorml,110000,0,0,0,0,3,1,5,5,3,3,6,1,5,0,3,,5,3
2190,50,RL,70.0,11767,Pave,Reg,Lvl,AllPub,Inside,Gtl,Edwards,Norm,Norm,1Fam,2Story,4,7,1910,2000,Gable,CompShg,MetalSd,HdBoard,None,0.0,TA,TA,CBlock,0.0,0.0,560.0,GasA,Gd,N,SBrkr,796,550,0,1346,0.0,0.0,1,1,2,1,TA,6,Min2,0,1950.0,1.0,384.0,Y,168,24,0,0,0,0,0,5,2007,WD ,Normal,112000,0,0,1,0,3,1,1,5,3,6,6,1,5,0,3,,1,3
2191,20,RL,60.0,8172,Pave,Reg,Lvl,AllPub,Inside,Gtl,Edwards,Norm,Norm,1Fam,1Story,4,5,1955,1955,Gable,CompShg,MetalSd,MetalSd,None,0.0,TA,TA,CBlock,544.0,0.0,768.0,GasA,TA,Y,SBrkr,768,0,0,768,0.0,0.0,1,0,2,1,TA,4,Typ,1,1959.0,1.0,355.0,Y,0,0,196,0,0,0,0,7,2007,WD ,Normal,125000,0,0,1,0,3,1,5,5,3,1,6,1,5,1,1,,5,3
2192,20,RL,60.0,8172,Pave,Reg,HLS,AllPub,Inside,Gtl,Edwards,Norm,Norm,1Fam,1Story,4,5,1955,1955,Gable,CompShg,WdShing,Plywood,None,0.0,TA,TA,CBlock,682.0,0.0,864.0,GasA,TA,Y,SBrkr,864,0,0,864,1.0,0.0,1,0,3,1,TA,5,Typ,0,1996.0,2.0,528.0,N,196,0,0,0,0,0,0,10,2007,COD,Family,79275,0,0,0,0,3,1,5,5,3,0,6,1,5,0,3,,5,3
2193,20,RL,60.0,8190,Pave,Reg,Lvl,AllPub,Inside,Gtl,Edwards,Norm,Norm,1Fam,1Story,4,6,1954,1954,Hip,CompShg,Wd Sdng,Wd Sdng,None,0.0,TA,TA,CBlock,732.0,0.0,948.0,GasA,Ex,Y,SBrkr,948,0,0,948,1.0,0.0,1,0,3,1,TA,5,Typ,1,1956.0,1.0,280.0,Y,0,36,0,0,0,0,0,10,2007,WD ,Normal,119000,0,0,0,0,3,1,5,5,3,5,6,1,5,1,5,,5,3
2194,190,RH,60.0,10896,Pave,Reg,Bnk,AllPub,Inside,Gtl,SWISU,Feedr,Norm,2fmCon,2.5Fin,6,7,1914,1995,Hip,CompShg,VinylSd,VinylSd,None,0.0,Fa,TA,CBlock,256.0,0.0,1440.0,GasA,Ex,Y,FuseA,1440,1440,515,3395,0.0,0.0,2,0,8,2,Fa,14,Typ,0,0.0,0.0,0.0,N,0,110,0,0,0,0,0,3,2007,WD ,Abnorml,200000,1,0,0,0,3,1,5,1,3,3,6,0,6,0,3,,5,3
2195,90,RL,60.0,10890,Pave,Reg,Lvl,AllPub,Inside,Gtl,SWISU,Norm,Norm,Duplex,2Story,5,6,1923,1950,Hip,CompShg,Wd Sdng,Plywood,None,0.0,TA,TA,PConc,371.0,0.0,1296.0,Grav,Fa,N,FuseA,1296,1296,0,2592,2.0,0.0,2,0,6,2,TA,12,Min2,0,0.0,0.0,0.0,Y,0,742,240,0,0,0,1512,1,2007,WD ,AdjLand,150000,0,0,0,1,3,1,5,5,2,5,6,0,6,0,3,,5,3
2196,70,RL,55.0,10592,Pave,Reg,Lvl,AllPub,Inside,Gtl,Crawfor,Norm,Norm,1Fam,2Story,6,7,1923,1996,Hip,CompShg,Wd Sdng,Wd Sdng,None,0.0,TA,Gd,PConc,0.0,0.0,602.0,GasA,TA,Y,SBrkr,900,602,0,1502,0.0,0.0,1,1,3,1,Gd,7,Typ,2,1923.0,1.0,180.0,Y,96,0,112,0,53,0,0,8,2007,WD ,Normal,165000,0,0,0,0,3,1,5,1,3,6,6,1,5,1,5,,5,3
2197,45,RL,55.0,10594,Pave,Reg,Lvl,AllPub,Inside,Gtl,Crawfor,Norm,Norm,1Fam,1.5Unf,5,5,1926,1950,Gable,CompShg,Wd Sdng,Wd Sdng,None,0.0,TA,TA,BrkTil,0.0,0.0,768.0,Grav,Fa,N,SBrkr,789,0,0,789,0.0,0.0,1,0,2,1,TA,5,Typ,0,1926.0,1.0,200.0,Y,0,0,112,0,0,0,0,6,2007,WD ,Normal,96500,0,0,1,0,3,1,5,5,3,6,6,1,5,0,3,,5,3
2198,30,RL,54.0,7223,Pave,Reg,Lvl,AllPub,Inside,Gtl,Crawfor,Norm,Norm,1Fam,1Story,5,5,1926,1950,Hip,CompShg,Stucco,Plywood,None,0.0,TA,TA,PConc,319.0,0.0,1290.0,GasA,TA,Y,SBrkr,1422,0,0,1422,0.0,0.0,1,0,3,1,TA,6,Typ,0,1973.0,1.0,352.0,Y,0,0,64,0,0,0,0,4,2007,WD ,Normal,136500,0,0,1,0,3,1,5,5,2,1,6,1,5,0,3,,5,3
2199,50,RL,51.0,6821,Pave,Reg,HLS,AllPub,Inside,Gtl,Crawfor,Norm,Norm,1Fam,1.5Fin,6,7,1921,2005,Gable,CompShg,Wd Sdng,Wd Sdng,None,0.0,TA,TA,BrkTil,113.0,0.0,651.0,GasA,Gd,Y,SBrkr,759,539,0,1298,0.0,0.0,2,0,2,1,TA,8,Typ,1,1994.0,1.0,240.0,P,216,0,168,0,0,0,0,8,2007,WD ,Normal,146500,0,0,0,0,3,1,5,5,3,1,6,1,5,1,2,,5,3
2200,50,RL,60.0,7200,Pave,Reg,Lvl,AllPub,Corner,Gtl,SWISU,Feedr,Norm,1Fam,1.5Fin,5,7,1937,1950,Gable,CompShg,Wd Sdng,Wd Sdng,BrkFace,252.0,TA,TA,BrkTil,569.0,0.0,731.0,GasA,Ex,Y,SBrkr,981,787,0,1768,1.0,0.0,1,1,3,1,Gd,7,Typ,2,1939.0,1.0,240.0,Y,0,0,264,0,0,0,0,6,2007,WD ,Normal,175000,0,0,1,0,1,1,2,5,3,0,6,1,5,1,5,,2,1
2201,70,RL,63.0,4000,Pave,Reg,Lvl,AllPub,Inside,Gtl,Crawfor,Norm,Norm,1Fam,2Story,7,8,1930,1995,Gable,CompShg,Wd Sdng,Wd Sdng,None,0.0,TA,TA,BrkTil,246.0,0.0,531.0,GasA,TA,Y,SBrkr,567,531,0,1098,1.0,0.0,1,0,2,1,TA,5,Typ,1,1930.0,1.0,216.0,Y,0,0,0,0,0,0,0,6,2007,WD ,Normal,148500,0,0,1,0,3,1,2,5,3,2,6,1,5,1,2,,2,3
2202,70,RL,53.0,6720,Pave,Reg,Lvl,AllPub,Inside,Gtl,Crawfor,Norm,Norm,1Fam,2Story,6,7,1921,1950,Gable,CompShg,VinylSd,VinylSd,None,0.0,TA,TA,BrkTil,0.0,0.0,585.0,GasA,TA,N,SBrkr,851,585,0,1436,0.0,0.0,1,0,3,1,TA,7,Typ,1,1992.0,1.0,228.0,Y,184,0,0,0,0,0,0,4,2007,CWD,Normal,141500,0,0,0,0,3,1,5,5,3,6,6,1,5,1,2,,5,3
2203,50,RL,55.0,7642,Pave,Reg,Lvl,AllPub,Corner,Gtl,Crawfor,Norm,Norm,1Fam,1.5Fin,7,8,1918,1998,Gable,CompShg,Wd Sdng,Wd Sdng,None,0.0,Gd,TA,BrkTil,0.0,0.0,912.0,GasA,Gd,Y,SBrkr,912,514,0,1426,0.0,0.0,1,1,3,1,Gd,7,Typ,1,1925.0,1.0,216.0,Y,0,240,0,0,0,0,0,6,2007,WD ,Normal,189950,0,0,1,0,3,1,5,5,3,6,6,1,5,1,2,,5,3
2204,70,RL,53.0,7155,Pave,Reg,Lvl,AllPub,Inside,Gtl,Crawfor,Norm,Norm,1Fam,2Story,6,8,1926,1991,Gable,CompShg,Wd Sdng,Wd Sdng,None,0.0,TA,TA,BrkTil,0.0,0.0,686.0,GasA,TA,Y,SBrkr,686,775,0,1461,0.0,0.0,1,0,3,1,TA,6,Typ,1,1926.0,1.0,225.0,N,0,0,116,0,0,0,0,7,2007,WD ,Normal,135000,0,0,1,0,3,1,5,5,3,6,6,1,5,1,2,,5,3
2205,75,RL,53.0,7128,Pave,Reg,Lvl,AllPub,Inside,Gtl,Crawfor,Norm,Norm,1Fam,2.5Unf,7,5,1941,1950,Gable,CompShg,MetalSd,MetalSd,None,0.0,TA,Gd,CBlock,364.0,0.0,918.0,GasA,Gd,Y,SBrkr,918,728,0,1646,0.0,0.0,2,0,4,1,TA,7,Typ,2,1941.0,1.0,240.0,Y,0,0,0,0,126,0,0,8,2007,WD ,Normal,164000,0,0,1,0,3,1,5,5,3,5,6,1,5,1,2,,5,3
2206,30,RL,40.0,4280,Pave,Reg,Lvl,AllPub,Inside,Gtl,Crawfor,Norm,Norm,1Fam,1Story,5,6,1913,2002,Gable,CompShg,WdShing,Stucco,None,0.0,TA,TA,PConc,365.0,0.0,440.0,GasA,TA,N,SBrkr,694,0,0,694,0.0,0.0,1,0,2,1,Gd,4,Typ,1,1990.0,1.0,352.0,P,0,0,34,0,0,0,0,3,2007,WD ,Normal,90350,0,0,1,0,3,1,5,5,3,3,6,1,5,1,2,,5,3
2207,50,RL,53.0,5362,Pave,Reg,Lvl,AllPub,Corner,Gtl,Crawfor,Norm,Norm,1Fam,1.5Fin,5,6,1910,2003,Gable,CompShg,Wd Sdng,Wd Shng,None,0.0,TA,TA,PConc,0.0,0.0,661.0,GasA,Ex,Y,SBrkr,661,589,0,1250,0.0,0.0,2,0,3,1,TA,8,Typ,1,1985.0,2.0,552.0,Y,242,0,81,0,0,0,0,11,2007,WD ,Normal,139000,0,0,0,0,3,1,5,5,3,6,6,1,5,1,2,,5,3
2208,30,RL,50.0,6305,Pave,Reg,Bnk,AllPub,Inside,Gtl,Crawfor,Norm,Norm,1Fam,1Story,5,7,1938,1950,Gable,CompShg,MetalSd,MetalSd,None,0.0,TA,Gd,PConc,0.0,0.0,920.0,GasA,Ex,Y,SBrkr,954,0,0,954,0.0,0.0,1,0,2,1,Fa,5,Typ,1,1938.0,1.0,240.0,Y,0,0,0,0,0,0,0,6,2007,WD ,Normal,119750,0,0,1,0,3,1,1,1,3,6,6,1,2,1,2,,1,3
2209,90,RH,82.0,7136,Pave,IR1,HLS,AllPub,Inside,Gtl,Crawfor,Norm,Norm,Duplex,2Story,6,6,1946,1950,Gable,CompShg,MetalSd,MetalSd,BrkFace,423.0,TA,TA,CBlock,484.0,0.0,979.0,GasA,TA,N,FuseF,979,979,0,1958,0.0,0.0,2,0,4,2,TA,8,Typ,0,1946.0,2.0,492.0,Y,0,0,0,0,0,0,0,8,2007,WD ,Normal,145000,0,0,0,0,1,1,2,5,3,5,6,1,1,0,3,,2,1
2210,90,RH,82.0,6270,Pave,Reg,HLS,AllPub,Inside,Gtl,Crawfor,Norm,Norm,Duplex,2Story,5,6,1949,1950,Gable,CompShg,MetalSd,MetalSd,None,0.0,TA,TA,CBlock,284.0,0.0,1001.0,GasA,TA,N,FuseA,1001,1001,0,2002,0.0,0.0,2,0,4,2,TA,8,Typ,0,1949.0,3.0,871.0,Y,0,0,0,0,0,0,0,8,2007,WD ,Normal,145000,0,0,0,0,3,1,5,5,3,1,6,1,0,0,3,,5,3
2211,70,RL,60.0,7230,Pave,Reg,Lvl,AllPub,Inside,Gtl,Crawfor,Norm,Norm,1Fam,2.5Unf,7,7,1927,1992,Gable,CompShg,VinylSd,VinylSd,None,0.0,TA,TA,BrkTil,0.0,0.0,851.0,GasA,Gd,Y,SBrkr,867,851,0,1718,0.0,0.0,2,1,4,1,Gd,8,Typ,1,1927.0,2.0,264.0,Y,291,0,60,0,153,0,0,10,2007,WD ,Normal,238000,0,0,1,0,3,1,5,5,3,6,6,1,5,1,5,,5,3
2212,20,RL,126.0,13108,Pave,IR2,HLS,AllPub,Inside,Gtl,Crawfor,Norm,Norm,1Fam,1Story,5,5,1951,1951,Gable,CompShg,Wd Sdng,Wd Sdng,None,0.0,TA,TA,CBlock,0.0,0.0,0.0,GasA,Fa,Y,SBrkr,1226,0,0,1226,0.0,0.0,1,1,2,1,TA,7,Min1,1,1951.0,2.0,400.0,Y,174,24,120,0,228,0,0,6,2007,WD ,Normal,153500,0,0,0,0,3,0,3,3,4,4,4,1,1,1,2,,3,3
2213,70,RL,86.0,22420,Pave,IR1,Lvl,AllPub,Inside,Gtl,Crawfor,Feedr,Norm,1Fam,2Story,6,6,1918,1950,Hip,CompShg,Wd Sdng,Stucco,None,0.0,TA,TA,BrkTil,1128.0,0.0,1370.0,GasW,TA,N,FuseA,1370,1254,0,2624,1.0,0.0,2,1,4,1,TA,10,Typ,1,1918.0,3.0,864.0,N,0,0,0,0,0,0,0,11,2007,WD ,Normal,239000,0,0,0,0,3,1,2,5,3,1,6,1,5,1,2,,2,3
2214,70,RL,78.0,12168,Pave,Reg,HLS,AllPub,Inside,Mod,Crawfor,Norm,Norm,1Fam,2Story,8,6,1934,1998,Gable,CompShg,BrkFace,Wd Sdng,None,0.0,TA,TA,PConc,428.0,0.0,965.0,GasA,TA,Y,SBrkr,1940,1254,0,3194,0.0,0.0,2,1,4,1,TA,10,Typ,2,1934.0,2.0,380.0,Y,0,0,0,0,0,0,0,9,2007,WD ,Alloca,359100,0,0,0,0,3,1,2,5,2,1,6,1,2,1,2,,2,3
2215,50,RL,110.0,7810,Pave,IR1,HLS,AllPub,Inside,Gtl,Crawfor,Norm,Norm,1Fam,1.5Fin,4,6,1930,2003,Gable,CompShg,AsbShng,CmentBd,None,0.0,TA,Gd,BrkTil,189.0,0.0,930.0,GasA,Ex,Y,SBrkr,1230,525,0,1755,0.0,0.0,2,0,4,1,Gd,7,Typ,1,1930.0,1.0,231.0,Y,0,40,0,0,0,0,0,11,2007,WD ,Normal,188000,0,0,0,0,3,1,5,2,3,2,6,1,5,1,5,,5,3
2216,50,RL,68.0,11275,Pave,IR1,HLS,AllPub,Corner,Mod,Crawfor,Norm,Norm,1Fam,1.5Fin,6,7,1932,1950,Gable,CompShg,MetalSd,MetalSd,BrkFace,480.0,TA,TA,CBlock,297.0,557.0,854.0,GasA,TA,Y,SBrkr,1096,895,0,1991,0.0,0.0,1,1,3,1,TA,7,Typ,1,1977.0,2.0,432.0,Y,0,0,19,0,0,0,0,3,2007,WD ,Normal,220000,0,0,0,0,1,1,5,5,2,5,3,1,5,1,2,,5,1
2217,190,RL,79.0,6221,Pave,IR1,Lvl,AllPub,Inside,Gtl,Crawfor,Norm,Norm,2fmCon,1.5Fin,5,5,1941,1950,Gable,CompShg,VinylSd,VinylSd,None,0.0,TA,TA,CBlock,533.0,0.0,728.0,GasA,Ex,Y,SBrkr,760,595,0,1355,0.0,0.0,2,0,3,1,TA,5,Typ,0,1966.0,2.0,528.0,Y,0,0,0,0,144,0,0,10,2007,WD ,Normal,140000,0,0,1,0,3,1,5,1,3,3,6,1,5,0,3,,5,3
2218,70,RL,70.0,10570,Pave,Reg,Bnk,AllPub,Inside,Mod,Crawfor,Norm,Norm,1Fam,2Story,8,8,1932,1994,Hip,CompShg,BrkFace,BrkFace,None,0.0,Gd,TA,CBlock,297.0,0.0,853.0,GasA,TA,Y,SBrkr,1549,1178,0,2727,0.0,0.0,2,1,3,1,Gd,10,Maj1,2,1932.0,2.0,440.0,Y,0,74,0,0,0,0,0,12,2007,WD ,Normal,315000,0,0,0,0,3,1,2,2,3,5,6,1,5,1,5,,2,3
2219,70,RL,61.0,7259,Pave,IR1,Lvl,AllPub,Inside,Mod,Crawfor,Norm,Norm,1Fam,2Story,6,8,1945,2002,Gambrel,CompShg,Wd Sdng,Wd Sdng,None,0.0,TA,TA,CBlock,774.0,150.0,1028.0,GasA,Ex,Y,SBrkr,1436,884,0,2320,1.0,0.0,2,1,3,1,Gd,9,Typ,1,1945.0,1.0,180.0,Y,224,0,0,0,0,0,0,7,2007,WD ,Normal,259500,0,0,1,0,3,1,5,5,3,0,3,1,5,1,5,,5,3
2220,20,RL,110.0,14442,Pave,Reg,Lvl,AllPub,Inside,Gtl,Crawfor,Norm,Norm,1Fam,1Story,6,7,1957,2004,Hip,CompShg,CemntBd,CmentBd,BrkFace,106.0,TA,TA,PConc,1186.0,0.0,1477.0,GasA,Ex,Y,SBrkr,1839,0,0,1839,1.0,0.0,2,0,3,1,Gd,7,Typ,2,1957.0,2.0,416.0,Y,0,87,0,0,200,0,0,6,2007,WD ,Normal,257500,0,0,0,0,1,1,5,5,3,2,6,1,1,1,5,,5,1
2221,70,RL,75.0,13125,Pave,Reg,Lvl,AllPub,Inside,Gtl,Crawfor,Norm,Norm,1Fam,2Story,7,6,1940,1984,Gable,CompShg,Wd Sdng,Wd Sdng,None,0.0,TA,TA,CBlock,410.0,0.0,800.0,GasA,TA,Y,SBrkr,960,780,0,1740,0.0,0.0,1,1,3,1,TA,6,Typ,2,1940.0,1.0,240.0,Y,0,0,0,0,0,0,0,7,2007,CWD,Normal,219500,0,0,0,0,3,1,5,5,3,1,6,1,1,1,2,,5,3
2222,20,RL,68.0,21000,Pave,Reg,Bnk,AllPub,Corner,Gtl,Crawfor,Norm,Norm,1Fam,1Story,6,5,1953,1953,Hip,CompShg,Wd Sdng,Wd Sdng,BrkFace,184.0,TA,Gd,CBlock,35.0,869.0,1809.0,GasA,TA,Y,SBrkr,2259,0,0,2259,1.0,0.0,2,0,3,1,Gd,7,Typ,2,1953.0,2.0,450.0,Y,166,120,192,0,0,0,0,10,2007,COD,Abnorml,217000,0,0,1,0,1,1,2,5,2,0,5,1,2,1,2,,2,1
2223,20,RL,68.0,25485,Pave,IR1,Lvl,AllPub,CulDSac,Gtl,Crawfor,Norm,Norm,1Fam,1Story,6,4,1960,1960,Gable,CompShg,Wd Sdng,MetalSd,BrkFace,423.0,TA,Fa,CBlock,540.0,1020.0,1560.0,GasA,TA,Y,SBrkr,1560,0,0,1560,0.0,0.0,1,1,3,1,TA,6,Typ,3,1960.0,2.0,580.0,Y,0,75,584,0,0,0,0,5,2007,WD ,Normal,201000,0,0,0,0,1,1,5,2,2,3,5,1,1,1,5,,5,1
2224,20,RL,68.0,21579,Pave,IR1,Lvl,AllPub,CulDSac,Gtl,Crawfor,Norm,Norm,1Fam,1Story,6,6,1968,1968,Hip,CompShg,HdBoard,BrkFace,None,0.0,TA,TA,PConc,813.0,0.0,1488.0,GasA,Ex,Y,SBrkr,1488,0,0,1488,0.0,1.0,2,0,3,1,TA,7,Typ,2,1968.0,2.0,552.0,Y,0,0,216,0,0,0,0,9,2007,CWD,Normal,215000,0,0,0,0,3,1,2,5,3,1,6,1,1,1,2,,2,3
2225,160,RM,24.0,1782,Pave,Reg,Lvl,AllPub,Inside,Gtl,Blueste,Norm,Norm,Twnhs,2Story,6,6,1980,1980,Gable,CompShg,MetalSd,MetalSd,None,0.0,TA,Gd,CBlock,330.0,0.0,516.0,GasA,Gd,Y,SBrkr,529,516,0,1045,0.0,0.0,1,0,2,1,TA,5,Typ,1,1980.0,2.0,462.0,Y,180,0,0,0,0,0,0,12,2007,WD ,Normal,123900,0,0,1,0,3,1,2,5,3,2,6,1,5,1,5,,2,3
2226,20,RL,68.0,17871,Pave,IR2,Lvl,AllPub,Inside,Gtl,Crawfor,Norm,Norm,1Fam,1Story,4,5,1995,1996,Gable,CompShg,VinylSd,VinylSd,None,0.0,TA,TA,PConc,0.0,0.0,1680.0,GasA,Gd,Y,SBrkr,1680,0,0,1680,0.0,0.0,2,0,4,1,Gd,7,Typ,0,1996.0,2.0,628.0,Y,152,0,0,0,0,0,0,6,2007,WD ,Normal,170000,0,0,0,0,3,1,2,5,3,6,6,1,1,0,3,,2,3
2227,120,RM,35.0,3907,Pave,IR1,Bnk,AllPub,Inside,Mod,Blueste,Norm,Norm,TwnhsE,1Story,8,5,1988,1988,Gable,CompShg,HdBoard,HdBoard,None,0.0,TA,TA,CBlock,577.0,0.0,1004.0,GasA,Gd,Y,SBrkr,1020,0,0,1020,1.0,0.0,1,0,1,1,TA,4,Typ,0,1988.0,2.0,509.0,Y,135,0,0,0,0,0,0,3,2007,WD ,Normal,200000,0,0,0,0,3,1,2,5,1,2,6,1,1,0,3,,2,3
2228,20,RL,68.0,20693,Pave,IR1,Bnk,AllPub,Corner,Gtl,Crawfor,Norm,Norm,1Fam,1Story,7,5,1971,1971,Gable,CompShg,Plywood,Plywood,BrkFace,652.0,TA,TA,CBlock,434.0,0.0,1696.0,GasA,Ex,Y,SBrkr,1696,0,0,1696,0.0,0.0,2,0,3,1,TA,7,Typ,2,1971.0,2.0,625.0,Y,0,146,0,0,0,0,0,2,2007,WD ,Normal,198000,0,0,1,0,1,1,2,5,3,5,6,1,1,1,5,,2,1
2230,20,RL,70.0,18044,Pave,IR1,HLS,AllPub,CulDSac,Gtl,Crawfor,Norm,Norm,1Fam,1Story,8,5,1986,1986,Gable,CompShg,WdShing,Plywood,None,0.0,Gd,TA,CBlock,0.0,0.0,279.0,GasA,Gd,Y,SBrkr,2726,0,0,2726,0.0,0.0,2,1,2,1,Gd,6,Typ,1,1986.0,2.0,691.0,Y,216,64,169,0,0,228,0,8,2007,WD ,Normal,315000,0,1,0,0,3,1,2,5,3,6,6,1,1,1,2,,2,3
2231,50,RM,85.0,8500,Pave,Reg,Lvl,AllPub,Corner,Gtl,IDOTRR,Artery,Norm,1Fam,1.5Fin,5,7,1919,2005,Gable,CompShg,CemntBd,CmentBd,None,0.0,TA,TA,CBlock,0.0,0.0,793.0,GasW,TA,N,FuseF,997,520,0,1517,0.0,0.0,2,0,3,1,Fa,7,Typ,0,0.0,0.0,0.0,N,0,0,144,0,0,0,0,8,2007,WD ,Normal,115000,0,0,0,0,3,1,5,5,3,6,6,0,6,0,3,,5,3
2232,50,RM,50.0,7000,Pave,Reg,Lvl,AllPub,Corner,Gtl,IDOTRR,Norm,Norm,1Fam,1.5Fin,6,7,1940,1950,Gable,CompShg,Wd Sdng,Wd Sdng,None,0.0,TA,TA,BrkTil,375.0,0.0,720.0,GasA,Gd,Y,FuseA,720,495,0,1215,0.0,0.0,1,0,3,1,Gd,6,Typ,0,1965.0,2.0,720.0,Y,0,0,30,0,0,0,0,5,2007,WD ,Normal,141000,0,0,1,0,3,1,5,5,3,0,6,1,5,0,3,,5,3
2233,45,RM,50.0,5000,Pave,Reg,Lvl,AllPub,Inside,Gtl,IDOTRR,RRAe,Norm,1Fam,1.5Unf,5,6,1941,1950,Gable,CompShg,MetalSd,MetalSd,None,0.0,TA,TA,CBlock,116.0,0.0,720.0,GasA,Po,N,FuseF,803,0,0,803,0.0,0.0,1,0,2,1,TA,5,Typ,0,1941.0,2.0,360.0,Y,0,0,244,0,0,0,0,12,2007,WD ,Normal,87000,0,0,0,0,3,1,5,5,0,1,6,1,5,0,3,,5,3
2234,50,RM,50.0,7288,Pave,Reg,Lvl,AllPub,Inside,Gtl,IDOTRR,Artery,Norm,1Fam,1.5Fin,5,7,1925,2003,Gable,CompShg,VinylSd,VinylSd,None,0.0,Gd,Gd,BrkTil,0.0,0.0,936.0,GasA,Ex,Y,SBrkr,936,665,0,1601,0.0,0.0,2,0,3,1,TA,6,Typ,0,0.0,0.0,0.0,N,0,0,0,176,0,0,0,9,2007,WD ,Normal,129850,0,0,0,0,3,1,5,4,3,6,6,0,6,0,3,,5,3
2235,50,RM,50.0,6060,Pave,Reg,Lvl,AllPub,Inside,Gtl,IDOTRR,Norm,Norm,1Fam,1.5Fin,4,5,1939,1950,Gable,CompShg,AsbShng,AsbShng,None,0.0,TA,TA,PConc,0.0,0.0,732.0,GasA,Gd,Y,SBrkr,772,351,0,1123,0.0,0.0,1,0,3,1,TA,4,Typ,0,1979.0,1.0,264.0,P,0,0,140,0,0,0,0,6,2007,WD ,Normal,100000,0,0,1,0,3,1,5,5,3,6,6,1,5,0,3,,5,3
2236,70,RM,50.0,9060,Pave,Reg,Lvl,AllPub,Inside,Gtl,IDOTRR,Norm,Norm,1Fam,2Story,5,6,1923,1999,Gable,CompShg,Wd Sdng,Plywood,None,0.0,TA,TA,BrkTil,548.0,0.0,859.0,GasA,Ex,Y,SBrkr,942,886,0,1828,0.0,0.0,2,0,3,1,Gd,6,Typ,0,0.0,0.0,0.0,Y,174,0,212,0,0,0,0,3,2007,WD ,Alloca,150909,0,0,1,0,3,1,2,5,3,0,6,1,5,0,3,,2,3
2237,30,RM,46.0,3672,Pave,Reg,Lvl,AllPub,Inside,Gtl,IDOTRR,Artery,Norm,1Fam,1Story,5,7,1922,1950,Gable,CompShg,Stucco,Stucco,None,0.0,TA,TA,BrkTil,0.0,0.0,816.0,GasA,Ex,Y,SBrkr,816,0,0,816,0.0,0.0,1,0,2,1,TA,5,Typ,0,1922.0,1.0,100.0,N,0,0,96,0,0,0,0,9,2007,WD ,Normal,75200,0,0,0,0,3,1,5,5,3,6,6,1,5,0,3,,5,3
2238,30,RM,59.0,8263,Pave,Reg,Bnk,AllPub,Inside,Mod,IDOTRR,Norm,Norm,1Fam,1Story,6,5,1920,1950,Gable,CompShg,BrkFace,BrkFace,None,0.0,TA,TA,BrkTil,0.0,0.0,1012.0,GasA,TA,Y,FuseA,1012,0,0,1012,0.0,0.0,1,0,2,1,TA,6,Typ,1,1920.0,1.0,308.0,Y,0,22,112,0,0,0,0,5,2007,WD ,Normal,118400,0,0,1,0,3,1,5,5,3,6,6,1,5,1,2,,5,3
2239,30,RM,60.0,8967,Pave,Reg,Lvl,AllPub,Corner,Gtl,IDOTRR,Norm,Norm,1Fam,1Story,5,2,1920,1950,Gable,CompShg,MetalSd,MetalSd,None,0.0,TA,Fa,BrkTil,0.0,0.0,961.0,GasA,Gd,Y,Mix,1077,0,0,1077,0.0,0.0,1,0,2,1,TA,6,Maj2,0,1920.0,1.0,338.0,N,0,0,0,0,0,0,0,11,2007,WD ,Abnorml,67000,0,0,0,0,3,1,1,4,3,6,6,1,5,0,3,,1,3
2240,50,RM,75.0,13710,Pave,Reg,Lvl,AllPub,Inside,Gtl,IDOTRR,Norm,Norm,1Fam,1.5Fin,5,5,1950,1950,Gable,CompShg,Wd Sdng,Wd Sdng,None,0.0,TA,TA,CBlock,420.0,0.0,910.0,GasA,TA,Y,FuseA,910,648,0,1558,0.0,0.0,1,1,4,1,TA,6,Typ,0,1950.0,1.0,282.0,Y,289,0,0,0,0,0,0,6,2007,WD ,Normal,152000,0,0,1,0,3,1,5,5,3,1,6,1,1,0,3,,5,3
2241,50,RM,64.0,11067,Pave,Reg,Lvl,AllPub,Corner,Gtl,IDOTRR,Norm,Norm,1Fam,1.5Fin,2,4,1939,1950,Gable,CompShg,MetalSd,MetalSd,None,0.0,TA,TA,BrkTil,0.0,0.0,0.0,GasA,Ex,Y,SBrkr,640,0,205,845,0.0,0.0,1,0,1,1,TA,4,Maj2,0,1950.0,1.0,256.0,N,48,0,0,0,0,0,0,3,2007,WD ,Normal,68104,0,0,0,0,3,0,3,3,4,4,4,1,5,0,3,,3,3
2242,190,C (all),75.0,8250,Pave,Reg,Lvl,AllPub,Inside,Gtl,IDOTRR,Feedr,Norm,2fmCon,2Story,5,6,1895,2006,Gable,CompShg,VinylSd,VinylSd,None,0.0,TA,Gd,CBlock,0.0,0.0,957.0,GasA,Fa,N,SBrkr,1034,957,0,1991,0.0,0.0,2,0,4,2,TA,9,Typ,0,0.0,0.0,0.0,N,0,0,133,0,0,0,0,6,2007,WD ,Normal,119600,0,0,0,0,3,1,5,5,3,6,6,0,6,0,3,,5,3
2243,20,C (all),65.0,6565,Pave,Reg,Lvl,AllPub,Corner,Gtl,IDOTRR,Norm,Norm,1Fam,1Story,4,6,1957,1980,Gable,CompShg,MetalSd,MetalSd,None,0.0,TA,TA,CBlock,967.0,0.0,1073.0,GasA,Gd,Y,FuseA,1073,0,0,1073,1.0,0.0,1,0,3,1,TA,6,Typ,0,1985.0,2.0,720.0,Y,0,444,0,0,0,0,0,8,2007,WD ,Abnorml,140000,0,0,0,0,3,1,5,5,3,2,6,1,5,0,3,,5,3
2244,30,C (all),60.0,6060,Pave,Reg,Lvl,AllPub,Inside,Gtl,IDOTRR,Norm,Norm,1Fam,1Story,5,9,1930,2007,Hip,CompShg,MetalSd,MetalSd,None,0.0,Gd,TA,BrkTil,737.0,0.0,837.0,GasA,Ex,Y,SBrkr,1001,0,0,1001,0.0,0.0,1,0,2,1,Gd,5,Typ,0,1930.0,1.0,216.0,N,154,0,42,86,0,0,0,11,2007,WD ,Normal,124900,0,0,0,0,3,1,5,5,3,0,6,1,5,0,3,,5,3
2245,120,RM,59.0,5568,Pave,IR1,HLS,AllPub,Inside,Mod,Crawfor,Norm,Norm,TwnhsE,1Story,8,5,2006,2007,Hip,CompShg,CemntBd,CmentBd,Stone,473.0,Gd,TA,PConc,1573.0,0.0,1573.0,GasA,Gd,Y,SBrkr,1625,0,0,1625,1.0,1.0,2,0,2,1,Gd,5,Typ,1,2006.0,2.0,495.0,Y,123,0,0,0,153,0,0,10,2007,New,Partial,375000,0,0,0,0,4,1,2,5,1,2,6,1,1,1,2,,2,4
2246,120,RM,44.0,4750,Pave,IR1,HLS,AllPub,Inside,Mod,Crawfor,Norm,Norm,TwnhsE,1Story,8,5,2006,2007,Hip,CompShg,VinylSd,VinylSd,Stone,481.0,Gd,TA,PConc,1573.0,0.0,1573.0,GasA,Ex,Y,SBrkr,1625,0,0,1625,1.0,1.0,2,0,2,1,Gd,5,Typ,1,2006.0,2.0,538.0,Y,123,0,0,0,153,0,0,12,2007,WD ,Family,235000,0,0,0,0,4,1,2,5,1,2,6,1,1,1,2,,2,4
2247,85,RL,68.0,12150,Pave,IR1,Bnk,AllPub,CulDSac,Gtl,Mitchel,Norm,Norm,1Fam,SFoyer,6,6,1979,1979,Gable,CompShg,HdBoard,Wd Shng,None,0.0,TA,TA,CBlock,1001.0,0.0,1001.0,GasA,TA,Y,SBrkr,1299,0,0,1299,1.0,0.0,2,0,2,1,Gd,5,Typ,1,1979.0,2.0,486.0,Y,84,0,222,0,0,0,0,1,2007,WD ,Normal,183500,0,0,1,0,3,1,2,5,0,2,6,1,3,1,4,,2,3
2248,85,RL,68.0,7540,Pave,IR1,Lvl,AllPub,CulDSac,Gtl,Mitchel,Norm,Norm,1Fam,SFoyer,6,6,1978,1978,Gable,CompShg,VinylSd,VinylSd,None,0.0,TA,TA,CBlock,773.0,0.0,888.0,GasA,Ex,Y,SBrkr,912,0,0,912,1.0,0.0,1,0,2,1,TA,5,Typ,1,1978.0,2.0,470.0,Y,0,0,0,0,192,0,0,6,2007,WD ,Normal,156000,0,0,1,0,3,1,2,5,0,2,6,1,1,1,5,,2,3
2249,20,RL,71.0,9187,Pave,Reg,Bnk,AllPub,Corner,Gtl,Mitchel,Norm,Norm,1Fam,1Story,6,5,1983,1983,Gable,CompShg,VinylSd,VinylSd,None,0.0,TA,Gd,PConc,336.0,0.0,1084.0,GasA,TA,Y,SBrkr,1080,0,0,1080,0.0,0.0,1,1,3,1,TA,5,Typ,0,1983.0,2.0,484.0,Y,120,0,158,0,0,0,0,6,2007,WD ,Normal,134000,0,0,0,0,3,1,5,5,3,0,6,1,1,0,3,,5,3
2250,20,RL,80.0,10000,Pave,Reg,Lvl,AllPub,Inside,Gtl,Mitchel,Norm,Norm,1Fam,1Story,5,5,2002,2002,Gable,CompShg,VinylSd,VinylSd,BrkFace,166.0,Gd,TA,PConc,585.0,0.0,1441.0,GasA,Ex,Y,SBrkr,1392,0,0,1392,0.0,0.0,2,0,3,1,Gd,6,Typ,1,2002.0,3.0,650.0,Y,168,49,0,0,0,0,0,12,2007,WD ,Normal,215000,0,0,0,0,1,1,2,5,3,2,6,1,1,1,2,,2,1
2251,20,RL,44.0,12864,Pave,IR1,Lvl,AllPub,CulDSac,Gtl,Mitchel,Norm,Norm,1Fam,1Story,7,5,2002,2002,Gable,CompShg,VinylSd,VinylSd,None,0.0,Gd,TA,PConc,1392.0,0.0,1409.0,GasA,Ex,Y,SBrkr,1409,0,0,1409,1.0,0.0,1,1,1,1,Gd,4,Typ,1,2002.0,2.0,576.0,Y,0,144,0,0,145,0,0,7,2007,WD ,Normal,245000,0,0,0,0,3,1,2,5,3,2,6,1,1,1,2,,2,3
2252,20,RL,68.0,9928,Pave,IR1,Lvl,AllPub,CulDSac,Gtl,Mitchel,Norm,Norm,1Fam,1Story,7,5,1991,1992,Gable,CompShg,HdBoard,HdBoard,None,0.0,TA,TA,PConc,1239.0,0.0,1454.0,GasA,TA,Y,SBrkr,1478,0,0,1478,1.0,0.0,2,0,3,1,TA,6,Typ,1,1991.0,2.0,506.0,Y,114,22,0,0,0,0,0,5,2007,WD ,Normal,210000,0,0,0,0,3,1,2,5,3,2,6,1,1,1,5,,2,3
2253,80,RL,68.0,8750,Pave,IR1,Lvl,AllPub,Inside,Gtl,Mitchel,Norm,Norm,1Fam,SLvl,7,6,1975,1975,Gable,CompShg,Plywood,Plywood,Stone,50.0,TA,TA,CBlock,224.0,530.0,852.0,GasA,TA,Y,SBrkr,918,0,0,918,0.0,1.0,1,0,3,0,TA,4,Typ,0,1975.0,1.0,360.0,Y,192,84,0,0,0,0,0,3,2007,WD ,Normal,148000,0,0,0,0,4,1,5,5,0,5,2,1,1,0,3,,5,4
2254,85,RL,82.0,8410,Pave,IR1,Lvl,AllPub,Corner,Gtl,Mitchel,Norm,Norm,1Fam,SFoyer,6,6,1974,1974,Gable,CompShg,Plywood,Plywood,None,0.0,TA,TA,CBlock,924.0,0.0,970.0,GasA,TA,Y,SBrkr,1026,0,0,1026,1.0,0.0,1,0,2,1,TA,5,Typ,1,1974.0,2.0,528.0,Y,193,0,0,0,0,0,0,4,2007,WD ,Normal,143000,0,0,0,0,3,1,2,5,0,0,6,1,1,1,4,,2,3
2255,120,RL,46.0,4054,Pave,IR1,Lvl,AllPub,Inside,Gtl,Timber,Norm,Norm,TwnhsE,1Story,7,6,1987,1987,Gable,CompShg,VinylSd,VinylSd,BrkFace,352.0,Gd,TA,BrkTil,949.0,0.0,1501.0,GasA,Ex,Y,SBrkr,1501,0,0,1501,1.0,0.0,2,0,2,1,Gd,5,Typ,2,1987.0,2.0,512.0,Y,240,0,0,0,0,0,0,10,2007,WD ,Normal,244000,0,0,0,0,1,1,2,5,0,2,6,1,1,1,5,,2,1
2256,120,RM,68.0,9763,Pave,IR1,Lvl,AllPub,Inside,Gtl,GrnHill,Norm,Norm,TwnhsE,1Story,7,5,1998,1998,Gable,CompShg,Wd Sdng,Wd Sdng,BrkFace,239.0,Gd,TA,PConc,1102.0,72.0,1502.0,GasA,Ex,Y,SBrkr,1502,0,0,1502,1.0,0.0,1,1,1,1,Gd,5,Typ,1,1998.0,1.0,286.0,Y,0,0,0,0,0,0,0,9,2007,WD ,Normal,330000,0,0,0,0,1,1,2,5,3,2,0,1,1,1,5,,2,1
2257,20,RL,115.0,16905,Pave,Reg,Lvl,AllPub,Inside,Gtl,Timber,Norm,Norm,1Fam,1Story,5,6,1959,1959,Gable,CompShg,VinylSd,VinylSd,None,0.0,TA,Gd,CBlock,967.0,0.0,1350.0,GasA,Gd,Y,SBrkr,1328,0,0,1328,0.0,1.0,1,1,2,1,TA,5,Typ,2,1959.0,1.0,308.0,P,0,104,0,0,0,0,0,7,2007,WD ,Normal,170000,0,0,0,0,3,1,5,5,1,1,6,1,1,1,2,,5,3
2258,20,RL,149.0,19958,Pave,Reg,Lvl,AllPub,Inside,Gtl,Timber,Norm,Norm,1Fam,1Story,6,8,1958,1995,Hip,CompShg,HdBoard,HdBoard,BrkFace,1224.0,TA,Gd,CBlock,0.0,0.0,585.0,GasA,Gd,Y,SBrkr,2279,0,0,2279,0.0,0.0,2,1,4,1,Gd,7,Typ,1,1958.0,2.0,461.0,Y,274,0,0,0,138,0,0,7,2007,WD ,Normal,257000,0,0,1,0,1,1,5,5,3,6,6,1,1,1,2,,5,1
2259,20,RL,67.0,8368,Pave,IR1,HLS,AllPub,Inside,Gtl,Timber,Norm,Norm,1Fam,1Story,7,5,2006,2007,Gable,CompShg,VinylSd,VinylSd,None,0.0,Gd,TA,PConc,0.0,0.0,1689.0,GasA,Ex,Y,SBrkr,1689,0,0,1689,0.0,0.0,2,0,3,1,Gd,7,Typ,0,2007.0,2.0,433.0,Y,100,39,0,0,0,0,0,4,2007,New,Partial,231713,0,0,0,0,3,1,2,5,3,6,6,1,1,0,3,,2,3
2261,20,RL,64.0,9037,Pave,IR1,HLS,AllPub,Inside,Gtl,Timber,Norm,Norm,1Fam,1Story,8,5,2006,2006,Hip,CompShg,VinylSd,VinylSd,BrkFace,32.0,Gd,TA,PConc,428.0,0.0,1476.0,GasA,Ex,Y,SBrkr,1484,0,0,1484,0.0,0.0,2,0,2,1,Ex,6,Typ,1,2006.0,2.0,472.0,Y,120,33,0,0,0,0,0,12,2007,WD ,Normal,265900,0,0,0,0,1,1,2,5,0,2,6,1,1,1,2,,2,1
2262,20,RL,89.0,10991,Pave,IR1,HLS,AllPub,Inside,Gtl,Timber,Norm,Norm,1Fam,1Story,8,5,2007,2007,Gable,CompShg,VinylSd,VinylSd,BrkFace,80.0,Gd,TA,PConc,0.0,0.0,1571.0,GasA,Ex,Y,SBrkr,1571,0,0,1571,0.0,0.0,2,0,3,1,Gd,7,Typ,1,2007.0,3.0,722.0,Y,100,36,0,0,0,0,0,12,2007,New,Partial,239000,0,0,0,0,1,1,2,5,1,6,6,1,1,1,2,,2,1
2263,20,RL,67.0,10656,Pave,IR1,HLS,AllPub,Inside,Gtl,Timber,Norm,Norm,1Fam,1Story,8,5,2006,2007,Gable,CompShg,VinylSd,VinylSd,Stone,274.0,Gd,TA,PConc,0.0,0.0,1638.0,GasA,Ex,Y,SBrkr,1646,0,0,1646,0.0,0.0,2,0,3,1,Gd,6,Typ,1,2007.0,3.0,870.0,Y,192,80,0,0,0,0,0,11,2007,New,Partial,248900,0,0,0,0,4,1,2,5,0,6,6,1,1,1,2,,2,4
2264,20,RL,42.0,10331,Pave,Reg,Lvl,AllPub,CulDSac,Gtl,Timber,Norm,Norm,1Fam,1Story,7,7,1985,1985,Gable,CompShg,Plywood,Plywood,None,0.0,TA,TA,CBlock,215.0,80.0,1265.0,GasA,Gd,Y,SBrkr,1240,0,0,1240,0.0,1.0,2,0,3,1,Gd,6,Typ,0,1985.0,2.0,528.0,Y,232,0,0,0,0,0,0,7,2007,WD ,Normal,174000,0,0,0,0,3,1,2,5,3,0,1,1,1,0,3,,2,3
2265,50,RL,44.0,13758,Pave,IR1,Lvl,AllPub,CulDSac,Gtl,Timber,Norm,Norm,1Fam,1.5Fin,7,5,1990,1991,Gable,CompShg,HdBoard,HdBoard,BrkFace,117.0,Gd,Gd,CBlock,902.0,0.0,1156.0,GasA,Ex,Y,SBrkr,1187,530,0,1717,0.0,0.0,2,1,3,1,Gd,7,Typ,1,1990.0,2.0,400.0,Y,168,36,0,0,0,0,0,4,2007,WD ,Normal,187500,0,0,0,0,1,1,2,5,2,3,6,1,1,1,5,,2,1
2266,60,RL,68.0,9303,Pave,IR1,Lvl,AllPub,Corner,Gtl,Timber,Norm,Norm,1Fam,2Story,6,5,1996,1997,Hip,CompShg,VinylSd,VinylSd,BrkFace,42.0,Gd,TA,PConc,742.0,0.0,872.0,GasA,Ex,Y,SBrkr,888,868,0,1756,1.0,0.0,2,1,3,1,TA,7,Typ,0,1996.0,2.0,422.0,Y,144,122,0,0,0,0,0,7,2007,WD ,Normal,204000,0,0,0,0,1,1,0,5,3,0,6,1,1,0,3,,0,1
2267,20,RL,68.0,6718,Pave,IR1,Lvl,AllPub,Inside,Gtl,Timber,Norm,Norm,1Fam,1Story,8,5,2001,2001,Gable,CompShg,VinylSd,VinylSd,BrkFace,86.0,Gd,TA,PConc,250.0,0.0,1267.0,GasA,Ex,Y,SBrkr,1312,0,0,1312,0.0,0.0,2,0,2,1,Gd,5,Typ,0,2001.0,2.0,471.0,Y,256,28,0,0,0,0,0,1,2007,WD ,Normal,180500,0,0,0,0,1,1,0,5,2,2,6,1,1,0,3,,0,1
2268,80,RL,73.0,9590,Pave,IR1,Lvl,AllPub,Corner,Gtl,Timber,Norm,Norm,1Fam,SLvl,7,5,2003,2003,Gable,CompShg,VinylSd,VinylSd,BrkFace,442.0,Gd,TA,PConc,786.0,0.0,868.0,GasA,Ex,Y,SBrkr,1146,0,0,1146,1.0,0.0,2,0,3,1,Gd,6,Typ,1,2003.0,2.0,438.0,Y,160,22,0,0,0,0,0,5,2007,WD ,Normal,187500,0,0,0,0,1,1,0,5,0,2,6,1,1,1,2,,0,1
2269,20,RL,80.0,11305,Pave,Reg,Lvl,AllPub,Inside,Gtl,Timber,Norm,Norm,1Fam,1Story,8,5,2002,2002,Hip,CompShg,VinylSd,VinylSd,BrkFace,886.0,Gd,TA,PConc,1329.0,0.0,1922.0,GasA,Ex,Y,SBrkr,1922,0,0,1922,1.0,0.0,2,0,2,1,Gd,6,Typ,1,2002.0,3.0,692.0,Y,201,64,0,0,0,0,0,4,2007,WD ,Normal,282000,0,0,0,0,1,1,2,5,0,2,6,1,1,1,0,,2,1
2270,20,RL,68.0,7777,Pave,IR1,Lvl,AllPub,Inside,Gtl,Timber,Norm,Norm,1Fam,1Story,6,5,1996,1996,Gable,CompShg,VinylSd,VinylSd,BrkFace,203.0,Gd,TA,PConc,0.0,0.0,1491.0,GasA,Ex,Y,SBrkr,1491,0,0,1491,0.0,0.0,2,0,3,1,TA,7,Typ,1,1996.0,2.0,571.0,Y,0,35,0,0,0,0,0,11,2007,WD ,Normal,178000,0,0,0,0,1,1,0,5,3,6,6,1,1,1,5,,0,1
2271,20,RL,85.0,14536,Pave,Reg,Lvl,AllPub,Inside,Gtl,Timber,Norm,Norm,1Fam,1Story,8,5,2002,2003,Hip,CompShg,VinylSd,VinylSd,BrkFace,236.0,Gd,TA,PConc,1300.0,0.0,1616.0,GasA,Ex,Y,SBrkr,1629,0,0,1629,1.0,0.0,2,0,3,1,Gd,9,Typ,1,2002.0,3.0,808.0,Y,0,252,0,0,0,0,0,11,2007,WD ,Normal,270000,0,0,0,0,1,1,2,5,0,2,6,1,1,1,2,,2,1
2272,60,RL,68.0,11800,Pave,IR1,Lvl,AllPub,Inside,Gtl,Timber,Norm,Norm,1Fam,2Story,7,5,2003,2004,Gable,CompShg,VinylSd,VinylSd,BrkFace,94.0,Gd,TA,PConc,766.0,0.0,1122.0,GasA,Ex,Y,SBrkr,1146,1340,0,2486,1.0,0.0,3,1,5,1,Gd,10,Typ,1,2003.0,2.0,452.0,Y,143,32,0,0,0,0,0,7,2007,WD ,Normal,279900,0,0,0,0,1,1,2,5,1,2,6,1,3,1,2,,2,1
2273,20,RL,50.0,35133,Grvl,Reg,Lvl,AllPub,Inside,Mod,Timber,Norm,Norm,1Fam,1Story,5,4,1963,1963,Hip,CompShg,MetalSd,MetalSd,BrkFace,226.0,TA,TA,CBlock,1159.0,0.0,1572.0,GasA,Gd,Y,SBrkr,1572,0,0,1572,1.0,0.0,1,1,3,1,TA,5,Typ,2,1963.0,3.0,995.0,Y,0,263,0,0,263,0,0,5,2007,WD ,Normal,186700,0,0,0,0,1,1,5,5,1,5,6,1,0,1,5,,5,1
2274,20,RL,93.0,15306,Pave,IR1,HLS,AllPub,Corner,Gtl,Timber,Norm,Norm,1Fam,1Story,8,5,2006,2007,Gable,CompShg,VinylSd,VinylSd,Stone,100.0,Gd,TA,PConc,80.0,0.0,1732.0,GasA,Ex,Y,SBrkr,1776,0,0,1776,1.0,0.0,2,0,3,1,Gd,7,Typ,1,2006.0,3.0,712.0,Y,0,0,0,0,0,0,0,5,2007,New,Partial,283463,0,0,0,0,4,1,0,5,1,2,6,1,1,1,2,,0,4
2275,20,RL,85.0,12633,Pave,IR1,HLS,AllPub,Inside,Gtl,Timber,PosA,PosA,1Fam,1Story,10,5,2006,2007,Hip,CompShg,MetalSd,MetalSd,BrkFace,242.0,Ex,TA,PConc,0.0,0.0,1824.0,GasA,Ex,Y,SBrkr,1824,0,0,1824,0.0,0.0,2,0,3,1,Ex,8,Typ,1,2006.0,3.0,932.0,Y,160,36,0,0,108,0,0,9,2007,New,Partial,392000,0,0,0,0,1,1,0,5,1,6,6,1,1,1,2,,0,1
2276,60,RL,88.0,12665,Pave,IR1,Lvl,AllPub,Inside,Gtl,Timber,Norm,Norm,1Fam,2Story,8,5,2005,2006,Hip,CompShg,VinylSd,VinylSd,BrkFace,245.0,Gd,TA,PConc,0.0,0.0,1094.0,GasA,Ex,Y,SBrkr,1133,1349,0,2482,0.0,0.0,2,1,4,1,Gd,9,Typ,1,2005.0,3.0,642.0,Y,144,39,0,0,0,0,0,2,2007,WD ,Normal,281213,0,0,0,0,1,1,2,2,1,6,6,1,3,1,2,,2,1
2277,20,RL,70.0,8402,Pave,Reg,Lvl,AllPub,Inside,Gtl,Mitchel,Feedr,Norm,1Fam,1Story,5,5,2007,2007,Gable,CompShg,VinylSd,VinylSd,None,0.0,TA,TA,PConc,206.0,0.0,1120.0,GasA,Ex,Y,SBrkr,1120,0,0,1120,0.0,0.0,1,0,3,1,TA,6,Typ,0,0.0,0.0,0.0,Y,0,30,0,0,0,0,0,12,2007,New,Partial,147000,0,0,0,0,3,1,2,5,3,0,6,0,6,0,3,,2,3
2278,20,RL,200.0,43500,Pave,Reg,Lvl,AllPub,Inside,Gtl,Mitchel,Artery,Norm,1Fam,1Story,3,5,1953,1953,Gable,CompShg,MetalSd,MetalSd,None,0.0,TA,TA,CBlock,0.0,0.0,0.0,GasA,Ex,Y,SBrkr,2034,0,0,2034,0.0,0.0,1,0,2,1,TA,9,Min1,0,1953.0,4.0,1041.0,N,483,266,0,0,0,561,0,6,2007,WD ,Normal,130000,0,1,1,0,3,0,3,3,4,4,4,1,0,0,3,,3,3
2279,120,RM,62.0,6710,Pave,IR1,Lvl,AllPub,FR3,Gtl,Mitchel,Norm,Norm,TwnhsE,SFoyer,6,5,1996,1997,Gable,CompShg,VinylSd,VinylSd,BrkFace,134.0,TA,TA,PConc,16.0,904.0,920.0,GasA,Ex,Y,SBrkr,936,0,0,936,2.0,0.0,0,1,0,1,TA,3,Typ,0,1996.0,2.0,460.0,Y,0,40,0,0,0,0,0,6,2007,WD ,Normal,140000,0,0,0,0,1,1,0,5,0,5,2,1,1,0,3,,0,1
2280,20,RL,94.0,25286,Pave,Reg,HLS,AllPub,Inside,Mod,Mitchel,Norm,Norm,1Fam,1Story,4,5,1963,1963,Gable,CompShg,HdBoard,Plywood,None,0.0,TA,TA,PConc,633.0,0.0,1064.0,GasA,Gd,Y,SBrkr,1040,0,0,1040,1.0,0.0,1,0,3,1,TA,5,Typ,0,1963.0,2.0,648.0,Y,0,0,0,0,0,0,0,1,2007,WD ,Normal,132250,0,0,0,0,3,1,5,5,1,0,6,1,1,0,3,,5,3
2281,90,RL,100.0,25000,Pave,Reg,Low,AllPub,Inside,Gtl,Mitchel,Norm,Norm,Duplex,1Story,5,4,1967,1967,Gable,CompShg,HdBoard,Plywood,None,0.0,TA,TA,CBlock,0.0,0.0,1632.0,GasA,TA,Y,SBrkr,1632,0,0,1632,0.0,0.0,2,0,4,2,TA,8,Typ,0,1967.0,2.0,576.0,P,0,0,0,0,0,0,0,6,2007,WD ,Normal,143000,0,0,0,0,3,1,5,5,0,6,6,1,1,0,3,,5,3
2282,190,RL,68.0,32463,Pave,Reg,Low,AllPub,Inside,Mod,Mitchel,Norm,Norm,2fmCon,1Story,4,4,1961,1975,Gable,CompShg,MetalSd,MetalSd,Stone,149.0,TA,Gd,CBlock,1159.0,0.0,1249.0,GasA,Ex,Y,SBrkr,1622,0,0,1622,1.0,0.0,1,0,3,1,TA,7,Typ,1,1975.0,4.0,1356.0,Y,439,0,0,0,0,0,0,3,2007,WD ,Normal,168000,0,0,0,0,4,1,5,5,0,1,6,1,0,1,5,,5,4
2283,120,RM,44.0,4224,Pave,Reg,Lvl,AllPub,Inside,Gtl,MeadowV,Norm,Norm,TwnhsE,1Story,5,7,1976,1976,Gable,CompShg,CemntBd,CmentBd,None,0.0,TA,TA,PConc,840.0,0.0,1040.0,GasA,TA,Y,SBrkr,1060,0,0,1060,1.0,0.0,1,0,3,1,TA,6,Typ,1,1976.0,2.0,572.0,Y,100,110,0,0,0,0,0,6,2007,WD ,Normal,129900,0,0,0,0,3,1,2,5,3,2,6,1,1,1,5,,2,3
2284,120,RM,44.0,4224,Pave,Reg,Lvl,AllPub,Inside,Gtl,MeadowV,Norm,Norm,TwnhsE,1Story,5,5,1976,1976,Gable,CompShg,CemntBd,CmentBd,None,0.0,TA,TA,PConc,874.0,0.0,1142.0,GasA,TA,Y,SBrkr,1142,0,0,1142,1.0,0.0,1,1,3,1,TA,6,Typ,1,1976.0,2.0,528.0,Y,536,90,0,0,0,0,0,8,2007,WD ,Normal,134000,0,0,1,0,3,1,2,5,3,0,6,1,1,1,4,,2,3
2285,160,RM,21.0,1504,Pave,Reg,Lvl,AllPub,Inside,Gtl,MeadowV,Norm,Norm,Twnhs,2Story,4,4,1972,1972,Gable,CompShg,CemntBd,CmentBd,None,0.0,TA,TA,CBlock,252.0,0.0,546.0,GasA,TA,Y,SBrkr,546,546,0,1092,0.0,0.0,1,1,3,1,TA,5,Typ,0,1972.0,1.0,253.0,Y,0,0,0,0,0,0,0,5,2007,WD ,Normal,85500,0,0,0,0,3,1,5,5,3,1,6,1,1,0,3,,5,3
2286,180,RM,68.0,1533,Pave,Reg,Lvl,AllPub,Inside,Gtl,MeadowV,Norm,Norm,Twnhs,SLvl,4,5,1970,1970,Gable,CompShg,CemntBd,CmentBd,None,0.0,TA,TA,CBlock,503.0,0.0,530.0,GasA,TA,Y,SBrkr,530,462,0,992,1.0,0.0,1,0,2,1,TA,4,Typ,0,1970.0,1.0,297.0,Y,112,97,0,0,0,0,0,7,2007,WD ,Normal,106500,0,0,0,0,3,1,2,5,0,2,6,1,3,0,3,,2,3
2287,160,RM,21.0,1495,Pave,Reg,Lvl,AllPub,Inside,Gtl,MeadowV,Norm,Norm,TwnhsE,2Story,4,6,1970,1970,Gable,CompShg,CemntBd,CmentBd,BrkFace,189.0,TA,TA,CBlock,384.0,0.0,546.0,GasA,Ex,Y,SBrkr,546,546,0,1092,0.0,0.0,1,1,3,1,TA,5,Typ,0,0.0,0.0,0.0,Y,0,64,0,0,0,0,0,5,2007,WD ,Normal,93900,0,0,0,0,1,1,5,5,3,0,6,0,6,0,3,,5,1
2288,160,RM,21.0,2001,Pave,Reg,Lvl,AllPub,Inside,Gtl,MeadowV,Norm,Norm,Twnhs,2Story,4,5,1970,1970,Gable,CompShg,CemntBd,CmentBd,BrkFace,80.0,TA,TA,CBlock,0.0,0.0,546.0,GasA,Fa,Y,SBrkr,546,546,0,1092,0.0,0.0,1,1,3,1,TA,6,Typ,0,1970.0,1.0,286.0,Y,0,0,0,0,0,0,0,1,2007,WD ,Normal,75000,0,0,0,0,1,1,5,5,3,6,6,1,1,0,3,,5,1
2289,180,RM,21.0,1936,Pave,Reg,Lvl,AllPub,Inside,Gtl,MeadowV,Norm,Norm,Twnhs,SFoyer,4,6,1970,1970,Gable,CompShg,CemntBd,CmentBd,None,0.0,TA,TA,CBlock,131.0,499.0,630.0,GasA,Gd,Y,SBrkr,630,0,0,630,1.0,0.0,1,0,1,1,TA,3,Typ,0,0.0,0.0,0.0,Y,0,0,0,0,0,0,0,12,2007,WD ,Normal,84500,0,0,1,0,3,1,2,5,0,1,2,0,6,0,3,,2,3
2290,160,RM,21.0,1890,Pave,Reg,Lvl,AllPub,Inside,Gtl,MeadowV,Norm,Norm,Twnhs,2Story,4,3,1976,1976,Gable,CompShg,CemntBd,CmentBd,None,0.0,TA,TA,CBlock,0.0,0.0,546.0,GasA,Ex,Y,SBrkr,546,546,0,1092,0.0,0.0,1,1,3,1,TA,6,Typ,0,1976.0,1.0,286.0,Y,0,0,0,0,0,0,0,4,2007,COD,Normal,75190,0,0,1,0,3,1,5,5,3,6,6,1,1,0,3,,5,3
2291,80,RL,68.0,11333,Pave,IR1,Lvl,AllPub,Corner,Gtl,Mitchel,Norm,Norm,1Fam,SLvl,6,5,1976,1976,Gable,CompShg,HdBoard,HdBoard,None,0.0,TA,TA,PConc,539.0,0.0,1029.0,GasA,TA,Y,SBrkr,1062,0,0,1062,1.0,0.0,1,0,3,1,TA,5,Typ,2,1976.0,2.0,539.0,Y,120,0,0,0,0,0,0,5,2007,WD ,Normal,146800,0,0,0,0,3,1,2,5,0,0,6,1,1,1,5,,2,3
2292,85,RL,72.0,9129,Pave,Reg,Lvl,AllPub,Inside,Gtl,Mitchel,Norm,Norm,1Fam,SFoyer,5,5,1977,1977,Gable,CompShg,Plywood,Plywood,BrkFace,144.0,TA,TA,PConc,923.0,0.0,923.0,GasA,TA,Y,SBrkr,1008,0,0,1008,1.0,0.0,1,0,1,1,Gd,4,Typ,1,1977.0,2.0,678.0,Y,201,66,0,0,0,0,0,7,2007,WD ,Normal,153500,0,0,1,0,1,1,2,5,0,2,6,1,1,1,1,,2,1
2293,80,RL,68.0,15957,Pave,IR1,Low,AllPub,Corner,Mod,Mitchel,Norm,Norm,1Fam,SLvl,6,6,1977,1977,Gable,CompShg,HdBoard,Plywood,None,0.0,TA,TA,PConc,1148.0,0.0,1244.0,GasA,TA,Y,SBrkr,1356,0,0,1356,2.0,0.0,2,0,3,1,TA,6,Typ,1,1977.0,2.0,528.0,Y,1424,0,0,0,0,0,0,9,2007,WD ,Normal,188000,0,0,1,0,3,1,2,5,1,2,6,1,1,1,5,,2,3
2294,20,RL,61.0,33983,Pave,IR1,Lvl,AllPub,Inside,Gtl,Mitchel,Norm,Norm,1Fam,1Story,5,6,1977,1994,Gable,CompShg,Plywood,Plywood,None,0.0,TA,Fa,PConc,1112.0,0.0,1160.0,GasA,TA,Y,SBrkr,1676,0,0,1676,1.0,0.0,1,1,3,1,Gd,6,Mod,2,1977.0,2.0,672.0,P,690,90,0,0,0,0,0,5,2007,WD ,Normal,196000,0,0,1,0,3,1,5,5,2,0,6,1,1,1,5,,5,3
2295,60,RL,68.0,8286,Pave,IR1,Lvl,AllPub,Corner,Gtl,Mitchel,Norm,Norm,1Fam,2Story,5,7,1977,1977,Gable,CompShg,Plywood,Plywood,None,0.0,TA,TA,PConc,531.0,0.0,716.0,GasA,Ex,Y,SBrkr,716,716,0,1432,1.0,0.0,1,1,3,1,TA,6,Typ,1,1977.0,2.0,531.0,Y,0,136,0,0,240,0,0,6,2007,WD ,Normal,157000,0,0,1,0,3,1,2,5,3,5,6,1,1,1,2,,2,3
2296,85,RL,50.0,6723,Pave,Reg,Lvl,AllPub,Inside,Gtl,Mitchel,Norm,Norm,1Fam,SFoyer,5,7,1971,1971,Gable,CompShg,Wd Sdng,HdBoard,None,0.0,TA,TA,CBlock,796.0,0.0,796.0,GasA,TA,Y,SBrkr,796,0,0,796,0.0,1.0,1,0,2,1,TA,5,Typ,0,0.0,0.0,0.0,Y,129,0,0,0,0,0,0,9,2007,WD ,Normal,138000,0,0,1,0,3,1,2,5,0,2,6,0,6,0,3,,2,3
2297,85,RL,54.0,7244,Pave,Reg,Lvl,AllPub,Inside,Gtl,Mitchel,Norm,Norm,1Fam,SFoyer,5,7,1970,1970,Gable,CompShg,VinylSd,VinylSd,None,0.0,TA,Gd,CBlock,619.0,0.0,768.0,GasA,Ex,Y,SBrkr,768,0,0,768,1.0,0.0,1,0,2,1,TA,5,Typ,0,1987.0,2.0,624.0,Y,104,0,0,0,0,0,0,4,2007,WD ,Normal,129500,0,0,0,0,3,1,2,5,0,0,6,1,5,0,3,,2,3
2298,20,RL,124.0,27697,Pave,Reg,Lvl,AllPub,Inside,Gtl,Mitchel,Norm,Norm,1Fam,1Story,4,3,1961,1961,Shed,CompShg,Plywood,Plywood,CBlock,198.0,TA,TA,CBlock,811.0,0.0,1396.0,GasA,TA,N,SBrkr,1608,0,0,1608,0.0,0.0,1,0,3,1,TA,6,Typ,0,1961.0,1.0,444.0,Y,152,38,0,0,0,0,0,11,2007,COD,Abnorml,80000,0,0,0,0,2,1,5,5,3,1,6,1,1,0,3,,5,2
2299,20,RL,69.0,7599,Pave,Reg,Lvl,AllPub,Corner,Gtl,Mitchel,Norm,Norm,1Fam,1Story,4,6,1982,2006,Gable,CompShg,HdBoard,Plywood,None,0.0,TA,TA,CBlock,565.0,0.0,845.0,GasA,TA,Y,SBrkr,845,0,0,845,1.0,0.0,1,0,2,1,TA,4,Typ,0,1987.0,2.0,360.0,Y,0,0,0,0,0,0,0,6,2007,WD ,Normal,129500,0,0,0,0,3,1,5,5,3,0,6,1,5,0,3,,5,3
2300,20,RL,68.0,11000,Pave,IR2,Lvl,AllPub,Corner,Gtl,Mitchel,Norm,Norm,1Fam,1Story,5,6,1976,2003,Gable,CompShg,Plywood,Plywood,None,0.0,TA,TA,PConc,1090.0,0.0,1090.0,GasA,TA,Y,SBrkr,1178,0,0,1178,1.0,0.0,1,1,3,1,TA,6,Typ,0,1976.0,2.0,502.0,Y,0,44,0,0,88,0,0,6,2007,WD ,Normal,135000,0,0,1,0,3,1,2,5,3,3,6,1,1,0,3,,2,3
2301,20,RL,76.0,8314,Pave,Reg,Lvl,AllPub,Corner,Gtl,Mitchel,Norm,Norm,1Fam,1Story,5,7,1982,1982,Gable,CompShg,HdBoard,ImStucc,None,0.0,TA,TA,CBlock,546.0,0.0,816.0,GasA,TA,Y,SBrkr,816,0,0,816,0.0,0.0,1,0,2,1,TA,5,Typ,0,1982.0,1.0,264.0,Y,168,0,0,0,0,0,0,6,2007,WD ,Normal,124500,0,0,0,0,3,1,5,5,1,0,6,1,1,0,3,,5,3
2302,20,RL,65.0,11625,Pave,IR1,Lvl,AllPub,Inside,Gtl,Mitchel,Norm,Norm,1Fam,1Story,5,7,1983,1983,Gable,CompShg,HdBoard,HdBoard,None,0.0,TA,TA,CBlock,596.0,0.0,816.0,GasA,TA,Y,SBrkr,816,0,0,816,1.0,0.0,1,0,2,1,TA,4,Typ,0,1983.0,1.0,264.0,Y,330,0,0,0,0,0,0,5,2007,WD ,Normal,139000,0,0,1,0,3,1,2,5,3,0,6,1,1,0,3,,2,3
2303,20,RL,63.0,10712,Pave,Reg,Lvl,AllPub,Inside,Gtl,Mitchel,Norm,Norm,1Fam,1Story,5,5,1991,1992,Gable,CompShg,HdBoard,HdBoard,None,0.0,TA,TA,PConc,212.0,0.0,974.0,GasA,TA,Y,SBrkr,974,0,0,974,0.0,0.0,1,0,3,1,TA,5,Typ,0,0.0,0.0,0.0,Y,0,28,0,0,0,0,0,9,2007,Oth,Abnorml,93500,0,0,1,0,3,1,2,5,2,1,6,0,6,0,3,,2,3
2304,20,RL,62.0,10447,Pave,Reg,Lvl,AllPub,Inside,Gtl,Mitchel,Norm,Norm,1Fam,1Story,5,6,1984,1984,Gable,CompShg,Plywood,HdBoard,None,0.0,TA,TA,CBlock,516.0,0.0,864.0,GasA,TA,Y,SBrkr,887,0,0,887,0.0,1.0,1,0,3,1,TA,5,Typ,0,1984.0,1.0,288.0,Y,140,0,0,0,0,0,0,12,2007,WD ,Normal,124500,0,0,0,0,3,1,5,5,3,0,6,1,1,0,3,,5,3
2305,20,RL,68.0,11027,Pave,IR1,Lvl,AllPub,Inside,Gtl,NAmes,Norm,Norm,1Fam,1Story,6,5,1954,1954,Hip,CompShg,Wd Sdng,Wd Sdng,Stone,28.0,TA,TA,CBlock,468.0,539.0,1178.0,GasA,Gd,Y,SBrkr,1293,0,0,1293,1.0,0.0,2,0,2,1,TA,5,Typ,0,1954.0,2.0,452.0,Y,280,0,0,0,0,0,0,5,2006,WD ,Normal,149900,0,0,0,0,4,1,5,5,3,1,5,1,1,0,3,,5,4
2306,20,RL,85.0,10533,Pave,IR1,Lvl,AllPub,Inside,Gtl,NAmes,Norm,Norm,1Fam,1Story,6,6,1956,1956,Hip,CompShg,VinylSd,VinylSd,BrkFace,244.0,TA,Gd,CBlock,773.0,0.0,1008.0,GasA,TA,Y,SBrkr,1024,0,0,1024,1.0,0.0,1,0,2,1,Gd,5,Typ,2,1956.0,1.0,313.0,Y,0,0,0,0,280,0,0,8,2006,WD ,Normal,157500,0,0,0,0,1,1,5,5,3,5,6,1,1,1,5,,5,1
2307,20,RL,68.0,11765,Pave,IR1,Lvl,AllPub,Corner,Gtl,NAmes,Norm,Norm,1Fam,1Story,5,5,1957,1957,Gable,CompShg,Wd Sdng,Wd Sdng,Stone,302.0,TA,TA,CBlock,1127.0,0.0,1617.0,GasA,Fa,Y,SBrkr,1797,0,0,1797,0.0,0.0,1,1,3,1,TA,7,Typ,1,1957.0,3.0,963.0,Y,0,0,0,0,0,0,0,6,2006,WD ,Normal,169000,0,0,0,0,4,1,5,5,2,5,6,1,1,1,5,,5,4
2308,20,RL,68.0,39384,Pave,IR1,Low,AllPub,CulDSac,Sev,NAmes,Norm,Norm,1Fam,1Story,6,6,1957,1957,Gable,CompShg,Wd Sdng,Wd Sdng,Stone,902.0,TA,TA,CBlock,1110.0,0.0,1705.0,GasA,Ex,Y,SBrkr,1390,0,0,1390,1.0,0.0,1,1,1,1,Ex,4,Min1,2,1957.0,2.0,550.0,Y,0,189,0,0,0,0,0,10,2006,WD ,Abnorml,252000,0,0,0,0,4,1,2,5,1,0,6,1,1,1,2,,2,4
2309,20,RL,90.0,11727,Pave,Reg,Lvl,AllPub,Corner,Gtl,NAmes,Norm,Norm,1Fam,1Story,7,6,1969,1969,Gable,CompShg,HdBoard,HdBoard,BrkFace,434.0,TA,Gd,CBlock,0.0,0.0,1851.0,GasA,Gd,Y,SBrkr,1851,0,0,1851,0.0,0.0,2,0,3,1,TA,8,Typ,1,1969.0,2.0,506.0,Y,0,146,0,0,0,0,0,3,2006,WD ,Normal,192100,0,0,0,0,1,1,5,5,2,6,6,1,1,1,5,,5,1
2310,60,RL,60.0,8238,Pave,IR1,Lvl,AllPub,Inside,Gtl,Gilbert,Norm,Norm,1Fam,2Story,6,5,1997,1998,Gable,CompShg,VinylSd,VinylSd,None,0.0,TA,TA,PConc,700.0,0.0,813.0,GasA,Ex,Y,SBrkr,813,712,0,1525,1.0,0.0,2,1,3,1,TA,6,Typ,1,1997.0,2.0,400.0,Y,421,72,0,0,0,0,0,5,2006,WD ,Normal,183500,0,0,0,0,3,1,5,5,3,2,6,1,1,1,5,,5,3
2311,60,RL,68.0,13006,Pave,IR1,Lvl,AllPub,Corner,Gtl,Gilbert,Norm,Norm,1Fam,2Story,7,5,1997,1997,Gable,CompShg,HdBoard,HdBoard,BrkFace,285.0,TA,TA,PConc,0.0,0.0,964.0,GasA,Gd,Y,SBrkr,993,1243,0,2236,0.0,0.0,2,1,4,1,Gd,8,Typ,1,1997.0,2.0,642.0,Y,0,0,0,0,0,0,0,11,2006,WD ,Normal,222000,0,0,0,0,1,1,2,5,3,6,6,1,3,1,5,,2,1
2312,60,RL,68.0,13041,Pave,IR2,Lvl,AllPub,Inside,Gtl,Gilbert,Norm,Norm,1Fam,2Story,6,5,1995,1995,Gable,CompShg,HdBoard,HdBoard,None,0.0,TA,TA,PConc,0.0,0.0,781.0,GasA,Gd,Y,SBrkr,781,890,0,1671,0.0,0.0,2,1,3,1,TA,7,Typ,1,1995.0,2.0,423.0,Y,0,84,0,0,0,0,0,2,2006,WD ,Normal,170000,0,0,0,0,3,1,2,5,3,6,6,1,1,1,5,,2,3
2313,60,RL,68.0,13031,Pave,IR2,Lvl,AllPub,Corner,Gtl,Gilbert,Norm,Norm,1Fam,2Story,6,5,1995,1996,Gable,CompShg,HdBoard,HdBoard,None,0.0,TA,TA,PConc,592.0,0.0,691.0,GasA,Gd,Y,SBrkr,691,807,0,1498,0.0,0.0,2,1,3,1,TA,6,Typ,1,1995.0,2.0,409.0,Y,315,44,0,0,0,0,0,7,2006,WD ,Normal,187500,0,0,0,0,3,1,2,5,3,0,6,1,1,1,5,,2,3
2314,60,RL,54.0,9783,Pave,IR1,Lvl,AllPub,Inside,Gtl,Gilbert,Norm,Norm,1Fam,2Story,6,5,1996,1996,Gable,CompShg,HdBoard,HdBoard,None,0.0,TA,TA,PConc,0.0,0.0,821.0,GasA,Gd,Y,SBrkr,821,955,0,1776,0.0,0.0,2,1,3,1,TA,7,Typ,1,1996.0,2.0,443.0,Y,286,116,0,0,0,0,0,5,2006,WD ,Normal,202000,0,0,0,0,3,1,2,5,3,6,6,1,3,1,5,,2,3
2315,60,RL,70.0,11207,Pave,IR1,HLS,AllPub,FR2,Gtl,Gilbert,Norm,Norm,1Fam,2Story,6,5,1997,1997,Gable,CompShg,VinylSd,VinylSd,None,0.0,TA,TA,PConc,714.0,0.0,802.0,GasA,Gd,Y,SBrkr,802,709,0,1511,1.0,0.0,2,1,3,1,TA,8,Typ,1,1997.0,2.0,413.0,Y,95,75,0,0,0,0,0,6,2006,WD ,Normal,185000,0,0,0,0,3,1,2,5,0,2,6,1,1,1,5,,2,3
2316,60,RL,134.0,19378,Pave,IR1,HLS,AllPub,Corner,Gtl,Gilbert,Norm,Norm,1Fam,2Story,7,5,2005,2006,Gable,CompShg,VinylSd,VinylSd,BrkFace,456.0,Gd,TA,PConc,57.0,0.0,1392.0,GasA,Ex,Y,SBrkr,1392,1070,0,2462,1.0,0.0,2,1,4,1,Gd,9,Typ,1,2006.0,2.0,576.0,Y,239,132,0,168,0,0,0,3,2006,New,Partial,320000,0,0,0,0,1,1,2,5,2,2,6,1,1,1,2,,2,1
2317,20,RL,50.0,14859,Pave,IR1,HLS,AllPub,CulDSac,Gtl,Gilbert,Norm,Norm,1Fam,1Story,7,5,2006,2006,Hip,CompShg,VinylSd,VinylSd,BrkFace,27.0,Gd,TA,PConc,0.0,0.0,1670.0,GasA,Ex,Y,SBrkr,1670,0,0,1670,0.0,0.0,2,0,3,1,Gd,7,Typ,1,2006.0,3.0,690.0,Y,144,60,0,0,0,0,0,8,2006,New,Partial,240000,0,0,0,0,1,1,2,5,3,6,6,1,1,1,2,,2,1
2318,60,RL,50.0,13128,Pave,IR1,HLS,AllPub,CulDSac,Gtl,Gilbert,Norm,Norm,1Fam,2Story,8,5,2005,2005,Gable,CompShg,VinylSd,VinylSd,BrkFace,216.0,Gd,TA,PConc,0.0,0.0,1074.0,GasA,Ex,Y,SBrkr,1074,990,0,2064,0.0,0.0,2,1,4,1,Gd,7,Typ,1,2005.0,2.0,527.0,Y,0,119,0,0,0,0,0,1,2006,WD ,Normal,250000,0,0,0,0,1,1,2,5,3,6,6,1,1,1,2,,2,1
2319,60,RL,72.0,10463,Pave,IR1,HLS,AllPub,CulDSac,Gtl,Gilbert,Norm,Norm,1Fam,2Story,8,5,2005,2005,Gable,CompShg,VinylSd,VinylSd,None,0.0,Gd,TA,PConc,0.0,0.0,893.0,GasA,Ex,Y,SBrkr,901,900,0,1801,0.0,0.0,2,1,3,1,Gd,8,Typ,1,2005.0,3.0,800.0,Y,0,116,0,0,0,0,0,6,2006,WD ,Normal,239900,0,0,0,0,3,1,2,5,3,6,6,1,1,1,2,,2,3
2320,60,RL,42.0,13751,Pave,IR1,HLS,AllPub,CulDSac,Gtl,Gilbert,Norm,Norm,1Fam,2Story,7,5,2005,2006,Gable,CompShg,VinylSd,VinylSd,BrkFace,248.0,Gd,TA,PConc,60.0,0.0,1700.0,GasA,Ex,Y,SBrkr,1700,512,0,2212,1.0,0.0,2,1,3,1,Gd,9,Typ,1,2006.0,3.0,773.0,Y,237,38,0,0,115,0,0,5,2006,New,Partial,309000,0,0,0,0,1,1,2,5,0,2,6,1,1,1,2,,2,1
2321,60,RL,168.0,23257,Pave,IR3,HLS,AllPub,CulDSac,Gtl,Gilbert,Norm,Norm,1Fam,2Story,7,5,2006,2006,Gable,CompShg,VinylSd,VinylSd,None,0.0,Gd,TA,PConc,0.0,0.0,868.0,GasA,Ex,Y,SBrkr,887,1134,0,2021,0.0,0.0,2,1,3,1,Gd,9,Typ,1,2006.0,2.0,422.0,Y,0,100,0,0,0,0,0,9,2006,New,Partial,274725,0,0,0,0,3,1,0,2,3,6,6,1,3,1,2,,0,3
2322,160,RL,68.0,13108,Pave,IR1,Lvl,AllPub,Inside,Gtl,StoneBr,Norm,Norm,1Fam,2Story,8,5,1994,1994,Gable,CompShg,CemntBd,CmentBd,None,0.0,Gd,TA,PConc,0.0,0.0,2062.0,GasA,Ex,Y,SBrkr,2079,608,0,2687,0.0,0.0,2,1,4,1,Gd,9,Typ,0,1994.0,2.0,618.0,Y,168,12,0,0,0,0,0,12,2006,WD ,Normal,270000,0,0,0,0,3,1,2,5,3,6,6,1,1,0,3,,2,3
2323,20,RL,68.0,8076,Pave,IR1,Lvl,AllPub,Inside,Gtl,Gilbert,Norm,Norm,1Fam,1Story,6,6,1993,1994,Gable,CompShg,HdBoard,HdBoard,BrkFace,112.0,TA,TA,PConc,705.0,0.0,1160.0,GasA,Gd,Y,SBrkr,1169,0,0,1169,0.0,1.0,2,0,3,1,TA,6,Typ,1,1993.0,2.0,402.0,Y,0,26,0,0,144,0,0,7,2006,WD ,Normal,183500,0,0,1,0,1,1,2,5,3,2,6,1,1,1,5,,2,1
2324,60,RL,68.0,7685,Pave,IR1,Lvl,AllPub,Inside,Gtl,Gilbert,Norm,Norm,1Fam,2Story,6,5,1993,1994,Gable,CompShg,HdBoard,HdBoard,BrkFace,112.0,TA,TA,PConc,518.0,0.0,697.0,GasA,Gd,Y,SBrkr,697,804,0,1501,0.0,0.0,2,1,3,1,Gd,6,Typ,1,1993.0,2.0,420.0,Y,190,63,0,0,0,0,0,5,2006,WD ,Normal,165600,0,0,0,0,1,1,2,5,3,0,6,1,1,1,5,,2,1
2325,60,RL,63.0,9084,Pave,IR1,Lvl,AllPub,Inside,Gtl,Gilbert,Norm,Norm,1Fam,2Story,7,5,1998,1998,Hip,CompShg,VinylSd,VinylSd,None,0.0,TA,TA,PConc,0.0,0.0,935.0,GasA,Gd,Y,SBrkr,955,677,0,1632,0.0,0.0,2,1,3,1,TA,8,Typ,1,1998.0,2.0,462.0,Y,0,28,0,0,0,0,0,6,2006,WD ,Normal,176500,0,0,0,0,3,1,2,5,3,6,6,1,1,1,5,,2,3
2326,120,RL,30.0,3701,Pave,IR1,Lvl,AllPub,Inside,Gtl,StoneBr,Norm,Norm,TwnhsE,1Story,8,5,1987,1987,Gable,CompShg,HdBoard,HdBoard,None,0.0,TA,TA,CBlock,0.0,0.0,1191.0,GasA,TA,Y,SBrkr,1204,0,0,1204,0.0,0.0,2,0,2,1,TA,5,Typ,0,1987.0,2.0,461.0,Y,120,70,0,0,0,0,0,8,2006,WD ,Normal,130000,0,0,0,0,3,1,2,5,3,6,6,1,1,0,3,,2,3
2327,160,RL,44.0,5306,Pave,IR1,Lvl,AllPub,Inside,Gtl,StoneBr,Norm,Norm,TwnhsE,2Story,7,7,1987,1987,Gable,CompShg,HdBoard,HdBoard,None,0.0,Gd,Gd,PConc,495.0,215.0,1064.0,GasA,Gd,Y,SBrkr,1064,703,0,1767,1.0,0.0,2,0,2,1,Gd,5,Typ,1,1987.0,2.0,504.0,Y,441,35,0,0,0,0,0,6,2006,WD ,Normal,239000,0,0,0,0,3,1,2,2,3,2,5,1,1,1,5,,2,3
2328,120,RL,68.0,6563,Pave,IR1,Low,AllPub,CulDSac,Mod,StoneBr,Norm,Norm,1Fam,1Story,8,5,1985,1985,Gable,CompShg,HdBoard,HdBoard,None,0.0,Gd,TA,PConc,1148.0,0.0,1742.0,GasA,TA,Y,SBrkr,1742,0,0,1742,1.0,0.0,2,0,2,1,Gd,5,Typ,1,1985.0,2.0,564.0,Y,114,28,234,0,0,0,0,12,2006,WD ,Normal,275000,0,0,0,0,3,1,2,5,1,2,6,1,1,1,5,,2,3
2329,60,RL,59.0,16023,Pave,IR1,HLS,AllPub,CulDSac,Gtl,StoneBr,Norm,Norm,1Fam,2Story,9,5,2005,2006,Hip,CompShg,VinylSd,VinylSd,BrkFace,600.0,Gd,Ex,PConc,1218.0,0.0,1398.0,GasA,Ex,Y,SBrkr,1414,1384,0,2798,1.0,0.0,3,1,3,1,Ex,11,Typ,1,2005.0,3.0,670.0,Y,182,37,0,0,0,0,0,3,2006,New,Partial,457347,0,0,0,0,1,1,0,5,1,2,6,1,3,1,2,,0,1
2330,60,RL,60.0,18062,Pave,IR1,HLS,AllPub,CulDSac,Gtl,StoneBr,Norm,Norm,1Fam,2Story,10,5,2006,2006,Hip,CompShg,CemntBd,CmentBd,BrkFace,662.0,Ex,TA,PConc,0.0,0.0,1528.0,GasA,Ex,Y,SBrkr,1528,1862,0,3390,0.0,0.0,3,1,5,1,Ex,10,Typ,1,2006.0,3.0,758.0,Y,204,34,0,0,0,0,0,9,2006,New,Partial,545224,0,0,0,0,1,1,0,5,1,6,6,1,3,1,0,,0,1
2331,60,RL,63.0,12292,Pave,IR1,HLS,AllPub,CulDSac,Gtl,StoneBr,Norm,Norm,1Fam,2Story,9,5,2006,2006,Hip,CompShg,VinylSd,VinylSd,BrkFace,184.0,Gd,TA,PConc,205.0,0.0,1094.0,GasA,Ex,Y,SBrkr,1102,1371,0,2473,0.0,0.0,2,1,4,1,Gd,11,Typ,1,2006.0,3.0,675.0,Y,246,39,0,0,0,0,0,7,2006,New,Partial,356383,0,0,0,0,1,1,0,2,1,2,6,1,3,1,2,,0,1
2332,60,RL,85.0,16056,Pave,IR1,Lvl,AllPub,Inside,Gtl,StoneBr,Norm,Norm,1Fam,2Story,9,5,2005,2006,Hip,CompShg,CemntBd,CmentBd,Stone,208.0,Gd,TA,PConc,240.0,0.0,1992.0,GasA,Ex,Y,SBrkr,1992,876,0,2868,0.0,0.0,3,1,4,1,Ex,11,Typ,1,2005.0,3.0,716.0,Y,214,108,0,0,0,0,0,7,2006,New,Partial,556581,0,0,0,0,4,1,0,5,0,2,6,1,3,1,2,,0,4
2333,60,RL,82.0,12438,Pave,IR1,Lvl,AllPub,Inside,Gtl,StoneBr,Norm,Norm,1Fam,2Story,8,5,2006,2006,Hip,CompShg,VinylSd,VinylSd,BrkFace,466.0,Ex,TA,PConc,0.0,0.0,1234.0,GasA,Ex,Y,SBrkr,1264,1312,0,2576,0.0,0.0,2,1,4,1,Ex,10,Typ,1,2006.0,3.0,666.0,Y,324,100,0,0,0,0,0,7,2006,New,Partial,361919,0,0,0,0,1,1,0,2,3,6,6,1,3,1,2,,0,1
2334,60,RL,82.0,16052,Pave,IR1,Lvl,AllPub,CulDSac,Gtl,StoneBr,Norm,Norm,1Fam,2Story,10,5,2006,2006,Hip,CompShg,VinylSd,VinylSd,Stone,734.0,Ex,TA,PConc,1206.0,0.0,1850.0,GasA,Ex,Y,SBrkr,1850,848,0,2698,1.0,0.0,2,1,4,1,Ex,11,Typ,1,2006.0,3.0,736.0,Y,250,0,0,0,0,0,0,7,2006,New,Partial,535000,0,0,0,0,4,1,0,5,3,2,6,1,1,1,2,,0,4
2335,60,RL,92.0,15922,Pave,IR1,HLS,AllPub,Corner,Gtl,StoneBr,Norm,Norm,1Fam,2Story,9,5,2005,2006,Hip,CompShg,VinylSd,VinylSd,BrkFace,550.0,Gd,TA,PConc,0.0,0.0,1390.0,GasA,Ex,Y,SBrkr,1390,1405,0,2795,0.0,0.0,3,1,4,1,Ex,10,Typ,1,2005.0,3.0,660.0,Y,272,102,0,0,0,0,0,1,2006,New,Partial,401179,0,0,0,0,1,1,0,5,0,6,6,1,3,1,2,,0,1
2336,60,RL,66.0,13682,Pave,IR2,HLS,AllPub,CulDSac,Gtl,StoneBr,Norm,Norm,1Fam,2Story,10,5,2006,2006,Hip,CompShg,VinylSd,VinylSd,BrkFace,1031.0,Ex,TA,PConc,0.0,0.0,1410.0,GasA,Ex,Y,SBrkr,1426,1519,0,2945,0.0,0.0,3,1,3,1,Gd,10,Typ,1,2006.0,3.0,641.0,Y,192,0,37,0,0,0,0,10,2006,New,Partial,438780,0,0,0,0,1,1,0,5,1,6,6,1,3,1,2,,0,1
2337,60,RL,68.0,14762,Pave,IR2,Lvl,AllPub,Corner,Gtl,Gilbert,Feedr,Norm,1Fam,2Story,5,6,1948,1950,Gable,CompShg,Plywood,Plywood,None,0.0,TA,TA,Slab,0.0,0.0,0.0,GasA,Gd,Y,SBrkr,1547,720,53,2320,0.0,0.0,2,0,2,1,TA,7,Typ,1,1979.0,2.0,672.0,P,120,144,0,0,0,0,0,5,2006,WD ,Normal,169000,0,0,0,0,3,0,3,3,4,4,4,1,1,1,5,,3,3
2338,190,RL,100.0,34650,Pave,Reg,Bnk,AllPub,Inside,Gtl,Gilbert,Norm,Norm,2fmCon,1Story,5,5,1955,1955,Hip,CompShg,Wd Sdng,Wd Sdng,None,0.0,TA,TA,CBlock,1056.0,0.0,1056.0,GasA,TA,N,SBrkr,1056,0,0,1056,1.0,0.0,1,0,3,1,TA,5,Typ,0,1955.0,2.0,572.0,Y,264,0,0,0,0,0,0,1,2006,WD ,Normal,145000,0,0,0,0,3,1,5,5,2,5,6,1,1,0,3,,5,3
2339,120,RL,60.0,8147,Pave,Reg,HLS,AllPub,Inside,Gtl,StoneBr,Norm,Norm,TwnhsE,1Story,9,5,2005,2005,Hip,CompShg,MetalSd,MetalSd,BrkFace,230.0,Gd,TA,PConc,1191.0,0.0,1714.0,GasA,Ex,Y,SBrkr,1714,0,0,1714,1.0,0.0,2,0,2,1,Gd,7,Typ,1,2005.0,2.0,517.0,Y,156,55,0,0,0,0,0,8,2006,WD ,Normal,318000,0,0,0,0,1,1,0,5,1,2,6,1,1,1,2,,0,1
2340,20,RL,69.0,11302,Pave,IR1,Lvl,AllPub,Inside,Gtl,StoneBr,Norm,Norm,1Fam,1Story,8,5,2005,2006,Gable,CompShg,VinylSd,Other,BrkFace,238.0,Gd,TA,PConc,1422.0,0.0,1814.0,GasA,Ex,Y,SBrkr,1826,0,0,1826,1.0,0.0,2,0,3,1,Gd,7,Typ,1,2005.0,3.0,758.0,Y,180,75,0,0,120,0,0,8,2006,New,Partial,319000,0,0,0,0,1,1,2,5,1,2,6,1,1,1,5,,2,1
2341,20,RL,90.0,18261,Pave,IR1,HLS,AllPub,Inside,Gtl,StoneBr,Norm,Norm,1Fam,1Story,9,5,2005,2005,Hip,CompShg,VinylSd,VinylSd,BrkFace,420.0,Ex,TA,PConc,1416.0,0.0,1910.0,GasA,Ex,Y,SBrkr,2000,0,0,2000,1.0,0.0,2,1,3,1,Ex,8,Typ,2,2005.0,3.0,722.0,Y,351,102,0,0,123,0,0,9,2006,WD ,Normal,470000,0,0,0,0,1,1,0,5,1,2,6,1,1,1,2,,0,1
2342,20,RL,91.0,14145,Pave,Reg,Lvl,AllPub,Corner,Gtl,NWAmes,Norm,Norm,1Fam,1Story,7,7,1984,1998,Gable,CompShg,Wd Sdng,Wd Sdng,None,0.0,Gd,TA,CBlock,213.0,0.0,1208.0,GasA,Ex,Y,SBrkr,1621,0,0,1621,1.0,0.0,2,0,3,1,Gd,8,Typ,0,1984.0,2.0,440.0,Y,108,45,0,0,0,0,400,5,2006,WD ,Normal,202500,0,0,0,1,3,1,2,5,2,0,6,1,1,0,3,,2,3
2343,50,RL,68.0,13837,Pave,IR1,Lvl,AllPub,Corner,Gtl,NWAmes,Norm,Norm,1Fam,1.5Fin,7,5,1988,1988,Gable,CompShg,HdBoard,HdBoard,BrkFace,178.0,Gd,Gd,PConc,1002.0,202.0,1204.0,GasA,Gd,Y,SBrkr,1377,806,0,2183,0.0,0.0,2,1,4,1,Gd,9,Typ,0,1988.0,3.0,786.0,Y,0,0,0,0,0,0,0,2,2006,WD ,Normal,229000,0,0,0,0,1,1,2,2,3,2,3,1,1,0,3,,2,1
2344,60,RL,68.0,16659,Pave,IR1,Lvl,AllPub,Corner,Gtl,NWAmes,PosA,Norm,1Fam,2Story,7,7,1977,1994,Gable,CompShg,Plywood,Plywood,BrkFace,34.0,TA,TA,CBlock,795.0,0.0,795.0,GasA,Fa,Y,SBrkr,1468,795,0,2263,1.0,0.0,2,1,3,1,Gd,9,Typ,1,1977.0,2.0,539.0,Y,0,250,0,0,0,0,0,3,2006,WD ,Normal,235000,0,0,0,0,1,1,5,5,3,0,6,1,1,1,5,,5,1
2345,60,RL,68.0,18800,Pave,IR1,Lvl,AllPub,FR2,Gtl,NWAmes,Norm,Norm,1Fam,2Story,6,5,1976,1976,Gable,CompShg,HdBoard,HdBoard,BrkFace,120.0,TA,TA,PConc,712.0,0.0,796.0,GasA,TA,Y,SBrkr,790,784,0,1574,1.0,0.0,2,1,3,1,TA,6,Typ,1,1976.0,2.0,566.0,Y,306,111,0,0,0,0,0,7,2006,WD ,Normal,190000,0,0,0,0,1,1,2,5,2,2,6,1,1,1,5,,2,1
2346,85,RL,68.0,10464,Pave,IR1,Lvl,AllPub,FR3,Gtl,NWAmes,Norm,Norm,1Fam,SFoyer,6,6,1980,1980,Gable,CompShg,HdBoard,HdBoard,BrkFace,130.0,TA,TA,CBlock,850.0,0.0,988.0,GasA,TA,Y,SBrkr,1102,0,0,1102,1.0,0.0,1,0,2,1,TA,5,Typ,1,1980.0,2.0,582.0,Y,140,22,0,0,0,0,0,6,2006,WD ,Normal,169000,0,0,0,0,1,1,2,5,0,2,6,1,1,1,5,,2,1
2347,20,RL,80.0,10400,Pave,Reg,Lvl,AllPub,Inside,Gtl,NWAmes,Norm,Norm,1Fam,1Story,7,5,1988,1988,Gable,CompShg,Wd Sdng,Wd Sdng,BrkFace,102.0,TA,TA,CBlock,929.0,0.0,1845.0,GasA,Gd,Y,SBrkr,1872,0,0,1872,0.0,1.0,2,0,3,1,TA,6,Typ,1,1988.0,2.0,604.0,Y,197,39,0,0,0,0,0,6,2006,WD ,Normal,241500,0,0,0,0,1,1,2,5,0,2,6,1,1,1,5,,2,1
2348,60,RL,81.0,10530,Pave,Reg,Lvl,AllPub,Inside,Gtl,NWAmes,PosA,Norm,1Fam,2Story,7,5,1978,1978,Gable,CompShg,Plywood,Plywood,BrkFace,68.0,TA,TA,CBlock,0.0,0.0,945.0,GasA,TA,Y,SBrkr,945,912,0,1857,0.0,0.0,2,1,4,1,TA,8,Typ,1,1978.0,2.0,482.0,Y,400,105,0,0,0,0,0,7,2006,WD ,Normal,188900,0,0,1,0,1,1,5,5,3,6,6,1,1,1,5,,5,1
2349,20,RL,79.0,10240,Pave,Reg,Lvl,AllPub,Inside,Gtl,NWAmes,Norm,Norm,1Fam,1Story,6,6,1980,1980,Gable,CompShg,Plywood,Plywood,BrkFace,157.0,TA,Gd,CBlock,625.0,1061.0,1686.0,GasA,TA,Y,SBrkr,1686,0,0,1686,1.0,0.0,2,0,3,1,TA,7,Typ,1,1980.0,2.0,612.0,Y,384,131,0,0,0,0,0,5,2006,WD ,Normal,207500,0,0,0,0,1,1,2,5,3,1,3,1,1,1,5,,2,1
2350,60,RL,80.0,16692,Pave,IR1,Lvl,AllPub,Inside,Gtl,NWAmes,RRAn,Norm,1Fam,2Story,7,5,1978,1978,Gable,CompShg,Plywood,Plywood,BrkFace,184.0,TA,TA,CBlock,790.0,469.0,1392.0,GasA,TA,Y,SBrkr,1392,1392,0,2784,1.0,0.0,3,1,5,1,Gd,12,Typ,2,1978.0,2.0,564.0,Y,0,112,0,0,440,519,2000,7,2006,WD ,Normal,250000,0,1,1,1,1,1,2,5,3,1,3,1,1,1,5,,2,1
2351,60,RL,85.0,11475,Pave,Reg,Lvl,AllPub,Inside,Gtl,NWAmes,RRAn,Norm,1Fam,2Story,6,6,1975,1975,Gable,CompShg,VinylSd,VinylSd,None,0.0,TA,TA,CBlock,550.0,0.0,713.0,GasA,TA,Y,SBrkr,811,741,0,1552,1.0,0.0,2,1,3,1,TA,6,Typ,1,1975.0,2.0,434.0,Y,209,208,0,0,0,0,0,2,2006,WD ,Normal,179900,0,0,1,0,3,1,2,5,3,0,6,1,1,1,5,,2,3
2352,85,RL,68.0,9927,Pave,IR1,Lvl,AllPub,Inside,Gtl,NWAmes,Norm,Norm,1Fam,SFoyer,7,5,1976,1976,Gable,CompShg,VinylSd,Wd Shng,Stone,252.0,Gd,TA,CBlock,1005.0,0.0,1047.0,GasA,TA,Y,SBrkr,1083,0,0,1083,1.0,0.0,1,0,2,1,TA,5,Typ,1,1976.0,2.0,596.0,Y,444,0,40,0,0,0,0,7,2006,WD ,Normal,172000,0,0,0,0,4,1,0,5,1,2,6,1,1,1,1,,0,4
2353,60,FV,75.0,9512,Pave,IR1,Lvl,AllPub,Inside,Gtl,Somerst,RRAn,Norm,1Fam,2Story,7,5,2005,2006,Gable,CompShg,VinylSd,VinylSd,None,0.0,Gd,TA,PConc,788.0,0.0,960.0,GasA,Ex,Y,SBrkr,960,1358,0,2318,1.0,0.0,2,1,3,1,Gd,8,Typ,1,2005.0,2.0,541.0,Y,0,246,0,0,0,0,0,6,2006,New,Partial,294323,0,0,0,0,3,1,2,5,3,0,6,1,3,1,0,,2,3
2354,80,RL,81.0,10530,Pave,Reg,Lvl,AllPub,Inside,Gtl,NWAmes,Norm,Norm,1Fam,SLvl,6,6,1975,2000,Gable,CompShg,Plywood,Plywood,BrkFace,248.0,TA,TA,CBlock,548.0,0.0,675.0,GasA,TA,Y,SBrkr,1109,766,0,1875,0.0,0.0,3,0,3,1,Gd,8,Typ,1,1975.0,2.0,485.0,Y,48,28,0,0,0,0,0,6,2006,WD ,Normal,184500,0,0,0,0,1,1,5,1,3,0,6,1,1,1,5,,5,1
2355,20,RL,78.0,10140,Pave,Reg,Lvl,AllPub,Inside,Gtl,NWAmes,Norm,Norm,1Fam,1Story,5,6,1975,1975,Gable,CompShg,HdBoard,HdBoard,None,0.0,TA,TA,CBlock,788.0,0.0,1056.0,GasA,Ex,Y,SBrkr,1074,0,0,1074,1.0,0.0,1,1,3,1,TA,6,Typ,0,1975.0,2.0,495.0,Y,0,88,0,0,0,0,0,7,2006,WD ,Normal,153500,0,0,1,0,3,1,2,5,3,0,6,1,1,0,3,,2,3
2356,60,RL,78.0,10140,Pave,Reg,Lvl,AllPub,Inside,Gtl,NWAmes,Norm,Norm,1Fam,2Story,7,5,1976,1976,Gable,CompShg,HdBoard,HdBoard,None,0.0,TA,TA,PConc,194.0,0.0,832.0,GasA,TA,Y,SBrkr,832,832,0,1664,0.0,0.0,2,1,4,1,TA,8,Typ,1,1976.0,2.0,528.0,Y,0,28,0,0,259,0,0,3,2006,WD ,Normal,162900,0,0,1,0,3,1,2,5,3,2,6,1,1,1,5,,2,3
2357,20,RL,78.0,10140,Pave,Reg,Lvl,AllPub,Inside,Gtl,NWAmes,Norm,Norm,1Fam,1Story,6,6,1974,1999,Hip,CompShg,HdBoard,HdBoard,BrkFace,99.0,TA,TA,CBlock,663.0,377.0,1040.0,GasA,Fa,Y,SBrkr,1309,0,0,1309,1.0,0.0,1,1,3,1,Gd,5,Typ,1,1974.0,2.0,484.0,Y,265,0,0,0,0,648,0,1,2006,WD ,Normal,181000,0,1,1,0,1,1,5,5,3,0,3,1,1,1,1,,5,1
2358,20,RL,80.0,10000,Pave,Reg,Lvl,AllPub,Inside,Gtl,NWAmes,Norm,Norm,1Fam,1Story,6,6,1974,1974,Gable,CompShg,HdBoard,Plywood,BrkFace,176.0,TA,TA,CBlock,755.0,0.0,1103.0,GasA,TA,Y,SBrkr,1103,0,0,1103,0.0,0.0,2,0,3,1,TA,6,Typ,0,1974.0,2.0,462.0,Y,295,84,0,0,0,0,0,6,2006,WD ,Normal,155000,0,0,1,0,1,1,5,5,3,0,6,1,1,0,3,,5,1
2359,20,RL,68.0,15870,Pave,IR1,Lvl,AllPub,Corner,Gtl,NAmes,Norm,Norm,1Fam,1Story,5,5,1969,1969,Gable,CompShg,VinylSd,Plywood,None,0.0,TA,TA,CBlock,75.0,791.0,1096.0,GasA,Ex,Y,SBrkr,1096,0,0,1096,1.0,0.0,1,0,3,1,TA,6,Typ,0,1969.0,1.0,299.0,Y,240,32,0,0,0,0,0,3,2006,WD ,Abnorml,138800,0,0,0,0,3,1,5,5,2,1,5,1,1,0,3,,5,3
2360,20,RL,71.0,9353,Pave,Reg,Lvl,AllPub,Inside,Gtl,NAmes,Norm,Norm,1Fam,1Story,4,5,1970,1970,Gable,CompShg,MetalSd,MetalSd,None,0.0,TA,TA,CBlock,0.0,0.0,864.0,GasA,Gd,Y,SBrkr,864,0,0,864,0.0,0.0,1,0,3,1,TA,5,Typ,0,1972.0,1.0,280.0,Y,0,0,0,0,0,0,0,7,2006,Oth,Abnorml,116050,0,0,0,1,3,1,5,5,3,6,6,1,1,0,3,,5,3
2361,20,RL,68.0,8125,Pave,IR1,Lvl,AllPub,Corner,Gtl,NAmes,Norm,Norm,1Fam,1Story,4,4,1971,1971,Gable,CompShg,HdBoard,HdBoard,None,0.0,TA,TA,CBlock,614.0,0.0,858.0,GasA,TA,Y,SBrkr,858,0,0,858,0.0,0.0,1,0,3,1,TA,5,Typ,0,0.0,0.0,0.0,Y,0,0,0,0,0,0,0,6,2006,WD ,Normal,88000,0,0,0,0,3,1,5,5,3,1,6,0,6,0,3,,5,3
2362,20,RL,60.0,7200,Pave,Reg,Lvl,AllPub,Inside,Gtl,NAmes,Norm,Norm,1Fam,1Story,4,4,1971,1971,Gable,CompShg,HdBoard,HdBoard,None,0.0,TA,TA,CBlock,20.0,620.0,864.0,GasA,TA,Y,SBrkr,874,0,0,874,0.0,1.0,1,0,3,1,TA,5,Typ,0,1995.0,2.0,576.0,Y,63,0,0,0,0,0,0,3,2006,WD ,Normal,97500,0,0,0,0,3,1,5,5,3,5,3,1,5,0,3,,5,3
2363,120,RH,26.0,8773,Pave,IR2,Lvl,AllPub,FR2,Gtl,NAmes,Norm,Norm,TwnhsE,1Story,6,5,2002,2002,Gable,CompShg,MetalSd,MetalSd,None,0.0,Gd,TA,PConc,951.0,0.0,1487.0,GasA,Ex,Y,SBrkr,1419,0,0,1419,1.0,0.0,2,0,2,1,Gd,4,Typ,0,2002.0,2.0,543.0,Y,196,68,0,0,0,0,0,9,2006,WD ,Normal,190000,0,0,0,0,3,1,2,5,3,2,6,1,1,0,3,,2,3
2364,160,RM,24.0,2760,Pave,Reg,Lvl,AllPub,Inside,Gtl,BrDale,Norm,Norm,TwnhsE,2Story,6,5,1973,1973,Gable,CompShg,HdBoard,HdBoard,BrkFace,514.0,TA,TA,CBlock,0.0,0.0,525.0,GasA,TA,Y,SBrkr,525,567,0,1092,0.0,0.0,1,1,3,1,TA,6,Typ,0,1973.0,2.0,440.0,Y,0,0,0,0,0,0,0,12,2006,WD ,Normal,105500,0,0,0,0,1,1,5,5,3,6,6,1,5,0,3,,5,1
2365,160,RM,24.0,2160,Pave,Reg,Lvl,AllPub,Inside,Gtl,BrDale,Norm,Norm,TwnhsE,2Story,5,6,1973,1973,Gable,CompShg,HdBoard,HdBoard,BrkFace,200.0,TA,TA,CBlock,402.0,0.0,765.0,GasA,Gd,Y,SBrkr,765,600,0,1365,0.0,0.0,1,1,3,1,Gd,7,Min1,1,1973.0,2.0,440.0,Y,0,36,0,0,0,0,0,6,2006,WD ,Normal,125500,0,0,0,0,1,1,5,5,3,3,6,1,1,1,1,,5,1
2366,160,RM,21.0,1953,Pave,Reg,Lvl,AllPub,Inside,Gtl,BrDale,Norm,Norm,Twnhs,2Story,6,5,1973,1973,Gable,CompShg,HdBoard,HdBoard,BrkFace,408.0,TA,TA,CBlock,309.0,0.0,483.0,GasA,TA,Y,SBrkr,483,504,0,987,0.0,0.0,1,1,2,1,TA,5,Typ,0,1973.0,1.0,264.0,Y,72,0,0,0,0,0,0,6,2006,WD ,Normal,83000,0,0,0,0,1,1,5,1,3,1,6,1,5,0,3,,5,1
2367,160,RM,21.0,1890,Pave,Reg,Lvl,AllPub,Inside,Gtl,BrDale,Norm,Norm,Twnhs,2Story,6,7,1972,1972,Gable,CompShg,HdBoard,HdBoard,BrkFace,380.0,TA,TA,CBlock,282.0,0.0,494.0,GasA,Ex,Y,SBrkr,494,536,0,1030,0.0,0.0,1,1,3,1,TA,6,Typ,0,1973.0,1.0,264.0,Y,0,0,0,0,0,0,0,7,2006,WD ,Normal,116000,0,0,0,0,1,1,5,5,3,0,6,1,5,0,3,,5,1
2368,160,RM,21.0,1680,Pave,Reg,Lvl,AllPub,Inside,Gtl,BrDale,Norm,Norm,Twnhs,2Story,6,5,1971,1971,Gable,CompShg,CemntBd,CmentBd,BrkFace,236.0,TA,TA,CBlock,0.0,0.0,672.0,GasA,TA,Y,SBrkr,672,546,0,1218,0.0,0.0,1,1,3,1,TA,7,Typ,0,0.0,0.0,0.0,N,201,0,0,0,0,0,0,4,2006,WD ,Abnorml,91500,0,0,0,0,1,1,5,5,3,6,6,0,6,0,3,,5,1
2369,160,RM,21.0,1680,Pave,Reg,Lvl,AllPub,Inside,Gtl,BrDale,Norm,Norm,Twnhs,2Story,6,7,1972,1972,Gable,CompShg,HdBoard,HdBoard,BrkFace,281.0,TA,TA,CBlock,317.0,0.0,672.0,GasA,Gd,Y,SBrkr,672,546,0,1218,0.0,1.0,1,1,3,1,TA,7,Typ,0,1972.0,1.0,264.0,Y,0,28,0,0,0,0,0,5,2006,WD ,Normal,118000,0,0,0,0,1,1,5,5,3,1,6,1,5,0,3,,5,1
2370,160,RM,21.0,1680,Pave,Reg,Lvl,AllPub,Inside,Gtl,BrDale,Norm,Norm,Twnhs,2Story,6,5,1972,1972,Gable,CompShg,HdBoard,HdBoard,BrkFace,504.0,TA,TA,CBlock,276.0,0.0,483.0,GasA,TA,Y,SBrkr,483,465,0,948,0.0,0.0,1,1,2,1,TA,5,Typ,0,1972.0,1.0,264.0,Y,0,0,0,0,0,0,0,7,2006,WD ,Normal,89000,0,0,0,0,1,1,5,5,3,0,6,1,5,0,3,,5,1
2371,160,RM,21.0,1680,Pave,Reg,Lvl,AllPub,Inside,Gtl,BrDale,Norm,Norm,Twnhs,2Story,6,5,1972,1972,Gable,CompShg,HdBoard,HdBoard,BrkFace,504.0,TA,TA,CBlock,382.0,0.0,525.0,GasA,Gd,Y,SBrkr,525,567,0,1092,0.0,0.0,1,1,3,1,TA,6,Typ,0,1972.0,1.0,264.0,Y,352,0,0,0,0,0,0,10,2006,WD ,Normal,108000,0,0,1,0,1,1,5,5,3,1,6,1,5,0,3,,5,1
2372,160,RM,21.0,1680,Pave,Reg,Lvl,AllPub,Inside,Gtl,BrDale,Norm,Norm,Twnhs,2Story,6,5,1972,1972,Gable,CompShg,HdBoard,HdBoard,BrkFace,297.0,TA,TA,CBlock,0.0,0.0,483.0,GasA,TA,Y,SBrkr,483,504,0,987,0.0,0.0,1,1,2,1,TA,5,Typ,1,1972.0,1.0,288.0,Y,0,0,0,0,0,0,0,6,2006,WD ,Normal,94500,0,0,0,0,1,1,5,5,3,6,6,1,1,1,4,,5,1
2373,120,RL,53.0,4043,Pave,Reg,Lvl,AllPub,Inside,Gtl,NPkVill,Norm,Norm,TwnhsE,1Story,6,5,1975,1975,Gable,CompShg,Plywood,Plywood,None,0.0,TA,TA,CBlock,727.0,156.0,1069.0,GasA,Gd,Y,SBrkr,1069,0,0,1069,0.0,1.0,2,0,2,1,TA,4,Typ,1,1975.0,2.0,440.0,Y,0,55,0,0,225,0,0,7,2006,WD ,Normal,146300,0,0,0,0,3,1,2,5,3,0,1,1,1,1,4,,2,3
2374,20,RL,65.0,7514,Pave,Reg,Lvl,AllPub,Inside,Gtl,NAmes,Norm,Norm,1Fam,1Story,5,7,1967,1975,Hip,CompShg,MetalSd,MetalSd,None,0.0,TA,TA,CBlock,373.0,108.0,943.0,GasA,TA,Y,SBrkr,1387,0,0,1387,1.0,0.0,1,0,3,1,TA,6,Typ,1,1974.0,1.0,300.0,Y,0,0,240,0,0,0,0,9,2006,WD ,Normal,145000,0,0,0,0,3,1,5,5,2,0,5,1,1,1,5,,5,3
2375,85,RL,68.0,7838,Pave,Reg,Lvl,AllPub,Inside,Gtl,NAmes,Norm,Norm,1Fam,SFoyer,5,5,1967,1967,Gable,CompShg,HdBoard,HdBoard,None,0.0,TA,TA,CBlock,769.0,0.0,864.0,GasA,TA,Y,SBrkr,900,0,0,900,1.0,0.0,1,0,3,1,TA,6,Typ,1,1967.0,1.0,288.0,Y,175,144,0,0,0,0,0,12,2006,WD ,Normal,123000,0,0,1,0,3,1,5,5,0,0,6,1,1,1,4,,5,3
2376,120,RL,24.0,2280,Pave,Reg,Lvl,AllPub,FR2,Gtl,NPkVill,Norm,Norm,Twnhs,1Story,7,7,1976,1976,Gable,CompShg,Plywood,Brk Cmn,None,0.0,TA,TA,CBlock,120.0,492.0,1055.0,GasA,TA,Y,SBrkr,1055,0,0,1055,1.0,0.0,2,0,2,1,TA,4,Typ,0,1976.0,1.0,319.0,Y,0,29,0,0,0,0,0,4,2006,WD ,Normal,137500,0,0,0,0,3,1,5,5,3,0,1,1,1,0,3,,5,3
2377,160,RL,24.0,2179,Pave,Reg,Lvl,AllPub,Inside,Gtl,NPkVill,Norm,Norm,Twnhs,2Story,6,5,1976,1976,Gable,CompShg,Plywood,Brk Cmn,None,0.0,TA,TA,CBlock,70.0,0.0,855.0,GasA,Gd,Y,SBrkr,855,601,0,1456,0.0,0.0,2,1,3,1,TA,6,Typ,1,1976.0,2.0,460.0,Y,0,28,0,0,0,0,0,7,2006,WD ,Normal,144000,0,0,0,0,3,1,2,5,3,0,6,1,1,1,5,,2,3
2378,20,RL,129.0,16737,Pave,Reg,Lvl,AllPub,FR3,Gtl,NridgHt,Norm,Norm,1Fam,1Story,9,5,2004,2005,Hip,CompShg,VinylSd,VinylSd,BrkFace,66.0,Gd,TA,PConc,1447.0,0.0,1980.0,GasA,Ex,Y,SBrkr,1980,0,0,1980,1.0,0.0,2,0,3,1,Ex,8,Typ,1,2004.0,3.0,770.0,Y,194,45,0,0,0,0,0,9,2006,WD ,Normal,315000,0,0,0,0,1,1,0,5,0,2,6,1,1,1,2,,0,1
2379,60,RL,72.0,16387,Pave,IR1,Lvl,AllPub,Inside,Gtl,NridgHt,Norm,Norm,1Fam,2Story,9,5,2006,2006,Hip,CompShg,VinylSd,VinylSd,Stone,215.0,Gd,TA,PConc,1369.0,0.0,1738.0,GasA,Gd,Y,SBrkr,1738,851,0,2589,1.0,0.0,2,1,4,1,Ex,11,Typ,1,2006.0,3.0,831.0,Y,0,0,0,0,0,0,0,8,2006,New,Partial,412083,0,0,0,0,4,1,0,2,3,2,6,1,1,1,2,,0,4
2380,60,RL,111.0,16259,Pave,Reg,Lvl,AllPub,Corner,Gtl,NridgHt,Norm,Norm,1Fam,2Story,9,5,2006,2006,Gable,CompShg,VinylSd,VinylSd,Stone,370.0,TA,TA,PConc,0.0,0.0,1249.0,GasA,Ex,Y,SBrkr,1249,1347,0,2596,0.0,0.0,3,1,4,1,Gd,9,Typ,0,2006.0,3.0,840.0,Y,240,154,0,0,0,0,0,9,2006,New,Partial,342643,0,0,0,0,4,1,0,2,0,6,6,1,1,0,3,,0,4
2381,20,RL,110.0,16163,Pave,Reg,Lvl,AllPub,Corner,Gtl,NridgHt,Norm,Norm,1Fam,1Story,8,5,2004,2004,Gable,CompShg,VinylSd,VinylSd,BrkFace,232.0,Gd,TA,PConc,0.0,0.0,1618.0,GasA,Ex,Y,SBrkr,1618,0,0,1618,0.0,0.0,2,0,2,1,Gd,6,Typ,1,2004.0,3.0,880.0,Y,0,0,0,0,0,0,0,7,2006,WD ,Normal,252000,0,0,0,0,1,1,2,5,0,6,6,1,1,1,2,,2,1
2383,20,RL,108.0,12228,Pave,Reg,Lvl,AllPub,Corner,Gtl,NridgHt,Norm,Norm,1Fam,1Story,7,5,2006,2006,Hip,CompShg,VinylSd,VinylSd,Stone,206.0,Gd,TA,PConc,0.0,0.0,1721.0,GasA,Ex,Y,SBrkr,1740,0,0,1740,0.0,0.0,2,0,4,1,Gd,8,Typ,0,2006.0,3.0,874.0,Y,0,43,0,0,0,0,0,9,2006,New,Partial,293000,0,0,0,0,4,1,0,2,3,6,6,1,1,0,3,,0,4
2384,20,RL,120.0,14780,Pave,IR1,HLS,AllPub,Corner,Mod,NridgHt,Norm,Norm,1Fam,1Story,9,5,2005,2005,Hip,CompShg,VinylSd,VinylSd,BrkFace,568.0,Ex,TA,PConc,1505.0,0.0,1868.0,GasA,Ex,Y,SBrkr,1868,0,0,1868,1.0,0.0,2,0,2,1,Ex,7,Typ,1,2005.0,3.0,1085.0,Y,354,56,0,0,156,0,0,6,2006,WD ,Normal,415000,0,0,0,0,1,1,0,5,1,2,6,1,1,1,2,,0,1
2385,20,RL,98.0,16033,Pave,IR1,Lvl,AllPub,FR2,Gtl,NridgHt,Norm,Norm,1Fam,1Story,9,5,2004,2005,Hip,CompShg,VinylSd,VinylSd,BrkFace,378.0,Gd,TA,PConc,1261.0,0.0,1833.0,GasA,Ex,Y,SBrkr,1850,0,0,1850,1.0,0.0,2,0,3,1,Gd,8,Typ,1,2004.0,3.0,772.0,Y,519,112,0,0,0,0,0,3,2006,WD ,Normal,326000,0,0,0,0,1,1,0,5,1,2,6,1,1,1,2,,0,1
2386,60,RL,101.0,14215,Pave,IR1,Lvl,AllPub,Corner,Gtl,NridgHt,Norm,Norm,1Fam,2Story,8,5,2005,2006,Gable,CompShg,VinylSd,VinylSd,BrkFace,380.0,Gd,TA,PConc,0.0,0.0,1158.0,GasA,Ex,Y,SBrkr,1158,1218,0,2376,0.0,0.0,3,1,4,1,Gd,9,Typ,1,2005.0,3.0,853.0,Y,240,154,0,0,0,0,0,11,2006,New,Partial,325300,0,0,0,0,1,1,0,5,0,6,6,1,3,1,2,,0,1
2387,60,RL,108.0,13418,Pave,Reg,Lvl,AllPub,Inside,Gtl,NridgHt,Norm,Norm,1Fam,2Story,8,5,2004,2005,Gable,CompShg,VinylSd,VinylSd,Stone,132.0,Gd,TA,PConc,0.0,0.0,1117.0,GasA,Ex,Y,SBrkr,1132,1320,0,2452,0.0,0.0,3,1,4,1,Gd,9,Typ,1,2004.0,3.0,691.0,Y,113,32,0,0,0,0,0,9,2006,WD ,Normal,309000,0,0,0,0,4,1,0,5,0,6,6,1,3,1,2,,0,4
2388,60,RL,120.0,13975,Pave,IR1,Lvl,AllPub,Corner,Gtl,NridgHt,Norm,Norm,1Fam,2Story,9,5,2005,2006,Hip,CompShg,VinylSd,VinylSd,BrkFace,525.0,Gd,TA,PConc,0.0,0.0,1090.0,GasA,Ex,Y,SBrkr,1117,1089,0,2206,0.0,0.0,2,1,4,1,Ex,10,Typ,1,2005.0,3.0,670.0,Y,148,95,0,0,0,0,0,8,2006,New,Partial,300000,0,0,0,0,1,1,2,5,0,6,6,1,3,1,2,,2,1
2389,60,RL,80.0,10240,Pave,Reg,Lvl,AllPub,Inside,Gtl,NridgHt,Norm,Norm,1Fam,2Story,8,5,2005,2005,Gable,CompShg,VinylSd,VinylSd,BrkFace,178.0,Gd,TA,PConc,0.0,0.0,1030.0,GasA,Gd,Y,SBrkr,1038,1060,0,2098,0.0,0.0,2,1,3,1,Ex,8,Typ,1,2005.0,3.0,878.0,Y,192,52,0,0,0,0,0,3,2006,WD ,Normal,275500,0,0,0,0,1,1,2,5,2,6,6,1,1,1,2,,2,1
2390,60,RL,82.0,9942,Pave,IR1,Lvl,AllPub,Inside,Gtl,NridgHt,Norm,Norm,1Fam,2Story,9,5,2005,2006,Gable,CompShg,MetalSd,MetalSd,BrkFace,385.0,Ex,TA,PConc,1290.0,0.0,1606.0,GasA,Ex,Y,SBrkr,1625,466,0,2091,1.0,0.0,2,1,3,1,Ex,8,Typ,1,2005.0,2.0,521.0,Y,194,84,0,0,0,0,0,5,2006,New,Partial,338500,0,0,0,0,1,1,0,2,0,2,6,1,1,1,2,,0,1
2391,60,RL,85.0,11924,Pave,IR1,Lvl,AllPub,Inside,Gtl,NridgHt,Norm,Norm,1Fam,2Story,9,5,2005,2006,Hip,CompShg,WdShing,Wd Shng,Stone,286.0,Ex,TA,PConc,998.0,0.0,1175.0,GasA,Ex,Y,SBrkr,1182,1142,0,2324,1.0,0.0,3,0,4,1,Ex,11,Typ,2,2005.0,3.0,736.0,Y,147,21,0,0,0,0,0,7,2006,New,Partial,345000,0,0,0,0,4,1,0,5,3,2,6,1,3,1,2,,0,4
2393,60,RL,82.0,10672,Pave,IR1,Lvl,AllPub,Inside,Gtl,NridgHt,Norm,Norm,1Fam,2Story,8,5,2006,2006,Gable,CompShg,VinylSd,VinylSd,None,0.0,Gd,TA,PConc,0.0,0.0,1054.0,GasA,Gd,Y,SBrkr,1054,1335,0,2389,0.0,0.0,2,1,4,1,Gd,10,Typ,1,2006.0,3.0,672.0,Y,176,64,0,0,0,0,0,11,2006,New,Partial,298236,0,0,0,0,3,1,0,5,1,6,6,1,3,1,2,,0,3
2394,60,RL,82.0,11643,Pave,IR1,Lvl,AllPub,Inside,Gtl,NridgHt,Norm,Norm,1Fam,2Story,8,5,2005,2006,Hip,CompShg,MetalSd,MetalSd,BrkFace,142.0,Gd,TA,PConc,880.0,0.0,1524.0,GasA,Ex,Y,SBrkr,1544,814,0,2358,1.0,0.0,2,1,4,1,Ex,10,Typ,1,2005.0,3.0,784.0,Y,120,34,0,0,0,0,0,8,2006,New,Partial,329900,0,0,0,0,1,1,0,5,0,2,6,1,3,1,2,,0,1
2395,20,RL,90.0,12378,Pave,IR1,Lvl,AllPub,Inside,Gtl,NridgHt,Norm,Norm,1Fam,1Story,9,5,2003,2004,Gable,CompShg,VinylSd,VinylSd,None,0.0,Gd,TA,PConc,1274.0,0.0,1896.0,GasA,Ex,Y,SBrkr,1944,0,0,1944,1.0,0.0,2,0,3,1,Ex,8,Typ,3,2003.0,3.0,708.0,Y,208,175,0,0,0,0,0,11,2006,WD ,Normal,360000,0,0,0,0,3,1,0,5,1,2,6,1,1,1,0,,0,3
2396,60,RL,86.0,11065,Pave,IR1,Lvl,AllPub,Inside,Gtl,NridgHt,Norm,Norm,1Fam,2Story,8,5,2006,2006,Gable,CompShg,VinylSd,VinylSd,Stone,788.0,Gd,TA,PConc,0.0,0.0,1085.0,GasA,Ex,Y,SBrkr,1120,850,0,1970,0.0,0.0,2,1,3,1,Ex,8,Typ,1,2006.0,3.0,753.0,Y,177,74,0,0,0,0,0,10,2006,New,Partial,281000,0,0,0,0,4,1,2,5,2,6,6,1,3,1,2,,2,4
2397,20,RL,121.0,13758,Pave,IR1,Lvl,AllPub,Inside,Gtl,NridgHt,Norm,Norm,1Fam,1Story,9,5,2005,2006,Gable,CompShg,VinylSd,VinylSd,BrkFace,430.0,Ex,TA,PConc,1232.0,0.0,1792.0,GasA,Ex,Y,SBrkr,1792,0,0,1792,1.0,0.0,2,0,2,1,Gd,6,Typ,1,2005.0,3.0,925.0,Y,204,49,0,0,0,0,0,3,2006,New,Partial,372397,0,0,0,0,1,1,0,5,1,2,6,1,1,1,2,,0,1
2398,20,RL,131.0,14828,Pave,IR1,Lvl,AllPub,Corner,Gtl,NridgHt,Norm,Norm,1Fam,1Story,9,5,2004,2005,Hip,CompShg,MetalSd,MetalSd,BrkFace,674.0,Ex,TA,PConc,1383.0,0.0,1780.0,GasA,Ex,Y,SBrkr,1780,0,0,1780,1.0,0.0,2,0,2,1,Ex,7,Typ,1,2004.0,3.0,816.0,Y,144,68,0,0,0,0,0,8,2006,WD ,Normal,378000,0,0,0,0,1,1,0,5,1,2,6,1,1,1,2,,0,1
2399,20,RL,72.0,11846,Pave,IR1,HLS,AllPub,Inside,Gtl,NridgHt,Norm,Norm,1Fam,1Story,9,5,2003,2004,Hip,CompShg,VinylSd,VinylSd,BrkFace,562.0,Gd,TA,PConc,1567.0,0.0,1792.0,GasA,Ex,Y,SBrkr,1792,0,0,1792,1.0,0.0,2,0,2,1,Ex,6,Typ,1,2003.0,3.0,874.0,Y,206,49,0,0,0,0,0,8,2006,WD ,Normal,374000,0,0,0,0,1,1,0,5,1,2,6,1,1,1,2,,0,1
2400,60,RL,56.0,20431,Pave,IR2,Lvl,AllPub,Inside,Gtl,NridgHt,Norm,Norm,1Fam,2Story,9,5,2005,2006,Hip,CompShg,CemntBd,CmentBd,BrkFace,870.0,Ex,TA,PConc,1410.0,0.0,1848.0,GasA,Ex,Y,SBrkr,1848,880,0,2728,1.0,0.0,2,1,4,1,Ex,10,Typ,2,2006.0,3.0,706.0,Y,0,0,0,0,0,0,0,4,2006,New,Partial,437154,0,0,0,0,1,1,0,5,3,2,6,1,1,1,0,,0,1
2401,60,RL,74.0,10927,Pave,Reg,Lvl,AllPub,Inside,Gtl,NridgHt,Norm,Norm,1Fam,2Story,8,5,2005,2005,Gable,CompShg,VinylSd,VinylSd,BrkFace,280.0,Gd,TA,PConc,546.0,0.0,1058.0,GasA,Ex,Y,SBrkr,1058,846,0,1904,1.0,0.0,2,1,3,1,Ex,8,Typ,1,2003.0,2.0,736.0,Y,179,60,0,0,0,0,0,6,2006,WD ,Normal,275000,0,0,0,0,1,1,2,5,0,2,6,1,3,1,2,,2,1
2402,60,RL,68.0,13215,Pave,IR1,Lvl,AllPub,Corner,Gtl,NridgHt,Norm,Norm,1Fam,2Story,8,5,2004,2004,Gable,CompShg,VinylSd,VinylSd,BrkFace,112.0,Gd,TA,PConc,994.0,0.0,1420.0,GasA,Ex,Y,SBrkr,1426,488,0,1914,1.0,0.0,2,1,3,1,Gd,9,Typ,1,2004.0,3.0,746.0,Y,168,127,0,0,0,0,0,2,2006,WD ,Normal,279000,0,0,0,0,1,1,2,5,3,2,6,1,3,1,5,,2,1
2403,120,RL,43.0,7052,Pave,IR1,Lvl,AllPub,Inside,Gtl,NridgHt,Norm,Norm,TwnhsE,1Story,7,5,2005,2005,Gable,CompShg,VinylSd,VinylSd,Stone,240.0,Gd,TA,PConc,659.0,0.0,1364.0,GasA,Ex,Y,SBrkr,1364,0,0,1364,1.0,0.0,2,0,2,1,Gd,6,Typ,1,2005.0,2.0,484.0,Y,192,36,0,0,0,0,0,6,2006,WD ,Normal,185850,0,0,0,0,4,1,2,5,0,2,6,1,1,1,2,,2,4
2404,120,RL,48.0,5911,Pave,Reg,Lvl,AllPub,Inside,Gtl,NridgHt,Norm,Norm,TwnhsE,1Story,9,5,2005,2005,Hip,CompShg,MetalSd,MetalSd,BrkFace,278.0,Ex,TA,PConc,472.0,0.0,1560.0,GasA,Ex,Y,SBrkr,1565,0,0,1565,1.0,0.0,2,0,2,1,Ex,6,Typ,1,2005.0,2.0,556.0,Y,196,56,0,0,0,0,0,3,2006,WD ,Normal,282500,0,0,0,0,1,1,0,5,3,2,6,1,1,1,2,,0,1
2405,120,RL,48.0,6955,Pave,IR1,Lvl,AllPub,Inside,Gtl,NridgHt,Norm,Norm,TwnhsE,1Story,7,5,2005,2006,Gable,CompShg,VinylSd,VinylSd,Stone,94.0,Gd,TA,PConc,0.0,0.0,1368.0,GasA,Ex,Y,SBrkr,1368,0,0,1368,0.0,0.0,2,0,2,1,Gd,6,Typ,1,2005.0,2.0,474.0,Y,132,35,0,0,0,0,0,9,2006,New,Partial,202500,0,0,0,0,4,1,2,5,3,6,6,1,1,1,2,,2,4
2406,120,RL,40.0,6792,Pave,IR1,Lvl,AllPub,Inside,Gtl,NridgHt,Norm,Norm,TwnhsE,1Story,7,5,2005,2006,Gable,CompShg,VinylSd,VinylSd,Stone,94.0,Gd,TA,PConc,0.0,0.0,1368.0,GasA,Ex,Y,SBrkr,1368,0,0,1368,0.0,0.0,2,0,2,1,Gd,6,Typ,1,2005.0,2.0,474.0,Y,132,35,0,0,0,0,0,3,2006,New,Partial,202665,0,0,0,0,4,1,2,5,3,6,6,1,1,1,2,,2,4
2407,20,RL,61.0,7740,Pave,Reg,Lvl,AllPub,Inside,Gtl,NridgHt,Norm,Norm,TwnhsE,1Story,9,5,2006,2006,Hip,CompShg,MetalSd,MetalSd,BrkFace,518.0,Gd,TA,PConc,1023.0,0.0,1686.0,GasA,Ex,Y,SBrkr,1686,0,0,1686,1.0,0.0,2,0,1,1,Ex,6,Typ,1,2006.0,3.0,899.0,Y,266,100,0,0,0,0,0,6,2006,New,Partial,332200,0,0,0,0,1,1,0,2,3,2,6,1,1,1,2,,0,1
2408,120,RL,48.0,6373,Pave,Reg,Lvl,AllPub,Inside,Gtl,NridgHt,Norm,Norm,TwnhsE,1Story,9,5,2006,2006,Hip,CompShg,MetalSd,MetalSd,BrkFace,572.0,Ex,TA,PConc,415.0,0.0,1666.0,GasA,Ex,Y,SBrkr,1666,0,0,1666,1.0,0.0,2,0,2,1,Gd,6,Typ,1,2006.0,2.0,575.0,Y,228,75,0,0,0,0,0,6,2006,New,Partial,310090,0,0,0,0,1,1,0,2,3,2,6,1,1,1,2,,0,1
2409,120,RL,68.0,3136,Pave,IR1,Lvl,AllPub,Corner,Gtl,NridgHt,Norm,Norm,TwnhsE,1Story,7,5,2003,2003,Gable,CompShg,VinylSd,Wd Shng,Stone,163.0,Gd,TA,PConc,0.0,0.0,1405.0,GasA,Ex,Y,SBrkr,1405,0,0,1405,0.0,0.0,2,0,2,1,Gd,6,Typ,1,2003.0,2.0,478.0,Y,148,36,0,0,0,0,0,3,2006,WD ,Normal,171750,0,0,0,0,4,1,2,5,3,6,6,1,1,1,2,,2,4
2410,20,RL,65.0,10237,Pave,Reg,Lvl,AllPub,Inside,Gtl,Gilbert,RRAn,Norm,1Fam,1Story,6,5,2005,2006,Gable,CompShg,VinylSd,VinylSd,None,0.0,Gd,TA,PConc,28.0,0.0,1316.0,GasA,Ex,Y,SBrkr,1316,0,0,1316,0.0,0.0,2,0,3,1,Gd,6,Typ,1,2005.0,2.0,397.0,Y,100,0,0,23,0,0,0,10,2006,New,Partial,169990,0,0,0,0,3,1,2,5,3,2,6,1,1,1,2,,2,3
2411,60,RL,65.0,10237,Pave,Reg,Lvl,AllPub,Inside,Gtl,Gilbert,RRAn,Norm,1Fam,2Story,6,5,2005,2006,Gable,CompShg,VinylSd,VinylSd,None,0.0,Gd,TA,PConc,0.0,0.0,728.0,GasA,Ex,Y,SBrkr,728,728,0,1456,0.0,0.0,2,1,3,1,Gd,8,Typ,1,2005.0,2.0,390.0,Y,0,24,0,0,0,0,0,2,2006,New,Partial,170440,0,0,0,0,3,1,2,5,3,6,6,1,1,1,2,,2,3
2412,60,RL,65.0,10237,Pave,Reg,Lvl,AllPub,Inside,Gtl,Gilbert,RRAn,Norm,1Fam,2Story,7,5,2006,2006,Gable,CompShg,VinylSd,VinylSd,None,0.0,Gd,TA,PConc,0.0,0.0,738.0,GasA,Ex,Y,SBrkr,738,754,0,1492,0.0,0.0,2,1,3,1,Gd,8,Typ,0,2006.0,2.0,440.0,Y,0,32,0,0,0,0,0,9,2006,New,Partial,169985,0,0,0,0,3,1,2,5,3,6,6,1,1,0,3,,2,3
2413,60,RL,58.0,17104,Pave,IR1,Lvl,AllPub,Inside,Gtl,Gilbert,Norm,Norm,1Fam,2Story,7,5,2006,2006,Gable,CompShg,VinylSd,VinylSd,None,0.0,Gd,TA,PConc,554.0,0.0,654.0,GasA,Ex,Y,SBrkr,664,832,0,1496,1.0,0.0,2,1,3,1,Gd,7,Typ,1,2006.0,2.0,426.0,Y,100,24,0,0,0,0,0,9,2006,New,Partial,179665,0,0,0,0,3,1,2,2,0,2,6,1,1,1,2,,2,3
2414,60,RL,58.0,14054,Pave,IR1,Lvl,AllPub,Inside,Gtl,Gilbert,Norm,Norm,1Fam,2Story,7,5,2006,2006,Gable,CompShg,VinylSd,VinylSd,None,0.0,Gd,TA,PConc,0.0,0.0,879.0,GasA,Ex,Y,SBrkr,879,984,0,1863,0.0,0.0,2,1,4,1,Gd,9,Typ,1,2006.0,3.0,660.0,Y,100,17,0,0,0,0,0,11,2006,New,Partial,219210,0,0,0,0,3,1,2,5,0,6,6,1,3,1,2,,2,3
2415,20,RL,102.0,11660,Pave,IR1,Lvl,AllPub,Inside,Gtl,Gilbert,Norm,Norm,1Fam,1Story,6,5,2006,2006,Gable,CompShg,VinylSd,VinylSd,None,0.0,Gd,TA,PConc,0.0,0.0,1326.0,GasA,Ex,Y,SBrkr,1326,0,0,1326,0.0,0.0,2,0,3,1,Gd,6,Typ,0,2006.0,2.0,427.0,Y,100,0,0,0,0,0,0,7,2006,New,Partial,174190,0,0,0,0,3,1,2,5,0,6,6,1,1,0,3,,2,3
2416,60,RL,105.0,15578,Pave,IR1,Lvl,AllPub,Corner,Gtl,Gilbert,Norm,Norm,1Fam,2Story,6,5,2006,2006,Gable,CompShg,VinylSd,VinylSd,None,0.0,Gd,TA,PConc,0.0,0.0,728.0,GasA,Gd,Y,SBrkr,728,728,0,1456,0.0,0.0,2,1,3,1,TA,8,Typ,0,2006.0,2.0,429.0,Y,0,0,0,0,0,0,0,5,2006,New,Partial,172785,0,0,0,0,3,1,2,5,3,6,6,1,1,0,3,,2,3
2417,60,RL,96.0,11631,Pave,IR1,Lvl,AllPub,Corner,Gtl,Gilbert,Norm,Norm,1Fam,2Story,8,5,2004,2005,Gable,CompShg,VinylSd,VinylSd,BrkFace,236.0,Gd,TA,PConc,0.0,0.0,1052.0,GasA,Ex,Y,SBrkr,1052,1321,0,2373,0.0,0.0,2,1,4,1,Gd,9,Typ,1,2004.0,3.0,632.0,Y,120,46,0,0,0,0,0,6,2006,New,Partial,258000,0,0,0,0,1,1,2,5,0,6,6,1,3,1,2,,2,1
2418,60,RL,75.0,9073,Pave,IR1,Lvl,AllPub,Inside,Gtl,Gilbert,Norm,Norm,1Fam,2Story,7,5,2006,2006,Gable,CompShg,VinylSd,VinylSd,None,0.0,Gd,TA,PConc,0.0,0.0,738.0,GasA,Ex,Y,SBrkr,738,754,0,1492,0.0,0.0,2,1,3,1,Gd,8,Typ,0,2006.0,2.0,440.0,Y,100,32,0,0,0,0,0,10,2006,New,Partial,185101,0,0,0,0,3,1,2,5,3,6,6,1,1,0,3,,2,3
2419,120,RL,43.0,3087,Pave,Reg,Lvl,AllPub,Inside,Gtl,Blmngtn,Norm,Norm,TwnhsE,1Story,7,5,2006,2006,Gable,CompShg,VinylSd,VinylSd,BrkFace,14.0,Gd,TA,PConc,453.0,0.0,1220.0,GasA,Ex,Y,SBrkr,1364,0,0,1364,1.0,0.0,2,0,2,1,Gd,6,Typ,1,2006.0,2.0,437.0,Y,100,16,0,0,0,0,0,11,2006,New,Partial,210250,0,0,0,0,1,1,2,5,0,2,6,1,1,1,2,,2,1
2420,120,RL,68.0,3196,Pave,Reg,Lvl,AllPub,Inside,Gtl,Blmngtn,Norm,Norm,TwnhsE,1Story,7,5,2003,2004,Gable,CompShg,VinylSd,VinylSd,BrkFace,18.0,Gd,TA,PConc,0.0,0.0,1374.0,GasA,Ex,Y,SBrkr,1557,0,0,1557,0.0,0.0,2,0,2,1,Gd,7,Typ,1,2003.0,2.0,420.0,Y,143,20,0,0,0,0,0,10,2006,WD ,Normal,234000,0,0,0,0,1,1,2,5,1,6,6,1,1,1,5,,2,1
2421,120,RL,68.0,3196,Pave,Reg,Lvl,AllPub,Inside,Gtl,Blmngtn,Norm,Norm,TwnhsE,1Story,8,5,2003,2003,Gable,CompShg,VinylSd,VinylSd,BrkFace,40.0,Gd,TA,PConc,0.0,0.0,1273.0,GasA,Ex,Y,SBrkr,1456,0,0,1456,0.0,0.0,2,0,2,1,Gd,7,Typ,1,2003.0,2.0,400.0,Y,143,20,0,0,0,0,0,5,2006,WD ,Normal,215000,0,0,0,0,1,1,2,5,1,6,6,1,1,1,5,,2,1
2422,120,RL,68.0,2938,Pave,Reg,Lvl,AllPub,Inside,Gtl,Blmngtn,Norm,Norm,TwnhsE,1Story,7,5,2002,2002,Gable,CompShg,VinylSd,VinylSd,BrkFace,40.0,Gd,TA,PConc,1038.0,0.0,1368.0,GasA,Ex,Y,SBrkr,1511,0,0,1511,1.0,0.0,2,0,2,1,Gd,5,Typ,1,2002.0,2.0,398.0,Y,130,30,0,0,0,0,0,5,2006,WD ,Normal,246990,0,0,0,0,1,1,2,5,0,2,6,1,1,1,5,,2,1
2423,120,RM,68.0,3072,Pave,Reg,Lvl,AllPub,Inside,Gtl,Blmngtn,Norm,Norm,TwnhsE,1Story,7,5,2004,2004,Hip,CompShg,VinylSd,VinylSd,BrkFace,18.0,Gd,TA,PConc,0.0,0.0,1375.0,GasA,Ex,Y,SBrkr,1414,0,0,1414,0.0,0.0,2,0,2,1,Gd,6,Typ,1,2004.0,2.0,398.0,Y,144,20,0,0,0,0,0,5,2006,WD ,Normal,178740,0,0,0,0,1,1,2,5,3,6,6,1,1,1,5,,2,1
2424,120,RM,68.0,3072,Pave,Reg,Lvl,AllPub,Inside,Gtl,Blmngtn,Norm,Norm,TwnhsE,1Story,7,5,2004,2004,Hip,CompShg,VinylSd,VinylSd,BrkFace,18.0,Gd,TA,PConc,1059.0,0.0,1365.0,GasA,Ex,Y,SBrkr,1548,0,0,1548,1.0,0.0,2,0,2,1,Gd,7,Typ,1,2004.0,2.0,388.0,Y,143,20,0,0,0,0,0,9,2006,WD ,Normal,225000,0,0,0,0,1,1,2,5,3,2,6,1,1,1,5,,2,1
2425,120,RL,43.0,3010,Pave,Reg,Lvl,AllPub,Inside,Gtl,Blmngtn,Norm,Norm,TwnhsE,1Story,7,5,2005,2006,Gable,CompShg,VinylSd,VinylSd,BrkFace,16.0,Gd,TA,PConc,16.0,0.0,1248.0,GasA,Ex,Y,SBrkr,1248,0,0,1248,0.0,0.0,2,0,2,1,Gd,5,Typ,0,2005.0,2.0,438.0,Y,108,0,0,0,0,0,0,3,2006,New,Partial,167240,0,0,0,0,1,1,2,5,0,2,6,1,1,0,3,,2,1
2426,120,RL,43.0,3010,Pave,Reg,Lvl,AllPub,Inside,Gtl,Blmngtn,Norm,Norm,TwnhsE,1Story,7,5,2005,2006,Gable,CompShg,VinylSd,VinylSd,BrkFace,14.0,Gd,TA,PConc,16.0,0.0,1142.0,GasA,Ex,Y,SBrkr,1142,0,0,1142,0.0,0.0,2,0,2,1,Gd,6,Typ,0,2005.0,2.0,440.0,Y,90,0,0,0,0,0,0,6,2006,New,Partial,156820,0,0,0,0,1,1,2,5,1,2,6,1,1,0,3,,2,1
2427,120,RL,43.0,3013,Pave,Reg,Lvl,AllPub,Inside,Gtl,Blmngtn,Norm,Norm,TwnhsE,1Story,7,5,2005,2005,Gable,CompShg,VinylSd,VinylSd,BrkFace,145.0,Gd,TA,PConc,16.0,0.0,1362.0,GasA,Ex,Y,SBrkr,1506,0,0,1506,0.0,0.0,2,0,2,1,Gd,6,Typ,1,2005.0,2.0,440.0,Y,142,20,0,0,0,0,0,4,2006,WD ,Normal,213490,0,0,0,0,1,1,2,5,1,2,6,1,1,1,2,,2,1
2428,120,RL,53.0,3982,Pave,Reg,Lvl,AllPub,Inside,Gtl,Blmngtn,Norm,Norm,TwnhsE,1Story,8,5,2006,2006,Hip,CompShg,VinylSd,VinylSd,None,0.0,Gd,TA,PConc,1154.0,0.0,1520.0,GasA,Ex,Y,SBrkr,1567,0,0,1567,1.0,0.0,2,0,1,1,Ex,7,Typ,1,2006.0,3.0,648.0,Y,312,0,0,0,0,0,0,10,2006,New,Partial,264561,0,0,0,0,3,1,2,2,0,2,6,1,1,1,2,,2,3
2429,120,RL,53.0,4045,Pave,Reg,Lvl,AllPub,Inside,Gtl,Blmngtn,Norm,Norm,TwnhsE,1Story,7,5,2006,2006,Hip,CompShg,VinylSd,VinylSd,BrkFace,45.0,Gd,TA,PConc,1070.0,0.0,1356.0,GasA,Ex,Y,SBrkr,1500,0,0,1500,1.0,0.0,2,0,2,1,Gd,6,Typ,1,2006.0,3.0,648.0,Y,161,20,0,0,0,0,0,10,2006,New,Partial,246578,0,0,0,0,1,1,2,5,0,2,6,1,1,1,2,,2,1
2430,60,RL,60.0,21930,Pave,IR3,Lvl,AllPub,Inside,Gtl,Gilbert,RRAn,Norm,1Fam,2Story,5,5,2005,2005,Gable,CompShg,VinylSd,VinylSd,None,0.0,Gd,TA,PConc,0.0,0.0,732.0,GasA,Ex,Y,SBrkr,734,1104,0,1838,0.0,0.0,2,1,4,1,TA,7,Typ,1,2005.0,2.0,372.0,Y,100,40,0,0,0,0,0,7,2006,WD ,Normal,192140,0,0,0,0,3,1,2,2,0,6,6,1,3,1,2,,2,3
2431,60,RL,68.0,7861,Pave,IR1,Lvl,AllPub,Inside,Gtl,Gilbert,Norm,Norm,1Fam,2Story,6,5,2002,2003,Gable,CompShg,VinylSd,VinylSd,None,0.0,Gd,TA,PConc,457.0,0.0,783.0,GasA,Ex,Y,SBrkr,807,702,0,1509,1.0,0.0,2,1,3,1,Gd,7,Typ,1,2002.0,2.0,393.0,Y,100,75,0,0,0,0,0,6,2006,WD ,Normal,183200,0,0,0,0,3,1,2,5,3,2,6,1,1,1,2,,2,3
2432,60,RL,74.0,9056,Pave,IR1,Lvl,AllPub,Inside,Gtl,Gilbert,Norm,Norm,1Fam,2Story,8,5,2004,2004,Gable,CompShg,VinylSd,VinylSd,None,0.0,Gd,TA,PConc,0.0,0.0,707.0,GasA,Ex,Y,SBrkr,707,707,0,1414,0.0,0.0,2,1,3,1,Gd,6,Typ,1,2004.0,2.0,403.0,Y,100,35,0,0,0,0,0,10,2006,WD ,Normal,178000,0,0,0,0,3,1,0,2,0,6,6,1,1,1,2,,0,3
2433,60,RL,59.0,9171,Pave,IR1,Lvl,AllPub,Inside,Gtl,Gilbert,Norm,Norm,1Fam,2Story,7,5,2004,2005,Gable,CompShg,VinylSd,VinylSd,None,0.0,Gd,TA,PConc,0.0,0.0,848.0,GasA,Ex,Y,SBrkr,848,750,0,1598,0.0,0.0,2,1,3,1,Gd,7,Typ,1,2004.0,2.0,433.0,Y,100,48,0,0,0,0,0,7,2006,WD ,Normal,201490,0,0,0,0,3,1,2,5,0,6,6,1,1,1,2,,2,3
2434,60,RL,106.0,11194,Pave,IR1,Lvl,AllPub,Corner,Gtl,Gilbert,Norm,Norm,1Fam,2Story,8,5,2000,2000,Gable,CompShg,VinylSd,VinylSd,BrkFace,40.0,Gd,TA,PConc,0.0,0.0,1406.0,GasA,Ex,Y,SBrkr,1454,482,0,1936,0.0,0.0,2,1,3,1,Gd,7,Typ,1,2000.0,2.0,504.0,Y,188,124,0,0,0,0,0,11,2006,WD ,Normal,230500,0,0,0,0,1,1,2,5,3,6,6,1,1,1,5,,2,1
2435,60,RL,63.0,7875,Pave,Reg,Lvl,AllPub,Inside,Gtl,Gilbert,Norm,Norm,1Fam,2Story,7,5,2003,2003,Gable,CompShg,VinylSd,VinylSd,None,0.0,Gd,TA,PConc,0.0,0.0,783.0,GasA,Ex,Y,SBrkr,807,702,0,1509,0.0,0.0,2,1,3,1,Gd,8,Typ,1,2003.0,2.0,393.0,Y,0,75,0,0,0,0,0,7,2006,WD ,Normal,180000,0,0,0,0,3,1,2,5,3,6,6,1,1,1,2,,2,3
2436,60,RL,68.0,8121,Pave,IR1,Lvl,AllPub,Inside,Gtl,Gilbert,Norm,Norm,1Fam,2Story,6,5,2000,2000,Gable,CompShg,VinylSd,VinylSd,None,0.0,TA,TA,PConc,0.0,0.0,953.0,GasA,Ex,Y,SBrkr,953,711,0,1664,0.0,0.0,2,1,3,1,TA,7,Typ,1,2000.0,2.0,460.0,Y,100,40,0,0,0,0,0,1,2006,WD ,Normal,172400,0,0,0,0,3,1,2,5,3,6,6,1,1,1,5,,2,3
2437,60,RL,68.0,8658,Pave,IR1,Lvl,AllPub,Inside,Gtl,Gilbert,Norm,Norm,1Fam,2Story,6,5,2000,2000,Gable,CompShg,VinylSd,VinylSd,None,0.0,TA,TA,PConc,732.0,0.0,982.0,GasA,Ex,Y,SBrkr,1008,881,0,1889,0.0,0.0,2,1,3,1,TA,9,Typ,1,2000.0,2.0,431.0,Y,0,0,0,0,0,0,0,4,2006,WD ,Normal,215000,0,0,0,0,3,1,2,5,3,0,6,1,1,1,5,,2,3
2438,60,RL,68.0,11214,Pave,IR1,Lvl,AllPub,Corner,Gtl,Gilbert,Norm,Norm,1Fam,2Story,7,5,1998,1999,Gable,CompShg,VinylSd,VinylSd,None,0.0,Gd,TA,PConc,0.0,0.0,930.0,GasA,Gd,Y,SBrkr,956,930,0,1886,0.0,0.0,2,1,4,1,Gd,10,Typ,1,1998.0,2.0,431.0,Y,89,0,0,0,0,0,0,7,2006,WD ,Normal,199900,0,0,0,0,3,1,2,5,3,6,6,1,1,1,5,,2,3
2439,60,RL,58.0,10852,Pave,IR1,Lvl,AllPub,Inside,Gtl,Gilbert,RRAn,Norm,1Fam,2Story,6,5,2000,2000,Gable,CompShg,VinylSd,VinylSd,None,0.0,TA,TA,PConc,786.0,0.0,959.0,GasA,Ex,Y,SBrkr,959,712,0,1671,1.0,0.0,2,1,3,1,TA,7,Typ,1,2000.0,2.0,472.0,Y,0,38,0,0,0,0,0,2,2006,WD ,Normal,173000,0,0,0,0,3,1,2,5,3,2,6,1,1,1,5,,2,3
2440,60,RL,68.0,12104,Pave,IR1,Lvl,AllPub,FR3,Gtl,Gilbert,Norm,Norm,1Fam,2Story,7,5,2006,2006,Gable,CompShg,VinylSd,VinylSd,None,0.0,Gd,TA,PConc,0.0,0.0,1035.0,GasA,Gd,Y,SBrkr,1082,1240,0,2322,0.0,0.0,3,1,4,1,Gd,8,Typ,0,2006.0,3.0,617.0,Y,400,45,0,0,0,0,0,8,2006,New,Partial,287602,0,0,0,0,3,1,2,5,3,6,6,1,1,0,3,,2,3
2441,60,RL,66.0,8738,Pave,IR1,Lvl,AllPub,Inside,Gtl,Gilbert,Norm,Norm,1Fam,2Story,7,5,1999,1999,Gable,CompShg,VinylSd,VinylSd,BrkFace,302.0,Gd,TA,PConc,0.0,0.0,975.0,GasA,Ex,Y,SBrkr,1005,1286,0,2291,0.0,0.0,2,1,4,1,Gd,8,Typ,1,1999.0,2.0,429.0,Y,192,0,0,0,0,0,0,2,2006,WD ,Normal,230000,0,0,0,0,1,1,2,5,3,6,6,1,3,1,5,,2,1
2442,60,RL,82.0,9452,Pave,Reg,Lvl,AllPub,Inside,Gtl,NoRidge,Norm,Norm,1Fam,2Story,8,5,1997,1998,Gable,CompShg,VinylSd,VinylSd,BrkFace,423.0,Gd,TA,PConc,1074.0,0.0,1396.0,GasA,Ex,Y,SBrkr,1407,985,0,2392,1.0,0.0,2,1,3,1,Gd,7,Typ,1,1997.0,3.0,870.0,Y,0,70,0,0,0,0,0,6,2006,WD ,Normal,348000,0,0,0,0,1,1,2,5,3,2,6,1,1,1,5,,2,1
2443,60,RL,84.0,9660,Pave,IR1,Lvl,AllPub,Inside,Gtl,NoRidge,Norm,Norm,1Fam,2Story,8,5,1998,1998,Gable,CompShg,VinylSd,VinylSd,BrkFace,242.0,Gd,TA,PConc,791.0,0.0,1044.0,GasA,Ex,Y,SBrkr,1079,897,0,1976,1.0,0.0,2,1,3,1,Gd,7,Typ,1,1998.0,3.0,885.0,Y,210,31,0,0,0,0,0,2,2006,WD ,Normal,286000,0,0,0,0,1,1,2,5,3,2,6,1,1,1,0,,2,1
2444,60,RL,83.0,9545,Pave,Reg,Lvl,AllPub,Corner,Gtl,NoRidge,Norm,Norm,1Fam,2Story,8,5,2000,2000,Gable,CompShg,VinylSd,VinylSd,BrkFace,322.0,Gd,TA,PConc,505.0,0.0,1160.0,GasA,Ex,Y,SBrkr,1205,1029,0,2234,1.0,0.0,2,1,3,1,Gd,7,Typ,1,2000.0,3.0,768.0,Y,0,50,0,0,0,0,0,6,2006,WD ,Normal,300000,0,0,0,0,1,1,2,5,2,2,6,1,3,1,5,,2,1
2445,60,RL,118.0,35760,Pave,IR1,Lvl,AllPub,CulDSac,Gtl,NoRidge,Norm,Norm,1Fam,2Story,10,5,1995,1996,Hip,CompShg,HdBoard,HdBoard,BrkFace,1378.0,Gd,Gd,PConc,1387.0,0.0,1930.0,GasA,Ex,Y,SBrkr,1831,1796,0,3627,1.0,0.0,3,1,4,1,Gd,10,Typ,1,1995.0,3.0,807.0,Y,361,76,0,0,0,0,0,7,2006,WD ,Normal,625000,0,0,0,0,1,1,0,5,1,2,6,1,1,1,5,,0,1
2446,60,RL,68.0,9233,Pave,IR1,Lvl,AllPub,Inside,Gtl,NoRidge,Norm,Norm,1Fam,2Story,9,5,2000,2000,Gable,CompShg,VinylSd,VinylSd,BrkFace,877.0,Gd,TA,PConc,1182.0,0.0,1540.0,GasA,Ex,Y,SBrkr,1540,1315,0,2855,1.0,0.0,2,1,4,1,Ex,9,Typ,1,2000.0,3.0,774.0,Y,247,55,0,0,0,0,0,3,2006,WD ,Normal,405000,0,0,0,0,1,1,0,5,0,2,6,1,1,1,5,,0,1
2447,60,RL,78.0,12011,Pave,IR1,Lvl,AllPub,CulDSac,Gtl,NoRidge,Norm,Norm,1Fam,2Story,8,5,1998,1998,Gable,CompShg,VinylSd,VinylSd,BrkFace,530.0,Gd,TA,PConc,956.0,0.0,1086.0,GasA,Ex,Y,SBrkr,1086,838,0,1924,1.0,0.0,2,1,3,1,Gd,7,Typ,1,1998.0,2.0,592.0,Y,208,75,0,0,374,0,0,6,2006,WD ,Normal,280000,0,0,0,0,1,1,2,5,0,2,6,1,1,1,5,,2,1
2448,60,RL,93.0,12090,Pave,Reg,Lvl,AllPub,Corner,Gtl,NoRidge,Norm,Norm,1Fam,2Story,8,5,1998,1998,Hip,CompShg,VinylSd,VinylSd,BrkFace,650.0,Gd,TA,PConc,0.0,0.0,1141.0,GasA,Gd,Y,SBrkr,1165,1098,0,2263,0.0,0.0,2,1,4,1,Gd,10,Typ,1,1998.0,2.0,420.0,Y,144,123,0,0,0,0,0,7,2006,WD ,Abnorml,258000,0,0,0,0,1,1,2,5,3,6,6,1,3,1,5,,2,1
2449,60,RL,83.0,10019,Pave,IR1,Lvl,AllPub,Inside,Gtl,NoRidge,Norm,Norm,1Fam,2Story,8,5,1995,1995,Hip,CompShg,VinylSd,VinylSd,BrkFace,397.0,Gd,TA,PConc,527.0,0.0,1342.0,GasA,Ex,Y,SBrkr,1358,1368,0,2726,0.0,0.0,2,1,4,1,Gd,9,Typ,1,1995.0,3.0,725.0,Y,307,169,168,0,0,0,0,6,2006,WD ,Normal,350000,0,0,0,0,1,1,2,5,3,0,6,1,1,1,0,,2,1
2450,60,RL,114.0,17242,Pave,IR1,Lvl,AllPub,Inside,Gtl,NoRidge,Norm,Norm,1Fam,2Story,9,5,1993,1994,Hip,CompShg,MetalSd,MetalSd,BrkFace,738.0,Gd,Gd,PConc,292.0,1393.0,1733.0,GasA,Ex,Y,SBrkr,1933,1567,0,3500,1.0,0.0,3,1,4,1,Ex,11,Typ,1,1993.0,3.0,959.0,Y,870,86,0,0,210,0,0,5,2006,WD ,Normal,584500,0,0,0,0,1,1,0,5,1,5,2,1,1,1,5,,0,1
2451,60,RL,68.0,10236,Pave,IR1,Lvl,AllPub,Inside,Gtl,NoRidge,Norm,Norm,1Fam,2Story,8,5,1994,1995,Gable,CompShg,VinylSd,VinylSd,BrkFace,501.0,Gd,TA,PConc,380.0,168.0,1290.0,GasA,Ex,Y,SBrkr,1305,1189,0,2494,1.0,0.0,2,1,4,1,Gd,9,Typ,1,1994.0,3.0,803.0,Y,200,95,0,0,0,0,0,6,2006,WD ,Normal,321000,0,0,1,0,1,1,2,5,1,2,1,1,1,1,5,,2,1
2452,60,RL,92.0,10120,Pave,Reg,Lvl,AllPub,Inside,Gtl,NoRidge,Norm,Norm,1Fam,2Story,8,5,1994,1994,Hip,CompShg,VinylSd,VinylSd,BrkFace,391.0,Gd,TA,PConc,740.0,0.0,1165.0,GasA,Ex,Y,SBrkr,1203,1323,0,2526,1.0,0.0,2,1,4,1,Gd,8,Typ,1,1994.0,3.0,844.0,Y,309,78,0,0,0,0,0,12,2006,WD ,Normal,290000,0,0,0,0,1,1,2,5,3,2,6,1,1,1,5,,2,1
2453,60,RL,68.0,12585,Pave,IR1,Lvl,AllPub,Inside,Gtl,NoRidge,Norm,Norm,1Fam,2Story,8,5,1993,1993,Gable,CompShg,HdBoard,ImStucc,BrkFace,420.0,Gd,TA,PConc,247.0,1039.0,1286.0,GasA,Ex,Y,SBrkr,1565,1234,0,2799,1.0,0.0,2,1,3,1,Gd,8,Typ,1,1993.0,3.0,704.0,Y,432,136,0,0,0,0,0,10,2006,WD ,Normal,315000,0,0,0,0,1,1,2,5,3,3,2,1,1,1,5,,2,1
2454,60,RL,75.0,12447,Pave,IR1,Lvl,AllPub,Inside,Gtl,Somerst,RRAn,Norm,1Fam,2Story,8,5,2005,2006,Gable,CompShg,CemntBd,CmentBd,Stone,192.0,Gd,TA,PConc,0.0,0.0,1100.0,GasA,Ex,Y,SBrkr,1116,848,0,1964,0.0,0.0,2,1,3,1,Gd,8,Typ,1,2005.0,2.0,760.0,Y,200,70,0,0,0,0,0,1,2006,New,Partial,252000,0,0,0,0,4,1,2,2,3,6,6,1,3,1,2,,2,4
2456,20,RL,49.0,20896,Pave,IR2,Lvl,AllPub,CulDSac,Gtl,Somerst,RRAn,Norm,1Fam,1Story,8,5,2005,2006,Gable,CompShg,VinylSd,VinylSd,None,0.0,Gd,TA,PConc,1721.0,0.0,2077.0,GasA,Ex,Y,SBrkr,2097,0,0,2097,1.0,0.0,1,1,1,1,Ex,8,Typ,1,2005.0,3.0,1134.0,Y,192,267,0,0,0,0,0,1,2006,New,Partial,423000,0,0,0,0,3,1,0,5,2,2,6,1,1,1,0,,0,3
2457,20,RL,85.0,10182,Pave,IR1,Lvl,AllPub,CulDSac,Gtl,Somerst,RRNn,Norm,1Fam,1Story,8,5,2006,2006,Hip,CompShg,VinylSd,VinylSd,Stone,420.0,Gd,TA,PConc,1220.0,0.0,1660.0,GasA,Ex,Y,SBrkr,1660,0,0,1660,1.0,0.0,2,0,3,1,Gd,8,Typ,1,2006.0,2.0,500.0,Y,322,50,0,0,0,0,0,5,2006,New,Partial,290000,0,0,0,0,4,1,0,5,2,2,6,1,1,1,2,,0,4
2458,20,RL,73.0,8688,Pave,Reg,Lvl,AllPub,Inside,Gtl,Somerst,Norm,Norm,1Fam,1Story,7,5,2005,2005,Gable,CompShg,VinylSd,VinylSd,BrkFace,228.0,Gd,TA,PConc,0.0,0.0,1616.0,GasA,Ex,Y,SBrkr,1616,0,0,1616,0.0,0.0,2,0,3,1,Gd,7,Typ,0,2005.0,3.0,834.0,Y,208,59,0,0,0,0,0,4,2006,WD ,Normal,232000,0,0,0,0,1,1,2,5,0,6,6,1,1,0,3,,2,1
2459,20,RL,85.0,10936,Pave,Reg,Lvl,AllPub,Corner,Gtl,Somerst,Feedr,Norm,1Fam,1Story,8,5,2006,2006,Gable,CompShg,VinylSd,VinylSd,BrkFace,60.0,Gd,TA,PConc,0.0,0.0,1504.0,GasA,Ex,Y,SBrkr,1504,0,0,1504,0.0,0.0,2,0,3,1,Gd,7,Typ,0,2006.0,2.0,510.0,Y,144,0,0,0,0,0,0,9,2006,New,Partial,199000,0,0,0,0,1,1,2,5,3,6,6,1,1,0,3,,2,1
2460,20,FV,72.0,8640,Pave,Reg,Lvl,AllPub,Inside,Gtl,Somerst,Norm,Norm,1Fam,1Story,8,5,2006,2006,Gable,CompShg,VinylSd,VinylSd,None,0.0,Gd,TA,PConc,24.0,0.0,1278.0,GasA,Ex,Y,SBrkr,1278,0,0,1278,0.0,0.0,2,0,2,1,Gd,5,Typ,0,2006.0,2.0,584.0,Y,0,60,0,0,0,0,0,10,2006,New,Partial,198600,0,0,0,0,3,1,2,5,3,2,6,1,1,0,3,,2,3
2461,60,FV,100.0,13162,Pave,Reg,Lvl,AllPub,Corner,Gtl,Somerst,Feedr,Norm,1Fam,2Story,9,5,2006,2006,Gable,CompShg,VinylSd,VinylSd,None,0.0,Gd,TA,PConc,1836.0,0.0,2036.0,GasA,Ex,Y,SBrkr,2036,604,0,2640,1.0,0.0,3,1,3,1,Ex,11,Typ,1,2006.0,3.0,792.0,Y,0,265,0,0,0,0,0,11,2006,New,Partial,405749,0,0,0,0,3,1,0,5,3,2,6,1,1,1,2,,0,3
2462,20,FV,81.0,11216,Pave,Reg,Lvl,AllPub,Inside,Gtl,Somerst,Norm,Norm,1Fam,1Story,8,5,2006,2006,Gable,CompShg,VinylSd,VinylSd,None,0.0,Gd,TA,PConc,0.0,0.0,1489.0,GasA,Ex,Y,SBrkr,1489,0,0,1489,0.0,0.0,2,0,3,1,Gd,7,Typ,1,2006.0,2.0,776.0,Y,0,140,0,0,0,0,0,6,2006,New,Partial,232600,0,0,0,0,3,1,2,2,3,6,6,1,1,1,2,,2,3
2463,60,FV,84.0,10728,Pave,Reg,Lvl,AllPub,Inside,Gtl,Somerst,Norm,Norm,1Fam,2Story,8,5,2006,2006,Gable,CompShg,VinylSd,VinylSd,None,0.0,Gd,TA,PConc,0.0,0.0,1095.0,GasA,Gd,Y,SBrkr,1095,844,0,1939,0.0,0.0,2,1,3,1,Gd,8,Typ,1,2006.0,3.0,1053.0,Y,192,51,0,0,0,0,0,8,2006,New,Partial,266000,0,0,0,0,3,1,2,5,2,6,6,1,1,1,2,,2,3
2464,60,FV,65.0,8125,Pave,Reg,Lvl,AllPub,Inside,Gtl,Somerst,Norm,Norm,1Fam,2Story,7,5,2005,2006,Gable,CompShg,VinylSd,VinylSd,None,0.0,Gd,TA,PConc,0.0,0.0,756.0,GasA,Ex,Y,SBrkr,756,797,0,1553,0.0,0.0,2,1,3,1,Gd,6,Typ,0,2005.0,2.0,615.0,Y,0,45,0,0,0,0,0,3,2006,New,Partial,186500,0,0,0,0,3,1,2,5,3,6,6,1,1,0,3,,2,3
2465,60,FV,65.0,8125,Pave,Reg,Lvl,AllPub,Inside,Gtl,Somerst,Norm,Norm,1Fam,2Story,6,5,2005,2005,Gable,CompShg,VinylSd,VinylSd,None,0.0,Gd,TA,PConc,0.0,0.0,858.0,GasA,Ex,Y,SBrkr,858,858,0,1716,0.0,0.0,2,1,3,1,Gd,7,Typ,0,2005.0,2.0,615.0,Y,0,53,0,0,0,0,0,2,2006,WD ,Normal,200825,0,0,0,0,3,1,2,5,3,6,6,1,1,0,3,,2,3
2466,60,FV,65.0,8125,Pave,Reg,Lvl,AllPub,Inside,Gtl,Somerst,Norm,Norm,1Fam,2Story,7,5,2006,2006,Gable,CompShg,VinylSd,VinylSd,None,0.0,Gd,TA,PConc,0.0,0.0,770.0,GasA,Ex,Y,SBrkr,778,798,0,1576,0.0,0.0,2,1,3,1,Gd,6,Typ,0,2006.0,2.0,614.0,Y,0,50,0,0,0,0,0,8,2006,New,Partial,197000,0,0,0,0,3,1,2,2,3,6,6,1,1,0,3,,2,3
2467,20,FV,60.0,7200,Pave,Reg,Lvl,AllPub,Inside,Gtl,Somerst,Norm,Norm,1Fam,1Story,6,5,2006,2006,Gable,CompShg,VinylSd,VinylSd,Stone,68.0,Gd,TA,PConc,905.0,0.0,1262.0,GasA,Gd,Y,SBrkr,1262,0,0,1262,0.0,0.0,2,0,2,1,Gd,5,Typ,0,2006.0,2.0,572.0,Y,0,120,0,0,0,0,0,5,2006,New,Partial,185000,1,0,0,0,4,1,2,5,3,2,6,1,1,0,3,,2,4
2468,20,FV,62.0,7500,Pave,Reg,Lvl,AllPub,Inside,Gtl,Somerst,Norm,Norm,1Fam,1Story,7,5,2005,2005,Gable,CompShg,VinylSd,VinylSd,None,0.0,Gd,TA,PConc,0.0,0.0,1257.0,GasA,Ex,Y,SBrkr,1266,0,0,1266,0.0,0.0,2,0,3,1,Gd,6,Typ,1,2005.0,2.0,453.0,Y,38,144,0,0,0,0,0,4,2006,WD ,Normal,176000,1,0,0,0,3,1,2,5,3,6,6,1,1,1,5,,2,3
2469,20,FV,60.0,7200,Pave,Reg,Lvl,AllPub,Inside,Gtl,Somerst,Norm,Norm,1Fam,1Story,7,5,2006,2006,Gable,CompShg,VinylSd,VinylSd,None,0.0,Gd,TA,PConc,0.0,0.0,1293.0,GasA,Ex,Y,SBrkr,1301,0,0,1301,1.0,0.0,2,0,2,1,Gd,5,Typ,1,2006.0,2.0,572.0,Y,216,121,0,0,0,0,0,8,2006,New,Partial,187750,1,0,0,0,3,1,2,2,3,6,6,1,1,1,2,,2,3
2470,20,RL,74.0,7733,Pave,IR1,Lvl,AllPub,Inside,Gtl,SawyerW,Norm,Norm,1Fam,1Story,6,5,2005,2005,Gable,CompShg,VinylSd,VinylSd,None,0.0,TA,TA,PConc,24.0,0.0,1142.0,GasA,Ex,Y,SBrkr,1142,0,0,1142,0.0,0.0,1,1,3,1,Gd,5,Typ,0,0.0,0.0,0.0,Y,4,50,0,0,0,0,0,1,2006,WD ,Normal,139500,0,0,0,0,3,1,5,5,2,2,6,0,6,0,3,,5,3
2471,20,RL,91.0,11024,Pave,IR1,Lvl,AllPub,Corner,Gtl,SawyerW,Norm,Norm,1Fam,1Story,7,5,2005,2006,Gable,CompShg,VinylSd,VinylSd,BrkFace,118.0,Gd,TA,PConc,0.0,0.0,1400.0,GasA,Ex,Y,SBrkr,1400,0,0,1400,0.0,0.0,2,0,3,1,Gd,6,Typ,0,2005.0,2.0,612.0,Y,144,55,0,0,0,0,0,10,2006,New,Partial,186800,0,0,0,0,1,1,2,5,0,6,6,1,1,0,3,,2,1
2472,20,RL,63.0,13072,Pave,Reg,Lvl,AllPub,Inside,Gtl,SawyerW,RRAe,Norm,1Fam,1Story,6,5,2005,2006,Gable,CompShg,VinylSd,VinylSd,None,0.0,TA,TA,PConc,0.0,0.0,1131.0,GasA,Ex,Y,SBrkr,1131,0,0,1131,0.0,0.0,1,1,3,1,Gd,6,Typ,0,0.0,0.0,0.0,Y,0,39,0,0,0,0,0,3,2006,New,Partial,132000,0,0,0,0,3,1,2,5,3,6,6,0,6,0,3,,2,3
2473,20,RL,63.0,13072,Pave,Reg,Lvl,AllPub,Inside,Gtl,SawyerW,RRAe,Norm,1Fam,1Story,6,5,2005,2005,Gable,CompShg,VinylSd,VinylSd,None,0.0,Gd,TA,PConc,0.0,0.0,1141.0,GasA,Ex,Y,SBrkr,1141,0,0,1141,0.0,0.0,1,1,3,1,TA,6,Typ,0,2005.0,2.0,484.0,Y,0,0,0,0,0,0,0,3,2006,WD ,Abnorml,142500,0,0,0,0,3,1,2,5,3,6,6,1,5,0,3,,2,3
2474,20,RL,63.0,13072,Pave,Reg,Lvl,AllPub,Inside,Gtl,SawyerW,RRAe,Norm,1Fam,1Story,6,5,2004,2004,Gable,CompShg,VinylSd,VinylSd,None,0.0,TA,TA,PConc,941.0,0.0,1158.0,GasA,Ex,Y,SBrkr,1158,0,0,1158,1.0,0.0,1,1,3,1,Gd,5,Typ,0,2006.0,2.0,576.0,Y,0,50,0,0,0,0,0,5,2006,New,Partial,158000,0,0,0,0,3,1,2,5,3,0,6,1,5,0,3,,2,3
2475,60,RL,65.0,7800,Pave,Reg,Lvl,AllPub,Inside,Gtl,SawyerW,Norm,Norm,1Fam,2Story,7,5,2005,2005,Gable,CompShg,VinylSd,VinylSd,BrkFace,172.0,Gd,TA,PConc,0.0,0.0,891.0,GasA,Ex,Y,SBrkr,891,795,0,1686,0.0,0.0,2,1,3,1,Gd,8,Typ,0,2005.0,2.0,462.0,Y,144,101,0,0,0,0,0,4,2006,WD ,Normal,184000,0,0,0,0,1,1,2,5,3,6,6,1,1,0,3,,2,1
2476,60,RL,74.0,7632,Pave,IR1,Lvl,AllPub,Inside,Gtl,SawyerW,Norm,Norm,1Fam,2Story,7,5,2005,2005,Gable,CompShg,VinylSd,VinylSd,BrkFace,96.0,Gd,TA,PConc,0.0,0.0,784.0,GasA,Ex,Y,SBrkr,831,754,0,1585,0.0,0.0,2,1,3,1,Gd,7,Typ,0,2005.0,2.0,449.0,Y,100,77,0,0,0,0,0,3,2006,WD ,Normal,184900,0,0,0,0,1,1,2,5,3,6,6,1,1,0,3,,2,1
2477,60,RL,70.0,8304,Pave,IR1,Lvl,AllPub,Inside,Gtl,SawyerW,Norm,Norm,1Fam,2Story,6,5,1997,1998,Gable,CompShg,VinylSd,VinylSd,None,0.0,TA,TA,PConc,0.0,0.0,941.0,GasA,Ex,Y,SBrkr,941,896,0,1837,0.0,0.0,2,1,3,1,TA,7,Typ,0,1997.0,2.0,688.0,Y,150,165,0,0,0,0,0,7,2006,WD ,Normal,187000,0,0,1,0,3,1,2,5,3,6,6,1,1,0,3,,2,3
2478,60,RL,65.0,7153,Pave,Reg,Lvl,AllPub,Inside,Gtl,SawyerW,Norm,Norm,1Fam,2Story,6,5,1992,1992,Gable,CompShg,VinylSd,VinylSd,None,0.0,Gd,Gd,PConc,387.0,0.0,761.0,GasA,Ex,Y,SBrkr,810,793,0,1603,0.0,0.0,2,1,3,1,Gd,7,Typ,0,1992.0,2.0,484.0,Y,0,124,0,0,0,0,0,7,2006,WD ,Normal,175900,0,0,0,0,3,1,2,5,3,0,6,1,1,0,3,,2,3
2479,60,RL,70.0,9370,Pave,IR2,Lvl,AllPub,Inside,Gtl,SawyerW,Norm,Norm,1Fam,2Story,6,5,1992,1993,Gable,CompShg,HdBoard,HdBoard,None,0.0,Gd,TA,PConc,758.0,0.0,836.0,GasA,Ex,Y,SBrkr,844,887,0,1731,1.0,0.0,2,1,3,1,Gd,7,Typ,0,1992.0,2.0,462.0,Y,307,85,0,0,224,0,3000,10,2006,WD ,Family,248500,0,0,0,1,3,1,2,5,3,0,6,1,1,0,3,,2,3
2480,120,RL,50.0,7175,Pave,Reg,Lvl,AllPub,Inside,Gtl,SawyerW,Norm,Norm,TwnhsE,1Story,6,5,1990,1991,Gable,CompShg,Plywood,Plywood,None,0.0,Gd,TA,PConc,904.0,0.0,1398.0,GasA,Gd,Y,SBrkr,1398,0,0,1398,1.0,0.0,2,0,2,1,Gd,5,Typ,0,1990.0,2.0,542.0,Y,0,46,0,0,0,0,0,7,2006,WD ,Normal,172000,0,0,1,0,3,1,2,5,3,2,6,1,1,0,3,,2,3
2481,120,RL,50.0,7175,Pave,Reg,Lvl,AllPub,Inside,Gtl,SawyerW,Norm,Norm,TwnhsE,1Story,6,5,1991,1991,Gable,CompShg,Plywood,Plywood,None,0.0,Gd,TA,PConc,278.0,0.0,1217.0,GasA,Gd,Y,SBrkr,1217,0,0,1217,0.0,0.0,2,0,2,1,Gd,5,Typ,0,1991.0,2.0,484.0,Y,0,64,0,0,0,0,0,6,2006,WD ,Normal,151000,0,0,0,0,3,1,2,5,3,2,6,1,1,0,3,,2,3
2482,60,RL,68.0,9019,Pave,IR1,Lvl,AllPub,Inside,Gtl,SawyerW,RRAe,Norm,1Fam,2Story,6,5,1994,1994,Gable,CompShg,VinylSd,VinylSd,None,0.0,TA,TA,PConc,274.0,0.0,636.0,GasA,Ex,Y,SBrkr,636,684,0,1320,0.0,0.0,2,1,3,1,Gd,6,Typ,0,1994.0,2.0,472.0,Y,0,40,0,0,0,0,0,7,2006,WD ,Normal,150000,0,0,0,0,3,1,2,5,3,0,6,1,1,0,3,,2,3
2483,20,RH,68.0,8900,Pave,Reg,Lvl,AllPub,Inside,Gtl,SawyerW,Norm,Norm,1Fam,1Story,4,4,1966,1966,Gable,CompShg,HdBoard,HdBoard,None,0.0,TA,TA,CBlock,1056.0,0.0,1056.0,GasA,TA,Y,SBrkr,1056,0,0,1056,1.0,0.0,1,0,2,1,TA,5,Typ,0,1966.0,1.0,384.0,Y,0,42,0,0,0,0,0,11,2006,WD ,Normal,107000,0,0,1,0,3,1,5,5,3,5,6,1,5,0,3,,5,3
2484,20,RH,60.0,7800,Pave,Reg,Lvl,AllPub,Corner,Gtl,SawyerW,Norm,Norm,1Fam,1Story,5,5,1965,1965,Gable,CompShg,VinylSd,VinylSd,None,0.0,TA,TA,CBlock,641.0,0.0,828.0,GasA,Gd,Y,SBrkr,965,0,0,965,1.0,0.0,1,0,3,1,TA,6,Typ,0,1979.0,1.0,300.0,Y,421,0,0,0,0,0,0,7,2006,WD ,Abnorml,119900,0,0,1,0,3,1,5,5,3,1,6,1,5,0,3,,5,3
2485,20,RL,70.0,9100,Pave,Reg,Lvl,AllPub,Inside,Gtl,Sawyer,RRAe,Norm,1Fam,1Story,5,4,1962,1962,Hip,CompShg,Wd Sdng,Wd Sdng,BrkFace,51.0,TA,TA,CBlock,36.0,0.0,988.0,GasA,Ex,Y,SBrkr,988,0,0,988,1.0,0.0,1,0,3,1,TA,6,Typ,0,1977.0,2.0,624.0,Y,0,0,0,0,0,0,0,7,2006,WD ,Normal,129500,0,0,0,0,1,1,5,5,3,3,6,1,5,0,3,,5,1
2486,90,RM,70.0,9100,Pave,Reg,Lvl,AllPub,Inside,Gtl,Sawyer,RRAe,Norm,Duplex,1Story,5,5,1963,1963,Gable,CompShg,HdBoard,HdBoard,BrkFace,336.0,TA,TA,CBlock,1332.0,0.0,1728.0,GasA,TA,Y,SBrkr,1728,0,0,1728,1.0,0.0,2,0,6,2,TA,10,Typ,0,1963.0,2.0,504.0,Y,0,0,0,0,0,0,0,11,2006,ConLI,Abnorml,125000,0,0,0,0,1,1,5,5,3,5,6,1,5,0,3,,5,1
2487,90,RM,68.0,8927,Pave,Reg,Lvl,AllPub,Inside,Gtl,Sawyer,RRAe,Norm,Duplex,1.5Fin,6,6,1977,1977,Gable,CompShg,VinylSd,VinylSd,None,0.0,TA,Gd,CBlock,0.0,0.0,0.0,GasA,TA,Y,SBrkr,1286,368,0,1654,0.0,0.0,2,0,4,2,TA,10,Typ,0,1977.0,2.0,528.0,Y,0,0,0,0,0,0,0,8,2006,WD ,Normal,119500,0,0,0,0,3,0,3,3,4,4,4,1,1,0,3,,3,3
2488,20,RL,68.0,9240,Pave,IR1,Lvl,AllPub,Inside,Gtl,Sawyer,Norm,Norm,1Fam,1Story,5,6,1962,2002,Hip,CompShg,HdBoard,HdBoard,None,0.0,TA,TA,CBlock,612.0,0.0,864.0,GasA,Gd,Y,SBrkr,1211,0,0,1211,0.0,0.0,1,0,2,1,TA,6,Min1,1,1972.0,2.0,576.0,Y,161,0,0,0,0,0,0,3,2006,WD ,Normal,144000,0,0,1,0,3,1,5,5,3,1,6,1,5,1,5,,5,3
2489,80,RL,88.0,8471,Pave,IR1,Lvl,AllPub,Corner,Gtl,Sawyer,Norm,Norm,1Fam,SLvl,6,7,1977,1995,Gable,CompShg,HdBoard,Plywood,BrkFace,46.0,TA,TA,CBlock,506.0,0.0,506.0,GasA,TA,Y,SBrkr,1212,0,0,1212,1.0,0.0,1,0,3,1,TA,6,Typ,1,1978.0,2.0,492.0,Y,292,12,0,0,0,0,0,7,2006,WD ,Normal,151000,0,0,1,0,1,1,2,2,0,0,6,1,1,1,5,,2,1
2490,20,RL,68.0,9308,Pave,IR1,Lvl,AllPub,CulDSac,Gtl,Sawyer,RRNe,Norm,1Fam,1Story,5,5,1965,1965,Gable,CompShg,HdBoard,HdBoard,None,0.0,TA,TA,CBlock,554.0,0.0,984.0,GasA,TA,Y,SBrkr,984,0,0,984,0.0,0.0,1,0,3,1,TA,5,Typ,0,1965.0,1.0,310.0,Y,0,0,0,0,0,0,0,7,2006,WD ,Normal,126000,0,0,1,0,3,1,5,5,3,5,6,1,1,0,3,,5,3
2491,20,RL,65.0,8450,Pave,Reg,Lvl,AllPub,Inside,Gtl,Sawyer,RRAe,Norm,1Fam,1Story,5,6,1968,1968,Gable,CompShg,Plywood,Plywood,BrkFace,90.0,TA,TA,CBlock,162.0,270.0,882.0,GasA,TA,Y,SBrkr,909,0,0,909,0.0,0.0,1,0,3,1,TA,5,Typ,0,1968.0,1.0,294.0,Y,0,155,0,0,0,0,0,11,2006,COD,Normal,116000,0,0,1,0,1,1,5,5,3,1,5,1,1,0,3,,5,1
2492,20,RL,68.0,8638,Pave,IR1,Lvl,AllPub,Inside,Gtl,Sawyer,RRAe,Norm,1Fam,1Story,5,6,1963,1963,Gable,CompShg,HdBoard,HdBoard,None,0.0,TA,TA,PConc,181.0,0.0,925.0,GasA,Gd,Y,SBrkr,925,0,0,925,1.0,0.0,1,0,2,1,TA,5,Typ,0,1990.0,2.0,484.0,Y,203,74,0,0,0,0,0,10,2006,WD ,Normal,133500,0,0,0,0,3,1,5,5,3,0,6,1,5,0,3,,5,3
2493,20,RL,68.0,13052,Pave,IR1,Lvl,AllPub,CulDSac,Gtl,Sawyer,Norm,Norm,1Fam,1Story,5,6,1965,1965,Gable,CompShg,HdBoard,HdBoard,None,0.0,TA,TA,CBlock,712.0,0.0,1024.0,GasA,TA,Y,SBrkr,1024,0,0,1024,0.0,0.0,1,1,3,1,TA,5,Typ,0,1965.0,1.0,308.0,Y,0,0,0,0,0,0,0,1,2006,WD ,Normal,120875,0,0,1,0,3,1,5,5,3,5,6,1,1,0,3,,5,3
2494,20,RL,68.0,13526,Pave,IR1,Lvl,AllPub,CulDSac,Gtl,Sawyer,Norm,Norm,1Fam,1Story,5,6,1965,1965,Hip,CompShg,HdBoard,Plywood,BrkFace,114.0,TA,TA,CBlock,560.0,375.0,935.0,GasA,TA,Y,SBrkr,935,0,0,935,1.0,0.0,1,0,3,1,TA,5,Typ,0,1965.0,1.0,288.0,Y,180,0,0,0,0,0,0,11,2006,WD ,Normal,137000,0,0,1,0,1,1,5,5,3,1,3,1,1,0,3,,5,1
2495,20,RL,68.0,8020,Pave,IR1,Lvl,AllPub,Inside,Gtl,Sawyer,Norm,Norm,1Fam,1Story,5,6,1964,1964,Gable,CompShg,HdBoard,HdBoard,None,0.0,TA,TA,CBlock,644.0,0.0,912.0,GasA,TA,N,SBrkr,912,0,0,912,0.0,0.0,1,0,3,1,TA,6,Typ,0,0.0,0.0,0.0,Y,0,0,0,0,0,0,0,4,2006,WD ,Normal,124000,0,0,1,0,3,1,5,5,3,0,6,0,6,0,3,,5,3
2496,20,RL,65.0,6993,Pave,Reg,Lvl,AllPub,Inside,Gtl,Sawyer,Feedr,Norm,1Fam,1Story,5,7,1961,1994,Gable,CompShg,HdBoard,Plywood,None,0.0,TA,TA,CBlock,465.0,0.0,912.0,GasA,TA,Y,SBrkr,1236,0,0,1236,0.0,0.0,1,0,3,1,TA,6,Typ,1,1961.0,1.0,288.0,Y,0,0,0,0,0,0,0,6,2006,WD ,Normal,135000,0,0,0,0,3,1,5,5,3,1,6,1,1,1,5,,5,3
2497,20,RL,68.0,8789,Pave,IR1,Lvl,AllPub,Inside,Gtl,Sawyer,Norm,Norm,1Fam,1Story,5,6,1967,1967,Gable,CompShg,VinylSd,VinylSd,None,0.0,TA,TA,CBlock,659.0,0.0,912.0,GasA,TA,Y,SBrkr,941,0,0,941,0.0,0.0,1,0,3,1,TA,6,Typ,1,1967.0,1.0,288.0,Y,64,0,0,0,0,0,0,6,2006,WD ,Normal,129200,0,0,0,0,3,1,5,5,2,5,6,1,1,1,4,,5,3
2498,80,RL,100.0,14330,Pave,IR1,Low,AllPub,Corner,Gtl,Veenker,Norm,Norm,1Fam,SLvl,7,4,1974,1974,Gable,CompShg,WdShing,Wd Sdng,BrkFace,145.0,Gd,Fa,CBlock,1023.0,497.0,1748.0,GasA,Gd,Y,SBrkr,2151,495,0,2646,1.0,2.0,2,0,3,1,Gd,9,Mod,4,1974.0,2.0,550.0,Y,641,100,0,0,0,800,0,1,2006,WD ,Normal,260000,0,1,1,0,1,1,2,5,1,0,1,1,1,1,5,,2,1
2499,60,RL,121.0,16059,Pave,Reg,Lvl,AllPub,Corner,Gtl,NoRidge,Norm,Norm,1Fam,2Story,8,5,1991,1992,Hip,CompShg,HdBoard,HdBoard,BrkFace,284.0,Gd,TA,CBlock,0.0,0.0,1288.0,GasA,Ex,Y,SBrkr,1301,1116,0,2417,0.0,0.0,2,1,4,1,Gd,9,Typ,1,1991.0,2.0,462.0,Y,127,82,0,0,0,0,0,4,2006,WD ,Normal,260000,0,0,0,0,1,1,2,5,3,6,6,1,1,1,5,,2,1
2500,60,RL,105.0,11025,Pave,Reg,HLS,AllPub,Inside,Mod,NoRidge,Norm,Norm,1Fam,2Story,8,5,1992,1993,Gable,CompShg,HdBoard,ImStucc,BrkFace,692.0,Gd,TA,PConc,1118.0,0.0,1334.0,GasA,Ex,Y,SBrkr,1520,1306,0,2826,1.0,0.0,2,1,3,1,Gd,9,Typ,3,1992.0,3.0,888.0,Y,177,208,186,0,0,0,0,10,2006,WD ,Normal,334000,0,0,0,0,1,1,0,5,1,2,6,1,1,1,5,,0,1
2501,60,RL,68.0,14541,Pave,IR1,Lvl,AllPub,Corner,Gtl,NoRidge,Norm,Norm,1Fam,2Story,8,7,1993,1993,Gable,CompShg,MetalSd,MetalSd,None,0.0,Gd,Gd,PConc,1012.0,0.0,1338.0,GasA,Ex,Y,SBrkr,1352,1168,0,2520,1.0,0.0,2,1,5,1,Gd,10,Typ,1,1993.0,3.0,796.0,Y,209,55,0,0,0,0,0,11,2006,WD ,Abnorml,310000,0,0,0,0,3,1,2,2,3,2,6,1,1,1,5,,2,3
2502,60,RL,68.0,13346,Pave,IR1,Lvl,AllPub,CulDSac,Gtl,NoRidge,Norm,Norm,1Fam,2Story,7,5,1992,2000,Gable,CompShg,HdBoard,HdBoard,None,0.0,Gd,TA,PConc,728.0,0.0,1095.0,GasA,Ex,Y,SBrkr,1166,1129,0,2295,1.0,0.0,2,1,4,1,Gd,9,Typ,1,1992.0,2.0,590.0,Y,0,40,0,0,0,0,0,7,2006,WD ,Normal,268000,0,0,0,0,3,1,2,5,3,2,6,1,1,1,5,,2,3
2503,20,RL,89.0,12461,Pave,Reg,Lvl,AllPub,Corner,Gtl,NoRidge,Norm,Norm,1Fam,1Story,8,5,1994,1995,Gable,CompShg,ImStucc,ImStucc,None,0.0,Gd,TA,PConc,1456.0,0.0,1624.0,GasA,Ex,Y,SBrkr,1624,0,0,1624,1.0,0.0,2,0,2,1,Gd,5,Typ,1,1994.0,3.0,757.0,Y,0,114,192,0,0,0,0,7,2006,WD ,Normal,262000,0,0,1,0,3,1,2,5,3,2,6,1,1,1,1,,2,3
2504,120,FV,34.0,3628,Pave,Reg,Lvl,AllPub,Inside,Gtl,Somerst,Norm,Norm,TwnhsE,1Story,7,5,2004,2004,Gable,CompShg,MetalSd,MetalSd,None,0.0,Gd,TA,PConc,0.0,0.0,1143.0,GasA,Ex,Y,SBrkr,1143,0,0,1143,0.0,0.0,1,1,1,1,Gd,5,Typ,1,2004.0,2.0,588.0,Y,0,191,0,0,0,0,0,5,2006,WD ,Normal,176400,1,0,0,0,3,1,2,5,3,6,6,1,1,1,2,,2,3
2505,120,FV,37.0,3316,Pave,IR1,Lvl,AllPub,Inside,Gtl,Somerst,Norm,Norm,TwnhsE,1Story,8,5,2005,2005,Gable,CompShg,MetalSd,MetalSd,None,0.0,Gd,TA,PConc,1039.0,0.0,1247.0,GasA,Ex,Y,SBrkr,1247,0,0,1247,1.0,0.0,1,1,1,1,Gd,4,Typ,1,2005.0,2.0,550.0,Y,0,84,0,0,0,0,0,4,2006,WD ,Normal,197000,1,0,0,0,3,1,2,5,3,2,6,1,1,1,2,,2,3
2506,160,FV,30.0,3180,Pave,Reg,Lvl,AllPub,Inside,Gtl,Somerst,Norm,Norm,TwnhsE,2Story,7,5,2005,2005,Gable,CompShg,MetalSd,MetalSd,None,0.0,TA,TA,PConc,0.0,0.0,600.0,GasA,Ex,Y,SBrkr,520,600,80,1200,0.0,0.0,2,1,2,1,Gd,4,Typ,0,2005.0,2.0,480.0,Y,0,166,0,0,0,0,0,6,2006,WD ,Normal,151000,1,0,0,0,3,1,2,5,3,6,6,1,5,0,3,,2,3
2507,160,FV,24.0,2544,Pave,Reg,Lvl,AllPub,Inside,Gtl,Somerst,Norm,Norm,Twnhs,2Story,7,5,2005,2005,Gable,CompShg,MetalSd,MetalSd,None,0.0,Gd,TA,PConc,0.0,0.0,600.0,GasA,Ex,Y,SBrkr,520,623,80,1223,0.0,0.0,2,1,2,1,Gd,4,Typ,0,2005.0,2.0,480.0,Y,0,166,0,0,0,0,0,7,2006,WD ,Normal,147400,1,0,0,0,3,1,2,5,3,6,6,1,5,0,3,,2,3
2508,160,FV,24.0,2544,Pave,Reg,Lvl,AllPub,Inside,Gtl,Somerst,Norm,Norm,Twnhs,2Story,7,5,2005,2005,Gable,CompShg,MetalSd,MetalSd,None,0.0,Gd,TA,PConc,0.0,0.0,600.0,GasA,Ex,Y,SBrkr,520,623,80,1223,0.0,0.0,2,1,2,1,Gd,4,Typ,0,2005.0,2.0,480.0,Y,0,166,0,0,0,0,0,7,2006,WD ,Normal,149900,1,0,0,0,3,1,2,5,3,6,6,1,5,0,3,,2,3
2509,160,FV,30.0,3180,Pave,Reg,Lvl,AllPub,Inside,Gtl,Somerst,Norm,Norm,TwnhsE,2Story,7,5,2005,2005,Gable,CompShg,MetalSd,MetalSd,None,0.0,Gd,TA,PConc,0.0,0.0,600.0,GasA,Ex,Y,SBrkr,520,600,80,1200,0.0,0.0,2,1,2,1,Gd,4,Typ,0,2005.0,2.0,480.0,Y,0,166,0,0,0,0,0,4,2006,WD ,Abnorml,144152,1,0,0,0,3,1,2,5,3,6,6,1,5,0,3,,2,3
2510,160,FV,68.0,2998,Pave,Reg,Lvl,AllPub,Inside,Gtl,Somerst,Norm,Norm,TwnhsE,2Story,6,5,2000,2000,Gable,CompShg,MetalSd,MetalSd,BrkFace,513.0,Gd,TA,PConc,353.0,0.0,756.0,GasA,Ex,Y,SBrkr,768,756,0,1524,0.0,0.0,2,1,2,1,Gd,4,Typ,0,2000.0,2.0,440.0,Y,0,32,0,0,0,0,0,6,2006,WD ,Normal,166000,0,0,0,0,1,1,2,5,3,2,6,1,5,0,3,,2,1
2511,160,FV,35.0,3735,Pave,Reg,Lvl,AllPub,FR3,Gtl,Somerst,Norm,Norm,TwnhsE,2Story,7,5,1999,1999,Hip,CompShg,MetalSd,MetalSd,BrkFace,218.0,Gd,TA,PConc,450.0,0.0,691.0,GasA,Ex,Y,SBrkr,713,739,0,1452,1.0,0.0,2,1,3,1,Gd,6,Typ,0,1999.0,2.0,506.0,Y,0,34,0,0,0,0,0,3,2006,WD ,Normal,183900,0,0,0,0,1,1,2,5,3,2,6,1,5,0,3,,2,1
2512,160,FV,68.0,2651,Pave,Reg,Lvl,AllPub,FR2,Gtl,Somerst,Norm,Norm,Twnhs,2Story,7,5,2000,2000,Gable,CompShg,MetalSd,MetalSd,None,0.0,Gd,TA,PConc,641.0,0.0,673.0,GasA,Ex,Y,SBrkr,673,709,0,1382,1.0,0.0,2,1,3,1,Gd,6,Typ,0,2000.0,2.0,490.0,Y,153,50,0,0,0,0,0,4,2006,WD ,Normal,165000,0,0,0,0,3,1,2,5,3,2,6,1,5,0,3,,2,3
2513,160,FV,68.0,4447,Pave,IR1,Lvl,AllPub,FR2,Gtl,Somerst,Norm,Norm,TwnhsE,2Story,7,5,2003,2003,Gable,CompShg,VinylSd,VinylSd,None,0.0,Gd,TA,PConc,0.0,0.0,530.0,GasA,Ex,Y,SBrkr,530,550,0,1080,0.0,0.0,2,1,2,1,Gd,4,Typ,0,2003.0,2.0,496.0,Y,0,50,0,0,0,0,0,7,2006,WD ,Normal,139000,0,0,0,0,3,1,2,5,3,6,6,1,1,0,3,,2,3
2514,60,FV,114.0,8314,Pave,IR1,Lvl,AllPub,Corner,Gtl,Somerst,Norm,Norm,1Fam,2Story,7,5,1997,1998,Hip,CompShg,Wd Sdng,Wd Sdng,None,0.0,Gd,TA,PConc,0.0,0.0,569.0,GasA,Ex,Y,SBrkr,854,840,0,1694,0.0,0.0,2,1,3,1,Gd,6,Typ,1,1997.0,1.0,434.0,Y,0,382,0,0,110,0,0,11,2006,WD ,Normal,200000,1,0,1,0,3,1,2,5,3,6,6,1,3,1,5,,2,3
2515,20,FV,60.0,7180,Pave,IR1,Lvl,AllPub,Inside,Gtl,Somerst,Norm,Norm,1Fam,1Story,8,5,2001,2002,Gable,CompShg,CemntBd,CmentBd,None,0.0,Gd,TA,PConc,0.0,0.0,1568.0,GasA,Ex,Y,SBrkr,1568,0,0,1568,0.0,0.0,2,0,3,1,Gd,6,Typ,1,2001.0,2.0,564.0,Y,0,266,0,0,0,0,0,9,2006,WD ,Normal,221000,1,0,0,0,3,1,2,5,3,6,6,1,1,1,5,,2,3
2516,120,RL,30.0,9549,Pave,IR1,Lvl,AllPub,CulDSac,Gtl,Veenker,Norm,Norm,TwnhsE,1Story,8,5,1995,1996,Hip,CompShg,BrkFace,BrkFace,None,0.0,Gd,Gd,PConc,437.0,1057.0,1494.0,GasA,Ex,Y,SBrkr,1494,0,0,1494,1.0,0.0,1,1,2,1,Ex,6,Typ,1,1995.0,2.0,481.0,Y,0,30,0,0,216,0,0,4,2006,WD ,Normal,270000,0,0,0,0,3,1,2,2,0,3,2,1,1,1,2,,2,3
2517,20,RL,68.0,11250,Pave,IR1,Lvl,AllPub,Inside,Gtl,Veenker,Norm,Norm,1Fam,1Story,6,6,1977,1977,Gable,CompShg,Plywood,Plywood,None,0.0,Gd,TA,CBlock,767.0,0.0,1208.0,GasA,TA,Y,SBrkr,1208,0,0,1208,1.0,0.0,1,1,3,1,TA,6,Typ,1,1977.0,2.0,546.0,Y,198,42,0,0,0,0,0,6,2006,WD ,Normal,165000,0,0,0,0,3,1,2,5,3,0,6,1,1,1,5,,2,3
2518,120,RL,68.0,3760,Pave,IR1,Lvl,AllPub,CulDSac,Gtl,Greens,Norm,Norm,Twnhs,1Story,8,5,1980,1980,Gable,CompShg,Wd Sdng,Wd Sdng,None,0.0,Gd,TA,CBlock,1009.0,182.0,1235.0,GasA,Gd,Y,SBrkr,1235,0,0,1235,1.0,0.0,1,0,1,1,TA,4,Typ,3,1980.0,2.0,484.0,Y,133,78,0,0,0,0,0,5,2006,WD ,Normal,214000,0,0,0,0,3,1,2,5,1,2,3,1,1,1,5,,2,3
2519,120,RL,36.0,3640,Pave,IR1,Lvl,AllPub,CulDSac,Gtl,Greens,Norm,Norm,Twnhs,1Story,8,5,1980,1980,Gable,CompShg,Wd Sdng,Wd Sdng,None,0.0,Gd,TA,CBlock,860.0,0.0,1036.0,GasA,TA,Y,SBrkr,1036,0,0,1036,1.0,0.0,1,0,1,1,Gd,4,Typ,1,1980.0,2.0,484.0,Y,133,108,0,0,0,0,0,9,2006,WD ,Normal,188000,0,0,0,0,3,1,2,5,1,2,6,1,5,1,5,,2,3
2520,120,RL,40.0,3874,Pave,IR1,Lvl,AllPub,Inside,Gtl,Greens,Norm,Norm,TwnhsE,1Story,8,5,1980,1980,Gable,CompShg,Wd Sdng,Wd Sdng,None,0.0,Gd,TA,CBlock,807.0,0.0,1226.0,GasA,TA,Y,SBrkr,1226,0,0,1226,1.0,0.0,1,0,1,1,Gd,4,Typ,1,1980.0,2.0,484.0,Y,133,78,0,0,0,0,0,7,2006,WD ,Normal,190000,0,0,0,0,3,1,2,5,1,2,6,1,1,1,1,,2,3
2521,120,RL,40.0,3876,Pave,IR1,Lvl,AllPub,Inside,Gtl,Greens,Norm,Norm,Twnhs,1Story,8,5,1978,1978,Gable,CompShg,Wd Sdng,Plywood,None,0.0,Gd,TA,CBlock,652.0,526.0,1226.0,GasA,TA,Y,SBrkr,1226,0,0,1226,1.0,0.0,1,0,1,1,Gd,4,Typ,1,1978.0,2.0,484.0,Y,133,60,0,0,0,0,0,7,2006,WD ,Normal,170000,0,0,0,0,3,1,2,5,1,2,5,1,1,1,5,,2,3
2522,20,RL,68.0,50271,Pave,IR1,Low,AllPub,Inside,Gtl,Veenker,Norm,Norm,1Fam,1Story,9,5,1981,1987,Gable,WdShngl,WdShing,Wd Shng,None,0.0,Gd,TA,CBlock,1810.0,0.0,1842.0,GasA,Gd,Y,SBrkr,1842,0,0,1842,2.0,0.0,0,1,0,1,Gd,5,Typ,1,1981.0,3.0,894.0,Y,857,72,0,0,0,0,0,11,2006,WD ,Normal,385000,0,0,0,0,3,1,0,5,1,2,6,1,1,1,2,,0,3
2523,190,RL,79.0,13110,Pave,IR1,Lvl,AllPub,Corner,Gtl,NWAmes,RRAn,Feedr,2fmCon,1Story,5,6,1972,1972,Gable,CompShg,Plywood,Plywood,BrkFace,144.0,TA,TA,CBlock,962.0,0.0,1153.0,GasA,Ex,Y,SBrkr,1193,0,0,1193,1.0,0.0,2,0,2,1,TA,6,Typ,0,1972.0,2.0,501.0,Y,140,153,0,0,0,0,0,7,2006,WD ,Normal,146500,0,0,1,0,1,1,2,5,3,2,6,1,1,0,3,,2,1
2524,80,RL,102.0,10192,Pave,IR1,Lvl,AllPub,Inside,Gtl,NWAmes,Norm,Norm,1Fam,SLvl,7,6,1968,1992,Gable,CompShg,MetalSd,MetalSd,BrkFace,143.0,TA,TA,CBlock,0.0,0.0,570.0,GasA,Gd,Y,SBrkr,1222,698,0,1920,0.0,0.0,3,0,4,1,Gd,8,Typ,1,1968.0,2.0,487.0,Y,0,98,0,0,0,0,0,9,2006,WD ,Normal,170000,0,0,1,0,1,1,5,5,3,6,6,1,1,1,5,,5,1
2525,20,RL,68.0,20781,Pave,IR2,Lvl,AllPub,CulDSac,Gtl,NWAmes,PosN,Norm,1Fam,1Story,7,7,1968,2003,Hip,CompShg,BrkFace,HdBoard,None,0.0,TA,TA,CBlock,297.0,68.0,1568.0,GasA,TA,Y,SBrkr,2156,0,0,2156,0.0,0.0,2,0,3,1,TA,9,Typ,1,1968.0,2.0,508.0,Y,0,80,0,290,0,0,0,6,2006,WD ,Normal,262500,0,0,0,0,3,1,5,5,3,1,5,1,1,1,2,,5,3
2526,60,RL,90.0,11700,Pave,Reg,Lvl,AllPub,Corner,Gtl,NWAmes,Norm,Norm,1Fam,2Story,6,6,1968,1968,Gable,CompShg,HdBoard,HdBoard,BrkFace,420.0,TA,TA,CBlock,404.0,0.0,708.0,GasA,Gd,Y,SBrkr,708,708,0,1416,0.0,0.0,2,1,3,1,TA,7,Typ,1,1968.0,2.0,776.0,Y,0,169,0,0,119,0,0,5,2006,WD ,Normal,179900,0,0,0,0,1,1,5,5,3,0,6,1,1,1,5,,5,1
2527,60,RL,68.0,11029,Pave,IR1,Lvl,AllPub,Corner,Gtl,NWAmes,PosA,Norm,1Fam,2Story,6,7,1968,1984,Gable,CompShg,HdBoard,HdBoard,BrkFace,220.0,TA,TA,CBlock,619.0,0.0,1054.0,GasA,TA,Y,SBrkr,1512,1142,0,2654,1.0,0.0,2,1,4,1,Gd,9,Typ,1,1968.0,2.0,619.0,Y,0,65,0,0,222,0,0,8,2006,WD ,Normal,250000,0,0,0,0,1,1,5,5,2,1,6,1,1,1,2,,5,1
2528,60,RL,80.0,10400,Pave,Reg,Lvl,AllPub,Inside,Gtl,NWAmes,Norm,Norm,1Fam,2Story,6,5,1972,1972,Gable,CompShg,VinylSd,VinylSd,Unknown,288.0,TA,TA,CBlock,247.0,0.0,732.0,GasA,Gd,Y,SBrkr,1012,778,0,1790,1.0,0.0,1,2,4,1,TA,8,Min2,1,1972.0,2.0,484.0,Y,148,0,0,0,147,0,0,11,2006,WD ,Normal,165150,0,0,0,0,5,1,5,5,3,5,6,1,1,1,5,,5,5
2529,20,RL,78.0,10140,Pave,Reg,Lvl,AllPub,Inside,Gtl,NWAmes,RRAn,Norm,1Fam,1Story,7,6,1967,1967,Hip,CompShg,HdBoard,HdBoard,BrkFace,264.0,TA,TA,CBlock,553.0,68.0,1334.0,GasA,Gd,Y,SBrkr,1334,0,0,1334,1.0,0.0,2,0,3,1,TA,7,Typ,0,1967.0,2.0,477.0,Y,0,20,35,0,264,0,0,4,2006,WD ,Normal,164500,0,0,0,0,1,1,5,5,3,1,3,1,1,0,3,,5,1
2530,20,RL,80.0,9600,Pave,Reg,Lvl,AllPub,Inside,Gtl,NWAmes,Norm,Norm,1Fam,1Story,7,5,1969,1969,Hip,CompShg,HdBoard,HdBoard,BrkFace,168.0,TA,TA,CBlock,0.0,0.0,1164.0,GasA,TA,Y,SBrkr,1164,0,0,1164,0.0,0.0,1,1,3,1,TA,6,Typ,0,1969.0,2.0,528.0,Y,0,0,0,0,0,0,0,7,2006,COD,Normal,140000,0,0,0,0,1,1,5,5,3,6,6,1,1,0,3,,5,1
2531,80,RL,75.0,9750,Pave,Reg,Lvl,AllPub,Inside,Gtl,NAmes,Norm,Norm,1Fam,SLvl,5,5,1967,1967,Gable,CompShg,VinylSd,VinylSd,None,0.0,TA,TA,PConc,400.0,480.0,980.0,GasA,Gd,Y,SBrkr,980,0,0,980,0.0,0.0,2,0,3,1,TA,6,Typ,0,1967.0,1.0,384.0,Y,68,0,0,0,0,0,0,10,2006,WD ,Normal,135500,0,0,0,0,3,1,5,5,0,0,5,1,1,0,3,,5,3
2532,20,RL,80.0,9600,Pave,Reg,Lvl,AllPub,Corner,Gtl,NAmes,Feedr,Norm,1Fam,1Story,5,5,1968,1968,Gable,CompShg,MetalSd,MetalSd,None,0.0,TA,TA,CBlock,758.0,0.0,1051.0,GasA,Gd,Y,SBrkr,1051,0,0,1051,1.0,0.0,1,0,3,1,TA,6,Typ,0,1968.0,2.0,504.0,Y,0,0,0,0,0,0,0,7,2006,WD ,Normal,142000,0,0,0,0,3,1,5,5,3,0,6,1,1,0,3,,5,3
2533,60,RL,72.0,8640,Pave,Reg,Lvl,AllPub,Inside,Gtl,NAmes,Feedr,Norm,1Fam,2Story,5,5,1968,1968,Gable,CompShg,HdBoard,HdBoard,BrkFace,300.0,TA,TA,CBlock,361.0,483.0,900.0,GasA,Ex,Y,SBrkr,884,886,0,1770,1.0,0.0,1,1,4,1,TA,7,Typ,0,1968.0,2.0,530.0,Y,0,60,0,0,270,0,455,6,2006,WD ,Normal,155000,0,0,0,1,1,1,2,1,2,0,5,1,1,0,3,,2,1
2534,20,RL,78.0,9360,Pave,Reg,Lvl,AllPub,Inside,Gtl,NAmes,Feedr,Norm,1Fam,1Story,6,7,1968,2004,Hip,CompShg,HdBoard,HdBoard,BrkFace,203.0,TA,TA,CBlock,760.0,0.0,976.0,GasA,TA,Y,SBrkr,976,0,0,976,1.0,0.0,1,0,2,1,Gd,4,Typ,1,1968.0,2.0,504.0,Y,94,0,0,0,0,0,0,8,2006,WD ,Abnorml,157500,0,0,0,0,1,1,5,5,0,0,6,1,1,1,1,,5,1
2535,20,RL,70.0,8400,Pave,Reg,Lvl,AllPub,Inside,Gtl,NAmes,Feedr,Norm,1Fam,1Story,5,5,1968,1968,Hip,CompShg,HdBoard,HdBoard,BrkFace,168.0,TA,TA,CBlock,1016.0,0.0,1052.0,GasA,Gd,Y,SBrkr,1052,0,0,1052,1.0,0.0,1,1,3,1,TA,5,Typ,0,1968.0,1.0,288.0,Y,356,0,0,0,0,0,0,11,2006,WD ,Normal,138500,0,0,1,0,1,1,5,5,0,1,6,1,1,0,3,,5,1
2536,85,RL,70.0,8400,Pave,Reg,Lvl,AllPub,Inside,Gtl,NAmes,Feedr,Norm,1Fam,SFoyer,5,6,1968,1968,Gable,CompShg,HdBoard,HdBoard,None,0.0,TA,TA,CBlock,744.0,0.0,833.0,GasA,Gd,Y,SBrkr,898,0,0,898,1.0,0.0,1,0,3,1,TA,6,Typ,0,1968.0,1.0,326.0,Y,143,0,0,0,0,0,0,8,2006,WD ,Normal,140000,0,0,0,0,3,1,2,5,1,2,6,1,1,0,3,,2,3
2537,20,RL,68.0,9759,Pave,IR1,Lvl,AllPub,Inside,Gtl,NAmes,Norm,Norm,1Fam,1Story,5,5,1966,1966,Gable,CompShg,Plywood,Plywood,None,0.0,TA,TA,CBlock,799.0,0.0,1051.0,GasA,TA,Y,SBrkr,1051,0,0,1051,1.0,0.0,1,0,3,1,TA,6,Typ,0,1966.0,1.0,264.0,Y,182,88,0,0,0,0,0,3,2006,WD ,Normal,124400,0,0,0,0,3,1,5,5,3,1,6,1,1,0,3,,5,3
2538,80,RL,80.0,9600,Pave,Reg,Lvl,AllPub,Inside,Gtl,NAmes,Norm,Norm,1Fam,SLvl,5,7,1967,1967,Gable,CompShg,MetalSd,MetalSd,BrkFace,140.0,TA,TA,PConc,602.0,402.0,1141.0,GasA,Gd,Y,SBrkr,1141,0,0,1141,1.0,0.0,1,0,3,1,TA,6,Typ,0,1967.0,1.0,568.0,Y,0,78,0,0,0,0,0,7,2006,WD ,Normal,158000,0,0,0,0,1,1,5,5,0,0,5,1,1,0,3,,5,1
2539,20,RL,71.0,9230,Pave,Reg,Lvl,AllPub,Corner,Gtl,NAmes,Feedr,Norm,1Fam,1Story,5,8,1965,1998,Hip,CompShg,MetalSd,MetalSd,BrkFace,166.0,TA,TA,CBlock,661.0,0.0,864.0,GasA,Gd,Y,SBrkr,1200,0,0,1200,1.0,0.0,1,1,1,1,Gd,6,Typ,0,1977.0,2.0,884.0,Y,0,64,0,0,0,0,0,10,2006,WD ,Normal,146000,0,0,1,0,1,1,5,5,2,2,6,1,5,0,3,,5,1
2540,60,RL,68.0,14803,Pave,IR1,Lvl,AllPub,CulDSac,Gtl,NWAmes,Norm,Norm,1Fam,2Story,6,5,1971,1971,Gable,CompShg,HdBoard,HdBoard,BrkFace,252.0,TA,TA,CBlock,416.0,0.0,825.0,GasA,Gd,Y,SBrkr,1097,896,0,1993,0.0,0.0,2,1,4,1,TA,8,Typ,1,1971.0,2.0,495.0,Y,0,66,0,0,0,0,0,6,2006,WD ,Normal,190000,0,0,1,0,1,1,5,5,3,5,6,1,1,1,2,,5,1
2541,20,RL,68.0,10659,Pave,IR1,Lvl,AllPub,Inside,Gtl,NAmes,Norm,Norm,1Fam,1Story,5,6,1961,1961,Hip,CompShg,Wd Sdng,Wd Sdng,None,0.0,TA,TA,CBlock,915.0,0.0,1050.0,GasA,TA,Y,SBrkr,1050,0,0,1050,1.0,0.0,1,0,3,1,TA,6,Typ,0,1961.0,1.0,368.0,Y,0,319,0,0,0,0,0,1,2006,COD,Normal,136500,0,0,0,0,3,1,5,5,3,5,6,1,1,0,3,,5,3
2542,20,RL,70.0,9100,Pave,Reg,Lvl,AllPub,Corner,Gtl,NAmes,Feedr,Norm,1Fam,1Story,5,5,1958,1958,Gable,CompShg,VinylSd,VinylSd,None,0.0,TA,TA,CBlock,521.0,174.0,864.0,GasA,TA,Y,SBrkr,864,0,0,864,1.0,0.0,1,0,3,1,TA,5,Typ,0,1964.0,2.0,624.0,Y,0,0,0,0,0,0,0,7,2006,WD ,Normal,129900,0,0,0,0,3,1,5,5,3,1,3,1,5,0,3,,5,3
2543,90,RL,70.0,8393,Pave,Reg,Lvl,AllPub,Corner,Gtl,NAmes,Norm,Norm,Duplex,1Story,5,5,1959,2005,Gable,CompShg,MetalSd,MetalSd,BrkFace,122.0,TA,TA,CBlock,528.0,0.0,1626.0,GasA,Ex,Y,SBrkr,1712,0,0,1712,0.0,0.0,2,0,4,2,TA,8,Typ,0,2005.0,2.0,588.0,Y,272,54,0,0,0,0,0,6,2006,WD ,Family,145000,0,0,0,0,1,1,5,5,3,3,6,1,1,0,3,,5,1
2544,190,RL,80.0,8800,Pave,Reg,Lvl,AllPub,Inside,Gtl,NAmes,RRAn,Norm,2fmCon,1Story,6,7,1965,2000,Hip,CompShg,BrkFace,VinylSd,None,0.0,TA,Gd,PConc,901.0,252.0,1187.0,GasA,Ex,Y,SBrkr,1565,0,0,1565,1.0,0.0,2,0,3,1,Gd,7,Min1,2,1965.0,1.0,299.0,Y,200,25,211,0,0,0,460,6,2006,WD ,Abnorml,185900,0,0,1,1,3,1,5,5,2,0,1,1,1,1,5,,5,3
2545,20,RL,80.0,8800,Pave,Reg,Lvl,AllPub,Inside,Gtl,NAmes,Norm,Norm,1Fam,1Story,6,6,1964,1964,Hip,CompShg,HdBoard,HdBoard,BrkFace,425.0,TA,TA,CBlock,553.0,0.0,1251.0,GasA,TA,Y,SBrkr,1251,0,0,1251,1.0,0.0,1,0,3,1,TA,6,Typ,2,1964.0,1.0,461.0,Y,0,116,0,0,0,0,700,3,2006,WD ,Normal,160000,0,0,1,1,1,1,5,5,3,1,6,1,1,1,2,,5,1
2546,20,RL,68.0,10368,Pave,IR1,Lvl,AllPub,CulDSac,Gtl,NAmes,Norm,Norm,1Fam,1Story,6,6,1964,1964,Hip,CompShg,HdBoard,HdBoard,BrkFace,112.0,TA,TA,CBlock,260.0,748.0,1008.0,GasA,Ex,Y,SBrkr,1488,0,0,1488,1.0,0.0,1,1,3,1,TA,7,Typ,1,1964.0,2.0,430.0,Y,154,60,0,0,0,0,0,4,2006,WD ,Normal,167000,0,0,0,0,1,1,5,5,3,0,3,1,1,1,2,,5,1
2547,60,RL,85.0,9350,Pave,Reg,Lvl,AllPub,Inside,Gtl,NAmes,Norm,Norm,1Fam,2Story,5,6,1964,1964,Gable,CompShg,HdBoard,HdBoard,None,0.0,TA,TA,CBlock,360.0,0.0,720.0,GasA,Gd,Y,SBrkr,720,720,0,1440,0.0,0.0,1,1,4,1,TA,7,Typ,1,1964.0,2.0,480.0,Y,0,32,240,0,0,0,0,7,2006,WD ,Normal,157500,0,0,0,0,3,1,5,5,3,0,6,1,1,1,4,,5,3
2548,190,RL,75.0,10382,Pave,Reg,Lvl,AllPub,Inside,Gtl,NAmes,Norm,Norm,2fmCon,SLvl,6,5,1958,1958,Hip,CompShg,HdBoard,HdBoard,BrkFace,105.0,TA,Fa,CBlock,513.0,0.0,588.0,GasA,TA,Y,SBrkr,1095,0,0,1095,1.0,0.0,1,0,2,1,TA,6,Typ,0,1958.0,1.0,264.0,Y,0,0,0,0,0,0,0,3,2006,ConLD,Normal,140000,0,0,0,0,1,1,5,5,1,0,6,1,1,0,3,,5,1
2549,20,RL,69.0,8973,Pave,Reg,Lvl,AllPub,Inside,Gtl,NAmes,Norm,Norm,1Fam,1Story,5,7,1958,1991,Gable,CompShg,Plywood,Plywood,BrkFace,85.0,TA,TA,CBlock,567.0,28.0,1008.0,GasA,TA,Y,FuseA,1053,0,0,1053,0.0,1.0,1,1,3,1,Ex,6,Typ,0,1998.0,2.0,750.0,Y,0,80,0,180,0,0,0,7,2006,WD ,Abnorml,150000,0,0,1,0,1,1,5,5,3,5,1,1,0,0,3,,5,1
2550,20,RL,80.0,10800,Pave,Reg,Lvl,AllPub,Inside,Gtl,NAmes,Norm,Norm,1Fam,1Story,5,7,1960,1960,Hip,CompShg,Wd Sdng,Wd Sdng,BrkFace,88.0,TA,TA,CBlock,632.0,0.0,1248.0,GasA,Ex,Y,SBrkr,1248,0,0,1248,1.0,0.0,1,0,3,1,TA,6,Typ,0,1960.0,1.0,286.0,Y,0,0,0,0,0,0,0,5,2006,WD ,Normal,151500,0,0,1,0,1,1,5,5,3,0,6,1,1,0,3,,5,1
2551,30,RL,60.0,8550,Pave,Reg,Lvl,AllPub,Inside,Gtl,NAmes,Norm,Norm,1Fam,1Story,6,8,1934,1950,Gable,CompShg,MetalSd,MetalSd,None,0.0,TA,TA,CBlock,574.0,0.0,816.0,GasA,Ex,Y,SBrkr,816,0,0,816,1.0,0.0,1,0,2,1,TA,4,Typ,1,1949.0,1.0,240.0,Y,228,0,40,0,0,0,0,7,2006,WD ,Normal,129800,0,0,1,0,3,1,5,5,3,1,6,1,1,1,1,,5,3
2552,20,RL,68.0,11425,Pave,IR1,Lvl,AllPub,Corner,Gtl,NAmes,Norm,Norm,1Fam,1Story,5,6,1954,1954,Gable,CompShg,BrkFace,BrkFace,None,0.0,TA,TA,CBlock,486.0,0.0,1008.0,GasA,Gd,Y,SBrkr,1008,0,0,1008,0.0,0.0,1,0,2,1,TA,4,Typ,1,1954.0,1.0,275.0,Y,0,0,120,0,0,0,0,7,2006,WD ,Normal,137000,0,0,0,0,3,1,5,5,3,1,6,1,1,1,2,,5,3
2553,20,RL,68.0,9724,Pave,Reg,Lvl,AllPub,Inside,Gtl,NAmes,Norm,Norm,1Fam,1Story,5,7,1947,1950,Hip,CompShg,BrkFace,BrkFace,None,0.0,TA,TA,CBlock,0.0,0.0,938.0,GasA,Ex,Y,SBrkr,1043,0,0,1043,0.0,0.0,1,0,2,1,TA,5,Typ,1,1947.0,1.0,273.0,Y,125,48,0,0,0,0,0,5,2006,WD ,Normal,137000,0,0,1,0,3,1,5,5,3,6,6,1,5,1,2,,5,3
2554,50,RL,51.0,4712,Pave,IR1,Lvl,AllPub,Inside,Mod,BrkSide,Feedr,Norm,1Fam,1.5Fin,4,7,1946,1950,Gable,CompShg,MetalSd,MetalSd,None,0.0,TA,TA,CBlock,384.0,0.0,747.0,GasA,TA,Y,SBrkr,774,456,0,1230,1.0,0.0,1,1,3,1,TA,5,Typ,0,1946.0,1.0,305.0,Y,0,57,0,0,63,0,0,8,2006,WD ,Abnorml,121600,0,0,1,0,3,1,5,5,3,0,6,1,5,0,3,,5,3
2555,30,RL,51.0,5900,Pave,IR1,Bnk,AllPub,Inside,Gtl,BrkSide,Norm,Norm,1Fam,1Story,4,7,1923,1958,Gable,CompShg,Wd Sdng,Wd Sdng,None,0.0,TA,TA,PConc,0.0,0.0,440.0,GasA,TA,Y,FuseA,869,0,0,869,0.0,0.0,1,0,2,1,Fa,4,Typ,0,0.0,0.0,0.0,Y,0,0,0,0,0,0,0,8,2006,WD ,Normal,85500,0,0,0,0,3,1,2,5,3,6,6,0,6,0,3,,2,3
2556,30,RL,52.0,5825,Pave,IR1,Lvl,AllPub,Inside,Gtl,BrkSide,Norm,Norm,1Fam,1Story,4,5,1926,1953,Gable,CompShg,MetalSd,MetalSd,BrkFace,108.0,TA,Gd,PConc,0.0,0.0,600.0,GasA,Gd,Y,SBrkr,747,0,0,747,0.0,0.0,1,0,1,1,TA,5,Typ,0,1953.0,2.0,528.0,Y,0,0,32,0,0,0,0,6,2006,WD ,Normal,79900,0,0,0,0,1,1,1,5,2,6,6,1,5,0,3,,1,1
2557,50,RL,92.0,7438,Pave,IR1,Lvl,AllPub,Inside,Gtl,BrkSide,RRAn,Feedr,1Fam,1.5Fin,5,8,1908,1991,Gable,CompShg,AsbShng,Plywood,None,0.0,TA,TA,PConc,0.0,0.0,504.0,GasA,Gd,Y,SBrkr,936,316,0,1252,0.0,0.0,1,0,3,1,TA,5,Typ,0,1986.0,2.0,576.0,Y,104,0,0,0,0,0,0,6,2006,WD ,Normal,127000,0,0,1,0,3,1,1,5,3,6,6,1,1,0,3,,1,3
2558,20,RL,80.0,9600,Pave,Reg,Lvl,AllPub,Inside,Gtl,NAmes,Norm,Norm,1Fam,1Story,5,6,1961,1990,Gable,CompShg,WdShing,Wd Shng,None,0.0,TA,TA,CBlock,915.0,0.0,1251.0,GasA,TA,Y,SBrkr,1433,0,0,1433,1.0,0.0,1,0,3,1,TA,7,Min1,1,1961.0,2.0,441.0,Y,144,0,205,0,0,0,0,6,2006,WD ,Normal,161000,0,0,0,0,3,1,5,5,2,1,6,1,1,1,2,,5,3
2559,20,RL,89.0,10858,Pave,Reg,Lvl,AllPub,Corner,Gtl,NAmes,Feedr,Norm,1Fam,1Story,5,6,1952,1952,Gable,CompShg,Wd Sdng,Plywood,Stone,150.0,TA,Gd,CBlock,40.0,0.0,1444.0,GasA,Ex,Y,SBrkr,1624,0,0,1624,1.0,0.0,1,0,2,1,TA,6,Min1,1,1952.0,1.0,240.0,Y,0,40,324,0,0,0,0,7,2006,WD ,Partial,146500,0,0,1,0,4,1,5,5,2,3,6,1,1,1,2,,5,4
2560,20,RL,80.0,9600,Pave,Reg,Lvl,AllPub,Inside,Gtl,NAmes,Norm,Norm,1Fam,1Story,5,5,1951,1951,Gable,CompShg,HdBoard,HdBoard,Stone,144.0,TA,TA,CBlock,996.0,0.0,1056.0,GasA,Ex,Y,FuseA,1216,0,0,1216,1.0,0.0,1,0,3,1,TA,7,Typ,0,1951.0,1.0,280.0,Y,0,0,0,0,0,0,0,5,2006,WD ,Normal,135000,0,0,0,0,4,1,5,5,3,0,6,1,1,0,3,,5,4
2561,20,RL,89.0,10680,Pave,Reg,Lvl,AllPub,Inside,Gtl,NAmes,Norm,Norm,1Fam,1Story,5,3,1951,1951,Hip,CompShg,Wd Sdng,Wd Sdng,BrkFace,44.0,TA,TA,CBlock,756.0,0.0,2136.0,GasA,TA,N,FuseA,2136,0,0,2136,0.0,0.0,2,0,4,1,TA,7,Mod,0,1951.0,2.0,528.0,Y,0,30,0,0,0,0,0,10,2006,WD ,Normal,137900,0,0,1,0,1,1,5,1,3,3,6,1,5,0,3,,5,1
2562,50,RL,79.0,9490,Pave,Reg,Lvl,AllPub,Inside,Gtl,NAmes,Artery,Norm,1Fam,1.5Fin,6,7,1941,1950,Gable,CompShg,Wd Sdng,Wd Sdng,None,0.0,TA,TA,CBlock,403.0,165.0,806.0,GasA,TA,Y,FuseA,958,620,0,1578,1.0,0.0,1,0,3,1,Fa,5,Typ,2,1941.0,1.0,240.0,Y,0,0,32,0,0,0,0,8,2006,WD ,Normal,133000,0,0,1,0,3,1,5,5,3,1,5,1,1,1,5,,5,3
2563,60,RL,79.0,9462,Pave,Reg,Lvl,AllPub,Inside,Gtl,NAmes,Norm,Norm,1Fam,2Story,5,6,1949,1973,Gable,CompShg,Wd Sdng,Wd Sdng,None,0.0,TA,TA,CBlock,0.0,0.0,704.0,GasA,Gd,Y,FuseA,1024,704,0,1728,0.0,0.0,1,1,3,1,TA,7,Min1,1,1949.0,1.0,234.0,Y,245,60,0,0,0,0,0,7,2006,WD ,Normal,137000,0,0,1,0,3,1,5,5,3,6,6,1,1,1,2,,5,3
2564,20,RL,82.0,9888,Pave,Reg,Lvl,AllPub,Inside,Gtl,NAmes,Norm,Norm,1Fam,1Story,5,6,1954,1975,Gable,CompShg,MetalSd,MetalSd,None,0.0,TA,Gd,CBlock,486.0,0.0,936.0,GasA,TA,Y,FuseA,936,0,0,936,0.0,0.0,1,0,2,1,TA,5,Typ,0,1954.0,1.0,240.0,Y,0,0,160,0,0,0,0,3,2006,WD ,Normal,121000,0,0,1,0,3,1,5,5,3,1,6,1,1,0,3,,5,3
2565,90,RL,68.0,8917,Pave,IR1,Lvl,AllPub,Inside,Gtl,NAmes,Norm,Norm,Duplex,1Story,5,5,1967,1967,Gable,CompShg,Plywood,Plywood,None,0.0,TA,TA,CBlock,0.0,0.0,1584.0,GasA,TA,Y,SBrkr,1584,0,0,1584,0.0,0.0,2,0,4,2,TA,8,Typ,0,1967.0,2.0,506.0,Y,0,0,0,0,0,0,0,10,2006,WD ,Normal,119000,0,0,0,0,3,1,5,5,3,6,6,1,5,0,3,,5,3
2566,80,RL,68.0,12700,Pave,IR1,Lvl,AllPub,Inside,Gtl,NAmes,Norm,Norm,1Fam,SLvl,6,5,1964,1964,Gable,CompShg,HdBoard,HdBoard,None,0.0,TA,TA,CBlock,939.0,0.0,1246.0,GasA,TA,Y,SBrkr,1246,0,0,1246,1.0,0.0,1,0,3,1,TA,6,Typ,2,1964.0,2.0,441.0,Y,0,69,0,0,0,0,0,11,2006,WD ,Normal,172000,0,0,0,0,3,1,5,5,3,0,6,1,1,1,2,,5,3
2567,20,RL,85.0,8500,Pave,Reg,Lvl,AllPub,Inside,Gtl,NAmes,Norm,Norm,1Fam,1Story,5,3,1961,1961,Hip,CompShg,HdBoard,HdBoard,BrkCmn,203.0,TA,TA,CBlock,600.0,0.0,1235.0,GasA,TA,Y,SBrkr,1235,0,0,1235,0.0,0.0,1,0,2,1,TA,6,Typ,0,1961.0,2.0,480.0,Y,0,0,0,0,0,0,0,12,2006,WD ,Abnorml,98600,0,0,1,0,0,1,5,5,3,5,6,1,1,0,3,,5,0
2568,60,RL,88.0,14200,Pave,Reg,Lvl,AllPub,Corner,Gtl,NAmes,Norm,Norm,1Fam,2Story,7,6,1966,1966,Gable,CompShg,MetalSd,MetalSd,BrkFace,309.0,TA,TA,CBlock,445.0,0.0,924.0,GasA,Ex,Y,SBrkr,1216,941,0,2157,0.0,0.0,2,1,4,1,Gd,8,Typ,2,1966.0,2.0,487.0,Y,105,66,0,0,0,0,0,5,2006,WD ,Normal,226000,0,0,1,0,1,1,5,5,3,5,6,1,1,1,2,,5,1
2569,20,RL,75.0,9000,Pave,Reg,Lvl,AllPub,Inside,Gtl,NAmes,Norm,Norm,1Fam,1Story,5,5,1954,1954,Gable,CompShg,Wd Sdng,Wd Sdng,None,0.0,TA,TA,CBlock,812.0,0.0,936.0,GasA,TA,Y,SBrkr,1128,0,0,1128,0.0,0.0,1,0,2,1,TA,5,Min1,0,1954.0,1.0,286.0,Y,0,0,0,0,0,0,0,6,2006,WD ,Family,118000,0,0,1,0,3,1,5,5,3,3,6,1,1,0,3,,5,3
2570,75,RL,174.0,25419,Pave,Reg,Lvl,AllPub,Corner,Gtl,NAmes,Artery,Norm,1Fam,2Story,8,4,1918,1990,Gable,CompShg,Stucco,Stucco,None,0.0,Gd,Gd,PConc,1036.0,184.0,1360.0,GasA,Gd,Y,SBrkr,1360,1360,392,3112,1.0,1.0,2,0,4,1,Gd,8,Typ,1,1918.0,2.0,795.0,Y,0,16,552,0,0,512,0,3,2006,WD ,Abnorml,235000,0,1,1,0,3,1,5,5,3,2,3,1,5,1,0,,5,3
2571,20,RL,109.0,9723,Pave,IR1,Lvl,AllPub,Corner,Gtl,NAmes,Norm,Norm,1Fam,1Story,6,7,1963,1963,Hip,CompShg,MetalSd,MetalSd,BrkFace,332.0,TA,TA,CBlock,0.0,0.0,1008.0,GasA,TA,Y,SBrkr,1008,0,0,1008,0.0,0.0,1,0,2,1,TA,5,Typ,0,1963.0,2.0,430.0,Y,0,0,0,0,0,0,0,10,2006,WD ,Normal,135000,0,0,0,0,1,1,5,5,3,6,6,1,1,0,3,,5,1
2572,90,RL,70.0,7728,Pave,Reg,Lvl,AllPub,Inside,Gtl,NAmes,Norm,Norm,Duplex,SLvl,5,6,1962,1962,Hip,CompShg,Wd Sdng,Wd Sdng,BrkFace,120.0,TA,TA,CBlock,803.0,0.0,1106.0,GasA,TA,Y,SBrkr,1190,0,0,1190,1.0,0.0,1,0,3,1,TA,6,Typ,0,1962.0,2.0,540.0,Y,0,18,0,0,0,0,0,5,2006,WD ,Normal,132500,0,0,1,0,1,1,5,5,0,0,6,1,1,0,3,,5,1
2573,80,RL,70.0,8163,Pave,Reg,Lvl,AllPub,Inside,Gtl,NAmes,Norm,Norm,1Fam,SLvl,5,6,1959,1959,Gable,CompShg,HdBoard,HdBoard,BrkFace,128.0,TA,Gd,CBlock,748.0,294.0,1144.0,GasA,TA,Y,SBrkr,1144,0,0,1144,1.0,0.0,1,0,3,1,TA,6,Typ,1,1959.0,1.0,796.0,Y,86,0,0,0,0,0,0,3,2006,WD ,Normal,143000,0,0,0,0,1,1,5,5,0,0,1,1,1,1,5,,5,1
2574,20,RL,70.0,8400,Pave,Reg,Lvl,AllPub,Corner,Gtl,NAmes,Feedr,Norm,1Fam,1Story,5,5,1957,1957,Gable,CompShg,BrkFace,BrkFace,None,0.0,TA,TA,CBlock,623.0,0.0,1179.0,GasA,Gd,Y,SBrkr,1364,0,0,1364,0.0,0.0,1,1,3,1,TA,6,Typ,1,1957.0,1.0,331.0,Y,0,60,0,0,0,0,0,3,2006,WD ,Normal,132000,0,0,1,0,3,1,1,5,2,1,6,1,1,1,2,,1,3
2575,20,RL,80.0,11600,Pave,Reg,Lvl,AllPub,Inside,Gtl,NAmes,Norm,Norm,1Fam,1Story,6,5,1960,1960,Hip,CompShg,Wd Sdng,Wd Sdng,BrkFace,175.0,TA,TA,CBlock,565.0,0.0,1383.0,GasA,TA,Y,SBrkr,1383,0,0,1383,0.0,0.0,1,1,3,1,TA,7,Typ,0,1960.0,1.0,292.0,Y,0,45,0,0,0,0,0,4,2006,WD ,Normal,145250,0,0,0,0,1,1,5,5,3,5,6,1,1,0,3,,5,1
2576,20,RL,68.0,9610,Pave,IR1,Lvl,AllPub,Corner,Gtl,NAmes,Feedr,Norm,1Fam,1Story,6,6,1958,1958,Hip,CompShg,Wd Sdng,Wd Sdng,BrkFace,632.0,TA,TA,CBlock,203.0,0.0,1121.0,GasA,Ex,Y,FuseA,1336,0,0,1336,0.0,0.0,1,1,3,1,TA,7,Typ,1,1958.0,2.0,488.0,Y,80,0,0,0,0,0,0,12,2006,WD ,Normal,162000,0,0,0,0,1,1,5,5,3,5,6,1,1,1,5,,5,1
2577,80,RL,125.0,10000,Pave,Reg,Lvl,AllPub,Corner,Gtl,NAmes,Norm,Norm,1Fam,SLvl,5,6,1956,1956,Hip,CompShg,Wd Sdng,Wd Sdng,BrkFace,272.0,TA,TA,CBlock,678.0,281.0,1058.0,GasA,Ex,Y,SBrkr,1370,0,0,1370,1.0,0.0,1,0,3,1,TA,6,Typ,1,1956.0,1.0,300.0,Y,191,0,0,0,120,0,0,2,2006,WD ,Normal,148000,0,0,1,0,1,1,5,5,0,1,5,1,2,1,5,,5,1
2578,20,RL,69.0,14850,Pave,IR1,Lvl,AllPub,Inside,Gtl,NAmes,Norm,Norm,1Fam,1Story,5,5,1957,1957,Gable,CompShg,Wd Sdng,Wd Sdng,None,0.0,TA,TA,CBlock,895.0,0.0,1092.0,GasA,TA,Y,FuseA,1092,0,0,1092,1.0,0.0,1,0,2,1,TA,6,Typ,1,1957.0,1.0,299.0,Y,268,0,0,0,122,0,0,5,2006,WD ,Normal,141000,0,0,1,0,3,1,5,5,3,5,6,1,1,1,5,,5,3
2579,20,RL,72.0,10152,Pave,Reg,Lvl,AllPub,Inside,Gtl,NAmes,Norm,Norm,1Fam,1Story,6,6,1956,1994,Gable,CompShg,Wd Sdng,Wd Sdng,None,0.0,TA,TA,CBlock,914.0,0.0,1124.0,GasA,Ex,Y,SBrkr,1124,0,0,1124,1.0,0.0,1,0,3,1,TA,6,Typ,1,1956.0,1.0,353.0,Y,0,211,180,0,142,0,0,5,2006,WD ,Normal,153000,0,0,0,0,3,1,5,5,0,1,6,1,1,1,5,,5,3
2580,20,RL,72.0,10011,Pave,IR1,Lvl,AllPub,Inside,Gtl,NAmes,Norm,Norm,1Fam,1Story,5,6,1957,1996,Gable,CompShg,HdBoard,HdBoard,BrkFace,64.0,TA,TA,CBlock,360.0,0.0,1070.0,GasA,TA,Y,SBrkr,1236,0,0,1236,0.0,1.0,1,0,2,1,Gd,6,Min1,1,1957.0,1.0,447.0,Y,0,0,0,0,0,0,0,5,2006,WD ,Normal,134450,0,0,1,0,1,1,5,5,3,1,6,1,1,1,1,,5,1
2581,90,RL,68.0,7032,Pave,IR1,Lvl,AllPub,Corner,Gtl,NAmes,Norm,Norm,Duplex,SFoyer,5,5,1979,1979,Gable,CompShg,MetalSd,MetalSd,None,0.0,TA,TA,CBlock,943.0,0.0,943.0,GasA,TA,Y,SBrkr,943,0,0,943,1.0,0.0,1,0,2,1,TA,4,Typ,2,1979.0,2.0,600.0,Y,42,0,0,0,0,0,0,12,2006,WD ,Normal,135960,0,0,0,0,3,1,2,5,1,2,6,1,5,1,5,,2,3
2582,20,RL,70.0,8092,Pave,Reg,Lvl,AllPub,Inside,Gtl,NAmes,Norm,Norm,1Fam,1Story,6,8,1954,2000,Hip,CompShg,Wd Sdng,Wd Sdng,BrkFace,176.0,TA,Gd,CBlock,824.0,0.0,1050.0,GasA,Ex,Y,SBrkr,1050,0,0,1050,1.0,0.0,1,0,3,1,Gd,6,Typ,0,1954.0,1.0,286.0,Y,0,0,0,0,0,0,0,6,2006,WD ,Abnorml,156000,0,0,0,0,1,1,5,5,3,0,6,1,1,0,3,,5,1
2583,20,RL,75.0,11310,Pave,Reg,Lvl,AllPub,Inside,Gtl,NAmes,Norm,Norm,1Fam,1Story,6,5,1954,1954,Hip,CompShg,Wd Sdng,BrkFace,None,0.0,TA,TA,CBlock,0.0,0.0,1367.0,GasA,Ex,Y,SBrkr,1375,0,0,1375,0.0,0.0,1,0,2,1,TA,5,Typ,1,1954.0,2.0,451.0,Y,0,30,0,0,0,0,0,6,2006,WD ,Normal,140000,0,0,0,0,3,1,5,5,3,6,6,1,1,1,5,,5,3
2584,20,RL,66.0,12778,Pave,Reg,Lvl,AllPub,Inside,Gtl,NAmes,Norm,Norm,1Fam,1Story,5,6,1952,2003,Gable,CompShg,MetalSd,MetalSd,None,0.0,TA,TA,CBlock,658.0,0.0,1008.0,GasA,Ex,Y,FuseA,1008,0,0,1008,1.0,0.0,1,0,2,1,TA,4,Typ,0,1952.0,1.0,280.0,Y,0,154,0,0,0,0,0,1,2006,WD ,Normal,139500,0,0,1,0,3,1,5,5,3,2,6,1,1,0,3,,5,3
2585,20,RL,75.0,10170,Pave,Reg,Lvl,AllPub,Corner,Gtl,NAmes,Norm,Norm,1Fam,1Story,6,6,1951,1951,Hip,CompShg,Wd Sdng,Wd Sdng,BrkFace,522.0,TA,TA,CBlock,0.0,0.0,216.0,GasA,TA,Y,SBrkr,1575,0,0,1575,0.0,0.0,1,1,2,1,Gd,5,Typ,1,1951.0,2.0,400.0,Y,0,0,0,0,0,0,0,6,2006,WD ,Normal,155000,0,0,0,0,1,1,5,5,3,6,6,1,1,1,2,,5,1
2586,80,RL,55.0,7700,Pave,Reg,Lvl,AllPub,Inside,Gtl,NAmes,Norm,Norm,1Fam,SLvl,5,7,1956,1956,Gable,CompShg,VinylSd,VinylSd,None,0.0,TA,TA,CBlock,271.0,0.0,301.0,GasA,Ex,Y,FuseA,1145,0,0,1145,0.0,0.0,1,0,3,1,TA,6,Min2,0,1993.0,2.0,684.0,Y,0,0,0,0,0,0,0,9,2006,WD ,Normal,127000,0,0,1,0,3,1,2,5,3,1,6,1,5,0,3,,2,3
2587,20,RL,65.0,11050,Pave,Reg,Lvl,AllPub,Inside,Gtl,NAmes,Norm,Norm,1Fam,1Story,5,5,1956,1956,Hip,CompShg,Wd Sdng,Wd Sdng,None,0.0,TA,TA,CBlock,488.0,0.0,1005.0,GasA,Ex,Y,SBrkr,1005,0,0,1005,0.0,0.0,1,0,2,1,TA,6,Typ,1,1956.0,1.0,319.0,Y,0,0,0,0,288,0,0,7,2006,WD ,Normal,133500,0,0,0,0,3,1,5,5,3,3,6,1,1,1,5,,5,3
2588,20,RL,80.0,13600,Pave,Reg,Bnk,AllPub,Inside,Gtl,NAmes,Norm,Norm,1Fam,1Story,5,6,1955,1955,Gable,CompShg,HdBoard,HdBoard,None,0.0,TA,TA,CBlock,144.0,912.0,1056.0,GasA,Gd,Y,SBrkr,1056,0,0,1056,1.0,0.0,1,1,3,1,TA,6,Typ,0,1955.0,1.0,300.0,Y,0,0,0,0,0,0,650,11,2006,WD ,Normal,125000,0,0,1,1,3,1,5,5,3,5,1,1,1,0,3,,5,3
2589,20,RL,85.0,15428,Pave,Reg,Lvl,AllPub,Inside,Gtl,NAmes,Norm,Norm,1Fam,1Story,5,6,1951,1991,Hip,CompShg,MetalSd,MetalSd,None,0.0,TA,TA,CBlock,741.0,0.0,884.0,GasA,Ex,Y,SBrkr,884,0,0,884,1.0,0.0,1,0,2,1,TA,4,Typ,0,1951.0,1.0,270.0,Y,0,0,0,0,195,0,0,6,2006,WD ,Normal,142000,0,0,0,0,3,1,5,5,3,5,6,1,1,0,3,,5,3
2590,30,RL,118.0,21299,Pave,Reg,Lvl,AllPub,Inside,Gtl,NAmes,Norm,Norm,1Fam,1Story,7,5,1941,1963,Hip,WdShake,BrkFace,BrkFace,None,0.0,Gd,TA,CBlock,0.0,0.0,929.0,GasA,Ex,Y,SBrkr,2039,0,0,2039,1.0,0.0,1,1,3,1,TA,7,Min1,3,1941.0,3.0,791.0,Y,0,0,90,0,0,0,0,12,2006,COD,Abnorml,167000,0,0,0,0,3,1,5,5,3,6,6,1,0,1,2,,5,3
2591,20,RL,70.0,13300,Pave,Reg,Lvl,AllPub,Inside,Gtl,NAmes,Norm,Norm,1Fam,1Story,5,5,1956,2001,Hip,CompShg,Wd Sdng,VinylSd,None,0.0,TA,TA,CBlock,494.0,0.0,1015.0,GasA,Gd,Y,SBrkr,1384,0,0,1384,1.0,0.0,1,0,2,1,TA,6,Min1,0,2001.0,2.0,896.0,Y,75,0,0,323,0,0,400,6,2006,WD ,Normal,159000,0,0,0,1,3,1,5,5,3,5,6,1,1,0,3,,5,3
2592,190,RL,94.0,22136,Pave,Reg,Lvl,AllPub,Inside,Gtl,OldTown,Artery,Norm,2fmCon,1.5Fin,5,5,1925,1975,Gable,CompShg,MetalSd,MetalSd,None,0.0,TA,Fa,CBlock,1018.0,0.0,2171.0,GasA,TA,Y,SBrkr,1392,1248,0,2640,2.0,0.0,2,1,5,1,TA,10,Maj1,1,1977.0,3.0,1008.0,N,631,48,148,0,0,0,0,7,2006,WD ,Normal,180000,0,0,0,0,3,1,5,5,2,2,6,1,1,1,2,,5,3
2593,50,RL,50.0,7500,Pave,Reg,Lvl,AllPub,Inside,Gtl,NAmes,Norm,Norm,1Fam,1.5Fin,6,6,1947,1950,Gable,CompShg,VinylSd,VinylSd,None,0.0,TA,TA,CBlock,0.0,0.0,784.0,GasA,Ex,Y,FuseA,900,412,0,1312,0.0,0.0,1,1,3,1,TA,6,Typ,0,1953.0,2.0,649.0,Y,0,28,0,0,0,0,0,10,2006,WD ,Normal,127000,0,0,0,0,3,1,5,5,3,6,6,1,5,0,3,,5,3
2594,50,RL,50.0,7000,Pave,Reg,Lvl,AllPub,Corner,Gtl,OldTown,Artery,Norm,1Fam,1.5Fin,6,6,1924,1950,Gable,CompShg,MetalSd,MetalSd,None,0.0,TA,Gd,BrkTil,617.0,0.0,617.0,GasA,Gd,Y,SBrkr,865,445,0,1310,0.0,0.0,2,0,2,1,TA,6,Min1,0,1924.0,1.0,398.0,Y,0,0,126,0,0,0,0,5,2006,COD,Normal,112000,0,0,0,0,3,1,1,5,3,3,6,1,1,0,3,,1,3
2595,30,RL,60.0,10410,Pave,Reg,Lvl,AllPub,Inside,Gtl,OldTown,Norm,Norm,1Fam,1Story,3,8,1930,2001,Gable,CompShg,VinylSd,VinylSd,None,0.0,TA,Gd,PConc,0.0,0.0,713.0,GasA,Ex,Y,SBrkr,713,0,0,713,0.0,0.0,1,0,2,1,Gd,5,Typ,0,1936.0,1.0,371.0,N,0,75,161,0,0,0,0,10,2006,WD ,Normal,99800,1,0,0,0,3,1,5,5,3,6,6,1,5,0,3,,5,3
2596,20,RL,90.0,5400,Pave,Reg,Lvl,AllPub,Inside,Gtl,OldTown,Norm,Norm,1Fam,1Story,5,7,1954,2000,Gable,CompShg,MetalSd,MetalSd,None,0.0,TA,Gd,CBlock,415.0,0.0,833.0,GasA,Ex,Y,SBrkr,833,0,0,833,0.0,0.0,1,0,2,1,Gd,4,Typ,0,1955.0,1.0,326.0,Y,0,0,0,0,0,0,0,8,2006,WD ,Normal,117000,0,0,1,0,3,1,5,5,3,5,6,1,5,0,3,,5,3
2597,30,RL,60.0,5400,Pave,Reg,Lvl,AllPub,Corner,Sev,OldTown,Norm,Norm,1Fam,1Story,5,6,1921,1968,Gable,CompShg,MetalSd,MetalSd,None,0.0,TA,TA,BrkTil,0.0,0.0,1073.0,GasA,Ex,Y,SBrkr,1073,0,0,1073,0.0,0.0,1,0,2,1,TA,4,Typ,0,1968.0,1.0,326.0,Y,0,0,112,0,0,0,0,12,2006,WD ,Abnorml,108480,0,0,0,0,3,1,5,5,3,6,6,1,5,0,3,,5,3
2598,30,RL,60.0,10914,Pave,Reg,Lvl,AllPub,Inside,Gtl,NAmes,Artery,Norm,1Fam,1Story,3,3,1929,1950,Hip,CompShg,Wd Sdng,Wd Sdng,None,0.0,TA,Fa,CBlock,0.0,0.0,715.0,GasA,Fa,N,FuseP,715,0,0,715,0.0,0.0,1,0,2,1,TA,4,Typ,0,1967.0,2.0,660.0,N,0,0,75,0,112,0,0,8,2006,WD ,Normal,68000,1,0,0,0,3,1,5,5,2,6,6,1,5,0,3,,5,3
2599,50,RL,60.0,7008,Pave,Reg,Lvl,AllPub,Corner,Gtl,OldTown,Norm,Norm,1Fam,1.5Fin,4,8,1900,1998,Gable,CompShg,MetalSd,MetalSd,None,0.0,TA,Gd,BrkTil,0.0,0.0,448.0,GasA,Ex,Y,SBrkr,448,272,0,720,0.0,0.0,1,0,1,1,Fa,5,Typ,0,1900.0,1.0,280.0,Y,0,0,70,0,0,0,0,3,2006,WD ,Normal,86900,0,0,0,0,3,1,1,1,3,6,6,1,1,0,3,,1,3
2600,30,RL,60.0,10800,Pave,Reg,Lvl,AllPub,Inside,Gtl,OldTown,Norm,Norm,1Fam,1Story,5,6,1920,1950,Hip,CompShg,Stucco,Stucco,None,0.0,TA,TA,BrkTil,821.0,0.0,1120.0,GasA,Ex,Y,SBrkr,1130,0,0,1130,1.0,0.0,1,0,2,1,TA,5,Typ,1,1970.0,2.0,720.0,Y,229,0,0,0,0,0,0,6,2006,WD ,Normal,120000,1,0,0,0,3,1,5,5,3,5,6,1,5,1,2,,5,3
2601,70,RL,60.0,7200,Pave,Reg,Lvl,AllPub,Inside,Gtl,OldTown,Norm,Norm,1Fam,2Story,6,8,1915,1950,Gable,CompShg,MetalSd,MetalSd,None,0.0,TA,Ex,CBlock,338.0,0.0,663.0,GasA,Ex,Y,SBrkr,774,821,0,1595,0.0,0.0,2,0,3,1,TA,7,Typ,1,1974.0,2.0,528.0,Y,49,0,231,0,0,0,0,4,2006,WD ,Normal,155500,1,0,0,0,3,1,5,5,3,5,6,1,5,1,2,,5,3
2602,50,RL,60.0,10818,Pave,Reg,Lvl,AllPub,Inside,Gtl,OldTown,Norm,Norm,1Fam,1.5Fin,4,4,1910,1950,Gable,CompShg,VinylSd,VinylSd,None,0.0,TA,TA,BrkTil,0.0,0.0,1077.0,GasA,TA,Y,FuseA,981,779,0,1760,0.0,0.0,1,1,4,1,TA,7,Typ,1,1935.0,2.0,648.0,Y,120,0,96,0,0,0,0,2,2006,COD,Abnorml,80000,1,0,0,0,3,1,1,5,3,6,6,1,5,1,5,,1,3
2603,50,RL,60.0,10410,Pave,Reg,Lvl,AllPub,Corner,Gtl,OldTown,Artery,Norm,1Fam,1.5Fin,3,4,1915,1950,Gable,CompShg,Wd Sdng,Wd Sdng,None,0.0,TA,TA,PConc,0.0,0.0,672.0,GasA,TA,Y,SBrkr,694,520,0,1214,0.0,0.0,1,0,3,1,TA,6,Typ,0,1998.0,3.0,936.0,Y,216,0,160,0,0,0,0,1,2006,WD ,Family,105000,1,0,1,0,3,1,5,5,3,6,6,1,5,0,3,,5,3
2604,190,RL,60.0,10800,Pave,Reg,Lvl,AllPub,Corner,Gtl,OldTown,Norm,Norm,2fmCon,1.5Fin,5,4,1900,1970,Gable,CompShg,Wd Sdng,Wd Sdng,None,0.0,TA,Fa,CBlock,664.0,0.0,954.0,GasA,TA,N,FuseA,1766,648,0,2414,0.0,0.0,2,0,3,2,TA,10,Mod,1,1970.0,2.0,520.0,N,142,0,0,0,0,0,0,5,2006,ConLD,Normal,160000,0,0,0,0,3,1,5,1,3,1,6,1,1,1,2,,5,3
2605,50,RL,60.0,10800,Pave,Reg,Lvl,AllPub,Inside,Gtl,OldTown,Norm,Norm,1Fam,1.5Fin,5,8,1936,1989,Gable,CompShg,Wd Sdng,Wd Sdng,None,0.0,TA,TA,CBlock,626.0,0.0,796.0,GasA,Gd,Y,SBrkr,1096,370,0,1466,0.0,1.0,2,0,3,1,Gd,7,Min1,1,1950.0,2.0,566.0,Y,436,21,0,0,0,0,500,4,2006,WD ,Normal,170000,1,0,0,1,3,1,1,5,3,0,6,1,1,1,5,,1,3
2606,20,RL,84.0,8658,Pave,Reg,Lvl,AllPub,Inside,Gtl,NAmes,Norm,Norm,1Fam,1Story,6,5,1965,1965,Gable,CompShg,Wd Sdng,Wd Sdng,BrkFace,101.0,TA,TA,CBlock,643.0,0.0,1088.0,GasA,Ex,Y,SBrkr,1324,0,0,1324,0.0,0.0,2,0,3,1,TA,6,Typ,1,1965.0,2.0,440.0,Y,0,138,0,0,0,0,0,12,2006,WD ,Abnorml,160000,0,0,1,0,1,1,5,5,3,5,6,1,1,1,5,,5,1
2607,80,RL,85.0,13400,Pave,Reg,Lvl,AllPub,Inside,Gtl,NAmes,Norm,Norm,1Fam,SLvl,5,5,1966,1966,Gable,CompShg,VinylSd,VinylSd,BrkFace,1047.0,TA,TA,CBlock,516.0,128.0,1024.0,GasA,TA,Y,SBrkr,1086,0,0,1086,1.0,0.0,1,0,3,1,TA,6,Typ,1,1966.0,2.0,484.0,Y,0,0,0,0,0,0,0,6,2006,WD ,Normal,159950,0,0,1,0,1,1,5,5,0,0,1,1,1,1,2,,5,1
2608,80,RL,83.0,10184,Pave,Reg,Lvl,AllPub,Inside,Gtl,NAmes,Norm,Norm,1Fam,SLvl,6,5,1963,1963,Gable,CompShg,HdBoard,HdBoard,BrkFace,379.0,TA,TA,CBlock,580.0,0.0,1083.0,GasA,TA,Y,SBrkr,1146,0,0,1146,0.0,1.0,1,0,3,1,TA,6,Typ,1,1963.0,1.0,294.0,Y,345,75,0,0,0,0,0,6,2006,WD ,Normal,165000,0,0,0,0,1,1,5,5,0,0,6,1,1,1,2,,5,1
2609,50,RL,77.0,9786,Pave,IR1,Bnk,AllPub,Inside,Gtl,NAmes,Norm,Norm,1Fam,1.5Fin,6,7,1962,1981,Gable,CompShg,Wd Sdng,Wd Sdng,None,0.0,TA,TA,CBlock,600.0,0.0,912.0,GasA,TA,Y,SBrkr,1085,649,0,1734,0.0,0.0,1,1,3,1,Gd,7,Typ,1,1962.0,2.0,440.0,Y,0,0,0,0,128,0,0,6,2006,WD ,Normal,159000,0,0,1,0,3,1,5,5,3,5,6,1,1,1,2,,5,3
2610,20,RL,77.0,9510,Pave,Reg,Lvl,AllPub,Inside,Gtl,NAmes,Norm,Norm,1Fam,1Story,6,5,1962,1985,Gable,CompShg,HdBoard,HdBoard,BrkCmn,161.0,TA,TA,CBlock,701.0,0.0,1135.0,GasA,Ex,Y,SBrkr,1207,0,0,1207,0.0,0.0,1,1,3,1,TA,6,Typ,0,1962.0,1.0,264.0,Y,0,240,0,0,0,0,0,5,2006,WD ,Normal,147000,0,0,0,0,0,1,5,5,3,0,6,1,1,0,3,,5,0
2611,20,RL,66.0,7800,Pave,IR1,Lvl,AllPub,Inside,Gtl,NAmes,Norm,Norm,1Fam,1Story,5,5,1964,1964,Gable,CompShg,Wd Sdng,Wd Sdng,None,0.0,TA,TA,CBlock,312.0,600.0,912.0,GasA,TA,Y,SBrkr,912,0,0,912,0.0,0.0,1,0,2,1,TA,5,Typ,0,1964.0,1.0,288.0,Y,0,0,0,0,0,0,0,11,2006,WD ,Abnorml,115000,0,0,0,0,3,1,5,5,3,5,3,1,1,0,3,,5,3
2612,20,RL,79.0,8910,Pave,Reg,Lvl,AllPub,Corner,Gtl,NAmes,Norm,Norm,1Fam,1Story,6,6,1959,1959,Hip,CompShg,BrkFace,BrkFace,None,0.0,TA,TA,CBlock,655.0,0.0,655.0,GasA,Ex,Y,SBrkr,1194,0,0,1194,0.0,1.0,1,0,3,1,TA,6,Typ,1,1954.0,2.0,539.0,Y,0,0,192,0,0,0,0,7,2006,WD ,Normal,159500,0,0,0,0,3,1,5,5,2,0,6,1,3,1,1,,5,3
2613,20,RL,60.0,7332,Pave,Reg,Lvl,AllPub,Inside,Gtl,NAmes,Norm,Norm,1Fam,1Story,6,6,1959,1959,Gable,CompShg,WdShing,Wd Shng,BrkFace,207.0,TA,TA,CBlock,414.0,0.0,864.0,GasA,Ex,Y,SBrkr,864,0,0,864,1.0,0.0,1,0,2,1,Gd,4,Typ,0,1959.0,1.0,288.0,Y,168,0,0,0,0,0,0,10,2006,WD ,Abnorml,120000,0,0,0,0,1,1,5,5,3,1,6,1,1,0,3,,5,1
2614,20,RL,73.0,7100,Pave,IR1,Lvl,AllPub,Corner,Gtl,NAmes,Norm,Norm,1Fam,1Story,5,7,1957,1957,Gable,CompShg,WdShing,Wd Shng,None,0.0,TA,TA,CBlock,708.0,0.0,816.0,GasA,TA,Y,FuseA,816,0,0,816,1.0,0.0,1,0,2,1,TA,5,Typ,0,1957.0,1.0,308.0,Y,0,0,0,0,0,0,0,7,2006,WD ,Normal,129900,0,0,0,0,3,1,5,5,3,2,6,1,5,0,3,,5,3
2615,20,RL,80.0,10800,Pave,Reg,Lvl,AllPub,Inside,Gtl,NAmes,PosA,Norm,1Fam,1Story,6,6,1961,1992,Gable,CompShg,HdBoard,HdBoard,BrkFace,104.0,TA,TA,CBlock,913.0,0.0,1313.0,GasA,TA,Y,SBrkr,1773,0,0,1773,1.0,0.0,2,0,3,1,TA,6,Min2,2,1961.0,2.0,418.0,Y,355,98,0,0,144,0,0,8,2006,WD ,Normal,183000,0,0,0,0,1,1,5,5,3,5,6,1,1,1,5,,5,1
2616,20,RL,86.0,11650,Pave,Reg,Lvl,AllPub,Corner,Gtl,NAmes,PosA,Norm,1Fam,1Story,7,5,1959,1959,Hip,CompShg,Plywood,Plywood,BrkCmn,58.0,TA,TA,Slab,0.0,0.0,0.0,GasA,Gd,Y,FuseA,1472,0,0,1472,0.0,0.0,2,0,2,1,Gd,5,Typ,1,1959.0,2.0,484.0,Y,0,68,0,0,227,0,0,6,2006,WD ,Normal,157500,0,0,0,0,0,0,3,3,4,4,4,1,1,1,2,,3,0
2617,60,RL,68.0,18275,Pave,IR1,HLS,AllPub,Inside,Gtl,NAmes,Norm,Norm,1Fam,2Story,7,8,1962,1998,Gable,CompShg,Plywood,Plywood,None,0.0,TA,TA,CBlock,636.0,0.0,1438.0,GasA,TA,Y,SBrkr,1900,548,0,2448,1.0,0.0,3,0,3,1,TA,9,Typ,2,1962.0,2.0,441.0,Y,520,102,0,0,0,0,0,9,2006,WD ,Normal,277500,0,0,0,0,3,1,5,5,1,0,6,1,1,1,2,,5,3
2618,20,RL,47.0,16321,Pave,IR1,Lvl,AllPub,CulDSac,Gtl,NAmes,Norm,Norm,1Fam,1Story,5,6,1957,1997,Gable,CompShg,MetalSd,MetalSd,None,0.0,TA,TA,CBlock,1277.0,0.0,1484.0,GasA,TA,Y,SBrkr,1600,0,0,1600,1.0,0.0,1,0,2,1,TA,6,Typ,2,1957.0,1.0,319.0,Y,288,258,0,0,0,0,0,12,2006,WD ,Normal,207500,0,0,0,0,3,1,5,5,1,1,6,1,1,1,2,,5,3
2619,50,RL,60.0,12144,Pave,Reg,Lvl,AllPub,Inside,Gtl,NAmes,Norm,Norm,1Fam,1.5Fin,4,6,1950,1950,Gable,CompShg,BrkComm,Wd Sdng,None,0.0,TA,TA,CBlock,455.0,0.0,910.0,GasA,Gd,Y,SBrkr,910,611,0,1521,0.0,0.0,1,1,3,1,Gd,6,Min2,0,1950.0,1.0,597.0,Y,199,0,168,0,0,0,0,9,2006,WD ,Normal,147500,0,0,0,0,3,1,5,5,3,5,6,1,5,0,3,,5,3
2620,50,RL,60.0,10800,Pave,Reg,Lvl,AllPub,Inside,Gtl,NAmes,Norm,Norm,1Fam,1.5Fin,4,4,1949,1950,Gable,CompShg,AsbShng,AsbShng,None,0.0,TA,TA,CBlock,0.0,0.0,720.0,GasA,TA,N,FuseA,720,472,0,1192,0.0,0.0,1,1,4,1,TA,6,Typ,0,0.0,0.0,0.0,Y,0,0,0,0,0,0,0,12,2006,WD ,Abnorml,135000,0,0,0,0,3,1,5,5,3,6,6,0,6,0,3,,5,3
2621,20,RL,60.0,7200,Pave,Reg,Lvl,AllPub,Inside,Gtl,NAmes,Norm,Norm,1Fam,1Story,5,7,1950,1950,Hip,CompShg,Wd Sdng,Wd Sdng,None,0.0,TA,TA,CBlock,0.0,0.0,0.0,GasA,TA,Y,FuseF,1040,0,0,1040,0.0,0.0,1,0,2,1,TA,5,Typ,0,1950.0,2.0,625.0,Y,0,0,0,0,0,0,0,6,2006,WD ,Normal,109500,0,0,0,0,3,0,3,3,4,4,4,1,5,0,3,,3,3
2622,20,RL,60.0,7200,Pave,Reg,Lvl,AllPub,Inside,Gtl,NAmes,Norm,Norm,1Fam,1Story,4,5,1950,1950,Gable,CompShg,BrkFace,Wd Sdng,None,0.0,TA,TA,Slab,0.0,0.0,0.0,GasA,TA,Y,FuseA,1040,0,0,1040,0.0,0.0,1,0,2,1,TA,4,Typ,0,1950.0,2.0,420.0,Y,0,29,0,0,0,0,0,7,2006,WD ,Normal,109900,0,0,0,0,3,0,3,3,4,4,4,1,5,0,3,,3,3
2623,20,RL,70.0,7560,Pave,Reg,Lvl,AllPub,Inside,Gtl,NAmes,Norm,Norm,1Fam,1Story,5,5,1959,1959,Gable,CompShg,BrkFace,Wd Sdng,None,0.0,TA,TA,CBlock,369.0,0.0,1040.0,GasA,TA,Y,FuseA,1040,0,0,1040,0.0,0.0,1,0,3,1,TA,6,Typ,0,1959.0,1.0,286.0,Y,140,0,252,0,0,0,0,7,2006,WD ,Normal,133700,0,0,1,0,3,1,5,5,3,3,6,1,1,0,3,,5,3
2624,90,RL,60.0,8544,Pave,Reg,Lvl,AllPub,Corner,Gtl,NAmes,Norm,Norm,Duplex,1Story,3,4,1950,1950,Gable,CompShg,BrkFace,Stone,None,0.0,TA,TA,Slab,0.0,0.0,0.0,Wall,Fa,N,FuseF,1040,0,0,1040,0.0,0.0,2,0,2,2,TA,6,Typ,0,1950.0,2.0,400.0,Y,0,0,0,0,0,0,0,12,2006,WD ,Normal,81400,0,0,0,0,3,0,3,3,4,4,4,1,5,0,3,,3,3
2625,90,RL,68.0,8544,Pave,Reg,Lvl,AllPub,Inside,Gtl,NAmes,Norm,Norm,Duplex,1Story,3,4,1949,1950,Gable,CompShg,Stucco,Stucco,BrkFace,340.0,TA,TA,Slab,0.0,0.0,0.0,Wall,Fa,N,FuseA,1040,0,0,1040,0.0,0.0,2,0,2,2,TA,6,Typ,0,1949.0,2.0,400.0,Y,0,0,0,0,0,0,0,5,2006,WD ,Normal,87500,0,0,0,0,1,0,3,3,4,4,4,1,5,0,3,,3,1
2626,90,RL,60.0,8544,Pave,Reg,Lvl,AllPub,Inside,Gtl,NAmes,Norm,Norm,Duplex,1Story,3,4,1950,1950,Gable,CompShg,Stucco,Stone,None,0.0,TA,TA,CBlock,0.0,0.0,0.0,GasA,Gd,N,FuseF,1040,0,0,1040,0.0,0.0,2,0,2,2,TA,6,Typ,0,1949.0,2.0,400.0,Y,0,0,0,0,0,0,0,7,2006,WD ,Normal,93500,0,0,0,0,3,0,3,3,4,4,4,1,5,0,3,,3,3
2627,90,RL,75.0,8512,Pave,Reg,Lvl,AllPub,Corner,Gtl,NAmes,Norm,Norm,Duplex,1Story,5,5,1960,1960,Hip,CompShg,BrkFace,BrkFace,None,0.0,TA,TA,CBlock,0.0,0.0,1556.0,GasA,TA,Y,SBrkr,1556,0,0,1556,0.0,0.0,2,0,4,2,TA,8,Typ,0,0.0,0.0,0.0,Y,0,0,0,0,0,0,0,9,2006,WD ,Normal,119000,0,0,0,0,3,1,5,1,3,6,6,0,6,0,3,,5,3
2628,20,RL,70.0,7945,Pave,Reg,Lvl,AllPub,Inside,Gtl,NAmes,Norm,Norm,1Fam,1Story,5,6,1959,1959,Gable,CompShg,BrkFace,Wd Sdng,None,0.0,TA,TA,CBlock,179.0,506.0,1150.0,GasA,Ex,Y,FuseA,1150,0,0,1150,1.0,0.0,1,0,3,1,TA,6,Typ,0,1959.0,1.0,300.0,Y,0,0,0,0,0,0,0,5,2006,WD ,Normal,141000,0,0,0,0,3,1,5,5,3,0,1,1,1,0,3,,5,3
2629,20,RL,70.0,7000,Pave,Reg,Lvl,AllPub,Inside,Gtl,NAmes,Norm,Norm,1Fam,1Story,5,4,1961,1961,Hip,CompShg,BrkFace,BrkFace,None,0.0,TA,TA,CBlock,781.0,0.0,1150.0,GasA,TA,Y,SBrkr,1150,0,0,1150,0.0,0.0,1,0,3,1,TA,6,Typ,0,1961.0,1.0,288.0,Y,0,0,0,0,162,0,0,7,2006,WD ,Normal,146000,0,0,0,0,3,1,5,5,3,2,6,1,1,0,3,,5,3
2630,60,RL,69.0,7590,Pave,Reg,Lvl,AllPub,Inside,Gtl,NAmes,PosN,Norm,1Fam,2Story,6,5,1966,1966,Gable,CompShg,VinylSd,VinylSd,BrkFace,266.0,TA,TA,CBlock,512.0,0.0,660.0,GasA,TA,Y,SBrkr,660,688,0,1348,0.0,0.0,1,1,3,1,TA,6,Typ,1,1966.0,2.0,453.0,Y,188,108,0,0,0,0,0,7,2006,WD ,Normal,155000,0,0,0,0,1,1,5,5,3,1,6,1,1,1,1,,5,1
2631,85,RL,69.0,10205,Pave,IR1,Lvl,AllPub,Inside,Gtl,NAmes,Norm,Norm,1Fam,SFoyer,5,5,1962,1962,Gable,CompShg,MetalSd,MetalSd,None,0.0,TA,TA,CBlock,784.0,0.0,925.0,GasA,TA,Y,SBrkr,999,0,0,999,1.0,0.0,1,0,3,1,TA,6,Typ,0,1962.0,1.0,300.0,Y,150,72,0,0,0,0,0,5,2006,WD ,Normal,134500,0,0,0,0,3,1,5,5,0,1,6,1,1,0,3,,5,3
2632,20,RL,74.0,7400,Pave,Reg,Lvl,AllPub,Corner,Gtl,NAmes,Artery,Norm,1Fam,1Story,7,6,1962,1962,Gable,CompShg,Wd Sdng,Wd Sdng,None,0.0,TA,TA,CBlock,809.0,0.0,1045.0,GasA,Gd,Y,SBrkr,1045,0,0,1045,1.0,0.0,1,0,3,1,TA,6,Typ,0,1962.0,2.0,528.0,Y,0,0,0,0,0,0,0,3,2006,WD ,Normal,120000,0,0,0,0,3,1,5,5,3,3,6,1,5,0,3,,5,3
2633,20,RL,70.0,7000,Pave,Reg,Lvl,AllPub,Inside,Gtl,NAmes,Artery,Norm,1Fam,1Story,5,6,1962,1962,Gable,CompShg,Wd Sdng,Wd Sdng,None,0.0,TA,TA,CBlock,468.0,0.0,864.0,GasA,Gd,Y,SBrkr,864,0,0,864,0.0,1.0,1,0,3,1,TA,5,Typ,0,1962.0,1.0,336.0,Y,0,0,0,0,0,0,0,2,2006,WD ,Normal,105000,0,0,1,0,3,1,5,5,3,1,6,1,1,0,3,,5,3
2634,190,RL,70.0,7000,Pave,Reg,Lvl,AllPub,Inside,Gtl,NAmes,Artery,Norm,2fmCon,SFoyer,5,5,1962,1962,Gable,CompShg,MetalSd,MetalSd,None,0.0,TA,TA,CBlock,953.0,0.0,1025.0,GasA,TA,Y,SBrkr,1025,0,0,1025,1.0,0.0,1,0,3,1,TA,6,Typ,0,0.0,0.0,0.0,Y,96,80,0,0,0,0,0,3,2006,WD ,Normal,124000,0,0,0,0,3,1,5,5,0,0,6,0,6,0,3,,5,3
2635,70,RM,62.0,9856,Pave,Reg,Lvl,AllPub,Corner,Gtl,OldTown,Norm,Norm,1Fam,2Story,5,8,1900,2005,Hip,CompShg,CemntBd,CmentBd,None,0.0,Gd,Gd,PConc,0.0,0.0,716.0,GasA,Ex,Y,FuseA,1007,1007,0,2014,0.0,0.0,2,0,5,1,TA,8,Typ,0,1900.0,2.0,624.0,Y,0,72,167,0,0,0,0,6,2006,WD ,Normal,169000,1,0,0,0,3,1,1,5,3,6,6,1,5,0,3,,1,3
2636,70,RM,57.0,9906,Pave,Reg,Lvl,AllPub,Inside,Gtl,OldTown,Norm,Norm,1Fam,2Story,4,4,1925,1950,Gable,CompShg,MetalSd,MetalSd,None,0.0,TA,TA,CBlock,0.0,0.0,686.0,GasA,Fa,N,SBrkr,810,518,0,1328,0.0,0.0,1,0,3,1,TA,8,Typ,0,1940.0,1.0,210.0,Y,0,172,60,0,0,0,0,9,2006,WD ,Family,107000,1,0,0,0,3,1,5,5,3,6,6,1,5,0,3,,5,3
2637,50,RM,60.0,9600,Pave,Reg,Lvl,AllPub,Inside,Gtl,OldTown,Norm,Norm,1Fam,1.5Fin,5,6,1948,1950,Gable,CompShg,MetalSd,MetalSd,Stone,264.0,TA,TA,CBlock,276.0,0.0,1212.0,GasA,Gd,Y,FuseA,1226,442,0,1668,1.0,0.0,1,0,3,1,TA,6,Typ,0,1948.0,1.0,240.0,Y,0,0,140,0,0,0,0,5,2006,WD ,Normal,135000,1,0,0,0,4,1,5,5,3,5,6,1,5,0,3,,5,4
2638,50,RM,60.0,5520,Pave,Reg,Lvl,AllPub,Corner,Gtl,OldTown,Norm,Norm,1Fam,1.5Fin,4,6,1920,1980,Gable,CompShg,Wd Sdng,Wd Sdng,None,0.0,TA,TA,PConc,284.0,0.0,1147.0,GasA,TA,N,SBrkr,1147,510,0,1657,0.0,0.0,1,0,4,1,Fa,9,Typ,1,1920.0,1.0,162.0,N,0,0,0,0,0,0,0,7,2006,WD ,Normal,111500,0,0,0,0,3,1,5,1,3,3,6,1,5,1,5,,5,3
2639,50,RM,60.0,9600,Pave,Reg,Lvl,AllPub,Inside,Gtl,OldTown,Norm,Norm,1Fam,1.5Fin,6,8,1900,2004,Gable,CompShg,Wd Sdng,Wd Sdng,None,0.0,TA,TA,BrkTil,381.0,0.0,780.0,GasA,Ex,Y,SBrkr,940,476,0,1416,0.0,1.0,1,0,3,1,Gd,7,Typ,0,1956.0,2.0,400.0,Y,0,24,0,0,0,0,0,6,2006,WD ,Normal,156500,1,0,0,0,3,1,5,5,3,5,6,1,5,0,3,,5,3
2640,70,RM,60.0,9600,Pave,Reg,Lvl,AllPub,Inside,Gtl,OldTown,Norm,Norm,1Fam,2Story,7,7,1925,1990,Gable,CompShg,Wd Sdng,Wd Sdng,None,0.0,TA,TA,BrkTil,16.0,0.0,728.0,GasA,Ex,Y,SBrkr,832,809,0,1641,0.0,1.0,1,1,3,1,Ex,6,Typ,1,1925.0,2.0,546.0,Y,0,0,234,0,0,0,0,8,2006,WD ,Normal,178000,1,0,0,0,3,1,5,2,3,3,6,1,5,1,2,,5,3
2641,70,RM,58.0,6451,Pave,Reg,Lvl,AllPub,Inside,Gtl,OldTown,Norm,Norm,1Fam,2Story,7,7,1900,1970,Gable,CompShg,AsbShng,Wd Sdng,None,0.0,TA,TA,Stone,208.0,0.0,712.0,GasA,Gd,Y,SBrkr,848,580,0,1428,1.0,0.0,1,0,4,1,TA,7,Typ,0,1985.0,2.0,576.0,Y,264,0,84,0,0,0,0,5,2006,WD ,Normal,139900,1,0,0,0,3,1,5,5,3,5,6,1,5,0,3,,5,3
2642,70,RM,66.0,3960,Pave,Reg,Lvl,AllPub,Inside,Gtl,OldTown,Norm,Norm,1Fam,2Story,7,8,1930,1950,Gable,CompShg,Wd Sdng,Wd Sdng,None,0.0,TA,TA,BrkTil,0.0,0.0,502.0,GasA,TA,N,SBrkr,502,502,0,1004,0.0,0.0,1,0,2,1,Gd,5,Typ,1,1930.0,1.0,200.0,N,280,0,68,0,0,0,0,7,2006,WD ,Normal,105000,1,0,1,0,3,1,5,5,3,6,6,1,5,1,4,,5,3
2643,30,RM,70.0,5684,Pave,Reg,Lvl,AllPub,Inside,Gtl,OldTown,Norm,Norm,1Fam,1Story,6,8,1930,2005,Hip,CompShg,Wd Sdng,Wd Sdng,None,0.0,TA,TA,BrkTil,0.0,0.0,813.0,GasA,Ex,Y,FuseA,813,0,0,813,0.0,0.0,1,0,2,1,Gd,5,Typ,0,1932.0,1.0,270.0,N,0,113,0,0,0,0,0,6,2006,WD ,Normal,110000,0,0,0,0,3,1,5,5,3,6,6,1,5,0,3,,5,3
2644,190,RM,56.0,7745,Pave,Reg,Lvl,AllPub,Inside,Gtl,OldTown,Norm,Norm,2fmCon,1.5Fin,4,6,1900,1950,Gable,CompShg,MetalSd,MetalSd,None,0.0,Gd,TA,PConc,0.0,0.0,938.0,GasA,Gd,N,SBrkr,1084,867,0,1951,0.0,0.0,2,0,4,2,Fa,9,Typ,0,1993.0,2.0,576.0,P,0,6,28,0,0,0,0,4,2006,WD ,Normal,111500,1,0,0,0,3,1,5,5,3,6,6,1,5,0,3,,5,3
2645,30,RM,56.0,7741,Pave,Reg,Lvl,AllPub,Inside,Gtl,OldTown,Norm,Norm,1Fam,1Story,6,5,1924,1950,Gable,CompShg,MetalSd,MetalSd,None,0.0,TA,TA,BrkTil,143.0,72.0,1032.0,GasA,Gd,N,FuseA,1032,0,0,1032,0.0,0.0,1,0,2,1,TA,5,Typ,0,1995.0,1.0,280.0,Y,0,0,112,0,0,0,0,6,2006,COD,Abnorml,108000,1,0,1,0,3,1,5,1,3,1,5,1,5,0,3,,5,3
2646,30,RM,50.0,5633,Pave,Reg,Lvl,AllPub,Inside,Gtl,OldTown,Norm,Norm,1Fam,1Story,5,7,1925,1950,Gable,CompShg,MetalSd,Stucco,None,0.0,TA,TA,BrkTil,0.0,0.0,844.0,GasA,TA,Y,SBrkr,844,0,0,844,0.0,0.0,1,0,2,1,TA,5,Typ,0,1925.0,1.0,216.0,N,50,81,123,0,0,0,0,7,2006,WD ,Normal,111500,1,0,0,0,3,1,5,1,3,6,6,1,5,0,3,,5,3
2647,70,RM,50.0,9000,Pave,Reg,Lvl,AllPub,Corner,Gtl,OldTown,Artery,Norm,1Fam,2Story,5,6,1880,1991,Gable,CompShg,VinylSd,VinylSd,None,0.0,TA,TA,BrkTil,0.0,0.0,636.0,GasA,TA,Y,FuseA,1089,661,0,1750,0.0,0.0,1,0,3,1,Ex,8,Typ,0,1937.0,1.0,240.0,N,0,0,293,0,0,0,0,6,2006,WD ,Abnorml,124000,1,0,1,0,3,1,1,1,3,6,6,1,5,0,3,,1,3
2648,20,RM,60.0,7200,Pave,Reg,Lvl,AllPub,Inside,Gtl,OldTown,Norm,Norm,1Fam,1Story,4,5,1950,1950,Gable,CompShg,MetalSd,MetalSd,None,0.0,TA,TA,CBlock,0.0,0.0,576.0,GasA,Ex,Y,SBrkr,864,0,0,864,0.0,0.0,1,0,2,1,TA,5,Typ,0,1952.0,1.0,528.0,Y,0,0,0,0,115,0,0,8,2006,COD,Normal,105000,1,0,0,0,3,1,5,5,3,6,6,1,5,0,3,,5,3
2649,50,RM,40.0,4400,Pave,Reg,Lvl,AllPub,Inside,Gtl,OldTown,Norm,Norm,1Fam,1.5Fin,6,8,1920,1950,Gable,CompShg,Stucco,Stucco,None,0.0,TA,TA,BrkTil,0.0,0.0,648.0,GasA,TA,Y,FuseA,734,384,0,1118,0.0,0.0,1,0,2,1,TA,6,Typ,0,1990.0,2.0,440.0,Y,0,0,0,0,0,0,0,10,2006,WD ,Normal,116000,0,0,0,0,3,1,1,5,3,6,6,1,5,0,3,,1,3
2650,70,RM,42.0,7614,Pave,Reg,Lvl,AllPub,Inside,Mod,OldTown,Norm,Norm,1Fam,2Story,3,5,1905,1950,Gable,CompShg,MetalSd,MetalSd,None,0.0,TA,TA,BrkTil,0.0,0.0,738.0,GasA,Gd,Y,FuseA,714,662,0,1376,0.0,0.0,1,0,2,1,TA,7,Typ,0,1930.0,1.0,216.0,N,0,0,104,0,225,0,0,3,2006,WD ,Normal,96900,1,0,0,0,3,1,5,1,2,6,6,1,5,0,3,,5,3
2651,190,RM,50.0,6000,Pave,Reg,Lvl,AllPub,Inside,Gtl,OldTown,Norm,Norm,2fmCon,1Story,5,7,1955,1955,Hip,CompShg,Wd Sdng,Wd Sdng,None,0.0,TA,TA,CBlock,576.0,0.0,960.0,GasA,TA,Y,FuseA,960,0,0,960,1.0,0.0,1,0,3,1,TA,5,Typ,0,1976.0,2.0,576.0,Y,0,0,0,0,0,0,0,6,2006,WD ,Normal,135500,0,0,0,0,3,1,5,5,0,2,6,1,5,0,3,,5,3
2652,50,RM,50.0,6000,Pave,Reg,Lvl,AllPub,Inside,Gtl,OldTown,Norm,Norm,1Fam,1.5Fin,5,7,1924,1950,Gable,CompShg,MetalSd,MetalSd,BrkFace,145.0,TA,Gd,PConc,0.0,0.0,816.0,GasA,Ex,Y,SBrkr,816,750,0,1566,0.0,0.0,1,1,5,1,Gd,7,Typ,0,1976.0,2.0,450.0,Y,24,0,296,0,0,0,0,8,2006,WD ,Normal,139000,0,0,1,0,1,1,5,5,3,6,6,1,5,0,3,,5,1
2653,30,RM,52.0,7830,Pave,Reg,Lvl,AllPub,Inside,Gtl,OldTown,Norm,Norm,1Fam,1Story,3,5,1921,1950,Gable,CompShg,AsbShng,AsbShng,None,0.0,TA,TA,BrkTil,416.0,0.0,492.0,GasA,TA,Y,SBrkr,492,0,0,492,1.0,0.0,1,0,1,1,TA,3,Typ,0,1921.0,1.0,200.0,N,0,0,78,0,0,0,0,6,2006,WD ,Normal,61500,0,0,0,0,3,1,1,5,3,3,6,1,5,0,3,,1,3
2654,50,RM,56.0,9576,Pave,Reg,Lvl,AllPub,Inside,Gtl,OldTown,Norm,Norm,1Fam,1.5Fin,6,7,1945,1950,Gable,CompShg,VinylSd,VinylSd,None,0.0,TA,TA,CBlock,310.0,0.0,770.0,GasA,TA,Y,SBrkr,885,297,0,1182,0.0,0.0,1,1,3,1,TA,5,Typ,0,1945.0,1.0,378.0,Y,0,0,0,0,0,0,0,5,2006,WD ,Normal,120000,0,0,1,0,3,1,1,5,3,5,6,1,5,0,3,,1,3
2655,20,RM,49.0,5820,Pave,Reg,Lvl,AllPub,Inside,Gtl,OldTown,Norm,Norm,1Fam,1Story,3,8,1955,2005,Gable,CompShg,VinylSd,VinylSd,None,0.0,TA,Gd,CBlock,256.0,0.0,1162.0,GasA,Ex,Y,SBrkr,1163,0,0,1163,1.0,0.0,1,0,3,1,TA,6,Typ,0,1955.0,1.0,220.0,Y,142,98,0,0,0,0,0,7,2006,WD ,Normal,126175,0,0,0,0,3,1,5,5,3,0,6,1,1,0,3,,5,3
2656,30,RM,48.0,5747,Pave,Reg,Lvl,AllPub,Inside,Gtl,OldTown,Norm,Norm,1Fam,1Story,3,4,1920,1950,Gable,CompShg,Wd Sdng,Wd Sdng,None,0.0,TA,TA,PConc,0.0,0.0,798.0,GasA,Gd,Y,SBrkr,840,0,0,840,0.0,0.0,1,0,2,1,Fa,5,Typ,0,1938.0,1.0,250.0,N,112,0,0,0,0,0,0,6,2006,WD ,Normal,64000,0,0,0,0,3,1,5,5,3,6,6,1,5,0,3,,5,3
2657,190,RM,69.0,9142,Pave,Reg,Lvl,AllPub,Inside,Gtl,OldTown,Norm,Norm,2fmCon,2Story,6,8,1910,1950,Gable,CompShg,AsbShng,AsbShng,None,0.0,TA,Fa,Stone,0.0,0.0,1020.0,GasA,Gd,N,FuseP,908,1020,0,1928,0.0,0.0,2,0,4,2,Fa,9,Typ,0,1910.0,1.0,440.0,Y,0,60,112,0,0,0,0,4,2006,WD ,Normal,137000,1,0,0,0,3,1,1,5,3,6,6,1,5,0,3,,1,3
2658,70,RM,60.0,9600,Pave,Reg,Lvl,AllPub,Inside,Gtl,OldTown,Norm,Norm,1Fam,2Story,4,2,1900,1950,Gable,CompShg,AsbShng,Stucco,None,0.0,TA,TA,BrkTil,0.0,0.0,1095.0,GasW,Fa,N,SBrkr,1095,679,0,1774,1.0,0.0,2,0,4,2,TA,8,Min2,0,1920.0,3.0,779.0,N,0,0,90,0,0,0,0,5,2006,WD ,Normal,87000,1,0,0,0,3,1,5,1,3,6,6,1,0,0,3,,5,3
2659,75,RM,60.0,10800,Pave,Reg,Lvl,AllPub,Inside,Gtl,OldTown,Norm,Norm,1Fam,2.5Unf,7,7,1914,1970,Gable,CompShg,Wd Sdng,Wd Sdng,None,0.0,TA,TA,BrkTil,390.0,0.0,880.0,GasW,Fa,N,SBrkr,880,888,0,1768,0.0,0.0,1,1,2,1,TA,6,Typ,2,1914.0,2.0,320.0,N,0,341,0,0,0,0,0,10,2006,WD ,Normal,163000,0,0,0,0,3,1,2,5,2,5,6,1,5,1,5,,2,3
2660,75,RM,70.0,6300,Pave,Reg,Lvl,AllPub,Corner,Gtl,OldTown,Norm,Norm,1Fam,2.5Unf,7,6,1910,2005,Gable,CompShg,Wd Sdng,Wd Sdng,None,0.0,TA,TA,BrkTil,0.0,0.0,1226.0,GasA,Ex,Y,SBrkr,1226,878,0,2104,0.0,0.0,2,0,5,1,TA,9,Typ,0,1910.0,2.0,432.0,P,0,341,88,0,0,0,0,7,2006,WD ,Normal,155000,0,0,0,0,3,1,5,5,3,6,6,1,5,0,3,,5,3
2661,50,RM,63.0,5000,Pave,Reg,Lvl,AllPub,Corner,Gtl,OldTown,Norm,Norm,1Fam,1.5Fin,5,4,1900,1950,Gable,CompShg,Wd Sdng,Wd Sdng,None,0.0,TA,TA,BrkTil,0.0,0.0,540.0,GasA,Gd,N,FuseA,889,551,0,1440,0.0,0.0,1,0,3,1,TA,6,Typ,0,1940.0,1.0,352.0,Y,0,0,77,0,0,0,0,4,2006,WD ,Normal,79000,0,0,0,0,3,1,5,5,3,6,6,1,1,0,3,,5,3
2662,75,RM,65.0,8850,Pave,IR1,Bnk,AllPub,Corner,Gtl,OldTown,Norm,Norm,1Fam,2.5Unf,7,6,1916,1950,Gable,CompShg,MetalSd,MetalSd,None,0.0,TA,TA,BrkTil,0.0,0.0,815.0,GasA,Ex,Y,SBrkr,815,875,0,1690,0.0,0.0,1,0,3,1,TA,7,Typ,1,1916.0,1.0,225.0,Y,0,0,330,0,0,0,0,7,2006,ConLw,Normal,144000,0,0,0,0,3,1,5,5,3,6,6,1,5,1,2,,5,3
2663,70,RM,60.0,3600,Pave,Reg,Lvl,AllPub,Inside,Gtl,OldTown,Norm,Norm,1Fam,2Story,6,7,1910,1993,Gable,CompShg,VinylSd,VinylSd,None,0.0,TA,TA,CBlock,0.0,0.0,684.0,GasA,Ex,N,FuseA,684,684,0,1368,0.0,0.0,1,0,3,1,TA,7,Typ,0,1930.0,1.0,216.0,N,0,158,0,0,0,0,0,10,2006,WD ,Normal,114504,1,0,0,0,3,1,5,5,3,6,6,1,5,0,3,,5,3
2664,70,RM,60.0,7200,Pave,Reg,Lvl,AllPub,Corner,Gtl,OldTown,Norm,Norm,1Fam,2Story,7,7,1920,1950,Hip,CompShg,Wd Sdng,Wd Sdng,None,0.0,TA,TA,BrkTil,0.0,0.0,596.0,GasA,Ex,Y,SBrkr,998,764,0,1762,1.0,0.0,1,1,4,1,Gd,8,Typ,0,1989.0,2.0,576.0,N,36,0,221,0,0,0,0,10,2006,WD ,Normal,157000,0,0,0,0,3,1,1,5,3,6,6,1,5,0,3,,1,3
2665,30,RM,84.0,11340,Pave,Reg,Lvl,AllPub,Corner,Gtl,OldTown,Norm,Norm,1Fam,1Story,6,5,1923,1950,Gable,CompShg,Wd Sdng,Wd Sdng,None,0.0,TA,TA,BrkTil,0.0,0.0,1200.0,GasA,TA,Y,FuseA,1200,0,0,1200,0.0,0.0,1,0,4,1,TA,7,Typ,0,1923.0,1.0,312.0,Y,0,0,228,0,0,0,0,3,2006,WD ,Family,125000,0,0,0,0,3,1,5,5,3,6,6,1,5,0,3,,5,3
2666,75,RM,90.0,22950,Pave,IR2,Lvl,AllPub,Inside,Gtl,OldTown,Artery,Norm,1Fam,2.5Fin,10,9,1892,1993,Gable,WdShngl,Wd Sdng,Wd Sdng,None,0.0,Gd,Gd,BrkTil,0.0,0.0,1107.0,GasA,Ex,Y,SBrkr,1518,1518,572,3608,0.0,0.0,2,1,4,1,Ex,12,Typ,2,1993.0,3.0,840.0,Y,0,260,0,0,410,0,0,6,2006,WD ,Normal,475000,0,0,1,0,3,1,5,5,2,6,6,1,5,1,5,,5,3
2667,90,RM,33.0,5976,Pave,Reg,Lvl,AllPub,Inside,Gtl,OldTown,Norm,Norm,Duplex,2Story,5,7,1920,1950,Hip,CompShg,Wd Sdng,Wd Sdng,None,0.0,TA,TA,PConc,0.0,0.0,624.0,GasA,Gd,N,FuseA,624,624,0,1248,0.0,0.0,2,0,2,2,TA,8,Typ,0,0.0,0.0,0.0,N,0,130,256,0,0,0,0,12,2006,WD ,Normal,93500,0,0,0,0,3,1,5,5,3,6,6,0,6,0,3,,5,3
2668,20,RM,65.0,9750,Pave,Reg,Lvl,AllPub,Inside,Gtl,OldTown,Norm,Norm,1Fam,1Story,5,5,1958,1958,Hip,CompShg,HdBoard,HdBoard,None,0.0,TA,TA,CBlock,0.0,0.0,960.0,GasA,Ex,Y,SBrkr,960,0,0,960,0.0,0.0,1,0,3,1,TA,5,Typ,0,2002.0,2.0,624.0,Y,0,0,0,0,0,0,4500,7,2006,WD ,Normal,125000,1,0,0,1,3,1,5,5,3,6,6,1,5,0,3,,5,3
2669,50,C (all),63.0,4761,Pave,Reg,Lvl,AllPub,Corner,Gtl,IDOTRR,Norm,Norm,1Fam,1.5Unf,3,3,1918,1950,Gable,CompShg,Wd Sdng,Wd Sdng,None,0.0,Fa,Fa,BrkTil,0.0,0.0,1020.0,GasA,Fa,N,FuseP,1020,0,0,1020,0.0,0.0,1,0,2,1,Fa,5,Typ,0,0.0,0.0,0.0,N,0,0,105,0,0,0,0,10,2006,ConLD,Normal,64500,0,0,0,0,3,1,5,1,3,6,6,0,6,0,3,,5,3
2670,30,RL,68.0,7446,Pave,Reg,Lvl,AllPub,Corner,Gtl,BrkSide,Feedr,Norm,1Fam,1Story,4,5,1941,1950,Gable,CompShg,WdShing,Wd Shng,None,0.0,TA,TA,CBlock,266.0,0.0,788.0,GasA,TA,Y,FuseA,788,0,0,788,0.0,0.0,1,0,2,1,TA,4,Typ,2,0.0,0.0,0.0,Y,0,0,0,0,0,0,0,4,2006,WD ,Abnorml,100000,0,0,1,0,3,1,5,5,3,5,6,0,6,1,5,,5,3
2671,50,RL,65.0,6435,Pave,Reg,Lvl,AllPub,Inside,Gtl,BrkSide,RRAn,Norm,1Fam,1.5Fin,6,5,1939,1950,Gable,CompShg,MetalSd,MetalSd,None,0.0,TA,TA,BrkTil,0.0,0.0,972.0,GasA,Gd,Y,SBrkr,972,605,0,1577,0.0,0.0,1,0,3,1,Fa,6,Typ,1,1939.0,1.0,312.0,Y,0,0,0,0,0,0,0,10,2006,WD ,Normal,140200,0,0,0,0,3,1,5,5,3,6,6,1,5,1,2,,5,3
2672,70,RL,69.0,11737,Pave,IR1,Bnk,AllPub,Inside,Gtl,BrkSide,Norm,Norm,1Fam,2Story,6,7,1924,1996,Gambrel,CompShg,BrkComm,Stucco,None,0.0,TA,TA,BrkTil,0.0,0.0,848.0,GasW,TA,N,SBrkr,1017,810,0,1827,0.0,0.0,1,0,2,1,TA,9,Typ,1,1943.0,1.0,240.0,Y,27,36,42,0,0,0,0,5,2006,WD ,Normal,202500,0,0,1,0,3,1,5,5,3,6,6,1,5,1,2,,5,3
2673,50,RM,50.0,5000,Pave,Reg,Lvl,AllPub,Corner,Gtl,BrkSide,Feedr,Norm,1Fam,1.5Fin,6,7,1947,1950,Gable,CompShg,CemntBd,CmentBd,None,0.0,TA,Gd,CBlock,399.0,0.0,1004.0,GasA,Ex,Y,SBrkr,1004,660,0,1664,0.0,0.0,2,0,3,1,TA,7,Typ,2,1950.0,2.0,420.0,Y,0,24,36,0,0,0,0,10,2006,WD ,Normal,159000,0,0,0,0,3,1,5,5,3,0,6,1,5,1,2,,5,3
2674,190,RM,65.0,7800,Pave,Reg,Lvl,AllPub,Inside,Gtl,OldTown,Artery,Norm,2fmCon,1.5Fin,5,7,1939,1950,Gable,CompShg,MetalSd,MetalSd,None,0.0,TA,TA,CBlock,507.0,0.0,793.0,GasA,TA,Y,SBrkr,793,325,0,1118,1.0,0.0,1,0,3,1,TA,5,Typ,1,1939.0,2.0,410.0,Y,0,0,0,0,271,0,0,5,2006,WD ,Normal,119900,0,0,1,0,3,1,2,5,2,5,6,1,5,1,2,,2,3
2675,50,RM,52.0,6240,Pave,Reg,Lvl,AllPub,Inside,Gtl,BrkSide,Norm,Norm,1Fam,1.5Fin,6,6,1934,1950,Gable,CompShg,Wd Sdng,Wd Sdng,None,0.0,TA,TA,PConc,0.0,0.0,816.0,GasA,TA,Y,SBrkr,816,0,360,1176,0.0,0.0,1,0,3,1,TA,6,Typ,1,1985.0,2.0,528.0,Y,112,0,0,0,0,0,400,9,2006,WD ,Normal,114500,0,0,1,1,3,1,5,5,3,6,6,1,5,1,2,,5,3
2676,50,RM,68.0,6240,Pave,Reg,Lvl,AllPub,Inside,Gtl,BrkSide,Norm,Norm,1Fam,1.5Fin,5,4,1936,1950,Gable,CompShg,MetalSd,MetalSd,None,0.0,TA,TA,BrkTil,0.0,0.0,896.0,GasA,Gd,Y,FuseA,896,448,0,1344,0.0,0.0,1,0,3,1,TA,7,Typ,0,1936.0,1.0,240.0,Y,200,114,0,0,0,0,0,4,2006,WD ,Normal,115000,0,0,0,0,3,1,2,5,3,6,6,1,5,0,3,,2,3
2677,50,RM,51.0,6120,Pave,Reg,Lvl,AllPub,Inside,Gtl,BrkSide,Norm,Norm,1Fam,1.5Fin,3,5,1930,1950,Gable,CompShg,AsbShng,AsbShng,None,0.0,Gd,TA,CBlock,347.0,0.0,728.0,GasA,Ex,Y,SBrkr,728,434,0,1162,1.0,0.0,1,0,3,1,TA,6,Typ,0,1930.0,1.0,258.0,Y,0,24,0,0,0,0,0,11,2006,ConLI,Abnorml,75000,0,0,0,0,3,1,5,5,3,5,6,1,5,0,3,,5,3
2678,30,RM,51.0,6120,Pave,Reg,Lvl,AllPub,Inside,Gtl,BrkSide,Norm,Norm,1Fam,1Story,5,7,1925,1950,Gable,CompShg,MetalSd,MetalSd,None,0.0,TA,TA,BrkTil,489.0,0.0,768.0,GasA,TA,N,SBrkr,1015,0,0,1015,0.0,0.0,1,0,3,1,TA,6,Min1,0,1925.0,1.0,450.0,Y,0,0,112,0,120,0,620,7,2006,WD ,Abnorml,88000,0,0,1,1,3,1,5,5,3,5,6,1,5,0,3,,5,3
2679,50,RM,52.0,6240,Pave,Reg,Lvl,AllPub,Inside,Gtl,BrkSide,Norm,Norm,1Fam,1.5Fin,4,5,1947,1950,Gable,CompShg,AsbShng,AsbShng,None,0.0,TA,TA,Slab,0.0,0.0,0.0,GasA,Gd,N,SBrkr,672,240,0,912,0.0,0.0,1,0,2,1,TA,3,Typ,0,0.0,0.0,0.0,N,0,0,0,0,0,0,0,7,2006,WD ,Normal,80500,0,0,0,0,3,0,3,3,4,4,4,0,6,0,3,,3,3
2680,50,RM,52.0,6240,Pave,Reg,Lvl,AllPub,Inside,Gtl,BrkSide,Norm,Norm,1Fam,1.5Fin,5,6,1928,1950,Gable,CompShg,MetalSd,MetalSd,None,0.0,TA,TA,BrkTil,0.0,0.0,1042.0,GasA,Ex,Y,SBrkr,1042,534,0,1576,0.0,0.0,1,0,3,1,TA,8,Typ,1,1928.0,1.0,225.0,Y,0,0,0,0,0,0,0,8,2006,WD ,Family,149000,0,0,0,0,3,1,5,5,3,6,6,1,5,1,2,,5,3
2681,50,RM,51.0,6120,Pave,Reg,Lvl,AllPub,Inside,Gtl,BrkSide,Norm,Norm,1Fam,1.5Fin,5,7,1930,1984,Gable,CompShg,MetalSd,MetalSd,None,0.0,TA,Gd,BrkTil,0.0,0.0,741.0,GasA,Gd,Y,SBrkr,741,583,0,1324,0.0,0.0,1,0,3,1,Gd,7,Typ,0,1930.0,1.0,180.0,Y,0,0,55,0,0,0,0,2,2006,WD ,Normal,110000,0,0,0,0,3,1,5,5,3,6,6,1,5,0,3,,5,3
2682,30,RM,50.0,6000,Pave,Reg,Lvl,AllPub,Inside,Gtl,OldTown,Artery,Norm,1Fam,1Story,6,6,1925,1980,Gable,CompShg,MetalSd,MetalSd,None,0.0,TA,Gd,BrkTil,397.0,0.0,1103.0,GasA,Gd,Y,SBrkr,1103,0,0,1103,0.0,0.0,1,0,2,1,Gd,5,Typ,1,1976.0,2.0,440.0,Y,166,120,0,0,0,0,0,7,2006,WD ,Normal,110500,0,0,1,0,3,1,5,5,3,1,6,1,5,1,2,,5,3
2683,30,RM,50.0,6000,Pave,Reg,Lvl,AllPub,Inside,Gtl,BrkSide,Norm,Norm,1Fam,1Story,5,7,1921,1950,Gable,CompShg,Wd Sdng,Wd Shng,None,0.0,TA,TA,CBlock,616.0,0.0,616.0,GasA,Gd,Y,SBrkr,616,0,0,616,0.0,0.0,1,0,2,1,TA,4,Typ,0,1921.0,1.0,205.0,Y,0,0,129,0,0,0,0,6,2006,WD ,Normal,89000,0,0,0,0,3,1,5,5,3,3,6,1,5,0,3,,5,3
2684,45,RM,58.0,6380,Pave,Reg,Lvl,AllPub,Inside,Gtl,BrkSide,Norm,Norm,1Fam,1.5Unf,5,6,1922,1950,Gable,CompShg,MetalSd,MetalSd,None,0.0,TA,TA,BrkTil,0.0,0.0,993.0,GasA,TA,Y,FuseA,1048,0,0,1048,0.0,0.0,1,0,2,1,TA,5,Typ,1,1922.0,1.0,280.0,Y,0,0,116,0,0,0,0,8,2006,WD ,Normal,113000,0,0,0,0,3,1,5,1,3,6,6,1,5,1,2,,5,3
2685,30,RL,50.0,11672,Pave,IR2,Lvl,AllPub,Inside,Gtl,BrkSide,Norm,Norm,1Fam,1Story,5,5,1925,1950,Gable,CompShg,MetalSd,MetalSd,None,0.0,TA,TA,BrkTil,0.0,0.0,816.0,GasA,TA,Y,FuseA,816,0,0,816,0.0,0.0,1,0,2,1,TA,4,Typ,0,1925.0,1.0,210.0,N,168,0,112,0,0,0,0,7,2006,WD ,Normal,109000,1,0,0,0,3,1,5,5,3,6,6,1,5,0,3,,5,3
2686,50,RM,90.0,33120,Pave,IR3,Lvl,AllPub,Inside,Gtl,OldTown,RRAn,Feedr,1Fam,1.5Fin,6,5,1962,1962,Gable,CompShg,BrkFace,Wd Sdng,None,0.0,TA,TA,CBlock,0.0,0.0,1595.0,GasA,TA,Y,SBrkr,1611,875,0,2486,0.0,0.0,2,0,5,1,TA,8,Typ,1,1962.0,2.0,576.0,Y,0,0,0,0,0,0,0,10,2006,WD ,Normal,220000,0,0,0,0,3,1,5,5,3,6,6,1,5,1,2,,5,3
2687,190,RL,60.0,9873,Pave,Reg,Lvl,AllPub,Inside,Gtl,BrkSide,RRAn,Norm,2fmCon,1Story,4,5,1970,1970,Gable,CompShg,HdBoard,HdBoard,BrkFace,160.0,TA,TA,CBlock,789.0,0.0,960.0,GasW,TA,N,SBrkr,960,0,0,960,1.0,0.0,1,0,3,1,TA,6,Typ,0,1970.0,2.0,576.0,Y,0,288,0,0,0,0,0,5,2006,WD ,Normal,129000,0,0,0,0,1,1,5,5,0,0,6,1,5,0,3,,5,1
2688,50,RM,59.0,5310,Pave,Reg,Lvl,AllPub,Corner,Gtl,OldTown,Feedr,Norm,1Fam,1.5Fin,6,8,1910,2003,Hip,CompShg,VinylSd,VinylSd,None,0.0,TA,Gd,CBlock,0.0,0.0,485.0,GasA,Gd,Y,SBrkr,1001,634,0,1635,0.0,0.0,1,0,2,1,Gd,5,Typ,0,1950.0,1.0,255.0,Y,394,0,0,0,0,0,0,6,2006,WD ,Normal,117000,0,0,0,0,3,1,5,1,3,6,6,1,1,0,3,,5,3
2689,30,RM,153.0,4118,Pave,IR1,Bnk,AllPub,Corner,Mod,OldTown,Feedr,Norm,1Fam,1Story,4,4,1941,1950,Gable,CompShg,Wd Sdng,Wd Sdng,None,0.0,TA,TA,CBlock,0.0,0.0,693.0,Grav,Fa,N,FuseA,693,0,0,693,0.0,0.0,1,0,2,1,Fa,4,Typ,0,0.0,0.0,0.0,N,0,20,0,0,0,0,0,3,2006,WD ,Normal,52500,1,0,0,0,3,1,5,5,3,6,6,0,6,0,3,,5,3
2690,50,RM,60.0,10320,Pave,Reg,Lvl,AllPub,Inside,Gtl,IDOTRR,Norm,Norm,1Fam,1.5Fin,4,5,1924,1950,Gable,CompShg,MetalSd,MetalSd,None,0.0,TA,TA,BrkTil,0.0,0.0,596.0,GasA,Po,Y,FuseF,834,596,0,1430,0.0,0.0,2,0,3,1,Fa,7,Typ,0,1924.0,2.0,370.0,Y,218,0,0,0,210,0,0,10,2006,WD ,Abnorml,107000,1,0,0,0,3,1,5,1,3,6,6,1,5,0,3,,5,3
2691,70,RM,60.0,7518,Pave,Reg,Lvl,AllPub,FR3,Gtl,IDOTRR,Norm,Norm,1Fam,2Story,5,8,1910,2004,Gable,CompShg,AsbShng,Plywood,None,0.0,Fa,Gd,BrkTil,0.0,0.0,396.0,GasA,Gd,Y,SBrkr,665,665,0,1330,0.0,0.0,1,0,3,1,TA,7,Typ,0,2001.0,1.0,390.0,N,0,72,45,0,0,0,0,7,2006,WD ,Normal,116500,0,0,1,0,3,1,1,1,3,6,6,1,5,0,3,,1,3
2692,30,RM,50.0,9000,Pave,Reg,Lvl,AllPub,Inside,Gtl,IDOTRR,Norm,Norm,1Fam,1Story,5,4,1919,1950,Gable,CompShg,Wd Sdng,Wd Sdng,None,0.0,TA,TA,BrkTil,0.0,0.0,610.0,GasA,Ex,N,FuseA,819,0,0,819,0.0,0.0,1,0,2,1,Gd,4,Typ,0,0.0,0.0,0.0,N,0,0,0,0,0,0,0,9,2006,WD ,Abnorml,72000,0,0,0,0,3,1,5,5,3,6,6,0,6,0,3,,5,3
2693,50,RM,50.0,8600,Pave,Reg,Bnk,AllPub,Inside,Gtl,IDOTRR,Norm,Norm,1Fam,1.5Fin,6,6,1937,1950,Gable,CompShg,MetalSd,MetalSd,None,0.0,TA,TA,BrkTil,0.0,0.0,780.0,GasA,TA,Y,SBrkr,780,596,0,1376,0.0,0.0,2,0,3,1,TA,7,Typ,1,1937.0,1.0,198.0,N,0,0,0,0,0,0,0,6,2006,WD ,Normal,119500,0,0,0,0,3,1,5,5,3,6,6,1,5,1,2,,5,3
2694,50,RM,60.0,7200,Pave,Reg,Lvl,AllPub,Corner,Gtl,IDOTRR,Norm,Norm,1Fam,1.5Fin,5,6,1938,1995,Gable,CompShg,Wd Sdng,Wd Sdng,None,0.0,TA,TA,CBlock,0.0,0.0,803.0,GasA,Ex,Y,SBrkr,803,557,0,1360,0.0,0.0,1,1,2,1,Gd,6,Typ,0,1951.0,1.0,297.0,Y,0,65,190,0,0,0,0,7,2006,WD ,Normal,125500,0,0,1,0,3,1,5,5,3,6,6,1,5,0,3,,5,3
2695,30,RM,60.0,9786,Pave,Reg,Lvl,AllPub,Inside,Gtl,IDOTRR,Norm,Norm,1Fam,1Story,3,4,1922,1950,Hip,CompShg,Wd Sdng,Wd Sdng,None,0.0,TA,TA,BrkTil,0.0,0.0,1007.0,GasA,Fa,N,SBrkr,1077,0,0,1077,0.0,0.0,1,0,3,1,TA,6,Typ,1,1922.0,1.0,210.0,P,0,100,48,0,0,0,0,5,2006,WD ,Normal,91000,0,0,0,0,3,1,5,1,3,6,6,1,5,1,2,,5,3
2696,190,RM,60.0,6780,Pave,Reg,Lvl,AllPub,Inside,Gtl,IDOTRR,Norm,Norm,2fmCon,1.5Fin,6,8,1935,1982,Gable,CompShg,Wd Sdng,Wd Sdng,None,0.0,TA,Fa,CBlock,490.0,0.0,520.0,GasA,Gd,N,SBrkr,520,0,234,754,1.0,0.0,1,0,2,1,TA,5,Typ,0,0.0,0.0,0.0,N,53,0,0,0,0,0,0,6,2006,WD ,Normal,84500,0,0,0,0,3,1,5,5,0,2,6,0,6,0,3,,5,3
2697,30,RM,60.0,7200,Pave,Reg,Lvl,AllPub,Corner,Gtl,IDOTRR,Norm,Norm,1Fam,1Story,6,6,1930,1950,Gable,CompShg,VinylSd,VinylSd,None,0.0,TA,TA,BrkTil,343.0,0.0,984.0,GasA,TA,Y,FuseF,984,0,0,984,0.0,0.0,1,0,3,1,TA,6,Typ,0,1930.0,1.0,308.0,N,0,0,164,0,0,0,0,3,2006,ConLI,Family,90000,0,0,0,0,3,1,5,5,3,3,6,1,5,0,3,,5,3
2698,50,RL,82.0,12375,Pave,Reg,Lvl,AllPub,Inside,Gtl,Sawyer,Feedr,Norm,1Fam,1.5Fin,5,5,1951,1951,Gable,CompShg,HdBoard,HdBoard,Stone,41.0,TA,Fa,CBlock,329.0,0.0,806.0,GasA,TA,Y,SBrkr,1081,341,0,1422,1.0,0.0,1,0,3,1,TA,7,Typ,1,1951.0,1.0,288.0,Y,0,0,0,0,0,0,0,6,2006,WD ,Normal,137500,0,0,1,0,4,1,5,5,3,1,6,1,5,1,5,,5,4
2699,90,RL,120.0,11136,Pave,Reg,Lvl,AllPub,Corner,Gtl,Sawyer,Feedr,Feedr,Duplex,1Story,6,5,1964,1964,Gable,CompShg,BrkFace,BrkFace,None,0.0,TA,TA,CBlock,0.0,0.0,1921.0,GasA,TA,Y,SBrkr,1921,0,0,1921,0.0,0.0,2,0,4,2,TA,8,Typ,0,1964.0,2.0,576.0,Y,0,180,0,0,0,0,0,7,2006,WD ,Normal,150000,0,0,0,0,3,1,5,5,3,6,6,1,5,0,3,,5,3
2700,20,RL,100.0,21370,Pave,Reg,Lvl,AllPub,FR2,Gtl,Sawyer,Norm,Norm,1Fam,1Story,5,5,1950,1950,Gable,CompShg,Wd Sdng,MetalSd,None,0.0,TA,TA,Slab,0.0,0.0,0.0,GasA,TA,Y,FuseA,1640,0,0,1640,0.0,0.0,1,0,3,1,TA,7,Min1,1,1950.0,2.0,394.0,Y,0,0,225,0,0,0,600,6,2006,WD ,Normal,131000,0,0,0,1,3,0,3,3,4,4,4,1,1,1,2,,3,3
2701,80,RL,92.0,6930,Pave,IR1,Lvl,AllPub,Inside,Gtl,ClearCr,Norm,Norm,1Fam,SLvl,5,4,1958,1958,Hip,CompShg,Wd Sdng,ImStucc,BrkFace,120.0,TA,TA,CBlock,300.0,294.0,1062.0,GasA,Ex,Y,FuseF,1352,0,0,1352,0.0,1.0,1,0,3,1,Gd,6,Min2,0,1958.0,1.0,288.0,Y,168,0,294,0,0,0,0,7,2006,WD ,Abnorml,130000,0,0,0,0,1,1,5,5,0,1,5,1,3,0,3,,5,1
2702,30,RL,55.0,8250,Pave,Reg,Lvl,AllPub,Inside,Gtl,Edwards,Norm,Norm,1Fam,1Story,5,7,1935,1950,Gable,CompShg,Wd Sdng,Wd Sdng,None,0.0,TA,TA,Slab,0.0,0.0,0.0,GasA,TA,N,SBrkr,1032,0,0,1032,0.0,0.0,1,0,2,1,TA,6,Typ,1,1939.0,1.0,260.0,Y,0,0,121,0,0,0,0,6,2006,WD ,Normal,125000,0,0,0,0,3,0,3,3,4,4,4,1,5,1,5,,3,3
2703,30,RL,50.0,5220,Pave,IR1,Lvl,AllPub,Inside,Gtl,SWISU,Norm,Norm,1Fam,1Story,5,3,1936,1950,Gable,CompShg,Wd Sdng,Wd Shng,None,0.0,TA,TA,BrkTil,0.0,0.0,830.0,GasA,Gd,Y,SBrkr,879,0,0,879,0.0,0.0,1,0,2,1,TA,4,Typ,0,1936.0,1.0,180.0,P,0,108,0,0,0,0,0,1,2006,WD ,Normal,80000,0,0,0,0,3,1,5,5,3,6,6,1,5,0,3,,5,3
2704,20,RL,50.0,5500,Pave,Reg,Lvl,AllPub,Inside,Gtl,SWISU,Norm,Norm,1Fam,1Story,7,5,2004,2004,Shed,CompShg,VinylSd,VinylSd,None,0.0,TA,TA,PConc,510.0,373.0,1073.0,GasA,Ex,Y,SBrkr,1073,0,0,1073,1.0,0.0,2,0,2,1,TA,4,Typ,0,2004.0,1.0,246.0,Y,0,120,0,0,0,0,0,5,2006,WD ,Normal,157000,0,0,0,0,3,1,2,2,2,2,3,1,5,0,3,,2,3
2705,20,RL,75.0,11235,Pave,Reg,Lvl,AllPub,Inside,Gtl,Sawyer,Norm,Norm,1Fam,1Story,4,5,1963,1979,Gable,CompShg,HdBoard,HdBoard,BrkFace,51.0,TA,TA,CBlock,547.0,0.0,1051.0,GasA,Gd,Y,SBrkr,1382,0,0,1382,0.0,0.0,1,1,3,1,TA,6,Typ,1,1974.0,2.0,459.0,Y,0,82,0,0,0,0,0,10,2006,WD ,Normal,148000,0,0,0,0,1,1,5,5,3,5,6,1,1,1,4,,5,1
2706,90,RL,72.0,10791,Pave,Reg,Lvl,AllPub,Inside,Gtl,Sawyer,Norm,Norm,Duplex,1Story,4,5,1967,1967,Gable,CompShg,MetalSd,MetalSd,None,0.0,TA,TA,Slab,0.0,0.0,0.0,GasA,TA,Y,SBrkr,1296,0,0,1296,0.0,0.0,2,0,2,2,TA,6,Typ,0,1967.0,2.0,516.0,Y,0,0,0,0,0,0,500,10,2006,WD ,Normal,90000,0,0,0,1,3,0,3,3,4,4,4,1,4,0,3,,3,3
2707,20,RL,70.0,8414,Pave,Reg,Lvl,AllPub,Inside,Gtl,Sawyer,Norm,Norm,1Fam,1Story,6,8,1963,2003,Hip,CompShg,HdBoard,HdBoard,None,0.0,TA,TA,CBlock,663.0,0.0,1059.0,GasA,TA,Y,SBrkr,1068,0,0,1068,0.0,1.0,1,0,3,1,TA,6,Typ,0,1963.0,1.0,264.0,Y,192,0,0,0,0,0,0,2,2006,WD ,Normal,154500,0,0,1,0,3,1,5,5,3,2,6,1,1,0,3,,5,3
2708,20,RL,68.0,11327,Pave,IR1,Lvl,AllPub,Inside,Gtl,Sawyer,Norm,Norm,1Fam,1Story,5,6,1967,1967,Hip,CompShg,HdBoard,HdBoard,BrkFace,305.0,TA,TA,CBlock,779.0,0.0,1064.0,GasA,TA,Y,SBrkr,1064,0,0,1064,0.0,1.0,1,0,3,1,TA,6,Typ,1,1967.0,2.0,528.0,Y,314,48,0,0,0,0,0,6,2006,WD ,Normal,153600,0,0,0,0,1,1,5,5,0,0,6,1,1,1,5,,5,1
2709,80,RL,96.0,11777,Pave,IR1,Lvl,AllPub,Inside,Gtl,Sawyer,Norm,Norm,1Fam,SLvl,5,6,1966,1966,Gable,CompShg,VinylSd,VinylSd,BrkFace,97.0,TA,TA,CBlock,328.0,551.0,1164.0,GasA,Ex,Y,SBrkr,1320,0,0,1320,1.0,0.0,1,0,3,1,TA,6,Typ,2,1966.0,2.0,564.0,Y,160,68,240,0,0,0,0,5,2006,WD ,Abnorml,164500,0,0,0,0,1,1,5,5,0,3,0,1,1,1,1,,5,1
2710,80,RL,80.0,10366,Pave,IR1,Lvl,AllPub,Corner,Gtl,Sawyer,Norm,Norm,1Fam,SLvl,6,7,1964,1964,Gable,CompShg,HdBoard,Plywood,None,0.0,TA,Gd,CBlock,456.0,0.0,912.0,GasA,TA,Y,SBrkr,934,0,0,934,0.0,1.0,1,0,2,1,TA,4,Typ,0,1964.0,1.0,336.0,Y,77,0,0,0,0,0,500,7,2006,WD ,Normal,132000,0,0,1,1,3,1,5,5,0,2,6,1,1,0,3,,5,3
2711,20,RL,75.0,9000,Pave,Reg,Lvl,AllPub,Corner,Gtl,Sawyer,Norm,Norm,1Fam,1Story,5,6,1966,1966,Gable,CompShg,Plywood,Plywood,None,0.0,TA,TA,CBlock,773.0,0.0,1059.0,GasA,Gd,Y,SBrkr,1059,0,0,1059,1.0,0.0,1,0,3,1,TA,6,Typ,0,1966.0,1.0,286.0,Y,0,88,0,0,0,0,0,6,2006,WD ,Abnorml,142500,0,0,1,0,3,1,5,5,3,0,6,1,1,0,3,,5,3
2712,20,RL,68.0,11553,Pave,IR1,Lvl,AllPub,Inside,Gtl,Sawyer,Norm,Norm,1Fam,1Story,5,5,1968,1968,Hip,CompShg,Plywood,Plywood,BrkFace,188.0,TA,TA,CBlock,673.0,0.0,1051.0,GasA,TA,Y,SBrkr,1159,0,0,1159,0.0,0.0,1,1,3,1,TA,7,Typ,1,1968.0,1.0,336.0,Y,466,0,0,0,0,0,0,7,2006,WD ,Normal,158000,0,0,0,0,1,1,5,5,3,1,6,1,1,1,1,,5,1
2713,60,RL,74.0,7844,Pave,Reg,Lvl,AllPub,Inside,Gtl,Sawyer,Norm,Norm,1Fam,2Story,6,7,1978,1978,Hip,CompShg,HdBoard,HdBoard,BrkFace,203.0,TA,TA,CBlock,209.0,0.0,672.0,GasA,TA,Y,SBrkr,672,728,0,1400,0.0,0.0,1,1,3,1,TA,6,Typ,1,1978.0,2.0,440.0,Y,0,0,0,0,0,0,0,3,2006,WD ,Normal,149500,0,0,0,0,1,1,5,5,3,0,6,1,1,1,5,,5,1
2714,20,RL,68.0,9535,Pave,IR1,Lvl,AllPub,Inside,Gtl,Sawyer,Norm,Norm,1Fam,1Story,5,5,1967,1967,Gable,CompShg,HdBoard,HdBoard,BrkFace,450.0,TA,TA,CBlock,194.0,982.0,1176.0,GasA,TA,Y,SBrkr,1458,0,0,1458,1.0,0.0,1,1,3,1,TA,7,Typ,1,1967.0,2.0,512.0,Y,284,0,0,0,0,0,0,7,2006,WD ,Normal,165000,0,0,1,0,1,1,5,5,3,1,3,1,1,1,5,,5,1
2715,20,RL,78.0,10335,Pave,IR1,Lvl,AllPub,Inside,Gtl,Sawyer,Norm,Norm,1Fam,1Story,5,6,1968,1993,Gable,CompShg,Plywood,Plywood,None,0.0,TA,TA,CBlock,570.0,0.0,1461.0,GasA,Gd,Y,SBrkr,1721,0,0,1721,0.0,0.0,2,1,3,1,TA,7,Min1,1,1968.0,2.0,440.0,Y,0,96,180,0,0,0,0,7,2006,WD ,Normal,180000,0,0,1,0,3,1,5,5,3,5,6,1,1,1,5,,5,3
2716,80,RL,68.0,7176,Pave,IR1,Lvl,AllPub,CulDSac,Gtl,Sawyer,Norm,Norm,1Fam,SLvl,6,6,1978,1978,Gable,CompShg,HdBoard,HdBoard,BrkFace,200.0,TA,TA,CBlock,794.0,0.0,960.0,GasA,Fa,Y,SBrkr,1040,0,0,1040,1.0,0.0,1,0,3,1,TA,6,Typ,1,1979.0,2.0,616.0,Y,131,0,0,0,180,0,0,7,2006,WD ,Normal,160500,0,0,1,0,1,1,5,2,1,2,6,1,5,1,1,,5,1
2717,90,RL,68.0,9662,Pave,IR1,Lvl,AllPub,Inside,Gtl,Sawyer,Norm,Norm,Duplex,1Story,5,4,1977,1977,Gable,CompShg,Plywood,Plywood,None,0.0,TA,TA,CBlock,0.0,0.0,1967.0,GasA,TA,Y,SBrkr,1967,0,0,1967,0.0,0.0,2,0,6,2,TA,10,Typ,0,1977.0,2.0,580.0,Y,170,0,0,0,0,0,0,8,2006,WD ,Normal,156500,0,0,0,0,3,1,2,5,3,6,6,1,1,0,3,,2,3
2718,90,RL,75.0,8235,Pave,Reg,Lvl,AllPub,Inside,Gtl,Sawyer,Norm,Norm,Duplex,1Story,5,4,1977,1977,Gable,CompShg,Plywood,Plywood,BrkFace,99.0,TA,TA,CBlock,483.0,0.0,1949.0,GasA,TA,Y,SBrkr,1949,0,0,1949,0.0,0.0,2,0,6,2,TA,10,Typ,0,1977.0,2.0,586.0,Y,32,0,0,0,0,0,0,5,2006,WD ,Normal,157000,0,0,0,0,1,1,5,5,3,5,6,1,1,0,3,,5,1
2719,50,RL,68.0,13650,Pave,Reg,Lvl,AllPub,Inside,Gtl,Sawyer,Norm,Norm,1Fam,1.5Fin,5,5,1958,1958,Gable,CompShg,MetalSd,MetalSd,None,0.0,Gd,Gd,CBlock,57.0,441.0,1052.0,GasA,Ex,Y,SBrkr,1252,668,0,1920,1.0,0.0,2,0,4,1,Gd,8,Typ,1,1958.0,2.0,451.0,Y,0,0,0,0,0,0,0,7,2006,WD ,Normal,172500,0,0,0,0,3,1,5,5,3,0,1,1,1,1,2,,5,3
2720,20,RL,88.0,13125,Pave,Reg,Lvl,AllPub,Corner,Gtl,Sawyer,Norm,Norm,1Fam,1Story,5,4,1957,2000,Gable,CompShg,Wd Sdng,Wd Sdng,BrkCmn,67.0,TA,TA,CBlock,168.0,682.0,1134.0,GasA,Ex,Y,SBrkr,1803,0,0,1803,1.0,0.0,2,0,3,1,TA,8,Maj1,1,1957.0,2.0,484.0,Y,0,0,0,0,0,0,0,1,2006,WD ,Normal,155000,0,0,1,0,0,1,5,5,3,5,1,1,1,1,5,,5,0
2721,20,RL,102.0,17920,Pave,Reg,Lvl,AllPub,Inside,Gtl,Sawyer,Norm,Norm,1Fam,1Story,5,4,1955,1974,Hip,CompShg,Wd Sdng,Plywood,None,0.0,TA,TA,CBlock,306.0,1085.0,1763.0,GasA,TA,Y,SBrkr,1779,0,0,1779,1.0,0.0,1,1,3,1,TA,6,Typ,1,1955.0,2.0,454.0,Y,0,418,0,0,312,0,0,7,2006,WD ,Abnorml,170000,0,0,0,0,3,1,5,5,2,0,5,1,1,1,2,,5,3
2722,30,RL,68.0,17529,Pave,Reg,Lvl,AllPub,Inside,Gtl,Sawyer,Norm,Norm,1Fam,1Story,5,5,1924,1950,Gable,CompShg,BrkFace,Wd Sdng,Stone,65.0,TA,TA,BrkTil,0.0,0.0,872.0,GasA,Fa,N,FuseF,872,0,0,872,0.0,0.0,1,0,2,1,Fa,5,Mod,1,1924.0,1.0,322.0,N,0,0,116,0,0,0,0,4,2006,WD ,Normal,105000,0,0,0,0,4,1,5,5,3,6,6,1,5,1,2,,5,4
2723,80,RL,68.0,10246,Pave,IR1,Lvl,AllPub,CulDSac,Gtl,Sawyer,Norm,Norm,1Fam,SLvl,4,9,1965,2001,Gable,CompShg,VinylSd,VinylSd,None,0.0,TA,Gd,CBlock,648.0,0.0,648.0,GasA,Ex,Y,SBrkr,960,0,0,960,1.0,1.0,0,0,0,1,TA,3,Typ,0,1965.0,1.0,364.0,Y,88,0,0,0,0,0,0,5,2006,WD ,Normal,145000,0,0,0,0,3,1,5,2,0,2,6,1,1,0,3,,5,3
2724,20,RL,68.0,14175,Pave,Reg,Bnk,AllPub,Corner,Mod,Sawyer,Norm,Norm,1Fam,1Story,5,6,1956,1987,Gable,CompShg,CemntBd,Wd Sdng,None,0.0,TA,TA,CBlock,988.0,0.0,1188.0,GasA,Gd,Y,SBrkr,1437,0,0,1437,1.0,0.0,1,1,3,1,TA,6,Min2,1,1999.0,2.0,576.0,Y,304,0,0,0,0,0,0,11,2006,WD ,Normal,168000,0,0,0,0,3,1,5,5,3,5,6,1,5,1,5,,5,3
2725,20,RL,68.0,20355,Pave,Reg,Low,AllPub,Inside,Mod,ClearCr,Norm,Norm,1Fam,1Story,7,6,1967,1967,Gable,Tar&Grv,Plywood,Plywood,BrkFace,123.0,TA,TA,CBlock,810.0,826.0,1865.0,GasA,TA,Y,SBrkr,1830,0,0,1830,1.0,0.0,1,0,2,1,TA,6,Typ,2,1967.0,2.0,521.0,Y,0,115,168,0,0,0,0,6,2006,WD ,Normal,278000,0,0,0,0,1,1,2,5,0,5,0,1,1,1,2,,2,1
2726,20,RL,87.0,13050,Pave,Reg,Low,AllPub,Inside,Mod,ClearCr,Norm,Norm,1Fam,1Story,5,6,1963,1963,Flat,Tar&Grv,WdShing,Wd Shng,None,0.0,TA,TA,CBlock,104.0,850.0,1000.0,GasA,Ex,Y,SBrkr,1000,0,0,1000,1.0,0.0,1,0,1,1,TA,4,Typ,2,1993.0,2.0,575.0,Y,238,0,148,0,0,0,0,4,2006,WD ,Normal,164000,0,0,0,0,3,1,2,5,0,5,0,1,1,1,5,,2,3
2727,50,RL,81.0,15593,Pave,Reg,Lvl,AllPub,Corner,Gtl,ClearCr,Norm,Norm,1Fam,1.5Fin,7,4,1953,1953,Gable,CompShg,BrkFace,AsbShng,None,0.0,Gd,TA,CBlock,603.0,0.0,1304.0,GasW,TA,Y,SBrkr,1304,983,0,2287,0.0,0.0,2,0,3,1,TA,7,Typ,1,1953.0,2.0,667.0,Y,0,21,114,0,0,0,0,7,2006,WD ,Normal,225000,0,0,0,0,3,1,5,5,3,1,6,1,1,1,5,,5,3
2728,85,RL,72.0,10820,Pave,Reg,Lvl,AllPub,Corner,Gtl,Sawyer,Feedr,Norm,1Fam,SFoyer,5,7,1971,1972,Gable,CompShg,HdBoard,HdBoard,BrkFace,153.0,TA,TA,PConc,535.0,159.0,782.0,GasA,Ex,Y,SBrkr,810,0,0,810,1.0,0.0,1,0,2,1,TA,4,Typ,0,1973.0,2.0,576.0,Y,0,0,0,0,0,0,0,6,2006,WD ,Normal,130000,0,0,1,0,1,1,2,5,0,2,5,1,5,0,3,,2,1
2729,20,RL,100.0,13350,Pave,IR1,Lvl,AllPub,Inside,Gtl,Sawyer,Norm,Norm,1Fam,1Story,5,5,1974,1974,Hip,CompShg,HdBoard,Plywood,None,0.0,TA,TA,CBlock,762.0,0.0,864.0,GasA,TA,Y,SBrkr,894,0,0,894,1.0,0.0,1,0,3,1,TA,5,Typ,1,1974.0,2.0,440.0,Y,241,0,0,0,0,0,0,6,2006,WD ,Normal,142500,0,0,1,0,3,1,5,5,3,0,6,1,1,1,1,,5,3
2730,150,RL,68.0,1700,Pave,Reg,HLS,AllPub,Inside,Gtl,ClearCr,Norm,Norm,Twnhs,1.5Fin,7,5,1980,1981,Gable,CompShg,VinylSd,VinylSd,None,0.0,Gd,TA,PConc,397.0,0.0,430.0,GasA,TA,Y,SBrkr,880,680,140,1700,1.0,0.0,2,1,2,1,Gd,7,Typ,0,1980.0,1.0,450.0,Y,188,36,0,0,200,0,0,4,2006,WD ,Normal,148400,0,0,0,0,3,1,2,5,2,2,6,1,2,0,3,,2,3
2731,120,RL,68.0,5271,Pave,IR1,Low,AllPub,Inside,Mod,ClearCr,Norm,Norm,1Fam,1Story,7,5,1986,1986,Gable,CompShg,Wd Sdng,Wd Sdng,None,0.0,TA,TA,PConc,1082.0,0.0,1453.0,GasA,Gd,Y,SBrkr,1453,0,0,1453,1.0,0.0,1,1,2,1,Gd,6,Typ,1,1986.0,2.0,445.0,Y,0,80,0,0,184,0,0,12,2006,WD ,Abnorml,190000,0,0,0,0,3,1,2,5,1,2,6,1,1,1,5,,2,3
2732,20,RL,75.0,9375,Pave,Reg,Lvl,AllPub,Corner,Gtl,Edwards,Norm,Norm,1Fam,1Story,4,5,1954,1954,Gable,CompShg,MetalSd,MetalSd,None,0.0,TA,Gd,CBlock,799.0,0.0,967.0,GasA,Ex,Y,SBrkr,1350,0,0,1350,0.0,0.0,1,1,3,1,TA,6,Typ,1,1954.0,2.0,504.0,Y,237,0,0,0,0,0,0,6,2006,WD ,Normal,146000,0,0,0,0,3,1,5,5,3,5,6,1,1,1,2,,5,3
2733,50,RL,62.0,6488,Pave,Reg,Lvl,AllPub,Inside,Gtl,Edwards,Norm,Norm,1Fam,1.5Fin,5,5,1942,1950,Gable,CompShg,BrkFace,Wd Sdng,None,0.0,TA,TA,BrkTil,230.0,0.0,799.0,GasA,Ex,N,FuseA,799,351,0,1150,0.0,0.0,1,0,3,1,TA,6,Mod,2,1942.0,1.0,215.0,Y,264,0,0,0,0,0,0,3,2006,WD ,Family,128000,0,0,0,0,3,1,5,5,3,3,6,1,3,1,5,,5,3
2734,20,RL,78.0,7800,Pave,Reg,Bnk,AllPub,Inside,Mod,Edwards,Norm,Norm,1Fam,2Story,5,8,1948,2002,Gable,CompShg,MetalSd,MetalSd,None,0.0,TA,Gd,CBlock,603.0,0.0,896.0,GasA,Ex,Y,SBrkr,1112,896,0,2008,1.0,0.0,3,0,3,1,Ex,8,Typ,0,1948.0,1.0,230.0,Y,103,0,0,0,0,0,0,8,2006,WD ,Normal,225000,0,0,0,0,3,1,5,2,3,2,6,1,1,0,3,,5,3
2735,80,RL,68.0,19690,Pave,IR1,Lvl,AllPub,CulDSac,Gtl,Edwards,Norm,Norm,1Fam,SLvl,6,7,1966,1966,Flat,Tar&Grv,Plywood,Plywood,None,0.0,Gd,Gd,CBlock,0.0,0.0,697.0,GasA,TA,Y,SBrkr,1575,626,0,2201,0.0,0.0,2,0,4,1,Gd,8,Typ,1,1966.0,2.0,432.0,Y,586,236,0,0,0,738,0,8,2006,WD ,Alloca,274970,0,1,1,0,3,1,2,5,0,6,6,1,1,1,2,,2,3
2736,70,RL,114.0,19950,Pave,Reg,Lvl,AllPub,Corner,Gtl,Edwards,Norm,Norm,1Fam,2Story,6,7,1928,1950,Gable,CompShg,WdShing,Plywood,None,0.0,TA,TA,PConc,0.0,0.0,672.0,GasA,Ex,Y,SBrkr,1337,672,0,2009,0.0,0.0,2,0,4,1,TA,8,Typ,2,1928.0,3.0,795.0,P,0,42,0,0,180,0,0,12,2006,WD ,Normal,235000,0,0,0,0,3,1,5,5,3,6,6,1,0,1,2,,5,3
2737,75,RL,60.0,19800,Pave,Reg,Lvl,AllPub,Inside,Gtl,Edwards,Norm,Norm,1Fam,2.5Unf,6,8,1935,1990,Gable,CompShg,BrkFace,Wd Sdng,None,0.0,TA,TA,BrkTil,425.0,0.0,1836.0,GasA,Gd,Y,SBrkr,1836,1836,0,3672,0.0,0.0,3,1,5,1,Gd,7,Typ,2,1993.0,2.0,836.0,Y,684,80,32,0,0,0,0,12,2006,WD ,Normal,415000,0,0,0,0,3,1,5,5,3,5,6,1,5,1,2,,5,3
2738,80,RL,78.0,11679,Pave,IR1,Lvl,AllPub,Inside,Gtl,Edwards,Norm,Norm,1Fam,SLvl,5,5,1962,1962,Gable,CompShg,Plywood,Plywood,Stone,96.0,TA,TA,CBlock,612.0,1164.0,1776.0,GasA,Ex,Y,SBrkr,1560,0,0,1560,0.0,1.0,2,0,3,1,TA,6,Min2,1,1962.0,2.0,528.0,Y,453,253,144,0,0,0,0,5,2006,WD ,Normal,182000,0,0,1,0,4,1,5,5,1,0,5,1,1,1,1,,5,4
2739,20,RL,80.0,12048,Pave,Reg,Lvl,AllPub,Inside,Gtl,Edwards,Norm,Norm,1Fam,1Story,5,6,1952,2002,Gable,CompShg,Wd Sdng,Wd Sdng,BrkFace,232.0,TA,TA,Slab,0.0,0.0,0.0,GasA,Gd,Y,SBrkr,1488,0,0,1488,0.0,0.0,1,0,3,1,TA,7,Typ,1,2002.0,2.0,569.0,Y,0,189,36,0,348,0,0,4,2006,WD ,Normal,135000,0,0,0,0,1,0,3,3,4,4,4,1,1,1,0,,3,1
2740,20,RL,70.0,10519,Pave,Reg,Lvl,AllPub,Inside,Gtl,Edwards,Norm,Norm,1Fam,1Story,5,8,1955,1999,Hip,CompShg,MetalSd,MetalSd,Stone,164.0,TA,TA,CBlock,0.0,0.0,1057.0,GasA,Gd,Y,SBrkr,1057,0,0,1057,0.0,1.0,1,0,3,1,Gd,6,Typ,0,1955.0,1.0,288.0,Y,0,0,0,0,0,0,0,3,2006,WD ,Normal,137000,0,0,0,0,4,1,5,5,2,6,6,1,1,0,3,,5,4
2741,50,RL,75.0,9525,Pave,Reg,Lvl,AllPub,Inside,Gtl,Edwards,Norm,Norm,1Fam,1.5Fin,6,4,1954,1972,Gable,CompShg,Wd Sdng,Wd Sdng,None,0.0,TA,TA,CBlock,444.0,0.0,994.0,GasA,Gd,Y,SBrkr,1216,639,0,1855,0.0,0.0,2,0,4,1,TA,7,Typ,0,1954.0,1.0,325.0,Y,182,0,0,0,0,0,0,10,2006,WD ,Normal,136900,0,0,0,0,3,1,5,1,3,5,6,1,1,0,3,,5,3
2742,50,RL,75.0,9525,Pave,Reg,Lvl,AllPub,Inside,Gtl,Edwards,Norm,Norm,1Fam,1.5Fin,6,5,1953,1953,Gable,CompShg,MetalSd,MetalSd,None,0.0,TA,TA,CBlock,468.0,0.0,1000.0,GasA,TA,Y,SBrkr,1068,541,0,1609,0.0,0.0,1,1,5,1,TA,7,Typ,0,1953.0,1.0,305.0,Y,0,0,0,0,0,0,0,7,2006,WD ,Normal,149900,0,0,0,0,3,1,5,5,3,3,6,1,1,0,3,,5,3
2743,20,RL,57.0,6420,Pave,IR1,Lvl,AllPub,Inside,Gtl,Edwards,Norm,Norm,1Fam,1Story,5,7,1952,1952,Gable,CompShg,Wd Sdng,Wd Sdng,None,0.0,TA,TA,PConc,210.0,551.0,980.0,GasA,Fa,Y,FuseA,1148,0,0,1148,0.0,1.0,1,0,2,1,TA,6,Typ,0,1952.0,1.0,308.0,Y,0,0,0,0,0,0,0,9,2006,WD ,Normal,123500,0,0,0,0,3,1,0,2,2,3,0,1,5,0,3,,0,3
2744,20,RL,77.0,8335,Pave,Reg,Lvl,AllPub,Corner,Gtl,Edwards,Norm,Norm,1Fam,1Story,5,5,1954,1954,Gable,CompShg,Wd Sdng,Wd Sdng,None,0.0,TA,TA,Slab,0.0,0.0,0.0,GasA,Gd,Y,SBrkr,1124,0,0,1124,0.0,0.0,1,0,3,1,TA,5,Min2,1,0.0,0.0,0.0,N,0,36,190,0,0,0,0,4,2006,WD ,Normal,93000,0,0,0,0,3,0,3,3,4,4,4,0,6,1,2,,3,3
2745,50,RL,50.0,7585,Pave,Reg,Lvl,AllPub,Inside,Gtl,Edwards,Artery,Norm,1Fam,1.5Fin,5,3,1948,1950,Gable,CompShg,MetalSd,MetalSd,None,0.0,TA,TA,CBlock,0.0,0.0,810.0,GasA,Fa,Y,FuseA,1002,454,0,1456,1.0,1.0,1,0,4,1,TA,7,Typ,1,1954.0,1.0,280.0,P,0,0,0,0,0,0,0,8,2006,WD ,Normal,91500,0,0,0,0,3,1,1,1,2,6,6,1,5,1,5,,1,3
2746,20,RL,68.0,11200,Pave,Reg,Lvl,AllPub,Inside,Gtl,SawyerW,Norm,Norm,1Fam,1Story,6,5,1985,1985,Gable,CompShg,Wd Sdng,Wd Shng,BrkFace,85.0,Gd,TA,CBlock,1258.0,0.0,1298.0,GasA,TA,Y,SBrkr,1298,0,0,1298,1.0,0.0,2,0,3,1,Gd,5,Typ,1,1985.0,2.0,403.0,Y,165,26,0,0,0,0,0,5,2006,WD ,Normal,180000,0,0,0,0,1,1,2,5,3,2,6,1,1,1,5,,2,1
2747,60,RL,88.0,12128,Pave,IR1,Bnk,AllPub,Inside,Gtl,SawyerW,Norm,Norm,1Fam,2Story,6,4,1989,1989,Gable,CompShg,HdBoard,HdBoard,BrkFace,232.0,Gd,TA,CBlock,549.0,0.0,868.0,GasA,Ex,Y,SBrkr,1313,1246,0,2559,0.0,0.0,2,1,4,1,Ex,9,Typ,1,1989.0,2.0,506.0,Y,0,245,0,0,168,0,0,11,2006,WD ,Abnorml,209000,0,0,1,0,1,1,2,5,3,0,6,1,1,1,5,,2,1
2748,60,RL,80.0,9554,Pave,IR1,Lvl,AllPub,Inside,Gtl,SawyerW,Norm,Norm,1Fam,2Story,8,5,1993,1994,Gable,CompShg,VinylSd,VinylSd,BrkFace,125.0,Gd,TA,PConc,380.0,0.0,777.0,GasA,Ex,Y,SBrkr,1065,846,0,1911,0.0,0.0,2,1,3,1,Gd,8,Typ,1,1993.0,2.0,471.0,Y,182,81,0,0,0,0,0,9,2006,WD ,Normal,215000,0,0,0,0,1,1,2,5,3,2,6,1,1,1,5,,2,1
2749,90,RL,73.0,9069,Pave,Reg,Lvl,AllPub,Inside,Gtl,SawyerW,Norm,Norm,Duplex,SFoyer,6,8,1993,1993,Gable,CompShg,HdBoard,HdBoard,None,0.0,Gd,Gd,PConc,261.0,1083.0,1344.0,GasA,Gd,Y,SBrkr,1440,0,0,1440,2.0,0.0,2,0,2,2,Gd,8,Typ,0,1993.0,4.0,920.0,Y,288,0,0,0,0,0,0,4,2006,WD ,Normal,224500,0,0,0,0,3,1,2,5,0,3,2,1,1,0,3,,2,3
2750,60,RL,133.0,11003,Pave,IR2,Lvl,AllPub,Inside,Gtl,CollgCr,Norm,Norm,1Fam,2Story,7,5,2005,2006,Gable,CompShg,VinylSd,VinylSd,None,0.0,Gd,TA,PConc,0.0,0.0,1308.0,GasA,Ex,Y,SBrkr,1308,568,0,1876,0.0,0.0,2,1,3,1,Gd,7,Typ,0,2005.0,3.0,848.0,Y,0,40,0,0,0,0,0,7,2006,New,Partial,229800,0,0,0,0,3,1,2,5,3,6,6,1,3,0,3,,2,3
2751,20,RL,64.0,7488,Pave,IR1,Lvl,AllPub,Inside,Gtl,CollgCr,Norm,Norm,1Fam,1Story,7,5,2005,2005,Gable,CompShg,VinylSd,VinylSd,None,0.0,Gd,TA,PConc,393.0,0.0,1208.0,GasA,Ex,Y,SBrkr,1208,0,0,1208,0.0,0.0,2,0,2,1,Gd,6,Typ,0,2005.0,2.0,632.0,Y,105,58,0,0,0,0,0,2,2006,WD ,Abnorml,183600,0,0,0,0,3,1,2,5,0,2,6,1,1,0,3,,2,3
2752,20,RL,64.0,7406,Pave,Reg,Lvl,AllPub,Inside,Gtl,CollgCr,Norm,Norm,1Fam,1Story,7,5,2006,2006,Gable,CompShg,VinylSd,VinylSd,Stone,84.0,Gd,TA,PConc,684.0,0.0,1199.0,GasA,Ex,Y,SBrkr,1220,0,0,1220,1.0,0.0,2,0,2,1,Gd,6,Typ,0,2006.0,2.0,632.0,Y,105,54,0,0,0,0,0,7,2006,New,Partial,194000,0,0,0,0,4,1,2,5,0,2,6,1,1,0,3,,2,4
2753,20,RL,64.0,6762,Pave,Reg,Lvl,AllPub,Inside,Gtl,CollgCr,Norm,Norm,1Fam,1Story,7,5,2006,2006,Gable,CompShg,VinylSd,VinylSd,None,0.0,Gd,TA,PConc,0.0,0.0,1286.0,GasA,Ex,Y,SBrkr,1294,0,0,1294,0.0,0.0,2,0,2,1,Gd,6,Typ,1,2006.0,2.0,662.0,Y,168,55,0,0,0,0,0,7,2006,New,Partial,193879,0,0,0,0,3,1,2,2,0,6,6,1,1,1,2,,2,3
2754,20,RL,86.0,11210,Pave,IR1,Lvl,AllPub,Inside,Gtl,CollgCr,Norm,Norm,1Fam,1Story,7,5,2005,2006,Gable,CompShg,VinylSd,VinylSd,BrkFace,240.0,Gd,TA,PConc,20.0,0.0,1614.0,GasA,Ex,Y,SBrkr,1614,0,0,1614,0.0,0.0,2,0,3,1,Gd,7,Typ,0,2005.0,3.0,865.0,Y,144,59,0,0,0,0,0,7,2006,New,Partial,221500,0,0,0,0,1,1,2,5,0,2,6,1,1,0,3,,2,1
2755,20,RL,73.0,8990,Pave,IR1,Lvl,AllPub,Inside,Gtl,CollgCr,Norm,Norm,1Fam,1Story,7,5,2006,2006,Gable,CompShg,VinylSd,VinylSd,None,0.0,Gd,TA,PConc,0.0,0.0,1498.0,GasA,Ex,Y,SBrkr,1498,0,0,1498,0.0,0.0,2,0,2,1,Gd,5,Typ,0,2006.0,2.0,675.0,Y,351,33,0,0,0,0,0,4,2006,New,Partial,204900,0,0,0,0,3,1,2,5,2,6,6,1,1,0,3,,2,3
2756,60,RL,73.0,8760,Pave,Reg,Lvl,AllPub,Inside,Gtl,CollgCr,Norm,Norm,1Fam,2Story,7,5,2006,2006,Gable,CompShg,VinylSd,VinylSd,None,0.0,Gd,TA,PConc,464.0,0.0,1391.0,GasA,Ex,Y,SBrkr,1391,571,0,1962,0.0,0.0,2,1,3,1,Gd,7,Typ,0,2006.0,3.0,868.0,Y,0,90,0,0,0,0,0,8,2006,New,Partial,239799,0,0,0,0,3,1,2,2,2,2,6,1,1,0,3,,2,3
2757,20,RL,90.0,13377,Pave,Reg,Lvl,AllPub,Corner,Gtl,CollgCr,Norm,Norm,1Fam,1Story,6,5,2006,2006,Hip,CompShg,VinylSd,VinylSd,None,0.0,Gd,TA,PConc,1576.0,0.0,1836.0,GasA,Gd,Y,SBrkr,1846,0,0,1846,1.0,0.0,2,0,3,1,Gd,7,Typ,1,2006.0,2.0,495.0,Y,0,32,0,0,0,0,0,7,2006,New,Partial,233555,0,0,0,0,3,1,2,5,3,2,6,1,1,1,2,,2,3
2758,20,RL,78.0,11645,Pave,Reg,Lvl,AllPub,Inside,Gtl,CollgCr,Norm,Norm,1Fam,1Story,7,5,2005,2005,Gable,CompShg,VinylSd,VinylSd,None,0.0,Gd,TA,PConc,1300.0,0.0,1734.0,GasA,Ex,Y,SBrkr,1734,0,0,1734,1.0,0.0,2,0,3,1,Gd,7,Typ,0,2005.0,2.0,660.0,Y,160,24,0,0,0,0,0,1,2006,WD ,Normal,260000,0,0,0,0,3,1,2,5,0,2,6,1,1,0,3,,2,3
2759,20,RL,78.0,11645,Pave,Reg,Lvl,AllPub,Inside,Gtl,CollgCr,Norm,Norm,1Fam,1Story,8,5,2005,2006,Hip,CompShg,VinylSd,VinylSd,BrkFace,198.0,Gd,TA,PConc,1122.0,0.0,1570.0,GasA,Ex,Y,SBrkr,1590,0,0,1590,1.0,0.0,2,1,2,1,Ex,6,Typ,0,2005.0,3.0,754.0,Y,176,80,0,0,0,0,0,8,2006,New,Partial,294900,0,0,0,0,1,1,0,5,1,2,6,1,1,0,3,,0,1
2760,60,RL,91.0,10984,Pave,IR1,Lvl,AllPub,Corner,Gtl,CollgCr,Norm,Norm,1Fam,2Story,7,5,2005,2006,Gable,CompShg,VinylSd,VinylSd,None,0.0,Gd,TA,PConc,0.0,0.0,945.0,GasA,Ex,Y,SBrkr,945,864,0,1809,0.0,0.0,2,1,3,1,Gd,8,Typ,0,2005.0,2.0,638.0,Y,144,54,0,0,0,0,0,5,2006,New,Partial,209700,0,0,0,0,3,1,2,5,1,6,6,1,1,0,3,,2,3
2761,20,RL,78.0,9316,Pave,Reg,Lvl,AllPub,Inside,Gtl,CollgCr,Norm,Norm,1Fam,1Story,7,5,2005,2005,Gable,CompShg,VinylSd,VinylSd,BrkFace,140.0,Gd,TA,PConc,56.0,0.0,1614.0,GasA,Ex,Y,SBrkr,1614,0,0,1614,0.0,0.0,2,0,3,1,Gd,7,Typ,1,2005.0,2.0,576.0,Y,100,45,0,0,0,0,0,3,2006,WD ,Normal,225000,0,0,0,0,1,1,2,5,1,2,6,1,1,1,2,,2,1
2762,60,RL,78.0,9316,Pave,IR1,Lvl,AllPub,Inside,Gtl,CollgCr,Norm,Norm,1Fam,2Story,7,5,2005,2005,Gable,CompShg,VinylSd,VinylSd,BrkFace,532.0,Gd,TA,PConc,0.0,0.0,784.0,GasA,Ex,Y,SBrkr,784,812,0,1596,0.0,0.0,2,1,3,1,Gd,6,Typ,0,2005.0,2.0,610.0,Y,144,45,0,0,0,0,0,6,2006,WD ,Normal,181000,0,0,0,0,1,1,2,5,0,6,6,1,1,0,3,,2,1
2763,60,RL,80.0,10041,Pave,IR1,Lvl,AllPub,Inside,Gtl,SawyerW,Norm,Norm,1Fam,2Story,8,5,1992,1992,Gable,CompShg,HdBoard,HdBoard,None,0.0,Gd,TA,PConc,789.0,0.0,908.0,GasA,Ex,Y,SBrkr,927,988,0,1915,1.0,0.0,2,1,3,1,Gd,8,Typ,1,1992.0,2.0,506.0,Y,120,150,0,0,0,0,0,2,2006,WD ,Abnorml,220000,0,0,0,0,3,1,2,5,2,2,6,1,1,1,5,,2,3
2764,20,RL,68.0,36500,Pave,IR1,Low,AllPub,Inside,Mod,ClearCr,Norm,Norm,1Fam,1Story,5,5,1964,1964,Gable,CompShg,Wd Sdng,Wd Sdng,BrkCmn,621.0,TA,Gd,CBlock,812.0,0.0,1624.0,GasA,Fa,Y,SBrkr,1582,0,0,1582,0.0,1.0,2,0,4,1,TA,7,Typ,0,1964.0,2.0,390.0,N,168,198,0,0,0,0,0,6,2006,WD ,Normal,190000,0,0,0,0,0,1,5,5,0,5,6,1,1,0,3,,5,0
2765,80,RL,68.0,21453,Pave,IR1,Low,AllPub,CulDSac,Sev,ClearCr,Norm,Norm,1Fam,SLvl,6,5,1969,1969,Flat,Metal,Plywood,Plywood,None,0.0,TA,TA,CBlock,938.0,0.0,938.0,GasA,Ex,Y,SBrkr,988,0,0,988,1.0,0.0,1,0,1,1,TA,4,Typ,2,1969.0,2.0,540.0,Y,0,130,0,130,0,0,0,10,2006,WD ,Normal,180000,0,0,0,0,3,1,5,5,1,0,6,1,1,1,5,,5,3
2766,20,RL,62.0,70761,Pave,IR1,Low,AllPub,Inside,Mod,ClearCr,Norm,Norm,1Fam,1Story,7,5,1975,1975,Gable,WdShngl,Plywood,Plywood,None,0.0,TA,TA,CBlock,655.0,0.0,1533.0,GasA,TA,Y,SBrkr,1533,0,0,1533,1.0,0.0,2,0,2,1,Gd,5,Typ,2,1975.0,2.0,576.0,Y,200,54,0,0,0,0,0,12,2006,WD ,Normal,280000,0,0,0,0,3,1,2,5,1,0,6,1,1,1,5,,2,3
2767,20,RL,80.0,12000,Pave,Reg,Lvl,AllPub,Inside,Gtl,ClearCr,Norm,Norm,1Fam,1Story,6,5,1968,1968,Gable,CompShg,Plywood,Plywood,None,0.0,TA,Fa,CBlock,853.0,0.0,1388.0,GasA,Gd,Y,SBrkr,1388,0,0,1388,1.0,0.0,2,0,3,1,TA,6,Typ,1,1968.0,2.0,522.0,Y,0,58,0,0,0,0,0,7,2006,COD,Abnorml,158900,0,0,0,0,3,1,2,1,3,3,6,1,1,1,4,,2,3
2768,85,RL,57.0,8846,Pave,IR1,Lvl,AllPub,CulDSac,Gtl,CollgCr,Norm,Norm,1Fam,SFoyer,5,5,1996,1996,Gable,CompShg,VinylSd,VinylSd,None,0.0,Gd,TA,PConc,298.0,0.0,870.0,GasA,Ex,Y,SBrkr,914,0,0,914,0.0,0.0,1,0,2,1,TA,5,Typ,0,1998.0,2.0,576.0,Y,0,0,0,0,0,0,0,7,2006,WD ,Normal,148000,0,0,0,0,3,1,2,5,0,2,6,1,5,0,3,,2,3
2769,20,RL,95.0,13015,Pave,Reg,Lvl,AllPub,Corner,Gtl,CollgCr,Norm,Norm,1Fam,1Story,5,6,1996,1996,Gable,CompShg,VinylSd,VinylSd,None,0.0,TA,Gd,PConc,0.0,0.0,1100.0,GasA,Ex,Y,SBrkr,1100,0,0,1100,0.0,0.0,1,1,3,1,TA,5,Typ,0,1996.0,2.0,462.0,Y,0,0,0,0,0,0,0,6,2006,WD ,Normal,145000,0,0,0,0,3,1,2,5,3,6,6,1,1,0,3,,2,3
2770,60,RL,65.0,12438,Pave,IR1,Lvl,AllPub,Inside,Gtl,CollgCr,PosN,Norm,1Fam,2Story,6,5,1995,1995,Gable,CompShg,VinylSd,VinylSd,BrkFace,68.0,Gd,TA,PConc,0.0,0.0,781.0,GasA,Ex,Y,SBrkr,795,704,0,1499,0.0,0.0,2,1,3,1,Gd,6,Typ,1,1995.0,2.0,473.0,Y,413,91,0,0,0,0,0,8,2006,WD ,Normal,187000,0,0,0,0,1,1,2,5,3,6,6,1,1,1,5,,2,1
2771,20,RL,68.0,8685,Pave,IR1,Lvl,AllPub,CulDSac,Gtl,CollgCr,Norm,Norm,1Fam,1Story,7,5,1998,1998,Gable,CompShg,VinylSd,VinylSd,None,0.0,TA,TA,PConc,846.0,0.0,1425.0,GasA,Ex,Y,SBrkr,1425,0,0,1425,1.0,0.0,2,0,3,1,TA,5,Typ,0,1998.0,2.0,591.0,Y,0,130,0,0,0,0,0,5,2006,WD ,Normal,193000,0,0,0,0,3,1,2,5,2,2,6,1,1,0,3,,2,3
2772,20,RL,43.0,13568,Pave,IR2,Lvl,AllPub,CulDSac,Gtl,CollgCr,Norm,Norm,1Fam,1Story,5,5,1995,1995,Gable,CompShg,VinylSd,VinylSd,None,0.0,TA,TA,PConc,716.0,0.0,990.0,GasA,Ex,Y,SBrkr,990,0,0,990,0.0,1.0,1,0,3,1,TA,5,Typ,0,1996.0,2.0,576.0,Y,224,0,0,0,0,0,0,7,2006,WD ,Normal,156000,0,0,0,0,3,1,2,5,3,0,6,1,1,0,3,,2,3
2773,20,RL,70.0,9100,Pave,Reg,Lvl,AllPub,Inside,Gtl,CollgCr,Norm,Norm,1Fam,1Story,7,5,2000,2000,Gable,CompShg,VinylSd,VinylSd,BrkFace,244.0,Gd,TA,PConc,1400.0,0.0,1525.0,GasA,Ex,Y,SBrkr,1525,0,0,1525,1.0,0.0,2,0,3,1,Gd,6,Typ,0,2000.0,2.0,541.0,Y,219,36,0,0,0,0,0,9,2006,WD ,Normal,235000,0,0,0,0,1,1,2,5,0,2,6,1,1,0,3,,2,1
2774,20,RL,79.0,9236,Pave,IR1,Lvl,AllPub,Inside,Gtl,CollgCr,Norm,Norm,1Fam,1Story,6,5,1997,1997,Gable,CompShg,VinylSd,VinylSd,None,0.0,TA,Gd,PConc,1200.0,0.0,1479.0,GasA,Ex,Y,SBrkr,1494,0,0,1494,1.0,0.0,2,0,3,1,Gd,6,Typ,0,1997.0,2.0,576.0,Y,168,27,0,0,0,0,0,7,2006,WD ,Normal,217000,0,0,0,0,3,1,2,5,1,2,6,1,1,0,3,,2,3
2775,20,RL,78.0,10264,Pave,IR1,Lvl,AllPub,Inside,Gtl,CollgCr,Norm,Norm,1Fam,1Story,7,5,1999,1999,Gable,CompShg,VinylSd,VinylSd,BrkFace,183.0,Gd,TA,PConc,1162.0,0.0,1588.0,GasA,Ex,Y,SBrkr,1588,0,0,1588,0.0,0.0,2,0,3,1,Gd,6,Typ,0,1999.0,2.0,472.0,Y,158,29,0,0,0,0,0,8,2006,WD ,Normal,214000,0,0,0,0,1,1,2,5,0,0,6,1,1,0,3,,2,1
2776,60,RL,68.0,9272,Pave,IR1,Lvl,AllPub,Inside,Gtl,CollgCr,Norm,Norm,1Fam,2Story,7,5,1999,1999,Gable,CompShg,VinylSd,VinylSd,None,0.0,Gd,TA,PConc,500.0,0.0,842.0,GasA,Ex,Y,SBrkr,856,893,0,1749,0.0,0.0,2,1,3,1,Gd,7,Typ,0,1999.0,2.0,515.0,Y,140,85,0,0,0,0,0,6,2006,WD ,Normal,196000,0,0,0,0,3,1,2,5,3,2,6,1,1,0,3,,2,3
2777,60,RL,72.0,13426,Pave,IR1,Lvl,AllPub,Corner,Gtl,CollgCr,Norm,Norm,1Fam,2Story,7,5,1999,2000,Gable,CompShg,VinylSd,VinylSd,None,0.0,Gd,TA,PConc,894.0,0.0,951.0,GasA,Ex,Y,SBrkr,951,828,0,1779,1.0,0.0,2,1,3,1,Gd,7,Typ,1,1999.0,2.0,586.0,Y,208,107,0,0,0,0,0,9,2006,WD ,Normal,217000,0,0,0,0,3,1,2,5,2,2,6,1,1,1,5,,2,3
2778,60,RL,95.0,13450,Pave,IR1,Lvl,AllPub,Corner,Gtl,CollgCr,Norm,Norm,1Fam,2Story,7,5,2002,2002,Gable,CompShg,VinylSd,VinylSd,None,0.0,Gd,TA,PConc,700.0,0.0,916.0,GasA,Ex,Y,SBrkr,920,941,0,1861,1.0,0.0,2,1,3,1,Gd,8,Typ,0,2002.0,2.0,492.0,Y,146,91,0,0,0,0,0,6,2006,WD ,Normal,200000,0,0,0,0,3,1,2,5,3,2,6,1,3,0,3,,2,3
2779,60,RL,65.0,14006,Pave,IR1,Lvl,AllPub,Inside,Gtl,CollgCr,Norm,Norm,1Fam,2Story,7,5,2002,2002,Gable,CompShg,VinylSd,VinylSd,BrkFace,144.0,Gd,TA,PConc,0.0,0.0,936.0,GasA,Ex,Y,SBrkr,936,840,0,1776,0.0,0.0,2,1,3,1,Gd,7,Typ,1,2002.0,2.0,474.0,Y,144,96,0,0,0,0,0,2,2006,WD ,Normal,192500,0,0,0,0,1,1,2,5,4,6,6,1,1,1,5,,2,1
2780,20,RL,118.0,13704,Pave,IR1,Lvl,AllPub,Corner,Gtl,CollgCr,Norm,Norm,1Fam,1Story,7,5,2001,2002,Gable,CompShg,VinylSd,VinylSd,BrkFace,150.0,Gd,TA,PConc,0.0,0.0,1541.0,GasA,Ex,Y,SBrkr,1541,0,0,1541,0.0,0.0,2,0,3,1,Gd,6,Typ,1,2001.0,3.0,843.0,Y,468,81,0,0,0,0,0,1,2006,WD ,Normal,205000,0,0,0,0,1,1,2,5,3,6,6,1,1,1,5,,2,1
2781,80,RL,55.0,10780,Pave,IR1,Lvl,AllPub,Inside,Gtl,CollgCr,Norm,Norm,1Fam,SLvl,5,5,1976,1976,Gable,CompShg,MetalSd,MetalSd,None,0.0,TA,TA,CBlock,483.0,0.0,911.0,GasA,Gd,Y,SBrkr,954,0,0,954,0.0,0.0,1,0,3,1,TA,6,Typ,0,1976.0,2.0,576.0,Y,0,0,0,0,0,0,0,7,2006,WD ,Normal,132500,0,0,0,0,3,1,5,5,0,0,6,1,5,0,3,,5,3
2782,60,RL,50.0,8340,Pave,IR1,Lvl,AllPub,Inside,Gtl,CollgCr,Norm,Norm,1Fam,2Story,6,6,1977,1977,Gable,CompShg,HdBoard,Plywood,BrkFace,62.0,TA,TA,CBlock,509.0,0.0,675.0,GasA,TA,Y,SBrkr,686,702,0,1388,0.0,0.0,1,1,3,1,TA,6,Typ,0,1977.0,1.0,317.0,Y,406,36,0,0,0,0,0,12,2006,WD ,Normal,157500,0,0,0,0,1,1,2,5,0,2,6,1,1,0,3,,2,1
2783,80,RL,42.0,10385,Pave,IR1,Lvl,AllPub,CulDSac,Gtl,CollgCr,Norm,Norm,1Fam,SLvl,6,6,1978,1978,Gable,CompShg,HdBoard,HdBoard,BrkFace,123.0,TA,TA,CBlock,595.0,400.0,995.0,GasA,TA,Y,SBrkr,1282,0,0,1282,0.0,1.0,2,0,3,1,TA,6,Typ,0,1989.0,3.0,672.0,Y,386,0,0,0,0,0,0,4,2006,WD ,Normal,174000,0,0,0,0,1,1,5,2,0,0,3,1,5,0,3,,5,1
2784,20,RL,69.0,9920,Pave,IR1,Lvl,AllPub,Inside,Gtl,CollgCr,Norm,Norm,1Fam,1Story,5,6,1969,1969,Gable,CompShg,HdBoard,Plywood,None,0.0,TA,TA,CBlock,523.0,0.0,971.0,GasA,TA,Y,SBrkr,971,0,0,971,0.0,0.0,1,1,3,1,TA,5,Typ,1,1969.0,1.0,300.0,Y,0,0,0,0,0,0,0,5,2006,WD ,Normal,128500,0,0,0,0,3,1,2,5,1,0,6,1,1,1,4,,2,3
2785,20,RL,120.0,9560,Pave,IR1,Lvl,AllPub,Corner,Gtl,CollgCr,Norm,Norm,1Fam,1Story,5,7,1972,1972,Hip,CompShg,MetalSd,MetalSd,None,0.0,TA,Gd,CBlock,360.0,0.0,864.0,GasA,Ex,Y,SBrkr,864,0,0,864,0.0,0.0,1,0,3,1,TA,5,Typ,0,1972.0,1.0,288.0,Y,0,0,0,0,0,0,0,6,2006,WD ,Normal,128500,0,0,0,0,3,1,5,5,2,5,6,1,1,0,3,,5,3
2786,20,RL,70.0,9800,Pave,Reg,Lvl,AllPub,Corner,Gtl,CollgCr,Norm,Norm,1Fam,1Story,5,7,1972,1972,Gable,CompShg,VinylSd,VinylSd,None,0.0,TA,TA,PConc,894.0,0.0,894.0,GasA,TA,Y,SBrkr,894,0,0,894,1.0,0.0,1,0,3,1,TA,5,Typ,0,1975.0,2.0,552.0,Y,256,0,0,0,0,0,0,7,2006,WD ,Abnorml,149900,0,0,1,0,3,1,5,5,3,0,6,1,1,0,3,,5,3
2787,20,RL,60.0,7200,Pave,Reg,Low,AllPub,Inside,Gtl,CollgCr,Norm,Norm,1Fam,1Story,5,8,1972,1972,Gable,CompShg,VinylSd,VinylSd,None,0.0,TA,TA,CBlock,437.0,0.0,864.0,GasA,Ex,Y,SBrkr,864,0,0,864,0.0,0.0,1,0,3,1,TA,5,Typ,0,1977.0,1.0,297.0,Y,0,0,0,0,0,0,0,3,2006,WD ,Normal,119900,0,0,1,0,3,1,5,5,3,1,6,1,5,0,3,,5,3
2788,160,RH,68.0,3612,Pave,IR1,Lvl,AllPub,Inside,Gtl,Landmrk,Norm,Norm,Twnhs,2Story,6,5,1993,1994,Gable,CompShg,VinylSd,VinylSd,None,0.0,TA,TA,PConc,338.0,0.0,630.0,GasA,Ex,Y,SBrkr,630,690,0,1320,0.0,0.0,2,1,3,1,TA,5,Typ,0,1993.0,2.0,484.0,Y,0,48,0,0,0,0,0,6,2006,WD ,Normal,137000,0,0,1,0,3,1,2,5,3,2,6,1,5,0,3,,2,3
2789,60,RL,90.0,11367,Pave,Reg,Lvl,AllPub,Corner,Gtl,CollgCr,Norm,Norm,1Fam,2Story,8,5,2002,2002,Gable,CompShg,VinylSd,VinylSd,BrkFace,210.0,Gd,TA,PConc,932.0,0.0,1065.0,GasA,Ex,Y,SBrkr,1091,898,0,1989,1.0,0.0,2,1,3,1,Gd,7,Typ,1,2002.0,2.0,586.0,Y,199,60,0,0,0,0,0,11,2006,WD ,Normal,255000,0,0,0,0,1,1,2,5,2,2,6,1,1,1,2,,2,1
2790,60,RL,68.0,9930,Pave,IR1,Lvl,AllPub,Inside,Gtl,CollgCr,Norm,Norm,1Fam,2Story,7,5,2002,2002,Gable,CompShg,VinylSd,VinylSd,BrkFace,199.0,Gd,TA,PConc,456.0,0.0,826.0,GasA,Ex,Y,SBrkr,878,884,0,1762,0.0,0.0,2,1,3,1,Gd,6,Typ,0,2002.0,2.0,591.0,Y,320,54,0,0,0,0,0,7,2006,WD ,Normal,222000,0,0,0,0,1,1,2,5,3,2,6,1,1,0,3,,2,1
2791,60,RL,45.0,9468,Pave,IR2,Lvl,AllPub,CulDSac,Gtl,CollgCr,Norm,Norm,1Fam,2Story,6,5,1999,1999,Gable,CompShg,VinylSd,VinylSd,BrkFace,148.0,TA,TA,PConc,639.0,0.0,840.0,GasA,Ex,Y,SBrkr,840,915,0,1755,1.0,0.0,2,1,3,1,TA,7,Typ,1,1999.0,2.0,530.0,Y,176,73,0,0,0,0,0,8,2006,WD ,Normal,214000,0,0,0,0,1,1,2,5,2,2,6,1,1,1,5,,2,1
2792,20,RL,68.0,11088,Pave,Reg,Lvl,AllPub,Corner,Gtl,CollgCr,Norm,Norm,1Fam,1Story,8,5,2002,2002,Hip,CompShg,Stucco,Stucco,None,0.0,Gd,TA,PConc,872.0,0.0,1348.0,GasA,Ex,Y,SBrkr,1358,0,0,1358,1.0,0.0,1,1,1,1,Gd,5,Typ,1,2002.0,2.0,418.0,Y,68,166,0,0,0,0,0,6,2006,WD ,Normal,220000,0,0,0,0,3,1,2,5,3,2,6,1,1,1,5,,2,3
2793,20,RL,68.0,14781,Pave,IR2,Lvl,AllPub,CulDSac,Gtl,CollgCr,Norm,Norm,1Fam,1Story,8,5,2001,2002,Hip,CompShg,VinylSd,VinylSd,BrkFace,178.0,Gd,TA,PConc,0.0,0.0,1753.0,GasA,Ex,Y,SBrkr,1787,0,0,1787,0.0,0.0,2,0,3,1,Gd,7,Typ,1,2001.0,3.0,748.0,Y,198,150,0,0,0,0,0,8,2006,WD ,Normal,275000,0,0,0,0,1,1,2,5,1,6,6,1,1,1,5,,2,1
2794,60,RL,70.0,8726,Pave,Reg,Lvl,AllPub,Inside,Gtl,CollgCr,Norm,Norm,1Fam,2Story,7,5,2002,2002,Gable,CompShg,VinylSd,VinylSd,None,0.0,Gd,TA,PConc,0.0,0.0,872.0,GasA,Ex,Y,SBrkr,872,1037,0,1909,0.0,0.0,2,1,4,1,Gd,8,Typ,0,2002.0,2.0,529.0,Y,0,108,0,0,0,0,0,9,2006,WD ,Normal,197000,0,0,0,0,3,1,2,5,3,6,6,1,3,0,3,,2,3
2795,20,RL,68.0,8125,Pave,Reg,Lvl,AllPub,Inside,Gtl,CollgCr,Norm,Norm,1Fam,1Story,7,5,2002,2002,Gable,CompShg,VinylSd,VinylSd,Stone,295.0,Gd,TA,PConc,986.0,0.0,1654.0,GasA,Ex,Y,SBrkr,1654,0,0,1654,1.0,0.0,2,0,3,1,Gd,6,Typ,0,2002.0,3.0,900.0,Y,0,136,0,0,0,0,0,2,2006,WD ,Normal,230000,0,0,0,0,4,1,2,5,3,2,6,1,1,0,3,,2,4
2796,60,RL,67.0,10566,Pave,IR1,Lvl,AllPub,Inside,Gtl,CollgCr,Norm,Norm,1Fam,2Story,8,5,1999,1999,Gable,CompShg,VinylSd,VinylSd,BrkFace,261.0,Gd,TA,PConc,920.0,0.0,1090.0,GasA,Ex,Y,SBrkr,1090,1124,0,2214,1.0,0.0,2,1,3,1,Gd,8,Typ,1,1999.0,3.0,646.0,Y,197,80,0,0,0,0,0,7,2006,WD ,Normal,268500,0,0,0,0,1,1,2,5,0,2,6,1,1,1,5,,2,1
2797,60,RL,68.0,21533,Pave,IR2,Lvl,AllPub,FR2,Gtl,CollgCr,Feedr,Norm,1Fam,2Story,7,5,1996,1997,Gable,CompShg,VinylSd,VinylSd,None,0.0,Gd,TA,PConc,0.0,0.0,1065.0,GasA,Ex,Y,SBrkr,1065,984,0,2049,0.0,0.0,2,1,4,1,Gd,9,Typ,1,1997.0,2.0,467.0,Y,120,48,0,0,0,0,0,8,2006,WD ,Normal,210900,0,0,0,0,3,1,2,5,3,6,6,1,1,1,5,,2,3
2798,60,RL,90.0,11250,Pave,IR1,Lvl,AllPub,Corner,Gtl,CollgCr,Norm,Norm,1Fam,2Story,7,5,1998,1998,Gable,CompShg,VinylSd,VinylSd,BrkFace,227.0,TA,TA,PConc,796.0,0.0,1054.0,GasA,Ex,Y,SBrkr,1070,869,0,1939,0.0,1.0,2,1,3,1,Gd,8,Typ,1,1998.0,3.0,555.0,Y,128,84,0,0,0,0,0,5,2006,WD ,Normal,227000,0,0,0,0,1,1,2,5,2,0,6,1,1,1,5,,2,1
2799,60,RL,90.0,11250,Pave,Reg,Lvl,AllPub,Corner,Gtl,CollgCr,Norm,Norm,1Fam,2Story,7,5,1995,1996,Gable,CompShg,VinylSd,VinylSd,None,0.0,Gd,Gd,PConc,685.0,0.0,930.0,GasA,Ex,Y,SBrkr,950,1045,0,1995,1.0,0.0,2,1,4,1,Gd,8,Typ,1,1995.0,2.0,610.0,Y,275,170,0,0,0,0,0,7,2006,WD ,Normal,237000,0,0,0,0,3,1,2,2,0,2,6,1,1,1,5,,2,3
2800,60,RL,75.0,9750,Pave,Reg,Lvl,AllPub,Corner,Gtl,CollgCr,Norm,Norm,1Fam,2Story,7,6,1998,1998,Gable,CompShg,VinylSd,VinylSd,None,0.0,TA,TA,PConc,975.0,0.0,1108.0,GasA,Ex,Y,SBrkr,1108,989,0,2097,1.0,0.0,2,1,3,1,Gd,8,Typ,1,1998.0,2.0,583.0,Y,253,170,0,0,0,0,0,6,2006,WD ,Normal,274300,0,0,0,0,3,1,2,5,0,2,6,1,5,1,5,,2,3
2801,20,RL,70.0,9100,Pave,Reg,Lvl,AllPub,Inside,Gtl,CollgCr,Norm,Norm,1Fam,1Story,7,5,2004,2005,Hip,CompShg,VinylSd,VinylSd,None,0.0,Gd,TA,PConc,24.0,0.0,1860.0,GasA,Ex,Y,SBrkr,1836,0,0,1836,0.0,0.0,2,0,3,1,Gd,8,Typ,1,2004.0,2.0,484.0,Y,120,33,0,0,0,0,0,10,2006,WD ,Normal,216837,0,0,0,0,3,1,2,5,3,2,6,1,1,1,2,,2,3
2802,120,RM,37.0,4435,Pave,Reg,Lvl,AllPub,Inside,Gtl,CollgCr,Norm,Norm,TwnhsE,1Story,6,5,2003,2003,Gable,CompShg,VinylSd,VinylSd,BrkFace,170.0,Gd,TA,PConc,717.0,0.0,848.0,GasA,Ex,Y,SBrkr,848,0,0,848,1.0,0.0,1,0,1,1,Gd,4,Typ,0,2003.0,2.0,420.0,Y,140,0,0,0,0,0,0,4,2006,WD ,Normal,133000,0,0,0,0,1,1,2,5,0,2,6,1,1,0,3,,2,1
2803,120,RM,37.0,4435,Pave,Reg,Lvl,AllPub,Inside,Gtl,CollgCr,Norm,Norm,TwnhsE,1Story,6,5,2004,2004,Gable,CompShg,VinylSd,VinylSd,BrkFace,169.0,Gd,TA,PConc,662.0,0.0,848.0,GasA,Ex,Y,SBrkr,848,0,0,848,1.0,0.0,1,0,1,1,Gd,3,Typ,1,2004.0,2.0,420.0,Y,140,0,0,0,0,0,0,5,2006,WD ,Normal,155900,0,0,0,0,1,1,2,5,2,2,6,1,1,1,2,,2,1
2804,60,RL,120.0,15611,Pave,Reg,Lvl,AllPub,Inside,Gtl,CollgCr,Norm,Norm,1Fam,2Story,8,5,2006,2006,Gable,CompShg,VinylSd,VinylSd,None,0.0,Gd,TA,PConc,0.0,0.0,1079.0,GasA,Ex,Y,SBrkr,1079,840,0,1919,0.0,0.0,2,1,3,1,Gd,8,Typ,1,2006.0,2.0,685.0,Y,0,51,0,0,0,0,0,7,2006,New,Partial,233230,0,0,0,0,3,1,2,5,0,6,6,1,1,1,2,,2,3
2805,20,RL,70.0,8810,Pave,Reg,Lvl,AllPub,Inside,Gtl,CollgCr,Norm,Norm,1Fam,1Story,7,5,2003,2003,Gable,CompShg,VinylSd,VinylSd,None,0.0,Gd,TA,PConc,1000.0,0.0,1390.0,GasA,Ex,Y,SBrkr,1390,0,0,1390,1.0,0.0,2,0,3,1,Gd,7,Typ,0,2003.0,2.0,545.0,Y,0,68,0,0,0,0,0,3,2006,WD ,Normal,207000,0,0,0,0,3,1,2,5,3,2,6,1,1,0,3,,2,3
2806,60,RL,41.0,12393,Pave,IR2,Lvl,AllPub,FR2,Gtl,CollgCr,Norm,Norm,1Fam,2Story,7,5,2004,2005,Gable,CompShg,VinylSd,VinylSd,None,0.0,Gd,TA,PConc,0.0,0.0,847.0,GasA,Ex,Y,SBrkr,847,1101,0,1948,0.0,0.0,2,1,4,1,Gd,8,Typ,1,2004.0,2.0,434.0,Y,100,48,0,0,0,0,0,9,2006,WD ,Normal,195000,0,0,0,0,3,1,2,5,3,6,6,1,3,1,2,,2,3
2807,20,RL,70.0,9135,Pave,Reg,Lvl,AllPub,Inside,Gtl,CollgCr,Norm,Norm,1Fam,1Story,6,5,2003,2003,Gable,CompShg,VinylSd,VinylSd,BrkFace,120.0,Gd,TA,PConc,340.0,0.0,1682.0,GasA,Ex,Y,SBrkr,1700,0,0,1700,1.0,0.0,2,0,3,1,Gd,7,Typ,0,2003.0,2.0,544.0,Y,192,23,0,0,0,0,0,5,2006,WD ,Normal,200000,0,0,0,0,1,1,2,5,0,2,6,1,1,0,3,,2,1
2808,60,RL,74.0,8581,Pave,IR1,Lvl,AllPub,Inside,Gtl,CollgCr,Norm,Norm,1Fam,2Story,7,5,2006,2006,Gable,CompShg,VinylSd,VinylSd,None,0.0,Gd,TA,PConc,0.0,0.0,851.0,GasA,Ex,Y,SBrkr,851,886,0,1737,0.0,0.0,2,1,3,1,Gd,7,Typ,0,2006.0,2.0,578.0,Y,0,105,0,0,0,0,0,8,2006,New,Partial,203160,0,0,0,0,3,1,2,2,2,6,6,1,1,0,3,,2,3
2809,60,RL,70.0,8400,Pave,Reg,Lvl,AllPub,Inside,Gtl,CollgCr,Norm,Norm,1Fam,2Story,7,5,2005,2005,Gable,CompShg,VinylSd,VinylSd,None,0.0,Gd,TA,PConc,0.0,0.0,784.0,GasA,Ex,Y,SBrkr,784,827,0,1611,0.0,0.0,2,1,3,1,Gd,6,Typ,0,2005.0,2.0,572.0,Y,144,36,0,0,0,0,0,3,2006,WD ,Normal,195800,0,0,0,0,3,1,2,5,0,6,6,1,1,0,3,,2,3
2810,20,RL,84.0,10084,Pave,Reg,Lvl,AllPub,Inside,Gtl,CollgCr,Norm,Norm,1Fam,1Story,7,5,2005,2006,Gable,CompShg,VinylSd,VinylSd,BrkFace,196.0,Gd,TA,PConc,24.0,0.0,1552.0,GasA,Ex,Y,SBrkr,1552,0,0,1552,0.0,0.0,2,0,3,1,Gd,7,Typ,0,2005.0,3.0,782.0,Y,144,20,0,0,0,0,0,7,2006,New,Partial,212900,0,0,0,0,1,1,2,5,0,2,6,1,1,0,3,,2,1
2811,60,RL,89.0,11645,Pave,IR1,Lvl,AllPub,Corner,Gtl,CollgCr,Norm,Norm,1Fam,2Story,7,5,2004,2004,Gable,CompShg,VinylSd,VinylSd,None,0.0,Gd,TA,PConc,0.0,0.0,860.0,GasA,Ex,Y,SBrkr,860,860,0,1720,0.0,0.0,2,1,3,1,Gd,7,Typ,0,2004.0,2.0,565.0,Y,0,70,0,0,0,0,0,8,2006,WD ,Normal,196500,0,0,0,0,3,1,2,5,3,6,6,1,1,0,3,,2,3
2812,20,RL,65.0,8772,Pave,Reg,Lvl,AllPub,FR2,Gtl,CollgCr,Norm,Norm,1Fam,1Story,7,5,2005,2006,Gable,CompShg,VinylSd,VinylSd,None,0.0,Gd,TA,PConc,996.0,0.0,1336.0,GasA,Ex,Y,SBrkr,1336,0,0,1336,1.0,0.0,2,0,3,1,Gd,6,Typ,0,2005.0,2.0,502.0,Y,136,43,0,0,0,0,0,9,2006,New,Partial,198000,0,0,0,0,3,1,2,5,2,2,6,1,1,0,3,,2,3
2813,60,RL,68.0,8846,Pave,Reg,Lvl,AllPub,Inside,Gtl,CollgCr,Norm,Norm,1Fam,2Story,6,5,2005,2006,Gable,CompShg,VinylSd,VinylSd,None,0.0,TA,TA,PConc,0.0,0.0,750.0,GasA,Ex,Y,SBrkr,750,750,0,1500,0.0,0.0,2,1,3,1,Gd,6,Typ,0,2005.0,2.0,564.0,Y,0,35,0,0,0,0,0,8,2006,New,Partial,173900,0,0,0,0,3,1,2,5,3,6,6,1,1,0,3,,2,3
2814,60,RL,65.0,8461,Pave,Reg,Lvl,AllPub,Inside,Gtl,CollgCr,Norm,Norm,1Fam,2Story,6,5,2005,2006,Gable,CompShg,VinylSd,VinylSd,None,0.0,Gd,TA,PConc,0.0,0.0,728.0,GasA,Ex,Y,SBrkr,728,728,0,1456,0.0,0.0,2,1,3,1,Gd,8,Typ,1,2005.0,2.0,390.0,Y,0,24,0,0,0,0,0,7,2006,New,Partial,163990,0,0,0,0,3,1,2,5,3,6,6,1,1,1,2,,2,3
2815,20,RL,65.0,8767,Pave,IR1,Lvl,AllPub,Inside,Gtl,CollgCr,Norm,Norm,1Fam,1Story,7,5,2005,2005,Gable,CompShg,VinylSd,VinylSd,None,0.0,Gd,TA,PConc,24.0,0.0,1310.0,GasA,Ex,Y,SBrkr,1310,0,0,1310,0.0,0.0,2,0,3,1,Gd,6,Typ,1,2005.0,2.0,400.0,Y,0,0,0,0,0,0,0,7,2006,New,Partial,164990,0,0,0,0,3,1,2,5,0,2,6,1,1,1,2,,2,3
2816,70,RL,67.0,8777,Pave,Reg,Bnk,AllPub,Inside,Gtl,Edwards,Feedr,Norm,1Fam,2Story,4,6,1910,2000,Gable,CompShg,Plywood,Plywood,None,0.0,TA,Gd,CBlock,173.0,337.0,676.0,GasA,Gd,Y,SBrkr,760,676,0,1436,1.0,0.0,2,0,3,1,TA,6,Min1,0,1950.0,2.0,528.0,Y,147,0,0,0,0,0,420,10,2006,WD ,Normal,98000,0,0,0,1,3,1,2,5,3,5,1,1,1,0,3,,2,3
2817,20,RL,134.0,17755,Pave,Reg,Lvl,AllPub,Inside,Gtl,Edwards,Norm,Norm,1Fam,1Story,5,4,1959,1959,Gable,CompShg,HdBoard,Plywood,BrkFace,132.0,TA,TA,CBlock,176.0,0.0,1466.0,GasA,TA,Y,SBrkr,1466,0,0,1466,0.0,0.0,1,1,3,1,Fa,6,Typ,2,1959.0,2.0,528.0,Y,0,140,0,0,100,0,0,11,2006,WD ,Normal,149900,0,0,0,0,1,1,5,5,3,1,6,1,1,1,2,,5,1
2818,20,RL,67.0,8877,Pave,Reg,Lvl,AllPub,Inside,Gtl,Edwards,Norm,Norm,1Fam,1Story,4,5,1951,1951,Gable,CompShg,Wd Sdng,Wd Sdng,None,0.0,TA,TA,CBlock,836.0,0.0,836.0,GasA,TA,Y,FuseF,1220,0,0,1220,0.0,0.0,1,0,2,1,TA,6,Typ,0,1951.0,2.0,396.0,Y,0,0,0,0,0,0,0,4,2006,COD,Normal,102000,0,0,0,0,3,1,1,1,3,3,6,1,5,0,3,,1,3
2819,90,RL,38.0,7840,Pave,IR1,Lvl,AllPub,CulDSac,Gtl,Edwards,Norm,Norm,Duplex,SFoyer,6,5,1975,1975,Flat,Tar&Grv,Plywood,Wd Shng,BrkFace,355.0,TA,TA,CBlock,976.0,0.0,976.0,GasA,TA,Y,SBrkr,1012,0,0,1012,0.0,2.0,2,0,4,0,TA,4,Typ,0,0.0,0.0,0.0,Y,0,0,0,0,0,0,0,10,2006,WD ,AdjLand,127500,0,0,0,0,1,1,2,5,1,2,6,0,6,0,3,,2,1
2820,90,RL,35.0,9400,Pave,IR1,Lvl,AllPub,CulDSac,Gtl,Edwards,Norm,Norm,Duplex,SFoyer,6,5,1975,1975,Flat,Tar&Grv,WdShing,Plywood,BrkFace,250.0,TA,TA,CBlock,945.0,0.0,945.0,GasA,TA,Y,SBrkr,980,0,0,980,0.0,2.0,2,0,4,0,TA,4,Typ,0,0.0,0.0,0.0,Y,0,0,0,0,0,0,0,10,2006,WD ,AdjLand,127500,0,0,0,0,1,1,2,2,1,2,6,0,6,0,3,,2,1
2821,20,RL,73.0,16133,Pave,Reg,HLS,AllPub,Inside,Gtl,Edwards,Norm,Norm,1Fam,1Story,5,4,1969,1969,Gable,CompShg,HdBoard,Plywood,None,0.0,TA,TA,CBlock,847.0,0.0,1176.0,GasA,TA,Y,SBrkr,1176,0,0,1176,1.0,0.0,1,0,2,1,TA,5,Typ,0,1969.0,1.0,360.0,Y,0,92,0,0,112,0,0,12,2006,WD ,Abnorml,119900,0,0,0,0,3,1,2,5,2,0,6,1,1,0,3,,2,3
2822,60,RL,62.0,7162,Pave,Reg,Lvl,AllPub,Inside,Gtl,Edwards,Norm,Norm,1Fam,2Story,7,5,2003,2004,Hip,CompShg,HdBoard,Stucco,BrkFace,190.0,Gd,TA,PConc,0.0,0.0,796.0,GasA,Ex,Y,SBrkr,806,918,0,1724,0.0,0.0,2,1,3,1,Gd,8,Typ,1,2003.0,2.0,616.0,Y,168,57,0,0,0,0,0,5,2006,WD ,Normal,196500,0,0,0,0,1,1,2,5,3,6,6,1,3,1,2,,2,1
2824,60,RL,90.0,11060,Pave,IR1,Lvl,AllPub,Corner,Gtl,Edwards,Norm,Norm,1Fam,2Story,7,5,2003,2005,Gable,CompShg,VinylSd,VinylSd,None,0.0,Gd,TA,PConc,0.0,0.0,1150.0,GasA,Ex,Y,SBrkr,1164,1150,0,2314,0.0,0.0,2,1,3,1,Gd,9,Typ,1,2003.0,2.0,502.0,Y,0,274,0,0,0,0,0,2,2006,ConLD,Normal,229000,0,0,0,0,3,1,0,5,3,6,6,1,3,1,0,,0,3
2825,180,RM,35.0,3675,Pave,Reg,Lvl,AllPub,Inside,Gtl,Edwards,Norm,Norm,TwnhsE,SLvl,5,5,2005,2005,Gable,CompShg,VinylSd,VinylSd,BrkFace,80.0,TA,TA,PConc,547.0,0.0,547.0,GasA,Gd,Y,SBrkr,1072,0,0,1072,1.0,0.0,1,0,2,1,TA,5,Typ,0,2005.0,2.0,525.0,Y,0,28,0,0,0,0,0,5,2006,WD ,Normal,145000,0,0,0,0,1,1,2,5,1,2,6,1,2,0,3,,2,1
2826,180,RM,35.0,3675,Pave,Reg,Lvl,AllPub,Inside,Gtl,Edwards,Norm,Norm,TwnhsE,SFoyer,6,5,2005,2006,Gable,CompShg,VinylSd,VinylSd,BrkFace,82.0,TA,TA,PConc,547.0,0.0,547.0,GasA,Gd,Y,SBrkr,1072,0,0,1072,1.0,0.0,2,0,2,1,TA,5,Typ,0,2005.0,2.0,525.0,Y,0,44,0,0,0,0,0,6,2006,New,Partial,140000,0,0,0,0,1,1,2,5,1,2,6,1,2,0,3,,2,1
2827,180,RM,35.0,3675,Pave,Reg,Lvl,AllPub,Inside,Gtl,Edwards,Norm,Norm,TwnhsE,SFoyer,6,5,2005,2006,Gable,CompShg,VinylSd,VinylSd,BrkFace,82.0,TA,TA,PConc,547.0,0.0,547.0,GasA,Gd,Y,SBrkr,1072,0,0,1072,1.0,0.0,1,0,2,1,TA,5,Typ,0,2005.0,2.0,525.0,Y,0,44,0,0,0,0,0,10,2006,New,Partial,142500,0,0,0,0,1,1,2,5,1,2,6,1,2,0,3,,2,1
2828,160,RM,24.0,2522,Pave,Reg,Lvl,AllPub,Inside,Gtl,Edwards,Norm,Norm,Twnhs,2Story,7,5,2004,2004,Gable,CompShg,VinylSd,VinylSd,Stone,50.0,Gd,TA,PConc,0.0,0.0,970.0,GasA,Ex,Y,SBrkr,970,739,0,1709,0.0,0.0,2,0,3,1,Gd,7,Maj1,0,2004.0,2.0,380.0,Y,0,40,0,0,0,0,0,5,2006,WD ,Normal,134000,0,0,0,0,4,1,2,5,3,6,6,1,5,0,3,,2,4
2829,160,RM,24.0,2522,Pave,Reg,Lvl,AllPub,Inside,Gtl,Edwards,Norm,Norm,Twnhs,2Story,7,5,2004,2004,Gable,CompShg,VinylSd,VinylSd,Stone,50.0,Gd,TA,PConc,0.0,0.0,970.0,GasA,Ex,Y,SBrkr,970,739,0,1709,0.0,0.0,2,0,3,1,Gd,7,Maj1,0,2004.0,2.0,380.0,Y,0,40,0,0,0,0,0,5,2006,WD ,Normal,130000,0,0,0,0,4,1,2,5,3,6,6,1,5,0,3,,2,4
2830,160,RM,24.0,2522,Pave,Reg,Lvl,AllPub,Inside,Gtl,Edwards,Norm,Norm,Twnhs,2Story,6,5,2004,2006,Gable,CompShg,VinylSd,VinylSd,Stone,50.0,Gd,TA,PConc,0.0,0.0,970.0,GasA,Ex,Y,SBrkr,970,739,0,1709,0.0,0.0,2,0,3,1,Gd,7,Maj1,0,2004.0,2.0,380.0,Y,0,40,0,0,0,0,0,4,2006,WD ,Normal,130000,0,0,0,0,4,1,2,5,3,6,6,1,5,0,3,,2,4
2831,160,RM,24.0,2522,Pave,Reg,Lvl,AllPub,Inside,Gtl,Edwards,Norm,Norm,Twnhs,2Story,7,5,2004,2004,Gable,CompShg,VinylSd,VinylSd,Stone,50.0,Gd,TA,PConc,0.0,0.0,970.0,GasA,Ex,Y,SBrkr,970,739,0,1709,0.0,0.0,2,0,3,1,Gd,7,Maj1,0,2004.0,2.0,380.0,Y,0,40,0,0,0,0,0,4,2006,WD ,Normal,137500,0,0,0,0,4,1,2,5,3,6,6,1,5,0,3,,2,4
2832,160,RM,32.0,3363,Pave,Reg,Lvl,AllPub,Inside,Gtl,Edwards,Norm,Norm,TwnhsE,2Story,7,5,2004,2004,Gable,CompShg,VinylSd,VinylSd,Stone,117.0,Gd,TA,PConc,0.0,0.0,976.0,GasA,Ex,Y,SBrkr,976,732,0,1708,0.0,0.0,2,0,3,1,Gd,7,Maj1,0,2004.0,2.0,380.0,Y,0,40,0,0,0,0,0,4,2006,WD ,Normal,130000,0,0,0,0,4,1,2,5,3,6,6,1,5,0,3,,2,4
2833,50,RL,56.0,6956,Pave,Reg,Lvl,AllPub,Inside,Gtl,Edwards,Norm,Norm,1Fam,1.5Fin,4,7,1948,1950,Gable,CompShg,VinylSd,VinylSd,None,0.0,TA,Gd,CBlock,0.0,0.0,624.0,GasA,Ex,Y,SBrkr,624,312,0,936,0.0,0.0,1,0,3,1,TA,5,Typ,0,1948.0,1.0,265.0,Y,0,0,0,0,0,0,0,4,2006,WD ,Normal,97900,0,0,0,0,3,1,1,5,2,6,6,1,1,0,3,,1,3
2834,50,RL,72.0,7822,Pave,Reg,Bnk,AllPub,Corner,Gtl,Edwards,Artery,Norm,1Fam,1.5Fin,6,3,1915,1950,Gable,CompShg,AsbShng,AsbShng,None,0.0,TA,Fa,BrkTil,0.0,0.0,832.0,GasA,TA,Y,FuseF,846,492,0,1338,0.0,0.0,2,0,3,1,TA,7,Typ,0,1974.0,2.0,528.0,N,0,0,208,0,0,0,0,5,2006,WD ,AdjLand,92000,0,0,1,0,3,1,1,1,3,6,6,1,5,0,3,,1,3
2835,50,RL,62.0,8707,Pave,Reg,Lvl,AllPub,FR2,Gtl,Edwards,Feedr,Norm,1Fam,1.5Fin,4,5,1924,1950,Gable,CompShg,Wd Sdng,Wd Sdng,None,0.0,TA,TA,BrkTil,0.0,0.0,1093.0,GasA,TA,N,FuseF,1093,576,0,1669,0.0,0.0,1,1,4,1,TA,9,Min2,0,1924.0,1.0,288.0,Y,0,0,56,0,0,0,0,5,2006,WD ,AdjLand,107000,0,0,0,0,3,1,5,5,3,6,6,1,1,0,3,,5,3
2836,50,RL,58.0,8410,Pave,Reg,Lvl,AllPub,FR2,Gtl,Edwards,Feedr,Norm,1Fam,1.5Fin,5,3,1910,1996,Gambrel,CompShg,Wd Sdng,VinylSd,None,0.0,TA,Fa,PConc,0.0,0.0,658.0,GasA,TA,Y,SBrkr,658,526,0,1184,0.0,0.0,1,0,5,1,TA,8,Typ,0,0.0,0.0,0.0,N,0,151,0,0,0,0,0,5,2006,WD ,AdjLand,81000,0,0,0,0,3,1,5,5,3,6,6,0,6,0,3,,5,3
2837,50,RL,60.0,9738,Pave,Reg,Lvl,AllPub,Inside,Gtl,Edwards,Norm,Norm,1Fam,1.5Fin,5,7,1924,1950,Gable,CompShg,AsbShng,AsbShng,None,0.0,TA,Gd,BrkTil,392.0,0.0,784.0,GasA,Gd,Y,SBrkr,949,272,0,1221,1.0,0.0,1,0,4,1,TA,7,Typ,0,1965.0,1.0,392.0,Y,0,0,236,0,0,0,0,3,2006,WD ,Normal,104900,0,0,0,0,3,1,5,5,3,1,6,1,1,0,3,,5,3
2838,20,RL,60.0,8172,Pave,Reg,Lvl,AllPub,Inside,Gtl,Edwards,Norm,Norm,1Fam,1Story,5,7,1955,1990,Hip,CompShg,WdShing,Plywood,None,0.0,TA,TA,CBlock,167.0,0.0,864.0,GasA,TA,Y,SBrkr,864,0,0,864,1.0,0.0,1,0,2,1,TA,5,Typ,0,1957.0,2.0,572.0,N,0,0,0,0,0,0,0,4,2006,WD ,Normal,115000,0,0,0,0,3,1,5,5,3,5,6,1,5,0,3,,5,3
2839,20,RL,60.0,16012,Pave,IR1,Lvl,AllPub,Inside,Gtl,Edwards,Norm,Norm,1Fam,1Story,4,4,1954,1968,Hip,CompShg,Wd Sdng,Wd Sdng,BrkFace,60.0,TA,TA,CBlock,691.0,0.0,954.0,GasA,Ex,Y,SBrkr,1482,0,0,1482,0.0,1.0,2,0,3,1,TA,6,Min1,1,1956.0,2.0,609.0,Y,0,30,0,0,0,0,0,10,2006,WD ,Abnorml,125000,0,0,1,0,1,1,5,5,3,5,6,1,0,1,2,,5,1
2840,50,RL,45.0,8248,Pave,Reg,Lvl,AllPub,Inside,Gtl,Edwards,Norm,Norm,1Fam,1.5Fin,5,7,1918,1950,Gable,CompShg,Stucco,Stucco,None,0.0,TA,TA,BrkTil,0.0,0.0,686.0,GasW,Gd,Y,SBrkr,686,564,0,1250,0.0,1.0,1,1,3,1,Fa,7,Typ,0,1955.0,1.0,280.0,P,207,0,96,0,0,0,0,7,2006,WD ,Normal,116000,1,0,0,0,3,1,5,5,3,6,6,1,5,0,3,,5,3
2841,50,RL,45.0,8248,Pave,Reg,Lvl,AllPub,Inside,Gtl,Edwards,Norm,Norm,1Fam,1.5Fin,4,4,1922,1950,Gable,CompShg,Wd Sdng,Wd Sdng,None,0.0,TA,TA,BrkTil,0.0,0.0,864.0,GasA,TA,N,SBrkr,964,0,450,1414,0.0,0.0,1,0,3,1,TA,8,Typ,1,0.0,0.0,0.0,N,0,0,112,0,0,0,0,9,2006,COD,Abnorml,83000,1,0,0,0,3,1,5,5,3,6,6,0,6,1,2,,5,3
2842,75,RL,60.0,6204,Pave,Reg,Bnk,AllPub,Inside,Gtl,SWISU,Norm,Norm,1Fam,2.5Fin,4,5,1912,1950,Gable,CompShg,Wd Sdng,Wd Sdng,None,0.0,Gd,TA,PConc,0.0,0.0,795.0,GasA,TA,N,SBrkr,954,795,481,2230,1.0,0.0,1,0,5,1,TA,10,Typ,0,1997.0,1.0,440.0,Y,0,188,0,0,0,0,0,3,2006,WD ,Normal,118500,0,0,0,0,3,1,5,1,3,6,6,1,5,0,3,,5,3
2843,30,RL,60.0,8088,Pave,Reg,Lvl,AllPub,Inside,Gtl,Edwards,Feedr,Norm,1Fam,1Story,2,3,1922,1955,Gable,CompShg,MetalSd,MetalSd,None,0.0,TA,TA,BrkTil,0.0,0.0,498.0,GasA,TA,N,FuseF,498,0,0,498,0.0,0.0,1,0,1,1,TA,3,Typ,0,1922.0,1.0,216.0,N,0,0,100,0,0,0,0,2,2006,ConLD,Normal,35000,1,0,0,0,3,1,5,5,3,6,6,1,5,0,3,,5,3
2844,50,RL,76.0,11388,Pave,Reg,Low,AllPub,Inside,Mod,Edwards,Norm,Norm,1Fam,1.5Fin,4,7,1910,1993,Gable,CompShg,VinylSd,Wd Sdng,None,0.0,TA,TA,BrkTil,0.0,0.0,616.0,GasA,TA,N,SBrkr,1055,218,0,1273,0.0,0.0,1,0,3,1,Gd,5,Min2,0,1910.0,1.0,275.0,N,212,0,0,0,0,0,0,9,2006,WD ,Normal,121000,0,0,0,0,3,1,5,5,3,6,6,1,5,0,3,,5,3
2845,190,RH,68.0,7082,Pave,Reg,Lvl,AllPub,Inside,Gtl,SWISU,Norm,Norm,2fmCon,2Story,5,8,1916,1995,Gable,CompShg,VinylSd,VinylSd,None,0.0,TA,TA,PConc,0.0,0.0,686.0,GasA,Gd,Y,SBrkr,948,980,0,1928,0.0,0.0,2,0,5,2,TA,10,Typ,0,0.0,0.0,0.0,N,0,0,228,0,0,0,0,7,2006,WD ,Normal,160000,0,0,0,0,3,1,5,5,2,6,6,0,6,0,3,,5,3
2846,50,RL,60.0,8400,Pave,Reg,Bnk,AllPub,Inside,Gtl,SWISU,Norm,Norm,1Fam,1.5Fin,6,5,1940,2000,Gable,CompShg,Wd Sdng,MetalSd,None,0.0,TA,TA,CBlock,388.0,0.0,940.0,GasA,Ex,Y,SBrkr,1192,403,0,1595,0.0,0.0,1,0,2,1,TA,6,Typ,2,1940.0,1.0,240.0,Y,0,0,108,0,0,0,0,6,2006,WD ,Normal,140000,0,0,0,0,3,1,5,5,3,3,6,1,1,1,2,,5,3
2847,50,RL,60.0,10890,Pave,Reg,Lvl,AllPub,Inside,Gtl,SWISU,Norm,Norm,1Fam,1.5Fin,5,5,1938,1950,Gable,CompShg,MetalSd,MetalSd,None,0.0,TA,TA,BrkTil,930.0,0.0,1058.0,GasA,TA,Y,SBrkr,1058,493,0,1551,1.0,0.0,2,0,3,1,Fa,6,Typ,0,1938.0,1.0,240.0,Y,0,0,0,0,0,0,0,7,2006,WD ,Normal,137000,0,0,1,0,3,1,1,5,3,3,6,1,5,0,3,,1,3
2848,190,RH,58.0,6430,Pave,Reg,Bnk,AllPub,Corner,Gtl,SWISU,Feedr,Norm,2fmCon,1.5Fin,6,6,1945,1950,Gable,CompShg,Wd Sdng,Wd Sdng,None,0.0,TA,TA,CBlock,780.0,0.0,780.0,GasA,TA,N,FuseF,816,524,0,1340,1.0,0.0,1,0,3,1,TA,6,Typ,0,1945.0,1.0,440.0,Y,0,0,0,0,0,0,0,7,2006,WD ,Abnorml,128000,0,0,0,0,3,1,5,5,0,1,6,1,1,0,3,,5,3
2849,70,RL,43.0,7000,Pave,Reg,Lvl,AllPub,Inside,Gtl,SWISU,Feedr,Norm,1Fam,2Story,7,8,1926,1997,Gable,CompShg,Wd Sdng,Stucco,None,0.0,TA,TA,BrkTil,424.0,0.0,624.0,GasA,Ex,Y,SBrkr,743,736,0,1479,1.0,0.0,1,0,3,1,Gd,6,Typ,2,1926.0,1.0,312.0,Y,530,0,56,0,0,0,0,5,2006,WD ,Normal,160000,0,0,1,0,3,1,5,5,3,0,6,1,5,1,2,,5,3
2850,70,RL,96.0,13132,Pave,Reg,Lvl,AllPub,Inside,Gtl,Crawfor,Norm,Norm,1Fam,2Story,5,5,1914,1950,Gable,CompShg,Wd Sdng,Wd Sdng,None,0.0,TA,TA,BrkTil,0.0,0.0,747.0,GasA,Gd,Y,FuseF,892,892,0,1784,0.0,0.0,1,1,4,1,TA,9,Typ,0,1914.0,1.0,180.0,N,203,40,0,0,0,0,0,7,2006,WD ,Normal,138887,0,0,0,0,3,1,2,5,2,6,6,1,5,0,3,,2,3
2851,70,RL,69.0,4899,Pave,Reg,HLS,AllPub,Corner,Gtl,SWISU,Norm,Norm,1Fam,2Story,6,8,1920,1950,Gable,CompShg,MetalSd,MetalSd,None,0.0,TA,TA,PConc,305.0,0.0,755.0,GasA,Ex,Y,SBrkr,755,755,0,1510,0.0,0.0,1,0,3,1,TA,6,Typ,0,1920.0,1.0,216.0,Y,0,0,164,0,0,0,0,6,2006,WD ,Normal,149000,0,0,0,0,3,1,5,5,3,1,6,1,5,0,3,,5,3
2852,50,RL,60.0,6000,Pave,Reg,Lvl,AllPub,Inside,Gtl,SWISU,Norm,Norm,1Fam,1.5Fin,5,5,1926,1950,Gable,CompShg,Wd Sdng,Wd Sdng,None,0.0,TA,Fa,BrkTil,0.0,0.0,1008.0,GasA,Ex,Y,SBrkr,1008,0,514,1522,0.0,0.0,2,0,4,1,TA,7,Typ,0,0.0,0.0,0.0,P,0,0,138,0,0,0,0,6,2006,WD ,Normal,102000,0,0,0,0,3,1,5,5,3,6,6,0,6,0,3,,5,3
2853,70,RL,54.0,9399,Pave,Reg,Bnk,AllPub,Inside,Gtl,Crawfor,Norm,Norm,1Fam,2.5Unf,7,8,1919,1950,Gable,CompShg,MetalSd,Stucco,None,0.0,TA,TA,BrkTil,0.0,0.0,818.0,GasA,TA,Y,SBrkr,818,818,0,1636,0.0,0.0,1,1,4,1,Gd,7,Typ,1,1919.0,1.0,288.0,N,0,0,212,0,0,0,0,9,2006,WD ,Abnorml,167000,0,0,0,0,3,1,5,5,2,6,6,1,5,1,2,,5,3
2854,70,RL,54.0,7588,Pave,Reg,Lvl,AllPub,Inside,Gtl,Crawfor,Norm,Norm,1Fam,2Story,7,6,1920,1950,Gable,CompShg,Stucco,Stucco,None,0.0,TA,TA,BrkTil,352.0,0.0,793.0,GasA,Gd,Y,SBrkr,901,901,0,1802,0.0,0.0,1,1,4,1,TA,9,Typ,1,1920.0,1.0,216.0,Y,0,0,40,0,0,0,0,7,2006,WD ,Normal,200100,0,0,0,0,3,1,1,5,3,3,6,1,5,1,2,,1,3
2855,50,RL,84.0,10164,Pave,Reg,Bnk,AllPub,Inside,Gtl,SWISU,Norm,Norm,1Fam,1.5Fin,5,5,1939,1950,Gable,CompShg,VinylSd,VinylSd,None,0.0,TA,TA,CBlock,646.0,0.0,992.0,GasA,Fa,Y,SBrkr,992,473,0,1465,0.0,0.0,2,0,3,1,TA,6,Typ,2,1939.0,1.0,240.0,Y,0,126,0,0,0,0,0,7,2006,WD ,Normal,131000,0,0,0,0,3,1,5,1,0,3,6,1,5,1,5,,5,3
2856,50,RL,51.0,6191,Pave,Reg,Lvl,AllPub,Corner,Gtl,SWISU,Norm,Norm,1Fam,1.5Fin,5,4,1941,1950,Gable,CompShg,Wd Sdng,Wd Sdng,None,0.0,TA,TA,CBlock,384.0,0.0,824.0,GasA,TA,N,SBrkr,824,464,0,1288,0.0,0.0,1,0,4,1,TA,6,Typ,0,1941.0,1.0,240.0,Y,0,0,0,0,0,0,0,11,2006,WD ,Normal,112000,0,0,0,0,3,1,1,1,3,3,6,1,5,0,3,,1,3
2857,70,RL,60.0,9550,Pave,IR1,Lvl,AllPub,Corner,Gtl,Crawfor,Norm,Norm,1Fam,2Story,7,5,1915,1970,Gable,CompShg,Wd Sdng,Wd Shng,None,0.0,TA,TA,BrkTil,216.0,0.0,756.0,GasA,Gd,Y,SBrkr,961,756,0,1717,1.0,0.0,1,0,3,1,Gd,7,Typ,1,1998.0,3.0,642.0,Y,0,35,272,0,0,0,0,2,2006,WD ,Abnorml,140000,0,0,0,0,3,1,5,2,3,0,6,1,5,1,2,,5,3
2858,50,RL,66.0,21780,Pave,Reg,Lvl,AllPub,Inside,Gtl,Crawfor,Norm,Norm,1Fam,2Story,6,5,1920,1950,Gable,CompShg,Wd Sdng,Wd Shng,None,0.0,TA,TA,PConc,0.0,0.0,817.0,GasA,Gd,Y,FuseF,940,610,0,1550,0.0,0.0,1,1,3,1,TA,7,Min2,1,1937.0,1.0,318.0,P,0,0,429,0,0,0,0,9,2006,WD ,Normal,195000,0,0,1,0,3,1,5,1,3,6,6,1,5,1,5,,5,3
2859,70,RL,68.0,11435,Pave,IR1,HLS,AllPub,Corner,Mod,Crawfor,Norm,Norm,1Fam,2Story,8,7,1929,1950,Gable,CompShg,BrkFace,Stucco,None,0.0,TA,TA,PConc,0.0,0.0,792.0,GasA,Fa,Y,SBrkr,792,725,0,1517,0.0,0.0,1,0,3,1,Gd,7,Typ,2,1931.0,2.0,400.0,Y,0,0,0,0,0,0,0,6,2006,WD ,Normal,230000,0,0,0,0,3,1,2,5,3,6,6,1,5,1,2,,2,3
2860,50,RL,80.0,12400,Pave,Reg,HLS,AllPub,Inside,Mod,Crawfor,Norm,Norm,1Fam,1.5Fin,5,6,1940,1950,Gable,CompShg,Wd Sdng,Wd Sdng,None,0.0,TA,TA,CBlock,602.0,0.0,901.0,GasA,TA,Y,SBrkr,1125,592,0,1717,0.0,0.0,1,1,2,1,TA,7,Typ,1,1940.0,1.0,410.0,Y,0,0,0,0,113,0,0,2,2006,WD ,Normal,194000,0,0,0,0,3,1,2,5,2,1,6,1,1,1,2,,2,3
2861,30,RL,80.0,11600,Pave,Reg,Lvl,AllPub,Inside,Gtl,Crawfor,Norm,Norm,1Fam,1Story,4,5,1922,1950,Gable,CompShg,MetalSd,MetalSd,None,0.0,TA,TA,BrkTil,0.0,0.0,700.0,GasA,Ex,Y,SBrkr,1180,0,0,1180,0.0,0.0,1,0,2,1,Fa,5,Typ,1,1922.0,1.0,252.0,Y,0,0,67,0,0,0,0,7,2006,WD ,Normal,137500,0,0,0,0,3,1,1,5,3,6,6,1,5,1,2,,1,3
2862,50,RL,86.0,11500,Pave,IR1,Lvl,AllPub,Inside,Gtl,Crawfor,Norm,Norm,1Fam,1.5Fin,7,7,1936,1987,Gable,CompShg,BrkFace,BrkFace,None,0.0,Gd,TA,CBlock,223.0,0.0,1017.0,GasA,Gd,Y,SBrkr,1020,1037,0,2057,0.0,0.0,1,1,3,1,Gd,6,Typ,1,1936.0,1.0,180.0,Y,0,0,0,0,322,0,0,6,2006,WD ,Normal,250000,0,0,0,0,3,1,2,5,3,5,6,1,1,1,2,,2,3
2863,50,RL,81.0,8170,Pave,IR1,Lvl,AllPub,Inside,Gtl,Crawfor,Norm,Norm,1Fam,1.5Fin,7,7,1929,1950,Gable,CompShg,Stucco,Wd Sdng,BrkFace,270.0,Gd,Gd,BrkTil,526.0,0.0,1022.0,GasA,Ex,Y,FuseA,1122,549,0,1671,0.0,0.0,2,0,4,1,TA,7,Typ,1,1963.0,2.0,451.0,Y,0,0,0,0,0,0,0,2,2006,WD ,Normal,218000,0,0,0,0,1,1,5,5,3,0,6,1,5,1,2,,5,1
2864,70,RL,80.0,16560,Pave,IR1,Lvl,AllPub,Inside,Gtl,Crawfor,Norm,Norm,1Fam,2Story,6,8,1932,1950,Gable,CompShg,Wd Sdng,Wd Sdng,None,0.0,TA,TA,BrkTil,503.0,0.0,952.0,GasA,TA,Y,SBrkr,1170,1175,0,2345,0.0,0.0,2,1,4,1,TA,9,Typ,1,1932.0,2.0,360.0,Y,0,0,0,0,0,0,0,7,2006,WD ,Normal,239000,0,0,0,0,3,1,2,5,3,5,6,1,5,1,2,,2,3
2865,70,RL,70.0,12320,Pave,IR1,HLS,AllPub,Inside,Gtl,Crawfor,Norm,Norm,1Fam,2Story,7,7,1932,1990,Gable,CompShg,Wd Sdng,Wd Sdng,None,0.0,TA,TA,BrkTil,0.0,0.0,637.0,GasA,Ex,Y,SBrkr,959,650,0,1609,0.0,0.0,1,1,3,1,Gd,8,Typ,2,1963.0,3.0,579.0,Y,0,0,0,0,104,0,0,5,2006,WD ,Normal,199500,0,0,1,0,3,1,5,5,3,6,6,1,0,1,2,,5,3
2866,70,RL,70.0,14210,Pave,IR1,Lvl,AllPub,Inside,Gtl,Crawfor,Norm,Norm,1Fam,2Story,6,7,1930,1959,Gable,CompShg,Wd Sdng,Wd Sdng,None,0.0,TA,TA,PConc,0.0,0.0,697.0,GasA,Ex,Y,SBrkr,1104,697,0,1801,0.0,0.0,1,1,3,1,TA,8,Typ,1,1930.0,2.0,365.0,Y,0,90,0,0,0,0,0,11,2006,WD ,Normal,210000,0,0,1,0,3,1,5,5,3,6,6,1,1,1,2,,5,3
2867,20,RL,90.0,14115,Pave,IR1,Lvl,AllPub,Inside,Gtl,Crawfor,Norm,Norm,1Fam,1Story,6,7,1956,2004,Gable,CompShg,Stone,Stone,None,0.0,TA,TA,PConc,296.0,547.0,1073.0,GasA,Ex,Y,SBrkr,1811,0,0,1811,0.0,0.0,1,0,2,1,Ex,6,Typ,1,1956.0,2.0,470.0,Y,0,0,280,0,0,0,0,7,2006,WD ,Abnorml,230000,0,0,0,0,3,1,5,5,3,0,2,1,1,1,2,,5,3
2868,20,RL,80.0,12984,Pave,Reg,Bnk,AllPub,Inside,Gtl,Crawfor,Norm,Norm,1Fam,1Story,5,6,1977,1977,Gable,CompShg,Plywood,Plywood,BrkFace,459.0,TA,TA,CBlock,1283.0,147.0,1430.0,GasA,Ex,Y,SBrkr,1647,0,0,1647,1.0,0.0,2,0,3,1,Gd,7,Typ,1,1977.0,2.0,621.0,Y,0,0,0,0,0,0,0,3,2006,WD ,Normal,217500,0,0,0,0,1,1,2,5,2,0,3,1,1,1,5,,2,1
2869,60,RL,78.0,15600,Pave,Reg,Lvl,AllPub,Inside,Gtl,Crawfor,Norm,Norm,1Fam,2Story,5,7,1950,1963,Gable,CompShg,Wd Sdng,Wd Sdng,BrkFace,405.0,TA,Gd,CBlock,760.0,0.0,1168.0,GasA,Gd,Y,SBrkr,1278,1037,0,2315,1.0,0.0,2,0,4,1,TA,9,Typ,3,1950.0,1.0,342.0,Y,0,0,0,0,192,0,0,7,2006,WD ,Normal,257000,0,0,0,0,1,1,2,5,3,2,6,1,1,1,2,,2,1
2870,190,RL,90.0,15750,Pave,Reg,Lvl,AllPub,Corner,Gtl,Crawfor,Norm,Norm,2fmCon,1Story,5,5,1953,1953,Hip,CompShg,MetalSd,MetalSd,BrkFace,56.0,TA,TA,CBlock,841.0,0.0,1165.0,GasA,TA,Y,SBrkr,1336,0,0,1336,1.0,0.0,1,0,2,1,TA,5,Typ,2,1953.0,1.0,375.0,Y,0,0,0,0,0,0,0,6,2006,WD ,Normal,157000,0,0,0,0,1,1,5,5,2,1,6,1,1,1,2,,5,1
2871,20,RL,68.0,16381,Pave,IR1,Lvl,AllPub,Inside,Gtl,Crawfor,Norm,Norm,1Fam,1Story,6,5,1969,1969,Gable,CompShg,Plywood,Plywood,BrkFace,312.0,Gd,Gd,CBlock,1110.0,0.0,1844.0,GasA,Gd,Y,SBrkr,1844,0,0,1844,1.0,0.0,2,0,3,1,Gd,7,Typ,1,1969.0,2.0,540.0,Y,0,73,216,0,0,0,0,12,2006,WD ,Normal,223000,0,0,0,0,1,1,5,5,0,5,6,1,1,1,5,,5,1
2872,30,RM,50.0,7288,Pave,Reg,Lvl,AllPub,Inside,Gtl,IDOTRR,Artery,Norm,1Fam,1Story,5,6,1942,1950,Gable,CompShg,MetalSd,MetalSd,None,0.0,TA,TA,CBlock,305.0,0.0,976.0,GasA,TA,N,SBrkr,976,0,0,976,1.0,0.0,1,0,2,1,TA,5,Typ,0,1942.0,1.0,215.0,N,160,0,0,0,0,0,0,8,2006,WD ,AdjLand,102000,0,0,0,0,3,1,5,5,2,5,6,1,5,0,3,,5,3
2873,50,RM,50.0,7000,Pave,Reg,Lvl,AllPub,Inside,Gtl,IDOTRR,Norm,Norm,1Fam,1.5Fin,6,7,1926,1950,Hip,CompShg,MetalSd,MetalSd,None,0.0,TA,TA,PConc,374.0,0.0,861.0,GasA,Ex,Y,SBrkr,861,424,0,1285,0.0,1.0,1,0,3,1,TA,6,Typ,0,1950.0,2.0,506.0,Y,96,0,132,0,0,0,0,5,2006,WD ,Normal,145400,0,0,1,0,3,1,5,5,3,0,6,1,5,0,3,,5,3
2874,30,RM,61.0,8534,Pave,Reg,Low,AllPub,Inside,Gtl,IDOTRR,Norm,Norm,1Fam,1Story,4,4,1925,1950,Gable,CompShg,Wd Sdng,Wd Sdng,None,0.0,TA,TA,BrkTil,0.0,0.0,432.0,GasA,TA,N,FuseA,672,0,0,672,0.0,0.0,1,0,2,1,TA,4,Min1,0,0.0,0.0,0.0,N,0,0,112,0,0,0,0,6,2006,WD ,Normal,72000,0,0,1,0,3,1,1,5,3,6,6,0,6,0,3,,1,3
2875,30,RM,50.0,7030,Pave,Reg,Lvl,AllPub,Inside,Gtl,IDOTRR,Norm,Norm,1Fam,1Story,4,6,1925,1950,Gable,CompShg,MetalSd,MetalSd,None,0.0,TA,TA,BrkTil,0.0,0.0,641.0,GasA,Gd,Y,SBrkr,641,0,0,641,0.0,0.0,1,0,2,1,Fa,4,Typ,0,1925.0,1.0,272.0,N,184,0,70,0,0,0,0,3,2006,WD ,Normal,85000,0,0,1,0,3,1,5,5,3,6,6,1,5,0,3,,5,3
2876,30,RM,50.0,8765,Pave,Reg,Lvl,AllPub,Inside,Gtl,IDOTRR,Norm,Norm,1Fam,1Story,4,6,1936,1950,Gable,CompShg,Wd Sdng,Wd Sdng,None,0.0,TA,TA,BrkTil,285.0,0.0,951.0,GasA,Ex,N,SBrkr,951,0,0,951,0.0,0.0,1,0,2,1,TA,6,Typ,0,1936.0,1.0,327.0,Y,0,28,0,0,0,0,0,4,2006,WD ,Abnorml,106500,1,0,0,0,3,1,5,5,3,0,6,1,5,0,3,,5,3
2877,50,RM,75.0,9060,Pave,Reg,Lvl,AllPub,Inside,Gtl,IDOTRR,Norm,Norm,1Fam,1.5Fin,6,5,1957,1957,Gable,CompShg,MetalSd,MetalSd,BrkFace,327.0,TA,TA,CBlock,0.0,0.0,967.0,GasA,Gd,Y,SBrkr,967,671,0,1638,0.0,0.0,2,0,4,1,Gd,6,Typ,0,1957.0,1.0,384.0,Y,0,21,0,0,0,0,0,4,2006,WD ,Normal,139000,0,0,0,0,1,1,5,5,3,6,6,1,5,0,3,,5,1
2878,50,C (all),60.0,11040,Pave,Reg,Low,AllPub,Inside,Mod,IDOTRR,Norm,Norm,1Fam,1.5Fin,4,6,1920,1950,Gable,CompShg,MetalSd,MetalSd,None,0.0,TA,TA,CBlock,637.0,0.0,637.0,GasA,Gd,Y,SBrkr,897,439,0,1336,0.0,0.0,1,1,3,1,TA,7,Typ,0,1994.0,1.0,570.0,Y,0,47,120,0,0,0,0,9,2006,COD,Normal,108000,0,0,0,0,3,1,5,5,3,5,6,1,4,0,3,,5,3
2879,30,C (all),69.0,12366,Pave,Reg,Lvl,AllPub,Inside,Gtl,IDOTRR,Feedr,Norm,1Fam,1Story,3,5,1945,1950,Gable,CompShg,Wd Sdng,Wd Sdng,None,0.0,TA,TA,Slab,0.0,0.0,0.0,GasA,TA,N,SBrkr,729,0,0,729,0.0,0.0,1,0,2,1,TA,5,Mod,0,0.0,0.0,0.0,N,0,0,23,0,0,0,0,10,2006,WD ,Abnorml,51689,0,0,0,0,3,0,3,3,4,4,4,0,6,0,3,,3,3
2880,20,C (all),50.0,9000,Pave,Reg,Lvl,AllPub,Inside,Gtl,IDOTRR,Norm,Norm,1Fam,1Story,2,3,1949,1950,Gable,CompShg,AsbShng,AsbShng,None,0.0,TA,TA,CBlock,50.0,0.0,480.0,GasA,TA,N,FuseA,480,0,0,480,1.0,0.0,0,0,1,1,TA,4,Typ,0,1958.0,1.0,308.0,Y,0,0,0,0,0,0,0,10,2006,WD ,Abnorml,35311,0,0,0,0,3,1,5,5,0,1,6,1,5,0,3,,5,3
2881,190,C (all),50.0,9000,Pave,Reg,Lvl,AllPub,Inside,Gtl,IDOTRR,Norm,Norm,2fmCon,1.5Fin,5,6,1951,1951,Gable,CompShg,WdShing,Wd Shng,None,0.0,Fa,Fa,CBlock,0.0,0.0,660.0,GasA,TA,N,SBrkr,1060,336,0,1396,0.0,0.0,2,0,4,2,TA,8,Min2,0,0.0,0.0,0.0,Y,0,0,0,0,0,0,0,10,2006,WD ,Abnorml,115000,0,0,0,0,3,1,5,5,2,6,6,0,6,0,3,,5,3
2882,50,C (all),60.0,8520,Grvl,Reg,Bnk,AllPub,Inside,Gtl,IDOTRR,Norm,Norm,1Fam,1.5Fin,3,5,1916,1950,Gable,CompShg,MetalSd,MetalSd,None,0.0,TA,TA,PConc,0.0,0.0,216.0,GasA,Fa,N,SBrkr,576,360,0,936,0.0,0.0,1,0,2,1,TA,6,Typ,0,0.0,0.0,0.0,N,0,0,0,0,0,0,0,4,2006,WD ,Normal,78000,0,0,0,0,3,1,1,1,3,6,6,0,6,0,3,,1,3
2883,120,RM,41.0,5748,Pave,IR1,HLS,AllPub,Inside,Mod,Crawfor,Norm,Norm,TwnhsE,1Story,8,5,2005,2006,Hip,CompShg,CemntBd,CmentBd,Stone,473.0,Gd,TA,PConc,1573.0,0.0,1573.0,GasA,Ex,Y,SBrkr,1778,0,0,1778,2.0,0.0,2,0,2,1,Ex,5,Typ,1,2005.0,2.0,495.0,Y,123,53,0,0,153,0,0,2,2006,New,Partial,375000,0,0,0,0,4,1,0,5,1,2,6,1,1,1,2,,0,4
2884,120,RM,44.0,3842,Pave,IR1,HLS,AllPub,Inside,Mod,Crawfor,Norm,Norm,TwnhsE,1Story,8,5,2004,2005,Hip,CompShg,CemntBd,CmentBd,Stone,186.0,Gd,TA,PConc,1564.0,0.0,1594.0,GasA,Ex,Y,SBrkr,1646,0,0,1646,1.0,1.0,2,0,2,1,Gd,5,Typ,1,2004.0,2.0,525.0,Y,128,53,0,0,155,0,0,12,2006,WD ,Normal,300000,0,0,0,0,4,1,0,5,1,2,6,1,1,1,2,,0,4
2885,20,RL,69.0,23580,Pave,IR1,Lvl,AllPub,Inside,Mod,Mitchel,Norm,Norm,1Fam,1Story,6,6,1979,1979,Gable,CompShg,Plywood,Plywood,None,0.0,TA,TA,CBlock,776.0,0.0,1625.0,GasA,TA,Y,SBrkr,1625,0,0,1625,0.0,1.0,2,0,3,1,Fa,6,Typ,1,1979.0,2.0,576.0,Y,136,28,0,0,0,0,0,9,2006,WD ,Normal,242500,0,0,0,0,3,1,2,5,1,2,6,1,1,1,5,,2,3
2886,90,RL,65.0,8385,Pave,Reg,Lvl,AllPub,Inside,Gtl,Mitchel,Norm,Norm,Duplex,1Story,6,5,1978,1978,Gable,CompShg,Plywood,Plywood,None,0.0,TA,TA,CBlock,0.0,0.0,1664.0,GasA,TA,Y,SBrkr,1664,0,0,1664,0.0,0.0,2,0,4,2,TA,10,Typ,0,1978.0,2.0,616.0,Y,0,0,0,0,0,0,0,10,2006,WD ,Normal,145000,0,0,0,0,3,1,5,5,2,6,6,1,0,0,3,,5,3
2887,20,RL,70.0,9116,Pave,Reg,Lvl,AllPub,Corner,Gtl,Mitchel,Norm,Norm,1Fam,1Story,8,5,2001,2001,Hip,CompShg,VinylSd,VinylSd,None,0.0,Gd,TA,PConc,0.0,0.0,1491.0,GasA,Ex,Y,SBrkr,1491,0,0,1491,0.0,0.0,2,0,3,1,Gd,7,Typ,0,2001.0,2.0,490.0,Y,120,100,0,0,0,0,0,5,2006,WD ,Normal,209000,0,0,0,0,3,1,0,5,3,6,6,1,1,0,3,,0,3
2888,90,RL,78.0,10530,Pave,Reg,Lvl,AllPub,Inside,Gtl,Mitchel,Norm,Norm,Duplex,SFoyer,6,5,1977,1977,Gable,CompShg,Plywood,ImStucc,BrkFace,90.0,TA,TA,CBlock,975.0,0.0,975.0,GasA,TA,Y,SBrkr,1004,0,0,1004,1.0,0.0,1,0,2,1,TA,4,Typ,0,1977.0,2.0,504.0,Y,0,0,0,0,0,0,0,5,2006,WD ,Normal,135000,0,0,0,0,1,1,2,5,1,2,6,1,1,0,3,,2,1
2889,80,RL,140.0,11080,Pave,Reg,Lvl,AllPub,Corner,Gtl,Mitchel,Norm,Norm,1Fam,SLvl,6,6,1975,1975,Gable,CompShg,Plywood,Plywood,BrkFace,257.0,TA,TA,CBlock,576.0,0.0,1128.0,GasA,TA,Y,SBrkr,1210,0,0,1210,1.0,0.0,2,0,3,1,TA,6,Typ,0,1975.0,2.0,528.0,Y,0,0,0,0,0,0,0,5,2006,WD ,Normal,148000,0,0,0,0,1,1,5,5,0,2,6,1,1,0,3,,5,1
2890,90,RL,82.0,11070,Pave,Reg,Lvl,AllPub,Inside,Gtl,Mitchel,Norm,Norm,Duplex,1Story,7,5,1988,1989,Gable,CompShg,VinylSd,VinylSd,BrkFace,70.0,TA,TA,CBlock,0.0,0.0,1907.0,GasA,Gd,Y,SBrkr,1959,0,0,1959,0.0,0.0,3,0,5,2,TA,9,Typ,0,1989.0,3.0,766.0,Y,0,0,0,0,0,0,0,7,2006,WD ,Family,171000,0,0,0,0,1,1,5,5,3,6,6,1,0,0,3,,5,1
2891,60,RL,42.0,26178,Pave,IR1,Lvl,AllPub,Inside,Mod,Timber,Norm,Norm,1Fam,2Story,7,5,1989,1990,Hip,CompShg,MetalSd,MetalSd,BrkFace,293.0,Gd,TA,PConc,965.0,0.0,1210.0,GasA,Ex,Y,SBrkr,1238,1281,0,2519,1.0,0.0,2,1,4,1,Gd,9,Typ,2,1989.0,2.0,628.0,Y,320,27,0,0,0,0,0,4,2006,WD ,Normal,335000,0,0,0,0,1,1,2,5,1,2,6,1,1,1,2,,2,1
2892,120,RM,68.0,8239,Pave,IR1,Lvl,AllPub,Inside,Gtl,GrnHill,Norm,Norm,TwnhsE,1Story,7,5,1986,1986,Gable,CompShg,BrkFace,Wd Sdng,None,0.0,Gd,TA,CBlock,0.0,0.0,0.0,GasA,Gd,Y,SBrkr,1295,0,0,1295,0.0,0.0,2,0,2,1,Gd,5,Typ,0,1986.0,1.0,312.0,Y,0,0,0,0,0,0,0,11,2006,WD ,Normal,230000,0,0,0,0,3,0,3,3,4,4,4,1,1,0,3,,3,3
2893,20,RL,68.0,50102,Pave,IR1,Low,AllPub,Inside,Mod,Timber,Norm,Norm,1Fam,1Story,6,5,1958,1958,Gable,Tar&Grv,Plywood,Plywood,None,0.0,TA,TA,CBlock,909.0,0.0,1632.0,GasA,TA,Y,SBrkr,1650,0,0,1650,1.0,0.0,1,0,2,1,TA,6,Typ,2,1958.0,2.0,518.0,Y,0,0,0,0,138,0,0,3,2006,WD ,Alloca,250764,0,0,0,0,3,1,2,5,1,1,6,1,1,1,2,,2,3
2894,20,RL,68.0,16669,Pave,IR1,Lvl,AllPub,Corner,Gtl,Timber,Norm,Norm,1Fam,1Story,8,6,1981,1981,Hip,WdShake,Plywood,Plywood,BrkFace,653.0,Gd,TA,CBlock,0.0,0.0,1686.0,GasA,TA,Y,SBrkr,1707,0,0,1707,0.0,0.0,2,1,2,1,TA,6,Typ,1,1981.0,2.0,511.0,Y,574,64,0,0,0,0,0,1,2006,WD ,Normal,228000,0,0,0,0,1,1,2,5,3,6,6,1,1,1,5,,2,1
2895,20,RL,54.0,13811,Pave,IR1,Lvl,AllPub,Inside,Gtl,Timber,Norm,Norm,1Fam,1Story,6,6,1987,1987,Gable,CompShg,HdBoard,HdBoard,BrkFace,72.0,TA,TA,CBlock,980.0,40.0,1112.0,GasA,Gd,Y,SBrkr,1137,0,0,1137,1.0,0.0,2,0,2,1,Gd,5,Typ,1,1987.0,2.0,551.0,Y,125,0,0,0,0,0,0,7,2006,WD ,Normal,176000,0,0,0,0,1,1,2,2,3,2,3,1,1,1,5,,2,1
2896,20,RL,50.0,8049,Pave,IR1,Lvl,AllPub,CulDSac,Gtl,Timber,Norm,Norm,1Fam,1Story,7,5,1990,1990,Hip,CompShg,HdBoard,HdBoard,BrkFace,54.0,TA,TA,CBlock,1053.0,0.0,1309.0,GasA,TA,Y,SBrkr,1339,0,0,1339,1.0,0.0,2,0,2,1,TA,6,Typ,1,1990.0,2.0,484.0,Y,0,58,0,0,90,0,0,7,2006,WD ,Normal,180000,0,0,0,0,1,1,2,5,3,0,6,1,1,1,5,,2,1
2897,60,RL,68.0,11170,Pave,IR2,Lvl,AllPub,Corner,Gtl,Timber,Norm,Norm,1Fam,2Story,7,5,1990,1991,Gable,CompShg,MetalSd,MetalSd,None,0.0,TA,TA,Wood,1216.0,0.0,1216.0,GasA,Ex,Y,SBrkr,1298,1216,0,2514,0.0,0.0,2,1,4,1,TA,8,Typ,0,1990.0,2.0,693.0,Y,0,0,0,0,0,0,0,4,2006,WD ,Normal,250000,0,0,1,0,3,1,2,5,3,3,6,1,1,0,3,,2,3
2898,20,RL,68.0,8098,Pave,IR1,Lvl,AllPub,Inside,Gtl,Timber,Norm,Norm,1Fam,1Story,6,5,2000,2000,Gable,CompShg,VinylSd,VinylSd,None,0.0,Gd,TA,Wood,1136.0,116.0,1381.0,GasA,Ex,Y,SBrkr,1403,0,0,1403,1.0,0.0,2,0,2,1,Gd,5,Typ,0,2000.0,2.0,470.0,Y,0,173,0,0,0,0,0,10,2006,WD ,Normal,202000,0,0,0,0,3,1,2,5,0,2,1,1,1,0,3,,2,3
2899,20,RL,85.0,14331,Pave,Reg,Lvl,AllPub,Inside,Gtl,Timber,Norm,Norm,1Fam,1Story,8,5,2002,2002,Hip,CompShg,VinylSd,VinylSd,BrkFace,630.0,Gd,TA,PConc,1274.0,0.0,1800.0,GasA,Ex,Y,SBrkr,1800,0,0,1800,1.0,0.0,2,0,3,1,Gd,7,Typ,1,2002.0,3.0,765.0,Y,270,78,0,0,0,0,0,5,2006,WD ,Normal,312500,0,0,0,0,1,1,0,5,1,2,6,1,1,1,2,,0,1
2900,20,RL,95.0,13618,Pave,Reg,Lvl,AllPub,Corner,Gtl,Timber,Norm,Norm,1Fam,1Story,8,5,2005,2006,Gable,CompShg,VinylSd,VinylSd,Stone,198.0,Gd,TA,PConc,1350.0,0.0,1728.0,GasA,Ex,Y,SBrkr,1960,0,0,1960,1.0,0.0,2,0,3,1,Gd,8,Typ,2,2005.0,3.0,714.0,Y,172,38,0,0,0,0,0,11,2006,New,Partial,320000,0,0,0,0,4,1,0,2,0,2,6,1,1,1,2,,0,4
2901,20,RL,88.0,11443,Pave,Reg,Lvl,AllPub,Inside,Gtl,Timber,Norm,Norm,1Fam,1Story,8,5,2005,2006,Hip,CompShg,VinylSd,VinylSd,BrkFace,208.0,Gd,TA,PConc,1460.0,0.0,1868.0,GasA,Ex,Y,SBrkr,2028,0,0,2028,1.0,0.0,2,0,2,1,Gd,7,Typ,2,2005.0,3.0,880.0,Y,326,66,0,0,0,0,0,3,2006,New,Partial,369900,0,0,0,0,1,1,0,5,1,2,6,1,1,1,2,,0,1
2902,20,RL,88.0,11577,Pave,Reg,Lvl,AllPub,Inside,Gtl,Timber,Norm,Norm,1Fam,1Story,9,5,2005,2006,Hip,CompShg,VinylSd,VinylSd,BrkFace,382.0,Ex,TA,PConc,1455.0,0.0,1838.0,GasA,Ex,Y,SBrkr,1838,0,0,1838,1.0,0.0,2,0,3,1,Ex,9,Typ,1,2005.0,3.0,682.0,Y,161,225,0,0,0,0,0,9,2006,New,Partial,359900,0,0,0,0,1,1,2,5,1,2,6,1,1,1,2,,2,1
2903,20,A (agr),125.0,31250,Pave,Reg,Lvl,AllPub,Inside,Gtl,Mitchel,Artery,Norm,1Fam,1Story,1,3,1951,1951,Gable,CompShg,CBlock,VinylSd,None,0.0,TA,Fa,CBlock,0.0,0.0,0.0,GasA,TA,Y,FuseA,1600,0,0,1600,0.0,0.0,1,1,3,1,TA,6,Mod,0,1951.0,1.0,270.0,N,0,0,135,0,0,0,0,5,2006,WD ,Normal,81500,0,0,0,0,3,0,3,3,4,4,4,1,1,0,3,,3,3
2904,90,RM,78.0,7020,Pave,Reg,Lvl,AllPub,Inside,Gtl,Mitchel,Norm,Norm,Duplex,SFoyer,7,5,1997,1997,Gable,CompShg,MetalSd,MetalSd,BrkFace,200.0,TA,Gd,PConc,1243.0,0.0,1288.0,GasA,Gd,Y,SBrkr,1368,0,0,1368,2.0,0.0,2,0,2,2,TA,8,Typ,0,1997.0,4.0,784.0,Y,0,48,0,0,0,0,0,11,2006,WD ,Normal,215000,0,0,0,0,1,1,2,5,1,2,6,1,1,0,3,,2,1
2905,120,RM,32.0,4500,Pave,Reg,Lvl,AllPub,FR2,Gtl,Mitchel,Norm,Norm,Twnhs,1Story,6,5,1998,1998,Hip,CompShg,VinylSd,VinylSd,BrkFace,116.0,TA,TA,PConc,897.0,0.0,1216.0,GasA,Ex,Y,SBrkr,1216,0,0,1216,1.0,0.0,2,0,2,1,TA,5,Typ,0,1998.0,2.0,402.0,Y,0,125,0,0,0,0,0,5,2006,WD ,Normal,164000,0,0,0,0,1,1,0,5,3,2,6,1,1,0,3,,0,1
2906,120,RM,32.0,4500,Pave,Reg,Lvl,AllPub,FR2,Gtl,Mitchel,Norm,Norm,TwnhsE,1Story,6,5,1998,1998,Hip,CompShg,VinylSd,VinylSd,BrkFace,443.0,TA,Gd,PConc,1201.0,0.0,1237.0,GasA,Ex,Y,SBrkr,1337,0,0,1337,1.0,0.0,2,0,2,1,TA,5,Typ,0,1998.0,2.0,405.0,Y,0,199,0,0,0,0,0,3,2006,WD ,Normal,153500,0,0,0,0,1,1,0,2,3,2,6,1,1,0,3,,0,1
2907,20,RL,90.0,17217,Pave,Reg,Lvl,AllPub,Inside,Gtl,Mitchel,Norm,Norm,1Fam,1Story,5,5,2006,2006,Gable,CompShg,VinylSd,VinylSd,None,0.0,TA,TA,PConc,0.0,0.0,1140.0,GasA,Ex,Y,SBrkr,1140,0,0,1140,0.0,0.0,1,0,3,1,TA,6,Typ,0,0.0,0.0,0.0,Y,36,56,0,0,0,0,0,7,2006,WD ,Abnorml,84500,0,0,0,0,3,1,2,5,3,6,6,0,6,0,3,,2,3
2908,160,RM,41.0,2665,Pave,Reg,Lvl,AllPub,Inside,Gtl,MeadowV,Norm,Norm,TwnhsE,2Story,5,6,1977,1977,Gable,CompShg,CemntBd,CmentBd,None,0.0,TA,TA,PConc,0.0,0.0,264.0,GasA,TA,Y,SBrkr,616,688,0,1304,0.0,0.0,1,1,3,1,TA,5,Typ,1,1977.0,1.0,336.0,Y,141,0,0,0,0,0,0,5,2006,WD ,Normal,104500,0,0,0,0,3,1,2,5,2,6,6,1,3,1,5,,2,3
2909,160,RM,41.0,2665,Pave,Reg,Lvl,AllPub,Inside,Gtl,MeadowV,Norm,Norm,TwnhsE,2Story,5,6,1977,1977,Gable,CompShg,CemntBd,CmentBd,None,0.0,TA,TA,PConc,548.0,173.0,757.0,GasA,Ex,Y,SBrkr,925,550,0,1475,0.0,0.0,2,0,4,1,TA,6,Typ,1,1977.0,1.0,336.0,Y,104,26,0,0,0,0,0,7,2006,WD ,Normal,127000,0,0,0,0,3,1,5,5,3,0,5,1,1,1,5,,5,3
2910,160,RM,42.0,3964,Pave,Reg,Lvl,AllPub,Inside,Gtl,MeadowV,Norm,Norm,TwnhsE,2Story,6,4,1973,1973,Gable,CompShg,CemntBd,CmentBd,None,0.0,TA,TA,CBlock,837.0,0.0,942.0,GasA,Gd,Y,SBrkr,1291,1230,0,2521,1.0,0.0,2,1,5,1,TA,10,Maj1,1,1973.0,2.0,576.0,Y,728,20,0,0,0,0,0,6,2006,WD ,Normal,151400,0,0,1,0,3,1,2,5,3,0,6,1,1,1,2,,2,3
2911,20,RL,58.0,10172,Pave,IR1,Lvl,AllPub,Inside,Gtl,Mitchel,Norm,Norm,1Fam,1Story,5,7,1968,2003,Gable,CompShg,Plywood,Plywood,None,0.0,TA,TA,CBlock,441.0,0.0,864.0,GasA,Ex,Y,SBrkr,874,0,0,874,1.0,0.0,1,0,3,1,TA,5,Typ,0,1968.0,1.0,288.0,Y,0,120,0,0,0,0,0,10,2006,WD ,Normal,126500,0,0,0,0,3,1,5,5,3,0,6,1,1,0,3,,5,3
2912,90,RL,68.0,11836,Pave,IR1,Lvl,AllPub,Corner,Gtl,Mitchel,Norm,Norm,Duplex,1Story,5,5,1970,1970,Gable,CompShg,Plywood,Plywood,None,0.0,TA,TA,CBlock,149.0,0.0,1652.0,GasA,TA,Y,SBrkr,1652,0,0,1652,0.0,0.0,2,0,4,2,TA,8,Typ,0,1970.0,3.0,928.0,Y,0,0,0,0,0,0,0,3,2006,WD ,Normal,146500,0,0,0,0,3,1,5,5,3,1,6,1,0,0,3,,5,3
2913,180,RM,21.0,1470,Pave,Reg,Lvl,AllPub,Inside,Gtl,MeadowV,Norm,Norm,Twnhs,SFoyer,4,6,1970,1970,Gable,CompShg,CemntBd,CmentBd,None,0.0,TA,TA,CBlock,522.0,0.0,630.0,GasA,TA,Y,SBrkr,630,0,0,630,1.0,0.0,1,0,1,1,TA,3,Typ,0,0.0,0.0,0.0,Y,0,0,0,0,0,0,0,4,2006,WD ,Normal,73000,0,0,0,0,3,1,2,5,0,2,6,0,6,0,3,,2,3
2914,160,RM,21.0,1484,Pave,Reg,Lvl,AllPub,Inside,Gtl,MeadowV,Norm,Norm,TwnhsE,2Story,4,4,1972,1972,Gable,CompShg,CemntBd,CmentBd,None,0.0,TA,TA,CBlock,252.0,0.0,546.0,GasA,TA,Y,SBrkr,546,546,0,1092,0.0,0.0,1,1,3,1,TA,5,Typ,0,1972.0,1.0,253.0,Y,0,0,0,0,0,0,0,5,2006,WD ,Normal,79400,0,0,0,0,3,1,5,5,3,5,6,1,1,0,3,,5,3
2915,20,RL,80.0,13384,Pave,Reg,Lvl,AllPub,Inside,Mod,Mitchel,Norm,Norm,1Fam,1Story,5,5,1969,1979,Gable,CompShg,Plywood,Plywood,BrkFace,194.0,TA,TA,PConc,119.0,344.0,1104.0,GasA,Fa,Y,SBrkr,1360,0,0,1360,1.0,0.0,1,0,3,1,TA,8,Typ,1,1969.0,1.0,336.0,Y,160,0,0,0,0,0,0,5,2006,WD ,Normal,140000,0,0,0,0,1,1,5,5,0,5,1,1,1,1,5,,5,1
2916,180,RM,21.0,1533,Pave,Reg,Lvl,AllPub,Inside,Gtl,MeadowV,Norm,Norm,Twnhs,SFoyer,5,7,1970,1970,Gable,CompShg,CemntBd,CmentBd,None,0.0,TA,TA,CBlock,553.0,0.0,630.0,GasA,Ex,Y,SBrkr,630,0,0,630,1.0,0.0,1,0,1,1,Ex,3,Typ,0,0.0,0.0,0.0,Y,0,0,0,0,0,0,0,8,2006,WD ,Abnorml,92000,0,0,0,0,3,1,2,5,0,2,6,0,6,0,3,,2,3
2917,160,RM,21.0,1533,Pave,Reg,Lvl,AllPub,Inside,Gtl,MeadowV,Norm,Norm,Twnhs,2Story,4,5,1970,1970,Gable,CompShg,CemntBd,CmentBd,None,0.0,TA,TA,CBlock,408.0,0.0,546.0,GasA,TA,Y,SBrkr,546,546,0,1092,0.0,0.0,1,1,3,1,TA,5,Typ,0,1970.0,1.0,286.0,Y,0,0,0,0,0,0,0,12,2006,WD ,Abnorml,87550,0,0,0,0,3,1,5,5,3,5,6,1,4,0,3,,5,3
2918,160,RM,21.0,1526,Pave,Reg,Lvl,AllPub,Inside,Gtl,MeadowV,Norm,Norm,Twnhs,2Story,4,5,1970,1970,Gable,CompShg,CemntBd,CmentBd,None,0.0,TA,TA,CBlock,0.0,0.0,546.0,GasA,TA,Y,SBrkr,546,546,0,1092,0.0,0.0,1,1,3,1,TA,5,Typ,0,0.0,0.0,0.0,Y,0,34,0,0,0,0,0,6,2006,WD ,Normal,79500,0,0,1,0,3,1,5,5,3,6,6,0,6,0,3,,5,3
2919,160,RM,21.0,1936,Pave,Reg,Lvl,AllPub,Inside,Gtl,MeadowV,Norm,Norm,Twnhs,2Story,4,7,1970,1970,Gable,CompShg,CemntBd,CmentBd,None,0.0,TA,TA,CBlock,0.0,0.0,546.0,GasA,Gd,Y,SBrkr,546,546,0,1092,0.0,0.0,1,1,3,1,TA,5,Typ,0,0.0,0.0,0.0,Y,0,0,0,0,0,0,0,6,2006,WD ,Normal,90500,0,0,0,0,3,1,5,5,3,6,6,0,6,0,3,,5,3
2920,160,RM,21.0,1894,Pave,Reg,Lvl,AllPub,Inside,Gtl,MeadowV,Norm,Norm,TwnhsE,2Story,4,5,1970,1970,Gable,CompShg,CemntBd,CmentBd,None,0.0,TA,TA,CBlock,252.0,0.0,546.0,GasA,TA,Y,SBrkr,546,546,0,1092,0.0,0.0,1,1,3,1,TA,6,Typ,0,1970.0,1.0,286.0,Y,0,24,0,0,0,0,0,4,2006,WD ,Abnorml,71000,0,0,0,0,3,1,5,5,3,5,6,1,4,0,3,,5,3
2921,90,RL,55.0,12640,Pave,IR1,Lvl,AllPub,Inside,Gtl,Mitchel,Norm,Norm,Duplex,1Story,6,5,1976,1976,Gable,CompShg,Plywood,Plywood,None,0.0,TA,TA,CBlock,936.0,396.0,1728.0,GasA,TA,Y,SBrkr,1728,0,0,1728,0.0,0.0,2,0,4,2,TA,8,Typ,0,1976.0,2.0,574.0,Y,40,0,0,0,0,0,0,7,2006,WD ,Normal,150900,0,0,0,0,3,1,5,5,1,5,3,1,1,0,3,,5,3
2922,90,RL,63.0,9297,Pave,Reg,Lvl,AllPub,Inside,Gtl,Mitchel,Norm,Norm,Duplex,1Story,5,5,1976,1976,Gable,CompShg,Plywood,Plywood,None,0.0,TA,TA,CBlock,1606.0,0.0,1728.0,GasA,TA,Y,SBrkr,1728,0,0,1728,2.0,0.0,2,0,4,2,TA,8,Typ,0,1976.0,2.0,560.0,Y,0,0,0,0,0,0,0,7,2006,WD ,Family,188000,0,0,0,0,3,1,5,5,3,0,6,1,5,0,3,,5,3
2923,20,RL,80.0,17400,Pave,Reg,Low,AllPub,Inside,Mod,Mitchel,Norm,Norm,1Fam,1Story,5,5,1977,1977,Gable,CompShg,BrkFace,BrkFace,None,0.0,TA,TA,CBlock,936.0,0.0,1126.0,GasA,Fa,Y,SBrkr,1126,0,0,1126,1.0,0.0,2,0,3,1,TA,5,Typ,1,1977.0,2.0,484.0,P,295,41,0,0,0,0,0,5,2006,WD ,Normal,160000,0,0,0,0,3,1,5,5,3,0,6,1,1,1,2,,5,3
2924,20,RL,160.0,20000,Pave,Reg,Lvl,AllPub,Inside,Gtl,Mitchel,Norm,Norm,1Fam,1Story,5,7,1960,1996,Gable,CompShg,VinylSd,VinylSd,None,0.0,TA,TA,CBlock,1224.0,0.0,1224.0,GasA,Ex,Y,SBrkr,1224,0,0,1224,1.0,0.0,1,0,4,1,TA,7,Typ,1,1960.0,2.0,576.0,Y,474,0,0,0,0,0,0,9,2006,WD ,Abnorml,131000,0,0,0,0,3,1,5,5,3,0,6,1,5,1,5,,5,3
2925,80,RL,37.0,7937,Pave,IR1,Lvl,AllPub,CulDSac,Gtl,Mitchel,Norm,Norm,1Fam,SLvl,6,6,1984,1984,Gable,CompShg,HdBoard,HdBoard,None,0.0,TA,TA,CBlock,819.0,0.0,1003.0,GasA,TA,Y,SBrkr,1003,0,0,1003,1.0,0.0,1,0,3,1,TA,6,Typ,0,1984.0,2.0,588.0,Y,120,0,0,0,0,0,0,3,2006,WD ,Normal,142500,0,0,1,0,3,1,5,5,0,2,6,1,5,0,3,,5,3
2926,20,RL,68.0,8885,Pave,IR1,Low,AllPub,Inside,Mod,Mitchel,Norm,Norm,1Fam,1Story,5,5,1983,1983,Gable,CompShg,HdBoard,HdBoard,None,0.0,TA,TA,CBlock,301.0,324.0,864.0,GasA,TA,Y,SBrkr,902,0,0,902,1.0,0.0,1,0,2,1,TA,5,Typ,0,1983.0,2.0,484.0,Y,164,0,0,0,0,0,0,6,2006,WD ,Normal,131000,0,0,1,0,3,1,2,5,0,1,0,1,1,0,3,,2,3
2927,85,RL,62.0,10441,Pave,Reg,Lvl,AllPub,Inside,Gtl,Mitchel,Norm,Norm,1Fam,SFoyer,5,5,1992,1992,Gable,CompShg,HdBoard,Wd Shng,None,0.0,TA,TA,PConc,337.0,0.0,912.0,GasA,TA,Y,SBrkr,970,0,0,970,0.0,1.0,1,0,3,1,TA,6,Typ,0,0.0,0.0,0.0,Y,80,32,0,0,0,0,700,7,2006,WD ,Normal,132000,0,0,1,1,3,1,2,5,0,2,6,0,6,0,3,,2,3
2928,20,RL,77.0,10010,Pave,Reg,Lvl,AllPub,Inside,Mod,Mitchel,Norm,Norm,1Fam,1Story,5,5,1974,1975,Gable,CompShg,HdBoard,HdBoard,None,0.0,TA,TA,CBlock,1071.0,123.0,1389.0,GasA,Gd,Y,SBrkr,1389,0,0,1389,1.0,0.0,1,0,2,1,TA,6,Typ,1,1975.0,2.0,418.0,Y,240,38,0,0,0,0,0,4,2006,WD ,Normal,170000,0,0,0,0,3,1,2,5,0,0,3,1,1,1,5,,2,3
2929,60,RL,74.0,9627,Pave,Reg,Lvl,AllPub,Inside,Mod,Mitchel,Norm,Norm,1Fam,2Story,7,5,1993,1994,Gable,CompShg,HdBoard,HdBoard,BrkFace,94.0,TA,TA,PConc,758.0,0.0,996.0,GasA,Ex,Y,SBrkr,996,1004,0,2000,0.0,0.0,2,1,3,1,TA,9,Typ,1,1993.0,3.0,650.0,Y,190,48,0,0,0,0,0,11,2006,WD ,Normal,188000,0,0,0,0,1,1,2,5,0,3,6,1,1,1,5,,2,1
